receipt_no,sale_datetime,item_code,size,qty,unit_price,member_id,payment
NM-000001,01/01/2569 07:06,T01,M,1,55,,QR
NM-000001,01/01/2569 07:06,B02,,1,50,,QR
NM-000002,01/01/2569 07:10,B01,,2,55,,CARD
NM-000003,01/01/2569 07:11,C01,M,-1,55,,QR
NM-000004,01/01/2569 08:03,C06,S,1,65,,CARD
NM-000005,01/01/2569 08:06,C03,M,1,65,M0009,QR
NM-000006,01/01/2569 08:17,T03,S,2,40,M0205,QR
NM-000007,01/01/2569 08:26,C01,L,2,65,M0319,QR
NM-000007,01/01/2569 08:26,B04,,1,75,M0319,QR
NM-000007,01/01/2569 08:26,C02,L,1,65,M0319,QR
NM-000008,01/01/2569 08:29,C05,L,2,80,,QR
NM-000009,01/01/2569 08:33,B03,,1,85,,CARD
NM-000010,01/01/2569 09:04,C04,M,1,65,,CARD
NM-000011,01/01/2569 09:28,C02,M,2,55,M0052,QR
NM-000011,01/01/2569 09:28,B01,,1,55,M0052,QR
NM-000012,01/01/2569 09:28,C04,M,3,65,,QR
NM-000012,01/01/2569 09:28,C01,L,1,65,,QR
NM-000013,01/01/2569 09:37,C02,M,1,55,,QR
NM-000013,01/01/2569 09:37,B01,,1,55,,QR
NM-000014,01/01/2569 09:38,B01,,1,55,M0731,QR
NM-000015,01/01/2569 09:38,B02,,1,50,,QR
NM-000016,01/01/2569 09:44,C02,L,1,65,M0765,CARD
NM-000016,01/01/2569 09:44,T03,M,1,50,M0765,CARD
NM-000017,01/01/2569 09:55,C05,S,3,60,M0623,QR
NM-000017,01/01/2569 09:55,T03,M,1,50,M0623,QR
NM-000018,01/01/2569 10:55,C01,M,1,55,M0692,QR
NM-000018,01/01/2569 10:55,B04,,1,75,M0692,QR
NM-000019,01/01/2569 10:59,C03,M,1,65,M0171,QR
NM-000019,01/01/2569 10:59,B03,,1,85,M0171,QR
NM-000019,01/01/2569 10:59,B03,,1,85,M0171,QR
NM-000020,01/01/2569 11:16,T01,M,1,55,M0317,QR
NM-000021,01/01/2569 11:26,C02,S,1,45,M0206,QR
NM-000022,01/01/2569 12:06,T04,M,2,60,,QR
NM-000022,01/01/2569 12:06,B01,,1,55,,QR
NM-000022,01/01/2569 12:06,T03,M,1,50,,QR
NM-000023,01/01/2569 13:20,B02,,1,50,M0491,CARD
NM-000024,01/01/2569 13:40,T02,M,1,70,,QR
NM-000025,01/01/2569 13:56,C01,M,2,,,QR
NM-000025,01/01/2569 13:56,B01,,1,55,,QR
NM-000026,01/01/2569 14:30,C04,L,1,75,M0776,CARD
NM-000027,01/01/2569 14:50,C02,M,1,55,,CASH
NM-000027,01/01/2569 14:50,B04,,1,75,,CASH
NM-000027,01/01/2569 14:50,B04,,1,75,,CASH
NM-000028,01/01/2569 15:59,C03,M,3,65,,QR
NM-000028,01/01/2569 15:59,T04,M,1,60,,QR
NM-000029,01/01/2569 16:03,C02,M,1,55,,QR
NM-000029,01/01/2569 16:03,B01,,1,55,,QR
NM-000030,01/01/2569 16:13,B01,,1,55,,CARD
NM-000031,01/01/2569 16:58,T04,S,1,50,M0205,QR
NM-000031,01/01/2569 16:58,T01,M,1,55,M0205,QR
NM-000032,01/01/2569 17:19,C02,M,1,55,M0777,CARD
NM-000032,01/01/2569 17:19,B04,,1,75,M0777,CARD
NM-000033,01/01/2569 17:35,T05,S,1,50,M9847,QR
NM-000034,01/01/2569 17:46,B01,,2,55,,QR
NM-000035,01/01/2569 17:49,T03,M,1,50,,QR
NM-000036,01/01/2569 18:13,T04,M,1,60,M681,QR
NM-000037,01/01/2569 19:22,T02,L,1,80,,QR
NM-000038,01/01/2569 19:36,T03,L,3,60,,QR
NM-000038,01/01/2569 19:36,T05,L,1,70,,QR
NM-000039,01/01/2569 19:46,C06,M,1,75,,CARD
NM-000040,02/01/2569 07:02,C02,L,1,65,,CARD
NM-000040,02/01/2569 07:02,B01,,1,55,,CARD
NM-000041,02/01/2569 07:09,C03,M,1,65,,CASH
NM-000041,02/01/2569 07:09,C02,S,1,45,,CASH
NM-000042,02/01/2569 07:55,C03,M,1,65,,CASH
NM-000042,02/01/2569 07:55,B03,,1,85,,CASH
NM-000043,02/01/2569 08:08,C03,M,1,65,M0623,CARD
NM-000044,02/01/2569 08:19,C02,S,1,45,M0275,CASH
NM-000045,02/01/2569 08:21,C05,M,2,70,,QR
NM-000046,02/01/2569 08:48,T02,M,1,70,M0214,CARD
NM-000047,02/01/2569 09:09,T02,M,1,70,,CASH
NM-000047,02/01/2569 09:09,T02,M,1,70,,CASH
NM-000047,02/01/2569 09:09,B01,,1,55,,CASH
NM-000048,02/01/2569 10:07,C02,S,2,45,M0060,QR
NM-000049,02/01/2569 10:12,C04,S,1,55,,CARD
NM-000050,02/01/2569 10:32,C02,M,1,55,,CASH
NM-000050,02/01/2569 10:32,B01,,1,55,,CASH
NM-000051,02/01/2569 12:35,T04,M,1,60,,CASH
NM-000052,02/01/2569 13:23,C03,S,1,55,,CARD
NM-000052,02/01/2569 13:23,B03,,1,85,,CARD
NM-000053,02/01/2569 13:28,T01,M,1,55,M0366,CARD
NM-000053,02/01/2569 13:28,B02,,1,50,M0366,CARD
NM-000053,02/01/2569 13:28,C05,M,1,70,M0366,CARD
NM-000054,02/01/2569 14:22,C04,M,1,65,,QR
NM-000055,02/01/2569 14:29,T01,M,1,55,M0602,QR
NM-000056,02/01/2569 14:38,C01,M,2,55,,QR
NM-000056,02/01/2569 14:38,B04,,1,75,,QR
NM-000057,02/01/2569 14:46,C03,S,1,55,M0398,CASH
NM-000057,02/01/2569 14:46,T03,L,1,60,M0398,CASH
NM-000058,02/01/2569 14:55,T03,M,2,50,M0268,QR
NM-000058,02/01/2569 14:55,B01,,1,55,M0268,QR
NM-000059,02/01/2569 15:08,T03,M,2,50,M0190,QR
NM-000060,02/01/2569 15:13,T03,S,1,40,M0504,QR
NM-000061,02/01/2569 15:27,T04,S,1,50,M0326,QR
NM-000062,02/01/2569 15:43,C03,M,1,65,,CASH
NM-000063,02/01/2569 16:17,T04,M,2,60,M0375,CASH
NM-000064,02/01/2569 17:59,B03,,3,85,M0659,QR
NM-000065,02/01/2569 18:53,C03,S,1,,,CASH
NM-000065,02/01/2569 18:53,B03,,1,85,,CASH
NM-000065,02/01/2569 18:53,T04,S,1,50,,CASH
NM-000066,03/01/2569 08:08,B02,,1,50,M0042,CARD
NM-000067,03/01/2569 08:50,T04,L,1,70,M0759,QR
NM-000067,03/01/2569 08:50,B03,,1,85,M0759,QR
NM-000068,03/01/2569 08:59,C01,S,1,,,QR
NM-000069,03/01/2569 09:06,C02,L,2,65,,CARD
NM-000070,03/01/2569 09:07,T04,L,1,70,M0354,CARD
NM-000071,03/01/2569 09:20,C03,L,2,75,M0161,CASH
NM-000071,03/01/2569 09:20,B03,,1,85,M0161,CASH
NM-000072,03/01/2569 09:22,B01,,2,55,,CASH
NM-000073,03/01/2569 09:32,C02,M,2,55,M0577,QR
NM-000074,03/01/2569 09:51,T03,M,1,50,M0225,QR
NM-000074,03/01/2569 09:51,T01,S,1,45,M0225,QR
NM-000075,03/01/2569 10:00,T04,S,1,50,M0627,CASH
NM-000076,03/01/2569 10:27,C04,S,3,55,,QR
NM-000077,03/01/2569 11:46,T04,M,1,60,,QR
NM-000078,03/01/2569 12:04,T01,M,1,55,,CASH
NM-000078,03/01/2569 12:04,B02,,1,50,,CASH
NM-000079,03/01/2569 12:05,C05,M,1,70,,CARD
NM-000080,03/01/2569 12:07,B01,,1,55,M0775,CASH
NM-000081,03/01/2569 14:05,T02,S,1,60,,CASH
NM-000082,03/01/2569 14:09,C03,M,1,65,M0195,QR
NM-000082,03/01/2569 14:09,B03,,1,85,M0195,QR
NM-000083,03/01/2569 14:14,T01,M,1,55,,QR
NM-000083,03/01/2569 14:14,B02,,1,50,,QR
NM-000083,03/01/2569 14:14,C06,M,1,75,,QR
NM-000084,03/01/2569 14:23,C01,M,1,55,,CASH
NM-000084,03/01/2569 14:23,B04,,1,75,,CASH
NM-000085,03/01/2569 14:38,T01,S,1,45,,CASH
NM-000086,03/01/2569 14:39,T02,M,1,70,,CASH
NM-000086,03/01/2569 14:39,T01,S,1,,,CASH
NM-000087,03/01/2569 14:58,C06,M,1,,,QR
NM-000088,03/01/2569 15:17,C03,M,1,65,M0454,CARD
NM-000088,03/01/2569 15:17,B03,,1,85,M0454,CARD
NM-000089,03/01/2569 15:23,T04,M,1,60,,QR
NM-000090,03/01/2569 15:56,C06,M,1,75,,CARD
NM-000091,03/01/2569 16:26,C06,L,1,85,M0777,QR
NM-000091,03/01/2569 16:26,B03,,1,85,M0777,QR
NM-000092,03/01/2569 16:31,T05,L,2,70,,CARD
NM-000093,03/01/2569 16:40,T01,S,2,45,,QR
NM-000093,03/01/2569 16:40,B02,,1,50,,QR
NM-000094,03/01/2569 17:57,T05,L,1,70,,QR
NM-000094,03/01/2569 17:57,B01,,1,55,,QR
NM-000094,03/01/2569 17:57,C06,S,1,65,,QR
NM-000095,03/01/2569 18:54,C01,L,2,65,,CASH
NM-000095,03/01/2569 18:54,B04,,1,75,,CASH
NM-000096,03/01/2569 19:56,C02,M,1,55,M0145,CARD
NM-000097,04/01/2569 07:16,T01,S,1,45,,CASH
NM-000097,04/01/2569 07:16,B02,,1,50,,CASH
NM-000098,04/01/2569 07:42,C03,L,1,75,,QR
NM-000098,04/01/2569 07:42,C06,M,1,75,,QR
NM-000099,04/01/2569 07:57,C04,L,1,75,,CASH
NM-000099,04/01/2569 07:57,C05,M,1,70,,CASH
NM-000100,04/01/2569 08:00,C04,L,1,75,,CASH
NM-000101,04/01/2569 08:18,C02,M,1,55,M0193,QR
NM-000101,04/01/2569 08:18,B01,,1,55,M0193,QR
NM-000102,04/01/2569 08:55,T04,M,1,60,,QR
NM-000103,04/01/2569 09:16,C01,M,1,55,,CASH
NM-000103,04/01/2569 09:16,B04,,1,75,,CASH
NM-000104,04/01/2569 09:21,T01,L,1,65,M0201,QR
NM-000104,04/01/2569 09:21,B02,,1,50,M0201,QR
NM-000105,04/01/2569 09:43,C06,M,1,75,,QR
NM-000106,04/01/2569 10:02,C01,,1,65,,QR
NM-000107,04/01/2569 10:08,B02,,2,50,M0383,CASH
NM-000108,04/01/2569 10:14,T01,M,1,55,,QR
NM-000109,04/01/2569 10:18,C03,M,1,65,,QR
NM-000110,04/01/2569 10:36,T05,S,1,50,M0716,QR
NM-000111,04/01/2569 10:51,C02,M,1,55,,CARD
NM-000111,04/01/2569 10:51,B01,,1,55,,CARD
NM-000112,04/01/2569 10:57,C04,M,1,65,M0317,QR
NM-000113,04/01/2569 10:57,T04,M,-3,60,M0510,CARD
NM-000114,04/01/2569 11:03,C06,M,1,75,M0731,QR
NM-000114,04/01/2569 11:03,B02,,1,50,M0731,QR
NM-000115,04/01/2569 11:17,C06,L,1,85,,QR
NM-000116,04/01/2569 11:29,C01,M,1,55,M0739,CARD
NM-000117,04/01/2569 11:30,T02,M,1,70,M0372,CASH
NM-000118,04/01/2569 11:42,C02,L,2,65,,CARD
NM-000119,04/01/2569 11:43,T01,M,1,55,,CASH
NM-000119,04/01/2569 11:43,B02,,1,50,,CASH
NM-000120,04/01/2569 12:33,T03,S,2,40,,QR
NM-000121,04/01/2569 12:47,B01,,1,55,,QR
NM-000121,04/01/2569 12:47,C04,L,1,75,,QR
NM-000122,04/01/2569 12:54,C06,S,1,65,,QR
NM-000122,04/01/2569 12:54,T01,M,1,55,,QR
NM-000123,04/01/2569 13:10,T03,S,1,40,,QR
NM-000124,04/01/2569 13:14,C03,M,2,65,M0436,QR
NM-000124,04/01/2569 13:14,B03,,1,85,M0436,QR
NM-000125,04/01/2569 14:08,T01,L,1,65,M0011,QR
NM-000125,04/01/2569 14:08,B02,,1,50,M0011,QR
NM-000126,04/01/2569 14:08,B01,,1,55,,CARD
NM-000126,04/01/2569 14:08,B03,,1,85,,CARD
NM-000127,04/01/2569 14:10,B02,,1,50,,CARD
NM-000128,04/01/2569 14:28,T01,S,1,45,,CASH
NM-000128,04/01/2569 14:28,B02,,1,50,,CASH
NM-000129,04/01/2569 15:14,T05,S,3,50,,QR
NM-000130,04/01/2569 15:25,T01,M,1,55,M0341,CARD
NM-000131,04/01/2569 15:40,C01,M,1,55,,CASH
NM-000131,04/01/2569 15:40,B04,,1,75,,CASH
NM-000132,04/01/2569 15:42,T04,M,1,60,,QR
NM-000132,04/01/2569 15:42,B01,,1,55,,QR
NM-000133,04/01/2569 15:49,B02,,1,50,M0712,QR
NM-000134,04/01/2569 15:49,T01,S,1,45,,QR
NM-000134,04/01/2569 15:49,B02,,1,50,,QR
NM-000135,04/01/2569 15:50,T01,M,1,55,,QR
NM-000135,04/01/2569 15:50,B02,,1,50,,QR
NM-000136,04/01/2569 16:36,T02,S,1,60,,CARD
NM-000136,04/01/2569 16:36,T03,L,1,60,,CARD
NM-000137,04/01/2569 17:16,T01,M,1,55,,CARD
NM-000138,05/01/2569 08:20,T05,M,1,60,,QR
NM-000139,05/01/2569 08:52,C02,L,1,65,M0139,QR
NM-000140,05/01/2569 09:14,B03,,2,85,,QR
NM-000141,05/01/2569 09:26,B01,,1,55,M0280,QR
NM-000142,05/01/2569 09:42,C04,L,1,75,,CASH
NM-000143,05/01/2569 09:46,C04,S,1,55,M0250,CASH
NM-000143,05/01/2569 09:46,C02,M,1,55,M0250,CASH
NM-000144,05/01/2569 10:00,C04,M,1,65,,CASH
NM-000144,05/01/2569 10:00,C02,S,1,45,,CASH
NM-000145,05/01/2569 10:51,C03,S,1,55,M0781,CARD
NM-000146,05/01/2569 11:24,B03,,1,85,M0748,QR
NM-000147,05/01/2569 11:43,C04,M,2,65,,QR
NM-000148,05/01/2569 13:40,T01,L,1,65,M0770,QR
NM-000148,05/01/2569 13:40,B02,,1,50,M0770,QR
NM-000149,05/01/2569 14:24,C02,S,1,45,M0768,CARD
NM-000149,05/01/2569 14:24,T04,M,1,60,M0768,CARD
NM-000150,05/01/2569 15:49,C06,L,1,85,,QR
NM-000151,05/01/2569 16:22,B01,,1,55,,CARD
NM-000152,05/01/2569 16:43,T02,S,1,60,,CASH
NM-000152,05/01/2569 16:43,B01,,1,55,,CASH
NM-000153,05/01/2569 17:13,T02,M,3,70,,QR
NM-000153,05/01/2569 17:13,B01,,1,,,QR
NM-000154,05/01/2569 17:39,T01,S,1,45,,CASH
NM-000155,05/01/2569 18:12,B03,,1,85,,QR
NM-000156,05/01/2569 18:13,C06,M,2,75,,QR
NM-000157,06/01/2569 07:06,C02,M,1,55,M0708,CARD
NM-000157,06/01/2569 07:06,B01,,1,55,M0708,CARD
NM-000158,06/01/2569 07:30,T03,L,1,60,M0648,QR
NM-000159,06/01/2569 08:22,C03,M,1,65,,QR
NM-000160,06/01/2569 08:28,T02,M,1,70,,QR
NM-000161,06/01/2569 08:58,C06,M,1,75,M0363,CASH
NM-000162,06/01/2569 09:17,T05,M,2,60,,QR
NM-000163,06/01/2569 09:24,T01,M,1,55,M0089,CASH
NM-000164,06/01/2569 09:31,T03,M,1,50,,QR
NM-000165,06/01/2569 09:37,C02,M,1,55,,CARD
NM-000165,06/01/2569 09:37,B01,,1,55,,CARD
NM-000166,06/01/2569 09:37,T05,M,2,60,,QR
NM-000166,06/01/2569 09:37,T01,M,1,55,,QR
NM-000167,06/01/2569 09:54,C05,M,1,70,M0034,CASH
NM-000168,06/01/2569 10:45,C03,S,1,55,M0544,QR
NM-000168,06/01/2569 10:45,B03,,1,85,M0544,QR
NM-000169,06/01/2569 11:40,C06,S,-1,65,,QR
NM-000169,06/01/2569 11:40,B04,,1,75,,QR
NM-000170,06/01/2569 11:45,C01,L,2,65,M0672,CASH
NM-000170,06/01/2569 11:45,T01,M,1,55,M0672,CASH
NM-000171,06/01/2569 12:12,C02,M,1,55,M0138,QR
NM-000172,06/01/2569 12:27,B04,,2,75,,QR
NM-000173,06/01/2569 12:56,C01,L,1,65,,QR
NM-000173,06/01/2569 12:56,B04,,1,75,,QR
NM-000174,06/01/2569 14:05,C06,L,1,85,,QR
NM-000175,06/01/2569 15:57,C02,S,1,45,,CASH
NM-000175,06/01/2569 15:57,B03,,1,85,,CASH
NM-000176,06/01/2569 16:44,T03,S,1,40,,CARD
NM-000177,06/01/2569 17:10,B01,,3,55,,QR
NM-000178,06/01/2569 19:51,T04,M,1,60,M0358,QR
NM-000179,07/01/2569 07:16,C01,M,1,55,,QR
NM-000179,07/01/2569 07:16,T03,M,1,50,,QR
NM-000180,07/01/2569 07:58,C05,M,2,70,M0204,QR
NM-000181,07/01/2569 08:07,B04,,1,75,M0345,QR
NM-000182,07/01/2569 08:09,B02,,1,50,,CARD
NM-000183,07/01/2569 08:45,C05,M,1,70,,QR
NM-000184,07/01/2569 08:55,C04,S,1,55,M0264,QR
NM-000185,07/01/2569 09:09,C02,S,1,45,,QR
NM-000186,07/01/2569 09:52,C05,S,2,,M0141,QR
NM-000187,07/01/2569 09:56,T02,M,3,70,M0074,QR
NM-000188,07/01/2569 10:08,C01,M,1,55,M0092,QR
NM-000189,07/01/2569 10:35,C01,S,3,45,,QR
NM-000189,07/01/2569 10:35,B04,,1,75,,QR
NM-000189,07/01/2569 10:35,B03,,1,85,,QR
NM-000190,07/01/2569 10:57,C03,L,1,75,,CASH
NM-000190,07/01/2569 10:57,B03,,1,85,,CASH
NM-000191,07/01/2569 10:58,C06,M,1,75,M0468,QR
NM-000192,07/01/2569 11:49,T02,S,1,60,M0112,QR
NM-000193,07/01/2569 12:56,C03,M,2,65,,CASH
NM-000194,07/01/2569 13:06,T01,M,1,55,M0277,QR
NM-000195,07/01/2569 13:12,B01,,1,55,,CASH
NM-000196,07/01/2569 14:05,T04,M,1,60,,QR
NM-000197,07/01/2569 14:11,T01,M,1,55,M0249,QR
NM-000198,07/01/2569 14:13,B02,,1,50,M0712,QR
NM-000199,07/01/2569 14:14,C02,M,1,55,M0182,QR
NM-000200,07/01/2569 14:20,T02,M,1,70,M0602,CASH
NM-000201,07/01/2569 14:36,C01,M,1,55,,QR
NM-000202,07/01/2569 14:43,C03,M,1,65,M0132,CARD
NM-000202,07/01/2569 14:43,B03,,1,85,M0132,CARD
NM-000203,07/01/2569 14:45,B02,,1,50,,CARD
NM-000204,07/01/2569 15:07,C02,M,1,55,,CARD
NM-000205,07/01/2569 15:10,C02,M,1,55,,QR
NM-000206,07/01/2569 15:21,T01,M,1,55,,QR
NM-000207,07/01/2569 15:42,T05,M,1,60,,QR
NM-000208,07/01/2569 15:47,T01,M,1,55,,QR
NM-000209,07/01/2569 15:51,T01,M,1,55,,CARD
NM-000209,07/01/2569 15:51,B04,,1,75,,CARD
NM-000210,07/01/2569 16:43,T01,L,1,65,,CASH
NM-000211,07/01/2569 17:09,T04,S,2,50,M0182,CASH
NM-000211,07/01/2569 17:09,C05,L,1,80,M0182,CASH
NM-000212,07/01/2569 17:44,C02,L,1,65,,CASH
NM-000213,07/01/2569 18:13,C02,L,1,65,M0633,CASH
NM-000214,07/01/2569 18:32,C04,S,1,55,M0722,CASH
NM-000215,08/01/2569 07:04,C05,L,1,80,M0155,QR
NM-000216,08/01/2569 08:27,C01,S,1,45,,QR
NM-000217,08/01/2569 08:33,C04,S,1,55,M0247,QR
NM-000218,08/01/2569 09:00,C03,M,1,65,M0181,CARD
NM-000219,08/01/2569 09:02,C06,S,1,65,,CASH
NM-000220,08/01/2569 09:07,C02,M,1,55,,QR
NM-000220,08/01/2569 09:07,B01,,1,55,,QR
NM-000220,08/01/2569 09:07,C03,M,1,65,,QR
NM-000221,08/01/2569 09:08,C02,M,2,55,,QR
NM-000221,08/01/2569 09:08,B01,,1,55,,QR
NM-000222,08/01/2569 09:23,B02,,1,50,,QR
NM-000223,08/01/2569 09:31,T04,M,1,60,,CASH
NM-000224,08/01/2569 09:34,C04,S,1,55,,CASH
NM-000225,08/01/2569 09:49,T03,L,3,60,M0412,CASH
NM-000226,08/01/2569 09:52,C02,M,1,55,,CASH
NM-000226,08/01/2569 09:52,B01,,1,55,,CASH
NM-000227,08/01/2569 09:57,C06,L,2,85,M0659,QR
NM-000228,08/01/2569 10:21,C02,L,1,65,,QR
NM-000228,08/01/2569 10:21,B01,,1,,,QR
NM-000229,08/01/2569 10:38,B01,,2,55,M0739,CASH
NM-000229,08/01/2569 10:38,T01,M,1,55,M0739,CASH
NM-000230,08/01/2569 10:50,C02,M,1,55,M0198,CARD
NM-000230,08/01/2569 10:50,B01,,1,55,M0198,CARD
NM-000231,08/01/2569 10:58,C02,S,1,45,,QR
NM-000231,08/01/2569 10:58,B01,,1,55,,QR
NM-000232,08/01/2569 11:08,T01,M,2,55,,QR
NM-000232,08/01/2569 11:08,B02,,1,50,,QR
NM-000233,08/01/2569 11:27,C06,M,1,75,M0531,QR
NM-000234,08/01/2569 13:56,C05,M,1,70,M0378,CASH
NM-000234,08/01/2569 13:56,B01,,1,55,M0378,CASH
NM-000235,08/01/2569 15:44,B02,,1,50,,QR
NM-000236,08/01/2569 15:52,T04,L,1,70,M0706,CARD
NM-000236,08/01/2569 15:52,T01,S,1,45,M0706,CARD
NM-000237,08/01/2569 15:55,C03,S,1,55,M0664,QR
NM-000238,08/01/2569 17:11,T05,L,1,70,M0781,QR
NM-000239,08/01/2569 17:49,T04,L,1,70,M0164,QR
NM-000240,08/01/2569 18:44,T01,M,1,55,M0081,CARD
NM-000240,08/01/2569 18:44,B02,,1,50,M0081,CARD
NM-000241,08/01/2569 19:25,T02,M,1,70,,QR
NM-000242,09/01/2569 07:33,T02,M,2,70,,CASH
NM-000242,09/01/2569 07:33,T02,M,2,70,,CASH
NM-000243,09/01/2569 07:56,T04,L,1,70,,CARD
NM-000244,09/01/2569 08:00,B02,,1,50,,CARD
NM-000245,09/01/2569 08:46,T05,S,1,50,M0465,QR
NM-000246,09/01/2569 08:47,C06,L,2,85,M0123,CARD
NM-000247,09/01/2569 08:48,T02,M,2,70,M316,CASH
NM-000247,09/01/2569 08:48,T01,M,1,55,M316,CASH
NM-000248,09/01/2569 09:24,C02,L,1,65,,QR
NM-000249,09/01/2569 09:59,C03,S,1,55,,CASH
NM-000250,09/01/2569 10:38,C06,M,1,75,,CASH
NM-000251,09/01/2569 10:41,C04,L,1,75,M0091,CARD
NM-000252,09/01/2569 10:43,C06,S,1,65,,CARD
NM-000252,09/01/2569 10:43,C01,S,1,45,,CARD
NM-000252,09/01/2569 10:43,C01,S,1,45,,CARD
NM-000253,09/01/2569 10:46,C06,M,1,75,,QR
NM-000254,09/01/2569 10:55,T01,M,1,55,M0343,CARD
NM-000254,09/01/2569 10:55,B02,,1,50,M0343,CARD
NM-000255,09/01/2569 11:29,B02,,1,50,M0166,CASH
NM-000256,09/01/2569 11:35,C03,M,1,65,M0720,QR
NM-000256,09/01/2569 11:35,B01,,1,55,M0720,QR
NM-000257,09/01/2569 11:41,C02,M,1,55,,QR
NM-000257,09/01/2569 11:41,B04,,1,75,,QR
NM-000258,09/01/2569 12:33,T04,M,1,60,,QR
NM-000259,09/01/2569 12:56,T03,S,1,40,,QR
NM-000260,09/01/2569 13:57,T02,M,3,70,,CASH
NM-000261,09/01/2569 14:02,T04,M,2,60,M0623,CARD
NM-000262,09/01/2569 14:07,C04,M,1,65,,QR
NM-000263,09/01/2569 14:20,T02,M,1,,,QR
NM-000264,09/01/2569 14:24,C03,M,1,65,M0409,CASH
NM-000265,09/01/2569 14:42,C01,S,1,45,,QR
NM-000265,09/01/2569 14:42,B04,,1,75,,QR
NM-000266,09/01/2569 16:16,T03,S,2,40,,CASH
NM-000266,09/01/2569 16:16,B01,,1,55,,CASH
NM-000267,09/01/2569 16:58,T01,S,1,45,,QR
NM-000268,09/01/2569 17:15,C02,L,1,65,,CARD
NM-000269,09/01/2569 17:19,T04,S,1,50,,QR
NM-000270,09/01/2569 17:32,T02,M,2,70,,CARD
NM-000270,09/01/2569 17:32,B01,,1,55,,CARD
NM-000271,09/01/2569 17:32,B04,,3,75,,QR
NM-000271,09/01/2569 17:32,B04,,3,75,,QR
NM-000272,09/01/2569 18:39,T01,S,1,45,,QR
NM-000273,09/01/2569 18:39,T02,L,1,80,M0720,CARD
NM-000274,09/01/2569 19:05,T02,S,1,60,,CASH
NM-000275,09/01/2569 19:45,T04,M,2,60,M0011,QR
NM-000276,10/01/2569 07:17,C04,M,1,65,M0672,CASH
NM-000277,10/01/2569 08:10,T05,S,1,50,,CASH
NM-000278,10/01/2569 08:24,T02,L,1,80,M0157,CASH
NM-000278,10/01/2569 08:24,B04,,1,75,M0157,CASH
NM-000278,10/01/2569 08:24,B01,,1,55,M0157,CASH
NM-000279,10/01/2569 08:33,C05,M,1,70,,CASH
NM-000280,10/01/2569 08:58,C06,M,1,75,,QR
NM-000280,10/01/2569 08:58,C04,M,1,65,,QR
NM-000281,10/01/2569 09:04,C02,M,3,55,,QR
NM-000281,10/01/2569 09:04,B01,,1,55,,QR
NM-000282,10/01/2569 09:18,C05,S,2,60,M0437,CASH
NM-000283,10/01/2569 09:18,T01,L,1,65,M0745,QR
NM-000283,10/01/2569 09:18,B02,,1,50,M0745,QR
NM-000284,10/01/2569 09:24,C04,M,1,65,,QR
NM-000285,10/01/2569 09:25,C05,S,1,60,,QR
NM-000286,10/01/2569 09:25,T01,M,1,55,M0675,QR
NM-000286,10/01/2569 09:25,B02,,1,50,M0675,QR
NM-000287,10/01/2569 09:28,C04,L,1,75,,QR
NM-000288,10/01/2569 09:37,C05,M,1,,M0504,QR
NM-000289,10/01/2569 09:49,C06,M,1,,M0137,QR
NM-000289,10/01/2569 09:49,C02,S,1,,M0137,QR
NM-000290,10/01/2569 10:39,B02,,1,50,,CASH
NM-000291,10/01/2569 10:39,C02,M,1,55,M0275,CARD
NM-000291,10/01/2569 10:39,C02,M,1,55,M0275,CARD
NM-000291,10/01/2569 10:39,B01,,1,55,M0275,CARD
NM-000292,10/01/2569 10:52,T02,L,1,80,M0363,CASH
NM-000292,10/01/2569 10:52,B01,,1,55,M0363,CASH
NM-000293,10/01/2569 10:57,B03,,1,85,M0553,CARD
NM-000294,10/01/2569 12:25,C03,S,1,55,,CASH
NM-000294,10/01/2569 12:25,B04,,1,75,,CASH
NM-000295,10/01/2569 12:27,C02,M,1,55,M0718,CARD
NM-000296,10/01/2569 13:28,C03,S,1,55,M0553,QR
NM-000296,10/01/2569 13:28,B01,,1,55,M0553,QR
NM-000297,10/01/2569 13:33,B01,,1,55,M0042,CARD
NM-000298,10/01/2569 13:36,B03,,-1,85,M0636,QR
NM-000299,10/01/2569 14:02,T04,M,1,60,,CARD
NM-000299,10/01/2569 14:02,B04,,1,75,,CARD
NM-000300,10/01/2569 14:03,T05,L,1,70,,CASH
NM-000301,10/01/2569 14:04,T04,M,1,60,,QR
NM-000302,10/01/2569 14:25,T02,L,1,80,,CASH
NM-000303,10/01/2569 15:21,C06,M,1,75,M0531,QR
NM-000304,10/01/2569 15:43,T03,L,2,60,M0378,QR
NM-000305,10/01/2569 15:57,T01,L,1,65,,QR
NM-000305,10/01/2569 15:57,C04,S,1,55,,QR
NM-000306,10/01/2569 16:10,C04,S,1,55,M0331,CASH
NM-000306,10/01/2569 16:10,B02,,1,50,M0331,CASH
NM-000306,10/01/2569 16:10,B02,,1,50,M0331,CASH
NM-000307,10/01/2569 16:39,T01,S,1,45,M0085,QR
NM-000307,10/01/2569 16:39,B02,,1,50,M0085,QR
NM-000308,10/01/2569 17:34,C03,S,2,55,M0198,QR
NM-000309,10/01/2569 18:09,T05,S,1,50,M0792,QR
NM-000310,10/01/2569 18:40,B01,,1,55,M0359,QR
NM-000311,10/01/2569 18:53,T04,M,3,60,M0274,CARD
NM-000311,10/01/2569 18:53,B01,,1,55,M0274,CARD
NM-000312,10/01/2569 18:53,C03,S,1,55,M0603,CARD
NM-000313,10/01/2569 19:05,T01,M,1,55,M0520,CASH
NM-000314,11/01/2569 07:13,T05,M,1,60,,QR
NM-000315,11/01/2569 07:33,C03,M,1,65,M0718,QR
NM-000315,11/01/2569 07:33,B01,,1,55,M0718,QR
NM-000316,11/01/2569 07:36,C02,L,2,65,M0145,QR
NM-000317,11/01/2569 08:00,C02,S,1,45,,CARD
NM-000317,11/01/2569 08:00,B01,,1,55,,CARD
NM-000318,11/01/2569 08:08,T04,M,2,,,QR
NM-000318,11/01/2569 08:08,C01,L,1,65,,QR
NM-000319,11/01/2569 08:49,C03,S,1,55,,QR
NM-000319,11/01/2569 08:49,B03,,1,85,,QR
NM-000320,11/01/2569 09:11,B04,,3,75,M0712,CASH
NM-000321,11/01/2569 09:22,C05,S,1,60,,QR
NM-000321,11/01/2569 09:22,T02,S,1,60,,QR
NM-000322,11/01/2569 09:42,C06,M,1,75,,CASH
NM-000323,11/01/2569 10:02,C04,M,1,65,,CASH
NM-000323,11/01/2569 10:02,T01,L,1,6500,,CASH
NM-000324,11/01/2569 10:28,C02,M,2,55,,CARD
NM-000325,11/01/2569 10:37,C03,M,1,65,,QR
NM-000325,11/01/2569 10:37,B03,,1,85,,QR
NM-000326,11/01/2569 11:25,T02,,2,70,,QR
NM-000327,11/01/2569 11:29,B03,,1,85,,QR
NM-000328,11/01/2569 11:34,C03,M,1,65,,CASH
NM-000329,11/01/2569 12:41,C03,M,1,65,,QR
NM-000329,11/01/2569 12:41,B03,,1,85,,QR
NM-000330,11/01/2569 12:42,T03,S,1,40,,QR
NM-000331,11/01/2569 12:48,C03,M,1,65,M0538,CARD
NM-000331,11/01/2569 12:48,T03,L,1,60,M0538,CARD
NM-000332,11/01/2569 12:57,T05,L,1,70,,CASH
NM-000333,11/01/2569 13:19,C03,M,2,65,,CARD
NM-000333,11/01/2569 13:19,B03,,1,85,,CARD
NM-000334,11/01/2569 13:38,B01,,1,,,QR
NM-000334,11/01/2569 13:38,B03,,1,85,,QR
NM-000335,11/01/2569 13:47,C02,M,1,55,,QR
NM-000336,11/01/2569 14:02,B04,,1,75,M0226,CASH
NM-000337,11/01/2569 14:02,B01,,1,55,,CASH
NM-000337,11/01/2569 14:02,C06,M,1,75,,CASH
NM-000338,11/01/2569 14:12,B03,,1,85,M0018,QR
NM-000339,11/01/2569 14:40,B04,,3,75,,CARD
NM-000340,11/01/2569 15:52,T01,M,1,55,M0339,QR
NM-000340,11/01/2569 15:52,B02,,1,50,M0339,QR
NM-000341,11/01/2569 15:57,C06,M,1,75,M0252,QR
NM-000342,11/01/2569 16:04,B04,,1,75,M0657,CASH
NM-000343,11/01/2569 16:57,C02,M,2,55,,CASH
NM-000343,11/01/2569 16:57,B01,,1,,,CASH
NM-000344,11/01/2569 17:37,T02,M,1,70,M0745,CARD
NM-000345,11/01/2569 17:48,B01,,3,55,,CASH
NM-000346,11/01/2569 17:54,B01,,1,55,,CASH
NM-000347,11/01/2569 18:22,T01,M,1,55,,QR
NM-000347,11/01/2569 18:22,B02,,1,50,,QR
NM-000347,11/01/2569 18:22,T03,M,1,50,,QR
NM-000348,11/01/2569 18:30,C02,L,1,65,,QR
NM-000349,11/01/2569 18:37,C06,,1,85,,QR
NM-000350,11/01/2569 19:17,C01,L,1,65,,QR
NM-000350,11/01/2569 19:17,B04,,1,75,,QR
NM-000350,11/01/2569 19:17,T05,M,1,60,,QR
NM-000351,11/01/2569 19:39,T02,M,2,70,,CASH
NM-000352,12/01/2569 07:20,T01,,1,65,M0442,CARD
NM-000352,12/01/2569 07:20,B02,,1,50,M0442,CARD
NM-000353,12/01/2569 07:21,B01,,1,55,,QR
NM-000354,12/01/2569 07:31,C06,L,2,85,,CARD
NM-000355,12/01/2569 07:36,T01,M,1,55,,QR
NM-000355,12/01/2569 07:36,B02,,1,50,,QR
NM-000356,12/01/2569 08:00,C06,S,1,65,,QR
NM-000357,12/01/2569 08:30,C02,S,1,45,M0382,CARD
NM-000357,12/01/2569 08:30,T04,M,1,60,M0382,CARD
NM-000358,12/01/2569 08:32,C02,M,2,55,,QR
NM-000359,12/01/2569 08:39,B03,,1,85,,CARD
NM-000360,12/01/2569 09:28,B03,,1,85,,QR
NM-000361,12/01/2569 09:35,C02,L,1,65,,QR
NM-000361,12/01/2569 09:35,B04,,1,75,,QR
NM-000362,12/01/2569 10:01,C01,M,1,55,,CASH
NM-000363,12/01/2569 10:40,C03,L,3,75,M0256,CARD
NM-000363,12/01/2569 10:40,B02,,1,50,M0256,CARD
NM-000364,12/01/2569 10:51,C02,L,2,65,M0543,QR
NM-000365,12/01/2569 11:26,T02,M,1,70,,QR
NM-000366,12/01/2569 12:56,T02,L,1,80,,CARD
NM-000367,12/01/2569 13:05,C02,L,1,65,,QR
NM-000367,12/01/2569 13:05,B01,,1,55,,QR
NM-000368,12/01/2569 13:15,T02,M,1,70,M0349,QR
NM-000369,12/01/2569 13:25,T05,M,1,60,M0051,CASH
NM-000370,12/01/2569 13:48,C05,M,1,70,,CARD
NM-000371,12/01/2569 15:22,C04,M,1,65,,CASH
NM-000371,12/01/2569 15:22,B02,,1,50,,CASH
NM-000372,12/01/2569 15:36,C02,M,1,55,,CARD
NM-000372,12/01/2569 15:36,B01,,1,55,,CARD
NM-000373,12/01/2569 16:01,B01,,1,,,QR
NM-000374,12/01/2569 18:44,B01,,1,55,,QR
NM-000374,12/01/2569 18:44,T02,S,1,60,,QR
NM-000375,12/01/2569 18:53,C01,M,2,55,,CARD
NM-000375,12/01/2569 18:53,B04,,1,75,,CARD
NM-000376,13/01/2569 07:20,B02,,1,50,M0012,QR
NM-000377,13/01/2569 08:21,B03,,2,85,,CASH
NM-000378,13/01/2569 08:34,B02,,1,50,M0419,QR
NM-000379,13/01/2569 08:44,T03,L,1,60,,QR
NM-000380,13/01/2569 09:10,T04,L,1,70,,QR
NM-000381,13/01/2569 09:19,C01,M,-2,55,,CASH
NM-000381,13/01/2569 09:19,B04,,1,75,,CASH
NM-000382,13/01/2569 09:25,C05,S,2,60,M0480,CARD
NM-000382,13/01/2569 09:25,B02,,1,50,M0480,CARD
NM-000383,13/01/2569 09:46,T04,L,1,70,,QR
NM-000384,13/01/2569 09:57,C02,M,1,55,M0112,QR
NM-000384,13/01/2569 09:57,B01,,1,55,M0112,QR
NM-000385,13/01/2569 10:26,B04,,1,75,M0133,QR
NM-000386,13/01/2569 10:27,C03,S,1,55,,QR
NM-000386,13/01/2569 10:27,T01,L,1,65,,QR
NM-000387,13/01/2569 10:30,C05,M,2,70,M0090,CARD
NM-000388,13/01/2569 11:01,B01,,1,55,,QR
NM-000389,13/01/2569 11:32,C05,M,1,70,M0522,QR
NM-000389,13/01/2569 11:32,C02,L,1,65,M0522,QR
NM-000390,13/01/2569 12:02,C03,,1,65,,CASH
NM-000391,13/01/2569 12:10,C04,M,1,65,,CASH
NM-000392,13/01/2569 12:10,T02,L,1,80,M0743,QR
NM-000393,13/01/2569 12:27,T02,M,2,70,,QR
NM-000394,13/01/2569 13:01,B01,,1,55,M0424,QR
NM-000395,13/01/2569 13:11,B01,,2,55,,CASH
NM-000396,13/01/2569 13:12,C02,S,1,45,M0208,QR
NM-000396,13/01/2569 13:12,B01,,1,55,M0208,QR
NM-000396,13/01/2569 13:12,T01,S,1,45,M0208,QR
NM-000397,13/01/2569 13:30,T02,M,1,70,,QR
NM-000398,13/01/2569 00:08,C02,M,1,55,,QR
NM-000399,13/01/2569 14:58,T01,M,1,55,,QR
NM-000400,13/01/2569 17:59,C04,M,2,65,M0198,CARD
NM-000400,13/01/2569 17:59,T02,M,1,70,M0198,CARD
NM-000401,13/01/2569 18:33,B02,,1,50,,CASH
NM-000401,13/01/2569 18:33,T01,L,1,65,,CASH
NM-000402,14/01/2569 07:16,B03,,2,85,M0631,QR
NM-000403,14/01/2569 07:25,C03,L,1,75,,CASH
NM-000403,14/01/2569 07:25,B03,,1,85,,CASH
NM-000404,14/01/2569 07:33,C01,M,1,55,,CARD
NM-000404,14/01/2569 07:33,B04,,1,75,,CARD
NM-000405,14/01/2569 07:54,T05,L,1,70,,QR
NM-000406,14/01/2569 08:13,C02,S,1,45,,QR
NM-000407,14/01/2569 08:48,B01,,1,55,,CASH
NM-000408,14/01/2569 09:04,C06,L,1,85,M0470,CARD
NM-000409,14/01/2569 09:16,B02,,1,50,,QR
NM-000409,14/01/2569 09:16,T02,M,1,70,,QR
NM-000410,14/01/2569 09:24,C01,L,1,65,M0782,QR
NM-000411,14/01/2569 09:56,B01,,1,55,M0627,CARD
NM-000412,14/01/2569 09:59,T04,L,1,70,,CASH
NM-000413,14/01/2569 10:00,C03,S,1,55,M0031,QR
NM-000413,14/01/2569 10:00,B04,,1,75,M0031,QR
NM-000414,14/01/2569 10:01,T01,M,1,55,,QR
NM-000414,14/01/2569 10:01,B02,,1,50,,QR
NM-000415,14/01/2569 10:02,T02,M,1,70,,QR
NM-000415,14/01/2569 10:02,B02,,1,50,,QR
NM-000415,14/01/2569 10:02,C02,S,1,45,,QR
NM-000416,14/01/2569 10:14,C01,M,1,55,M0420,QR
NM-000416,14/01/2569 10:14,B04,,1,75,M0420,QR
NM-000417,14/01/2569 10:39,B02,,1,50,M0640,QR
NM-000418,14/01/2569 10:47,C03,M,2,65,M0521,QR
NM-000418,14/01/2569 10:47,B03,,1,85,M0521,QR
NM-000419,14/01/2569 10:48,T01,M,1,55,,CASH
NM-000419,14/01/2569 10:48,B02,,1,50,,CASH
NM-000420,14/01/2569 11:13,C01,S,1,,M0633,CASH
NM-000420,14/01/2569 11:13,B04,,1,75,M0633,CASH
NM-000421,14/01/2569 11:23,C02,L,1,65,,CARD
NM-000421,14/01/2569 11:23,B03,,1,85,,CARD
NM-000422,14/01/2569 12:51,C05,M,1,70,,QR
NM-000423,14/01/2569 13:18,C06,M,2,75,M0201,QR
NM-000423,14/01/2569 13:18,C02,L,1,,M0201,QR
NM-000424,14/01/2569 13:45,C01,M,1,55,,CASH
NM-000425,14/01/2569 14:01,T03,M,1,50,M0191,QR
NM-000426,14/01/2569 14:12,T01,M,1,,,QR
NM-000427,14/01/2569 14:18,T03,M,1,50,M0145,CARD
NM-000427,14/01/2569 14:18,B02,,1,50,M0145,CARD
NM-000428,14/01/2569 14:42,T05,,1,50,,QR
NM-000429,14/01/2569 15:09,C02,M,2,55,M0510,QR
NM-000430,14/01/2569 02:56,C04,M,1,65,,QR
NM-000431,14/01/2569 17:05,T02,L,1,80,,QR
NM-000431,14/01/2569 17:05,B04,,1,75,,QR
NM-000432,14/01/2569 17:28,T04,,1,60,M0166,CASH
NM-000432,14/01/2569 17:28,B04,,1,75,M0166,CASH
NM-000433,14/01/2569 17:48,T01,L,1,65,M0759,QR
NM-000433,14/01/2569 17:48,B02,,1,50,M0759,QR
NM-000434,14/01/2569 18:35,T01,M,1,55,M0168,QR
NM-000435,14/01/2569 18:36,T02,M,1,70,,QR
NM-000436,14/01/2569 18:45,T01,,1,55,,CASH
NM-000437,15/01/2569 07:26,C04,S,1,55,,QR
NM-000437,15/01/2569 07:26,B01,,1,55,,QR
NM-000437,15/01/2569 07:26,C03,M,1,65,,QR
NM-000438,15/01/2569 08:02,C02,M,1,55,,CARD
NM-000438,15/01/2569 08:02,B01,,1,55,,CARD
NM-000439,15/01/2569 08:17,C02,M,1,55,,CARD
NM-000440,15/01/2569 08:27,C05,,1,70,M0725,CASH
NM-000441,15/01/2569 09:06,C03,L,2,75,M0786,QR
NM-000442,15/01/2569 09:27,B03,,1,85,,QR
NM-000443,15/01/2569 09:29,T01,M,1,55,,CASH
NM-000443,15/01/2569 09:29,B02,,1,50,,CASH
NM-000443,15/01/2569 09:29,C05,M,1,70,,CASH
NM-000444,15/01/2569 10:12,C06,S,1,65,,QR
NM-000445,15/01/2569 10:31,T02,L,1,80,,QR
NM-000446,15/01/2569 11:01,B02,,1,50,,QR
NM-000447,15/01/2569 11:02,C03,S,1,55,,CASH
NM-000447,15/01/2569 11:02,B03,,1,85,,CASH
NM-000448,15/01/2569 11:18,C03,S,1,55,,QR
NM-000448,15/01/2569 11:18,B03,,1,85,,QR
NM-000449,15/01/2569 11:53,C03,L,1,75,,CASH
NM-000449,15/01/2569 11:53,B04,,1,75,,CASH
NM-000450,15/01/2569 11:57,T01,L,2,65,,QR
NM-000451,15/01/2569 11:57,T01,L,2,65,,QR
NM-000451,15/01/2569 11:57,B02,,1,50,,QR
NM-000452,15/01/2569 12:09,C03,M,1,65,M0651,QR
NM-000453,15/01/2569 12:15,T03,M,1,,,QR
NM-000454,15/01/2569 13:05,B04,,1,75,,CARD
NM-000455,15/01/2569 13:16,T01,M,1,55,,QR
NM-000455,15/01/2569 13:16,B02,,1,50,,QR
NM-000456,15/01/2569 13:20,C05,L,1,80,M0718,QR
NM-000457,15/01/2569 15:00,C05,M,1,70,,CASH
NM-000458,15/01/2569 15:38,T04,M,1,60,,CASH
NM-000458,15/01/2569 15:38,B04,,1,75,,CASH
NM-000459,15/01/2569 16:26,B04,,1,75,M0201,CARD
NM-000459,15/01/2569 16:26,B03,,1,85,M0201,CARD
NM-000460,15/01/2569 16:37,T04,S,2,50,M0484,CASH
NM-000461,15/01/2569 17:10,T05,M,1,60,M0636,CARD
NM-000461,15/01/2569 17:10,B04,,1,75,M0636,CARD
NM-000462,15/01/2569 17:18,B01,,1,55,,QR
NM-000463,15/01/2569 17:51,T02,M,1,70,,QR
NM-000464,15/01/2569 19:00,C01,L,1,65,M0009,CARD
NM-000465,15/01/2569 19:44,C02,M,1,55,,QR
NM-000465,15/01/2569 19:44,B01,,1,55,,QR
NM-000466,16/01/2569 07:36,C06,M,1,75,,QR
NM-000466,16/01/2569 07:36,B02,,1,50,,QR
NM-000466,16/01/2569 07:36,T02,S,1,60,,QR
NM-000467,16/01/2569 07:45,C03,M,1,65,,CARD
NM-000468,16/01/2569 07:59,C06,M,1,75,M0478,CASH
NM-000469,16/01/2569 08:05,C06,M,1,75,,QR
NM-000470,16/01/2569 08:12,C02,L,1,65,,QR
NM-000470,16/01/2569 08:12,T02,L,1,80,,QR
NM-000471,16/01/2569 08:15,B03,,1,,,QR
NM-000472,16/01/2569 08:17,T03,L,1,60,M0214,QR
NM-000472,16/01/2569 08:17,C05,M,1,70,M0214,QR
NM-000473,16/01/2569 08:19,T01,S,1,45,,QR
NM-000474,16/01/2569 08:43,T01,M,2,,M0113,CARD
NM-000474,16/01/2569 08:43,B02,,1,50,M0113,CARD
NM-000475,16/01/2569 08:57,C04,M,1,65,,QR
NM-000476,16/01/2569 09:37,B03,,1,85,,QR
NM-000477,16/01/2569 09:38,C03,M,1,65,M0610,QR
NM-000478,16/01/2569 09:59,B01,,1,55,,QR
NM-000479,16/01/2569 10:12,C03,S,2,55,,QR
NM-000479,16/01/2569 10:12,B03,,1,85,,QR
NM-000480,16/01/2569 10:19,T03,,1,50,,CARD
NM-000480,16/01/2569 10:19,B01,,1,55,,CARD
NM-000481,16/01/2569 10:58,C06,S,3,65,,CARD
NM-000481,16/01/2569 10:58,B01,,1,55,,CARD
NM-000481,16/01/2569 10:58,B01,,1,55,,CARD
NM-000482,16/01/2569 11:28,C05,S,1,60,,CASH
NM-000483,16/01/2569 11:40,T03,S,2,40,,QR
NM-000484,16/01/2569 11:49,C03,M,1,65,,CASH
NM-000485,16/01/2569 12:13,C06,M,1,75,,CARD
NM-000486,16/01/2569 12:34,T04,M,1,60,M0478,CASH
NM-000487,16/01/2569 12:40,T01,S,2,45,,QR
NM-000488,16/01/2569 14:38,B01,,1,55,,QR
NM-000488,16/01/2569 14:38,T03,M,1,50,,QR
NM-000489,16/01/2569 14:40,C04,S,1,55,M0643,CASH
NM-000490,16/01/2569 15:01,C01,M,1,55,,QR
NM-000490,16/01/2569 15:01,B04,,1,75,,QR
NM-000490,16/01/2569 15:01,T04,S,1,50,,QR
NM-000491,16/01/2569 15:02,T03,S,3,40,M0624,QR
NM-000492,16/01/2569 15:20,T01,S,1,45,M0230,QR
NM-000492,16/01/2569 15:20,C01,L,1,65,M0230,QR
NM-000493,16/01/2569 16:24,T01,M,1,55,M0604,QR
NM-000494,16/01/2569 16:29,T04,M,1,60,M0634,QR
NM-000495,16/01/2569 18:14,T05,M,1,60,,QR
NM-000496,16/01/2569 18:22,C03,S,1,55,,QR
NM-000496,16/01/2569 18:22,B03,,1,85,,QR
NM-000497,16/01/2569 19:37,T04,S,1,50,M0685,QR
NM-000498,16/01/2569 19:38,T04,L,1,70,,CARD
NM-000499,17/01/2569 07:14,C03,L,2,75,M0216,QR
NM-000500,17/01/2569 07:18,T01,M,1,55,,CASH
NM-000500,17/01/2569 07:18,B02,,1,50,,CASH
NM-000501,17/01/2569 07:29,B01,,1,55,M0208,QR
NM-000502,17/01/2569 07:51,T04,S,1,50,,QR
NM-000502,17/01/2569 07:51,B04,,1,75,,QR
NM-000503,17/01/2569 07:58,C04,M,1,65,,CASH
NM-000503,17/01/2569 07:58,C03,S,1,55,,CASH
NM-000504,17/01/2569 08:56,C02,L,1,65,,QR
NM-000505,17/01/2569 08:57,C03,L,1,75,M0543,CASH
NM-000506,17/01/2569 08:58,C02,S,1,45,,QR
NM-000506,17/01/2569 08:58,B01,,1,55,,QR
NM-000507,17/01/2569 09:27,T03,S,1,40,M0354,CASH
NM-000508,17/01/2569 09:51,T05,S,1,50,,QR
NM-000509,17/01/2569 09:55,C03,M,1,65,M0660,QR
NM-000509,17/01/2569 09:55,B03,,1,85,M0660,QR
NM-000510,17/01/2569 09:59,C02,M,1,55,M0694,QR
NM-000511,17/01/2569 10:08,T01,S,1,45,M0702,QR
NM-000511,17/01/2569 10:08,B02,,1,50,M0702,QR
NM-000512,17/01/2569 10:16,C03,L,1,75,,QR
NM-000513,17/01/2569 10:29,T02,S,2,60,,CARD
NM-000513,17/01/2569 10:29,B03,,1,85,,CARD
NM-000514,17/01/2569 10:32,C03,S,-2,55,,QR
NM-000514,17/01/2569 10:32,C05,M,1,70,,QR
NM-000515,17/01/2569 10:43,T01,S,1,45,,CARD
NM-000515,17/01/2569 10:43,B04,,1,75,,CARD
NM-000515,17/01/2569 10:43,B04,,1,75,,CARD
NM-000516,17/01/2569 10:44,C03,M,1,65,M0069,QR
NM-000516,17/01/2569 10:44,B03,,1,85,M0069,QR
NM-000517,17/01/2569 11:34,C03,S,1,55,,QR
NM-000518,17/01/2569 11:45,T01,L,1,65,M0149,CASH
NM-000519,17/01/2569 11:50,C06,L,1,85,,CARD
NM-000520,17/01/2569 12:16,C02,,1,45,,QR
NM-000520,17/01/2569 12:16,B01,,1,55,,QR
NM-000521,17/01/2569 12:24,B04,,1,75,M0342,CARD
NM-000522,17/01/2569 12:46,C02,M,1,55,,CASH
NM-000522,17/01/2569 12:46,C05,M,1,,,CASH
NM-000523,17/01/2569 12:50,C06,S,2,65,,QR
NM-000523,17/01/2569 12:50,C06,S,2,65,,QR
NM-000524,17/01/2569 13:33,B04,,1,75,M0219,QR
NM-000525,17/01/2569 13:44,T01,M,1,55,M0204,QR
NM-000525,17/01/2569 13:44,B02,,1,50,M0204,QR
NM-000526,17/01/2569 15:29,B02,,1,50,,CASH
NM-000527,17/01/2569 15:30,C06,M,1,75,,QR
NM-000528,17/01/2569 15:35,C03,M,1,65,,QR
NM-000529,17/01/2569 15:41,B04,,1,75,,CASH
NM-000530,17/01/2569 15:43,T02,S,1,60,,CASH
NM-000531,17/01/2569 15:58,C01,L,2,65,M0214,QR
NM-000531,17/01/2569 15:58,B04,,1,75,M0214,QR
NM-000532,17/01/2569 16:06,C03,M,1,65,M0118,QR
NM-000533,17/01/2569 16:53,B01,,1,55,M0407,QR
NM-000534,17/01/2569 17:13,C03,S,1,55,M0390,CARD
NM-000535,17/01/2569 17:24,C04,M,1,65,,QR
NM-000536,17/01/2569 17:41,T01,S,1,45,,QR
NM-000536,17/01/2569 17:41,B02,,1,50,,QR
NM-000537,17/01/2569 17:42,B01,,1,55,,CASH
NM-000538,17/01/2569 17:48,T04,M,1,60,,QR
NM-000539,17/01/2569 18:30,T01,S,1,45,,QR
NM-000539,17/01/2569 18:30,B02,,1,50,,QR
NM-000540,17/01/2569 18:55,T02,M,1,70,M0314,CASH
NM-000540,17/01/2569 18:55,B02,,1,50,M0314,CASH
NM-000541,17/01/2569 19:50,C05,S,1,60,,CASH
NM-000542,18/01/2569 07:04,C04,S,3,55,,QR
NM-000543,18/01/2569 07:07,B04,,1,75,,QR
NM-000544,18/01/2569 07:27,C03,M,3,65,,CARD
NM-000544,18/01/2569 07:27,B03,,1,85,,CARD
NM-000545,18/01/2569 08:23,C04,L,2,75,MO268,CASH
NM-000546,18/01/2569 08:47,C02,M,1,55,,CASH
NM-000546,18/01/2569 08:47,C01,S,1,45,,CASH
NM-000547,18/01/2569 09:01,T01,S,1,45,,QR
NM-000548,18/01/2569 09:10,C03,M,-1,65,M0092,QR
NM-000549,18/01/2569 09:14,T01,L,1,65,,CARD
NM-000549,18/01/2569 09:14,B02,,1,50,,CARD
NM-000550,18/01/2569 09:22,C03,M,1,65,,CASH
NM-000551,18/01/2569 09:43,B02,,1,50,M0641,CARD
NM-000552,18/01/2569 09:47,C03,L,1,75,,QR
NM-000553,18/01/2569 09:59,C03,S,1,55,M0503,QR
NM-000553,18/01/2569 09:59,B03,,1,85,M0503,QR
NM-000554,18/01/2569 10:04,C06,,1,75,,QR
NM-000555,18/01/2569 10:32,C04,L,1,75,M0793,QR
NM-000556,18/01/2569 11:16,T05,S,1,50,,QR
NM-000557,18/01/2569 11:17,C02,S,1,45,,CARD
NM-000558,18/01/2569 11:29,C04,S,1,55,M0111,CARD
NM-000558,18/01/2569 11:29,C05,M,1,70,M0111,CARD
NM-000559,18/01/2569 11:49,C06,M,2,75,M0372,CARD
NM-000560,18/01/2569 12:20,T02,L,2,80,,CARD
NM-000561,18/01/2569 12:47,C02,M,1,55,,CASH
NM-000561,18/01/2569 12:47,B01,,1,55,,CASH
NM-000561,18/01/2569 12:47,B01,,1,55,,CASH
NM-000562,18/01/2569 14:55,C03,M,1,65,,QR
NM-000563,18/01/2569 15:26,T01,S,1,45,,CASH
NM-000563,18/01/2569 15:26,B02,,1,50,,CASH
NM-000564,18/01/2569 15:32,C05,M,1,70,,CASH
NM-000565,18/01/2569 15:47,B02,,1,50,,QR
NM-000566,18/01/2569 17:08,B04,,1,75,,CARD
NM-000567,18/01/2569 17:14,B02,,1,50,,CASH
NM-000568,18/01/2569 17:48,B01,,1,55,M0263,QR
NM-000569,18/01/2569 18:39,C01,L,1,65,,QR
NM-000569,18/01/2569 18:39,B04,,1,75,,QR
NM-000570,18/01/2569 18:41,T04,L,1,70,,CASH
NM-000571,18/01/2569 18:55,T04,M,1,60,,QR
NM-000572,18/01/2569 19:08,T01,M,1,55,M0027,QR
NM-000572,18/01/2569 19:08,B02,,1,50,M0027,QR
NM-000572,18/01/2569 19:08,C04,M,1,65,M0027,QR
NM-000573,18/01/2569 19:27,T01,M,1,55,,QR
NM-000573,18/01/2569 19:27,B02,,1,50,,QR
NM-000574,19/01/2569 07:35,T03,L,100,60,,QR
NM-000575,19/01/2569 07:37,T04,L,1,70,,QR
NM-000576,19/01/2569 07:43,B03,,1,85,,QR
NM-000577,19/01/2569 07:51,T05,M,3,,,CASH
NM-000578,19/01/2569 09:06,C06,M,1,75,,QR
NM-000578,19/01/2569 09:06,B02,,1,50,,QR
NM-000579,19/01/2569 09:47,T01,M,1,55,,QR
NM-000579,19/01/2569 09:47,B02,,1,50,,QR
NM-000580,19/01/2569 09:57,C06,M,-1,75,,QR
NM-000580,19/01/2569 09:57,C05,L,1,80,,QR
NM-000581,19/01/2569 10:01,C01,L,1,65,,QR
NM-000582,19/01/2569 10:05,C04,M,2,65,M0315,QR
NM-000583,19/01/2569 10:15,C05,M,1,70,M0550,CARD
NM-000584,19/01/2569 10:28,C06,M,1,75,,QR
NM-000585,19/01/2569 10:31,C02,M,1,55,M0209,QR
NM-000586,19/01/2569 11:12,B02,,1,50,M0248,QR
NM-000587,19/01/2569 11:33,C04,M,1,65,,QR
NM-000587,19/01/2569 11:33,C01,M,1,55,,QR
NM-000588,19/01/2569 11:40,C03,M,2,65,,CARD
NM-000589,19/01/2569 12:25,T04,L,1,70,M0275,CASH
NM-000590,19/01/2569 12:48,C04,M,1,65,,QR
NM-000591,19/01/2569 12:52,B02,,1,50,M0112,QR
NM-000592,19/01/2569 12:58,T03,S,1,40,M0289,QR
NM-000592,19/01/2569 12:58,B01,,1,55,M0289,QR
NM-000593,19/01/2569 14:18,C03,S,3,55,M0432,QR
NM-000593,19/01/2569 14:18,B03,,1,85,M0432,QR
NM-000593,19/01/2569 14:18,B03,,1,85,M0432,QR
NM-000594,19/01/2569 14:21,T04,S,2,50,,CASH
NM-000594,19/01/2569 14:21,B02,,1,50,,CASH
NM-000595,19/01/2569 14:34,T02,S,1,60,,CASH
NM-000596,19/01/2569 15:00,T03,S,1,40,M0535,CARD
NM-000597,19/01/2569 15:04,C03,L,1,75,M0718,CARD
NM-000597,19/01/2569 15:04,B03,,1,85,M0718,CARD
NM-000598,19/01/2569 15:09,C02,L,1,65,,CASH
NM-000599,19/01/2569 15:12,B01,,1,55,M0800,QR
NM-000600,19/01/2569 16:31,B02,,1,50,,CARD
NM-000601,19/01/2569 17:00,T05,M,1,60,M0233,QR
NM-000602,19/01/2569 19:13,T03,M,1,50,,QR
NM-000603,20/01/2569 07:54,C02,M,1,55,,CARD
NM-000603,20/01/2569 07:54,B01,,1,55,,CARD
NM-000604,20/01/2569 07:58,C02,M,1,55,M9544,QR
NM-000604,20/01/2569 07:58,B01,,1,55,M9544,QR
NM-000605,20/01/2569 08:07,C03,M,1,65,,QR
NM-000605,20/01/2569 08:07,B03,,1,85,,QR
NM-000606,20/01/2569 08:18,B01,,2,55,,QR
NM-000607,20/01/2569 08:21,B01,,3,55,,QR
NM-000608,20/01/2569 08:44,T05,M,1,60,M0669,CASH
NM-000608,20/01/2569 08:44,B02,,1,50,M0669,CASH
NM-000609,20/01/2569 08:46,C03,M,1,,,QR
NM-000609,20/01/2569 08:46,T01,M,1,55,,QR
NM-000610,20/01/2569 08:50,C02,M,2,55,,QR
NM-000610,20/01/2569 08:50,C02,M,2,55,,QR
NM-000610,20/01/2569 08:50,B01,,1,55,,QR
NM-000611,20/01/2569 09:02,C02,S,1,45,M0032,QR
NM-000612,20/01/2569 09:04,B02,,3,50,M0363,QR
NM-000613,20/01/2569 09:41,C03,S,1,55,,QR
NM-000613,20/01/2569 09:41,B03,,1,85,,QR
NM-000614,20/01/2569 09:41,T04,M,1,60,M0618,CARD
NM-000615,20/01/2569 10:39,B01,,2,55,M0265,QR
NM-000616,20/01/2569 10:41,B01,,1,55,,CARD
NM-000617,20/01/2569 10:45,C05,L,1,80,,CASH
NM-000617,20/01/2569 10:45,B04,,1,75,,CASH
NM-000618,20/01/2569 11:00,C05,S,1,60,,QR
NM-000619,20/01/2569 11:12,C02,M,1,55,M0367,CASH
NM-000619,20/01/2569 11:12,B01,,1,55,M0367,CASH
NM-000620,20/01/2569 11:29,C03,L,1,75,,CARD
NM-000620,20/01/2569 11:29,B03,,1,85,,CARD
NM-000621,20/01/2569 11:59,C02,M,1,55,,CASH
NM-000621,20/01/2569 11:59,B01,,1,55,,CASH
NM-000621,20/01/2569 11:59,C03,M,1,65,,CASH
NM-000622,20/01/2569 12:12,B02,,1,50,M0437,CARD
NM-000623,20/01/2569 13:35,C03,L,1,75,,QR
NM-000624,20/01/2569 14:20,B02,,1,50,,CASH
NM-000625,20/01/2569 15:02,B04,,1,75,M0199,QR
NM-000626,20/01/2569 15:56,C03,L,2,75,M0541,QR
NM-000626,20/01/2569 15:56,C01,M,1,55,M0541,QR
NM-000627,20/01/2569 16:22,C01,M,1,55,,QR
NM-000627,20/01/2569 16:22,B04,,1,75,,QR
NM-000628,20/01/2569 16:23,T03,M,1,50,,CARD
NM-000629,20/01/2569 16:54,B03,,1,85,M0370,CARD
NM-000630,20/01/2569 17:26,B01,,1,55,M0105,CASH
NM-000631,20/01/2569 17:37,T05,L,1,70,,CARD
NM-000631,20/01/2569 17:37,B02,,1,50,,CARD
NM-000632,21/01/2569 08:17,B03,,1,,,QR
NM-000633,21/01/2569 08:33,T04,L,1,70,,CASH
NM-000633,21/01/2569 08:33,C04,L,1,75,,CASH
NM-000634,21/01/2569 08:37,C05,M,1,70,M0716,CARD
NM-000635,21/01/2569 08:44,T01,M,1,55,,CASH
NM-000636,21/01/2569 09:03,C03,S,1,55,,QR
NM-000636,21/01/2569 09:03,B04,,1,75,,QR
NM-000636,21/01/2569 09:03,T04,L,1,70,,QR
NM-000637,21/01/2569 09:13,C05,S,1,60,,QR
NM-000637,21/01/2569 09:13,C03,S,1,55,,QR
NM-000638,21/01/2569 09:40,T04,L,1,70,,CASH
NM-000639,21/01/2569 10:10,C04,L,2,75,,QR
NM-000639,21/01/2569 10:10,B04,,1,75,,QR
NM-000640,21/01/2569 10:18,T02,L,1,80,,CASH
NM-000640,21/01/2569 10:18,C03,M,1,,,CASH
NM-000641,21/01/2569 10:27,B01,,1,55,,QR
NM-000641,21/01/2569 10:27,C02,M,1,55,,QR
NM-000642,21/01/2569 10:29,C04,S,1,55,,CASH
NM-000643,21/01/2569 10:38,C01,M,1,55,,QR
NM-000643,21/01/2569 10:38,B04,,1,75,,QR
NM-000644,21/01/2569 10:41,C01,L,1,65,M0777,CASH
NM-000644,21/01/2569 10:41,B04,,1,75,M0777,CASH
NM-000645,21/01/2569 11:10,C01,M,1,55,M0759,QR
NM-000646,21/01/2569 11:13,C05,M,1,70,,QR
NM-000647,21/01/2569 11:29,C03,M,1,65,M0784,QR
NM-000648,21/01/2569 11:44,B03,,1,85,M0442,CASH
NM-000649,21/01/2569 12:04,C06,M,1,75,,CARD
NM-000650,21/01/2569 12:13,T02,L,2,80,,CARD
NM-000651,21/01/2569 12:38,T01,L,1,65,,QR
NM-000651,21/01/2569 12:38,B02,,1,50,,QR
NM-000652,21/01/2569 12:50,B01,,1,55,,CARD
NM-000653,21/01/2569 12:59,C01,L,1,65,M0111,QR
NM-000653,21/01/2569 12:59,B01,,1,55,M0111,QR
NM-000654,21/01/2569 13:27,B02,,2,50,M0256,CARD
NM-000654,21/01/2569 13:27,B04,,1,75,M0256,CARD
NM-000655,21/01/2569 13:40,B02,,1,50,,QR
NM-000656,21/01/2569 14:22,C03,M,1,65,M0731,QR
NM-000656,21/01/2569 14:22,B03,,1,85,M0731,QR
NM-000657,21/01/2569 14:28,T02,M,2,70,M0010,QR
NM-000658,21/01/2569 15:49,T05,S,1,50,M0776,QR
NM-000659,21/01/2569 16:30,T01,L,2,65,,CASH
NM-000659,21/01/2569 16:30,B02,,1,50,,CASH
NM-000660,21/01/2569 16:38,C04,M,1,65,,CARD
NM-000660,21/01/2569 16:38,C02,S,1,45,,CARD
NM-000661,22/01/2569 07:36,B04,,1,75,M0761,QR
NM-000662,22/01/2569 07:49,C02,M,3,55,,QR
NM-000663,22/01/2569 08:14,C02,L,2,65,M0372,CARD
NM-000664,22/01/2569 08:23,B03,,1,85,M0623,CASH
NM-000665,22/01/2569 09:44,C05,L,1,,,QR
NM-000665,22/01/2569 09:44,B02,,1,50,,QR
NM-000666,22/01/2569 09:52,C05,L,2,80,,QR
NM-000666,22/01/2569 09:52,B02,,1,50,,QR
NM-000667,22/01/2569 10:03,C02,M,1,55,M0443,QR
NM-000667,22/01/2569 10:03,B02,,1,50,M0443,QR
NM-000668,22/01/2569 10:23,C05,L,1,80,M166,QR
NM-000669,22/01/2569 10:52,C03,L,1,75,M0605,CASH
NM-000669,22/01/2569 10:52,C03,L,1,75,M0605,CASH
NM-000670,22/01/2569 11:23,C06,M,1,75,M0158,CASH
NM-000671,22/01/2569 11:30,C04,L,1,75,,QR
NM-000672,22/01/2569 11:43,C06,S,1,65,M0268,QR
NM-000672,22/01/2569 11:43,C03,M,1,65,M0268,QR
NM-000673,22/01/2569 12:02,C03,M,2,65,,QR
NM-000674,22/01/2569 12:06,T01,M,1,55,M0749,CARD
NM-000675,22/01/2569 12:22,C02,L,2,65,,CASH
NM-000675,22/01/2569 12:22,B01,,1,55,,CASH
NM-000676,22/01/2569 12:29,C05,M,1,70,,QR
NM-000677,22/01/2569 14:07,C02,L,1,65,,QR
NM-000677,22/01/2569 14:07,B01,,1,55,,QR
NM-000678,22/01/2569 14:10,T01,S,1,45,M0692,CARD
NM-000679,22/01/2569 15:05,T04,S,1,50,,CASH
NM-000680,22/01/2569 15:33,C02,L,1,65,M0219,QR
NM-000680,22/01/2569 15:33,C02,L,1,65,M0219,QR
NM-000680,22/01/2569 15:33,T02,L,1,80,M0219,QR
NM-000681,22/01/2569 15:51,T04,L,1,70,,QR
NM-000682,22/01/2569 16:53,C01,M,1,55,M0471,QR
NM-000683,22/01/2569 17:22,T01,M,1,55,,QR
NM-000683,22/01/2569 17:22,B02,,1,50,,QR
NM-000684,22/01/2569 17:38,T01,S,1,45,,QR
NM-000684,22/01/2569 17:38,C04,L,1,75,,QR
NM-000685,22/01/2569 19:01,T04,S,1,50,M0382,CASH
NM-000686,22/01/2569 19:15,T01,S,1,45,,QR
NM-000687,22/01/2569 19:26,T04,M,3,60,,CASH
NM-000688,22/01/2569 19:49,C01,L,1,65,M0702,QR
NM-000688,22/01/2569 19:49,B03,,1,85,M0702,QR
NM-000688,22/01/2569 19:49,B04,,1,75,M0702,QR
NM-000689,23/01/2569 08:14,C03,L,1,75,,QR
NM-000689,23/01/2569 08:14,B03,,1,85,,QR
NM-000690,23/01/2569 08:16,C02,M,1,55,,QR
NM-000691,23/01/2569 08:25,T01,M,22,55,,CARD
NM-000692,23/01/2569 08:31,C05,S,2,60,M0382,QR
NM-000693,23/01/2569 09:13,B02,,1,50,M0644,QR
NM-000693,23/01/2569 09:13,T03,M,1,50,M0644,QR
NM-000694,23/01/2569 09:23,C02,M,3,55,,QR
NM-000695,23/01/2569 09:33,C02,M,1,55,M0301,QR
NM-000695,23/01/2569 09:33,B01,,1,55,M0301,QR
NM-000695,23/01/2569 09:33,C04,,1,75,M0301,QR
NM-000696,23/01/2569 09:39,C03,M,1,65,,CASH
NM-000696,23/01/2569 09:39,C02,M,1,55,,CASH
NM-000697,23/01/2569 10:13,C05,S,2,60,M0155,CARD
NM-000698,23/01/2569 10:38,C03,S,1,55,,QR
NM-000699,23/01/2569 11:18,C06,L,1,85,M0367,CARD
NM-000700,23/01/2569 11:38,C03,M,1,65,,CASH
NM-000700,23/01/2569 11:38,C01,M,1,55,,CASH
NM-000701,23/01/2569 11:52,C06,M,1,75,M0731,QR
NM-000702,23/01/2569 12:17,T02,L,1,80,,CASH
NM-000703,23/01/2569 14:40,B03,,1,85,,QR
NM-000704,23/01/2569 14:41,C02,M,1,55,M0467,QR
NM-000704,23/01/2569 14:41,B01,,1,55,M0467,QR
NM-000705,23/01/2569 14:54,T01,M,1,,M0543,QR
NM-000705,23/01/2569 14:54,B02,,1,50,M0543,QR
NM-000706,23/01/2569 15:02,C06,S,1,65,M0510,CARD
NM-000707,23/01/2569 15:36,T05,M,2,60,M0092,CASH
NM-000708,23/01/2569 16:23,T01,S,2,45,M0222,QR
NM-000708,23/01/2569 16:23,B02,,1,50,M0222,QR
NM-000709,23/01/2569 17:00,B02,,1,50,,QR
NM-000710,23/01/2569 17:17,B04,,1,75,,QR
NM-000711,23/01/2569 17:30,T01,M,1,55,,CASH
NM-000712,23/01/2569 17:33,T01,L,1,65,M0718,CARD
NM-000712,23/01/2569 17:33,B04,,1,75,M0718,CARD
NM-000712,23/01/2569 17:33,C05,L,1,80,M0718,CARD
NM-000713,23/01/2569 17:44,C05,M,3,70,,CARD
NM-000714,23/01/2569 17:59,T02,M,3,70,,CASH
NM-000714,23/01/2569 17:59,T01,S,1,45,,CASH
NM-000715,23/01/2569 18:56,B04,,1,75,,CASH
NM-000715,23/01/2569 18:56,B04,,1,75,,CASH
NM-000716,24/01/2569 07:24,T03,L,1,60,,QR
NM-000717,24/01/2569 07:46,C03,M,1,65,M0657,QR
NM-000717,24/01/2569 07:46,C06,S,1,65,M0657,QR
NM-000718,24/01/2569 08:31,B02,,1,50,M0553,QR
NM-000719,24/01/2569 08:48,C03,M,1,65,M0413,QR
NM-000720,24/01/2569 09:13,T02,L,1,80,,CASH
NM-000721,24/01/2569 09:23,C03,M,1,65,,QR
NM-000721,24/01/2569 09:23,C01,M,1,55,,QR
NM-000722,24/01/2569 09:55,C04,L,1,75,,CARD
NM-000723,24/01/2569 10:10,T03,L,2,60,M0491,QR
NM-000724,24/01/2569 10:13,B02,,1,50,,CASH
NM-000725,24/01/2569 10:18,C01,M,2,55,M0316,CARD
NM-000726,24/01/2569 10:31,C03,M,1,65,,CASH
NM-000726,24/01/2569 10:31,B03,,1,85,,CASH
NM-000727,24/01/2569 10:37,C03,L,2,75,M0289,QR
NM-000727,24/01/2569 10:37,B03,,1,85,M0289,QR
NM-000728,24/01/2569 10:55,B03,,1,,M0005,QR
NM-000729,24/01/2569 11:13,C02,L,1,65,,QR
NM-000729,24/01/2569 11:13,B04,,1,75,,QR
NM-000730,24/01/2569 11:18,C02,L,1,65,M0511,CARD
NM-000730,24/01/2569 11:18,B01,,1,55,M0511,CARD
NM-000731,24/01/2569 11:33,T02,M,1,70,M0587,CASH
NM-000732,24/01/2569 12:02,T04,M,1,60,,QR
NM-000733,24/01/2569 12:08,B02,,1,50,M0385,QR
NM-000734,24/01/2569 13:07,C02,,1,65,M0522,QR
NM-000734,24/01/2569 13:07,B01,,1,55,M0522,QR
NM-000734,24/01/2569 13:07,B04,,1,75,M0522,QR
NM-000735,24/01/2569 13:18,T01,L,1,65,,QR
NM-000735,24/01/2569 13:18,B02,,1,50,,QR
NM-000735,24/01/2569 13:18,C05,M,1,70,,QR
NM-000736,24/01/2569 14:12,T01,M,1,55,M0369,QR
NM-000736,24/01/2569 14:12,B02,,1,50,M0369,QR
NM-000737,24/01/2569 14:38,T01,S,1,45,,QR
NM-000737,24/01/2569 14:38,B02,,1,50,,QR
NM-000738,24/01/2569 14:47,T04,S,1,50,,CASH
NM-000739,24/01/2569 15:40,C06,M,1,75,M0627,QR
NM-000740,24/01/2569 16:00,C03,M,2,65,,QR
NM-000740,24/01/2569 16:00,B03,,1,85,,QR
NM-000741,24/01/2569 16:07,C04,M,1,65,M0094,CASH
NM-000742,24/01/2569 16:42,T02,M,1,70,,QR
NM-000743,24/01/2569 16:54,B03,,1,85,,QR
NM-000744,24/01/2569 17:12,B02,,1,50,,CARD
NM-000745,24/01/2569 17:47,B03,,1,85,,QR
NM-000746,24/01/2569 18:25,B03,,1,85,,CARD
NM-000747,24/01/2569 18:35,T01,S,2,45,,CASH
NM-000748,24/01/2569 18:37,T02,M,1,70,,QR
NM-000749,25/01/2569 07:07,T01,M,1,55,,QR
NM-000750,25/01/2569 07:56,T04,M,1,60,,CARD
NM-000751,25/01/2569 08:13,T01,M,1,55,M0793,QR
NM-000751,25/01/2569 08:13,B02,,1,50,M0793,QR
NM-000752,25/01/2569 08:34,C06,L,1,85,,CASH
NM-000753,25/01/2569 08:39,C03,L,2,75,,CARD
NM-000753,25/01/2569 08:39,C06,M,1,75,,CARD
NM-000754,25/01/2569 08:57,T01,M,1,55,,CASH
NM-000754,25/01/2569 08:57,B02,,1,50,,CASH
NM-000755,25/01/2569 09:27,C03,M,1,65,,CARD
NM-000755,25/01/2569 09:27,B03,,1,85,,CARD
NM-000756,25/01/2569 09:37,T01,L,2,65,,QR
NM-000756,25/01/2569 09:37,B02,,1,50,,QR
NM-000757,25/01/2569 09:42,T01,L,1,65,M0577,QR
NM-000757,25/01/2569 09:42,B02,,1,50,M0577,QR
NM-000758,25/01/2569 09:53,C02,S,1,45,M0415,CASH
NM-000759,25/01/2569 09:56,C02,L,1,65,,QR
NM-000759,25/01/2569 09:56,B01,,1,55,,QR
NM-000760,25/01/2569 10:36,C02,L,1,65,M0569,QR
NM-000761,25/01/2569 10:50,C02,L,1,65,M0739,CARD
NM-000761,25/01/2569 10:50,B01,,1,55,M0739,CARD
NM-000761,25/01/2569 10:50,C04,S,1,55,M0739,CARD
NM-000762,25/01/2569 10:57,C04,M,1,,M0223,CASH
NM-000763,25/01/2569 11:05,C02,M,1,55,M0451,QR
NM-000763,25/01/2569 11:05,B01,,1,55,M0451,QR
NM-000764,25/01/2569 11:08,C05,L,1,80,,QR
NM-000765,25/01/2569 11:17,C02,L,1,65,M0672,CARD
NM-000766,25/01/2569 11:49,B03,,1,85,M0496,QR
NM-000767,25/01/2569 12:05,C03,S,2,55,,QR
NM-000768,25/01/2569 13:47,B02,,2,50,,CARD
NM-000769,25/01/2569 13:50,B03,,1,85,M0712,CARD
NM-000770,25/01/2569 14:11,T05,M,1,60,,QR
NM-000771,25/01/2569 14:23,T02,M,1,70,,QR
NM-000772,25/01/2569 15:33,T01,M,1,55,,CARD
NM-000772,25/01/2569 15:33,B02,,1,50,,CARD
NM-000773,25/01/2569 16:09,C03,M,2,65,,QR
NM-000773,25/01/2569 16:09,B03,,1,85,,QR
NM-000774,25/01/2569 16:23,B04,,1,75,M0107,CARD
NM-000775,25/01/2569 16:32,C04,M,1,65,,CASH
NM-000776,25/01/2569 16:49,B02,,1,50,,QR
NM-000777,25/01/2569 16:52,B02,,2,50,M0274,QR
NM-000778,25/01/2569 17:13,C06,S,3,65,M0359,CARD
NM-000779,25/01/2569 18:43,C04,M,1,65,M0155,CASH
NM-000779,25/01/2569 18:43,C02,S,1,45,M0155,CASH
NM-000780,25/01/2569 18:57,T01,M,2,55,M0561,QR
NM-000781,25/01/2569 18:58,C02,M,3,55,,CARD
NM-000782,25/01/2569 19:16,T02,S,3,60,,QR
NM-000783,26/01/2569 08:00,C05,M,1,70,M0345,CASH
NM-000783,26/01/2569 08:00,B03,,1,85,M0345,CASH
NM-000784,26/01/2569 08:01,T01,L,1,65,M0624,QR
NM-000784,26/01/2569 08:01,B02,,1,50,M0624,QR
NM-000785,26/01/2569 09:06,C03,M,1,,M0107,QR
NM-000786,26/01/2569 09:08,C06,S,1,65,,QR
NM-000786,26/01/2569 09:08,T02,M,1,70,,QR
NM-000787,26/01/2569 10:16,C06,M,1,75,M0166,QR
NM-000788,26/01/2569 10:49,C02,M,3,55,,CARD
NM-000788,26/01/2569 10:49,B01,,1,55,,CARD
NM-000789,26/01/2569 11:06,C02,M,1,55,,CARD
NM-000789,26/01/2569 11:06,B01,,1,55,,CARD
NM-000790,26/01/2569 12:40,T01,M,1,55,,QR
NM-000790,26/01/2569 12:40,B02,,1,50,,QR
NM-000791,26/01/2569 12:48,T02,S,1,60,,CARD
NM-000792,26/01/2569 12:57,T02,M,1,70,,QR
NM-000792,26/01/2569 12:57,C03,M,1,65,,QR
NM-000793,26/01/2569 12:59,T04,M,1,60,M0250,CASH
NM-000794,26/01/2569 13:59,C03,,1,65,,CASH
NM-000795,26/01/2569 14:37,T01,M,1,55,,QR
NM-000796,26/01/2569 14:44,T02,S,1,60,,QR
NM-000796,26/01/2569 14:44,B04,,1,75,,QR
NM-000797,26/01/2569 14:50,T03,S,2,40,,QR
NM-000798,26/01/2569 15:28,T04,M,1,60,,QR
NM-000799,26/01/2569 17:01,T01,M,1,55,M0133,CASH
NM-000800,26/01/2569 18:05,T03,L,1,60,M0774,QR
NM-000801,26/01/2569 18:17,B03,,1,85,,CASH
NM-000802,26/01/2569 19:33,C03,L,1,75,,CARD
NM-000803,26/01/2569 19:47,C03,S,1,55,M0236,CARD
NM-000803,26/01/2569 19:47,B03,,1,,M0236,CARD
NM-000804,27/01/2569 07:05,T01,L,2,65,M0732,CASH
NM-000804,27/01/2569 07:05,B02,,1,50,M0732,CASH
NM-000805,27/01/2569 08:03,T03,M,1,50,,QR
NM-000806,27/01/2569 08:34,B03,,1,85,,QR
NM-000807,27/01/2569 08:36,C04,L,3,75,,QR
NM-000808,27/01/2569 08:50,B01,,3,55,M0634,CARD
NM-000808,27/01/2569 08:50,T02,L,1,80,M0634,CARD
NM-000809,27/01/2569 09:28,B04,,1,75,,QR
NM-000810,27/01/2569 09:44,C06,M,1,75,,CARD
NM-000811,27/01/2569 10:27,C02,L,1,65,,QR
NM-000812,27/01/2569 10:38,C06,M,1,75,,CARD
NM-000813,27/01/2569 10:42,C04,S,1,55,,QR
NM-000814,27/01/2569 11:50,C02,M,2,55,,QR
NM-000814,27/01/2569 11:50,B01,,1,55,,QR
NM-000815,27/01/2569 11:54,C01,M,1,55,M0731,QR
NM-000816,27/01/2569 12:18,C02,M,1,55,M0231,QR
NM-000817,27/01/2569 12:36,C06,S,1,65,M0223,QR
NM-000817,27/01/2569 12:36,T02,L,1,,M0223,QR
NM-000818,27/01/2569 12:37,C05,S,1,60,M0214,CARD
NM-000819,27/01/2569 13:20,T04,M,1,60,M0349,CARD
NM-000820,27/01/2569 13:34,C02,M,1,55,,QR
NM-000821,27/01/2569 14:11,T03,S,1,40,,QR
NM-000822,27/01/2569 14:34,C02,M,1,55,M0664,CARD
NM-000822,27/01/2569 14:34,B04,,1,75,M0664,CARD
NM-000823,27/01/2569 14:49,B01,,3,55,M0643,QR
NM-000824,27/01/2569 15:16,B03,,1,85,,QR
NM-000824,27/01/2569 15:16,T01,M,1,55,,QR
NM-000825,27/01/2569 15:28,T04,M,0,60,M0706,QR
NM-000825,27/01/2569 15:28,T01,M,1,55,M0706,QR
NM-000826,27/01/2569 15:49,B04,,2,75,,CASH
NM-000827,27/01/2569 15:50,T03,S,1,40,,QR
NM-000828,27/01/2569 16:01,C03,M,2,65,,QR
NM-000828,27/01/2569 16:01,B04,,1,75,,QR
NM-000829,27/01/2569 16:24,C02,M,1,55,,CASH
NM-000830,27/01/2569 16:28,C04,S,1,55,,QR
NM-000830,27/01/2569 16:28,C05,L,1,80,,QR
NM-000831,27/01/2569 17:17,C03,M,1,65,M0745,QR
NM-000831,27/01/2569 17:17,B03,,1,85,M0745,QR
NM-000832,27/01/2569 18:34,T03,S,1,40,M0273,CARD
NM-000832,27/01/2569 18:34,T03,S,1,40,M0273,CARD
NM-000833,27/01/2569 19:59,B04,,3,75,,CASH
NM-000834,28/01/2569 07:11,C04,M,3,65,M0227,CASH
NM-000835,28/01/2569 07:59,C01,L,3,65,,CASH
NM-000836,28/01/2569 08:13,B01,,2,55,M0372,CASH
NM-000837,28/01/2569 08:29,T02,L,2,80,,CARD
NM-000838,28/01/2569 08:40,T02,M,3,70,M0413,CARD
NM-000839,28/01/2569 08:43,C03,L,1,75,,CARD
NM-000839,28/01/2569 08:43,B03,,1,85,,CARD
NM-000839,28/01/2569 08:43,T03,M,1,50,,CARD
NM-000840,28/01/2569 09:11,B02,,1,50,M0301,QR
NM-000841,28/01/2569 09:29,C03,,3,65,M0565,CARD
NM-000841,28/01/2569 09:29,B03,,1,85,M0565,CARD
NM-000842,28/01/2569 09:30,C06,S,1,65,,QR
NM-000843,28/01/2569 10:28,C03,M,1,65,M0770,QR
NM-000843,28/01/2569 10:28,B03,,1,85,M0770,QR
NM-000844,28/01/2569 10:44,T02,M,1,70,,CARD
NM-000845,28/01/2569 10:54,B02,,1,,,CASH
NM-000846,28/01/2569 12:31,C03,L,1,75,M0402,CARD
NM-000846,28/01/2569 12:31,B03,,1,85,M0402,CARD
NM-000847,28/01/2569 12:36,T03,M,2,50,M0018,CASH
NM-000847,28/01/2569 12:36,B04,,1,75,M0018,CASH
NM-000848,28/01/2569 13:14,C03,L,1,75,M0376,CASH
NM-000848,28/01/2569 13:14,B01,,1,,M0376,CASH
NM-000849,28/01/2569 13:23,C02,L,1,65,M0795,QR
NM-000850,28/01/2569 15:01,T01,L,1,65,M0276,CASH
NM-000850,28/01/2569 15:01,B02,,1,50,M0276,CASH
NM-000851,28/01/2569 15:08,T01,L,1,65,,QR
NM-000851,28/01/2569 15:08,B02,,-1,50,,QR
NM-000852,28/01/2569 15:20,B03,,1,85,,QR
NM-000853,28/01/2569 15:25,T03,M,2,50,M0465,CASH
NM-000854,28/01/2569 15:30,C01,S,1,45,,QR
NM-000854,28/01/2569 15:30,B04,,1,75,,QR
NM-000855,28/01/2569 15:38,T01,M,2,55,M0235,CASH
NM-000855,28/01/2569 15:38,B02,,1,50,M0235,CASH
NM-000856,28/01/2569 15:40,C06,L,1,85,,QR
NM-000857,28/01/2569 15:44,C05,M,1,70,,QR
NM-000858,28/01/2569 15:47,T01,M,1,55,MO199,QR
NM-000859,28/01/2569 16:07,T03,M,1,50,M0706,CASH
NM-000860,28/01/2569 16:09,T04,M,2,60,M0471,CARD
NM-000861,28/01/2569 16:30,C01,S,1,45,,QR
NM-000862,28/01/2569 17:17,C06,M,3,75,M0236,QR
NM-000863,28/01/2569 18:47,T02,M,1,70,M0541,QR
NM-000864,28/01/2569 19:27,B02,,1,50,,CASH
NM-000864,28/01/2569 19:27,C03,L,1,75,,CASH
NM-000865,29/01/2569 07:47,T02,M,3,70,M0796,QR
NM-000866,29/01/2569 07:53,T05,S,1,50,,CASH
NM-000867,29/01/2569 08:24,C03,M,26,65,,CARD
NM-000868,29/01/2569 09:07,B01,,1,55,,QR
NM-000869,29/01/2569 09:49,T01,S,1,45,,CARD
NM-000870,29/01/2569 10:02,T02,M,1,70,,CARD
NM-000870,29/01/2569 10:02,T02,M,1,70,,CARD
NM-000870,29/01/2569 10:02,B02,,1,50,,CARD
NM-000871,29/01/2569 11:03,C01,S,1,45,M0776,CASH
NM-000871,29/01/2569 11:03,B04,,1,75,M0776,CASH
NM-000872,29/01/2569 12:09,C03,M,1,65,,QR
NM-000872,29/01/2569 12:09,T01,M,1,55,,QR
NM-000873,29/01/2569 12:16,C02,M,1,55,,QR
NM-000873,29/01/2569 12:16,B01,,1,55,,QR
NM-000874,29/01/2569 12:47,T01,L,1,65,,CASH
NM-000875,29/01/2569 13:13,T03,M,3,50,M0498,CARD
NM-000875,29/01/2569 13:13,T03,M,3,50,M0498,CARD
NM-000876,29/01/2569 13:55,C06,M,1,75,M0731,CASH
NM-000877,29/01/2569 14:10,C01,M,1,55,,QR
NM-000878,29/01/2569 02:39,T01,M,1,55,M0782,CASH
NM-000878,29/01/2569 02:39,B02,,1,50,M0782,CASH
NM-000879,29/01/2569 14:58,B02,,1,50,M0219,QR
NM-000880,29/01/2569 14:59,C04,M,1,65,,QR
NM-000881,29/01/2569 14:59,C03,M,1,65,,QR
NM-000882,29/01/2569 15:04,C03,M,1,65,,QR
NM-000883,29/01/2569 15:12,C02,M,1,55,M0326,QR
NM-000883,29/01/2569 15:12,B01,,1,55,M0326,QR
NM-000884,29/01/2569 16:35,T05,M,1,60,,CARD
NM-000885,29/01/2569 16:38,B03,,1,85,,QR
NM-000885,29/01/2569 16:38,C02,S,1,,,QR
NM-000886,30/01/2569 07:05,C04,M,1,65,,QR
NM-000887,30/01/2569 08:51,B01,,1,55,M0012,CARD
NM-000888,30/01/2569 08:51,C03,L,1,75,,CASH
NM-000888,30/01/2569 08:51,B03,,1,,,CASH
NM-000888,30/01/2569 08:51,T01,M,1,55,,CASH
NM-000889,30/01/2569 09:06,T01,M,30,55,,CARD
NM-000890,30/01/2569 09:47,C04,M,2,65,,QR
NM-000891,30/01/2569 09:56,T04,L,1,70,,CASH
NM-000891,30/01/2569 09:56,C05,M,1,70,,CASH
NM-000892,30/01/2569 09:58,B02,,1,50,,CASH
NM-000893,30/01/2569 10:22,T04,M,1,60,,CARD
NM-000893,30/01/2569 10:22,B02,,1,50,,CARD
NM-000894,30/01/2569 10:39,T02,M,1,70,M0490,QR
NM-000894,30/01/2569 10:39,B02,,1,50,M0490,QR
NM-000895,30/01/2569 11:07,T04,S,2,50,M0653,CASH
NM-000895,30/01/2569 11:07,B01,,1,55,M0653,CASH
NM-000896,30/01/2569 11:14,B01,,1,55,M0057,CASH
NM-000897,30/01/2569 11:25,C02,S,1,45,,QR
NM-000898,30/01/2569 12:44,T02,S,1,60,,CARD
NM-000899,30/01/2569 13:00,B01,,1,55,,QR
NM-000899,30/01/2569 13:00,T02,M,1,70,,QR
NM-000900,30/01/2569 13:24,T02,S,1,60,M0601,QR
NM-000901,30/01/2569 14:05,C02,M,1,55,M0006,QR
NM-000901,30/01/2569 14:05,C04,M,1,65,M0006,QR
NM-000902,30/01/2569 14:05,B01,,1,55,M0089,QR
NM-000903,30/01/2569 14:17,C03,M,2,65,,QR
NM-000903,30/01/2569 14:17,B03,,1,85,,QR
NM-000904,30/01/2569 14:21,C05,L,1,80,,QR
NM-000905,30/01/2569 14:45,T03,S,3,40,,QR
NM-000906,30/01/2569 15:06,T04,M,1,60,,QR
NM-000907,30/01/2569 15:17,T03,M,1,50,,QR
NM-000907,30/01/2569 15:17,C02,L,1,65,,QR
NM-000908,30/01/2569 15:22,T01,S,1,45,M0704,QR
NM-000908,30/01/2569 15:22,B02,,1,50,M0704,QR
NM-000909,30/01/2569 15:35,C02,M,1,55,M0190,QR
NM-000909,30/01/2569 15:35,B01,,1,55,M0190,QR
NM-000910,30/01/2569 16:02,T02,M,2,70,M0651,CASH
NM-000911,30/01/2569 17:40,T02,M,1,70,,QR
NM-000912,30/01/2569 17:59,C02,M,1,55,,CARD
NM-000913,31/01/2569 07:35,T04,M,3,60,M0119,QR
NM-000914,31/01/2569 07:56,C03,M,1,,,CASH
NM-000915,31/01/2569 08:04,B01,,3,55,M0052,QR
NM-000916,31/01/2569 08:42,B02,,2,50,M0781,QR
NM-000917,31/01/2569 08:54,T01,M,1,55,,CARD
NM-000918,31/01/2569 09:35,C02,,1,65,,CARD
NM-000919,31/01/2569 09:50,T03,M,1,50,M0188,CARD
NM-000920,31/01/2569 10:27,C02,S,1,45,M0381,CASH
NM-000921,31/01/2569 10:47,C01,L,1,65,M0513,QR
NM-000922,31/01/2569 10:50,C01,M,1,55,,CASH
NM-000922,31/01/2569 10:50,B04,,1,75,,CASH
NM-000923,31/01/2569 11:08,T02,M,1,70,,CARD
NM-000924,31/01/2569 11:35,C03,S,2,55,,CASH
NM-000925,31/01/2569 12:07,C03,M,1,65,,CASH
NM-000925,31/01/2569 12:07,B03,,1,85,,CASH
NM-000926,31/01/2569 13:20,T01,M,1,55,M0345,QR
NM-000926,31/01/2569 13:20,B02,,1,50,M0345,QR
NM-000927,31/01/2569 13:56,T01,M,2,55,M0214,QR
NM-000928,31/01/2569 14:59,C04,M,1,65,M0501,CASH
NM-000929,31/01/2569 15:44,C03,M,1,65,M0530,CASH
NM-000930,31/01/2569 16:02,T01,L,1,65,,QR
NM-000931,31/01/2569 17:13,T01,M,1,55,,CASH
NM-000931,31/01/2569 17:13,B02,,1,50,,CASH
NM-000931,31/01/2569 17:13,B01,,1,55,,CASH
NM-000932,31/01/2569 17:27,T05,M,1,60,,CARD
NM-000933,31/01/2569 17:28,C06,M,1,75,,CARD
NM-000934,31/01/2569 17:52,T02,S,1,60,M0633,CASH
NM-000935,31/01/2569 19:01,T01,M,1,55,,QR
NM-000935,31/01/2569 19:01,B04,,1,75,,QR
NM-000936,01/02/2569 07:06,B01,,1,55,,CARD
NM-000937,01/02/2569 07:14,T04,S,1,50,M0689,CASH
NM-000938,01/02/2569 07:45,T04,M,2,60,,CASH
NM-000939,01/02/2569 08:06,T02,M,1,70,,QR
NM-000939,01/02/2569 08:06,T05,M,1,60,,QR
NM-000940,01/02/2569 08:08,C01,M,1,55,,QR
NM-000941,01/02/2569 08:29,C06,L,2,,,QR
NM-000942,01/02/2569 08:52,C02,M,1,55,M0573,CARD
NM-000942,01/02/2569 08:52,B01,,1,55,M0573,CARD
NM-000943,01/02/2569 08:58,B04,,1,75,,QR
NM-000944,01/02/2569 10:17,C06,M,2,75,,CASH
NM-000945,01/02/2569 11:11,C02,M,1,55,M0511,QR
NM-000946,01/02/2569 11:30,T04,S,1,50,,CASH
NM-000947,01/02/2569 11:33,C02,M,1,55,M0500,QR
NM-000947,01/02/2569 11:33,B01,,1,55,M0500,QR
NM-000948,01/02/2569 11:42,C03,,1,55,,CASH
NM-000948,01/02/2569 11:42,B03,,1,85,,CASH
NM-000949,01/02/2569 12:31,T01,L,1,65,,CARD
NM-000950,01/02/2569 12:31,C04,S,1,55,,CASH
NM-000951,01/02/2569 13:07,C01,L,1,65,,QR
NM-000951,01/02/2569 13:07,B04,,1,75,,QR
NM-000952,01/02/2569 13:17,C06,M,1,75,,QR
NM-000952,01/02/2569 13:17,B02,,1,50,,QR
NM-000953,01/02/2569 13:32,C02,S,1,45,M0470,CARD
NM-000953,01/02/2569 13:32,B01,,1,55,M0470,CARD
NM-000954,01/02/2569 14:17,T01,M,1,55,,CASH
NM-000954,01/02/2569 14:17,T01,M,1,55,,CASH
NM-000954,01/02/2569 14:17,B02,,1,50,,CASH
NM-000955,01/02/2569 14:19,T05,M,1,60,,QR
NM-000955,01/02/2569 14:19,T05,M,1,60,,QR
NM-000956,01/02/2569 14:27,T01,M,1,55,,QR
NM-000956,01/02/2569 14:27,B02,,1,50,,QR
NM-000957,01/02/2569 14:48,T05,L,-2,70,M0166,QR
NM-000957,01/02/2569 14:48,C03,S,1,55,M0166,QR
NM-000958,01/02/2569 15:06,T01,M,1,55,,QR
NM-000959,01/02/2569 16:37,C06,L,1,85,M0228,QR
NM-000960,01/02/2569 16:57,B04,,1,75,,CASH
NM-000961,01/02/2569 17:03,T01,L,1,65,,CARD
NM-000961,01/02/2569 17:03,B02,,1,50,,CARD
NM-000962,01/02/2569 18:09,T05,M,1,60,M0003,CARD
NM-000963,01/02/2569 18:23,T01,M,1,55,,QR
NM-000964,01/02/2569 18:28,C04,M,1,65,,CASH
NM-000965,01/02/2569 18:41,T01,S,1,45,M0155,QR
NM-000965,01/02/2569 18:41,C04,M,1,65,M0155,QR
NM-000966,02/02/2569 07:36,B03,,1,85,M0250,QR
NM-000967,02/02/2569 08:06,C01,M,1,55,,QR
NM-000968,02/02/2569 08:19,T01,S,1,45,,CASH
NM-000968,02/02/2569 08:19,B02,,1,50,,CASH
NM-000969,02/02/2569 09:04,T05,L,1,70,M0228,QR
NM-000970,02/02/2569 09:14,B02,,1,50,,QR
NM-000971,02/02/2569 09:55,C03,S,2,55,M0419,CASH
NM-000972,02/02/2569 10:08,T02,M,1,70,,QR
NM-000972,02/02/2569 10:08,B01,,1,55,,QR
NM-000973,02/02/2569 10:12,C03,M,1,65,M0523,CARD
NM-000973,02/02/2569 10:12,B03,,1,85,M0523,CARD
NM-000973,02/02/2569 10:12,T02,M,1,70,M0523,CARD
NM-000974,02/02/2569 11:09,C02,S,1,45,,QR
NM-000974,02/02/2569 11:09,B01,,1,55,,QR
NM-000975,02/02/2569 12:10,C04,L,1,75,M0107,CARD
NM-000976,02/02/2569 12:30,C06,L,1,,,QR
NM-000977,02/02/2569 13:41,T01,M,1,55,,QR
NM-000977,02/02/2569 13:41,B02,,1,50,,QR
NM-000978,02/02/2569 14:24,C06,S,2,65,,QR
NM-000978,02/02/2569 14:24,B01,,1,55,,QR
NM-000978,02/02/2569 14:24,B01,,1,55,,QR
NM-000978,02/02/2569 14:24,C03,M,1,65,,QR
NM-000979,02/02/2569 14:29,B01,,1,55,M0797,QR
NM-000979,02/02/2569 14:29,C03,M,1,65,M0797,QR
NM-000980,02/02/2569 14:30,T01,M,1,55,,CASH
NM-000981,02/02/2569 14:49,T01,M,2,55,M0345,CARD
NM-000981,02/02/2569 14:49,B02,,1,50,M0345,CARD
NM-000982,02/02/2569 14:56,C02,M,1,55,M0023,CASH
NM-000982,02/02/2569 14:56,B01,,1,55,M0023,CASH
NM-000983,02/02/2569 16:24,T05,M,2,60,M0313,CARD
NM-000983,02/02/2569 16:24,T02,L,1,80,M0313,CARD
NM-000984,02/02/2569 16:43,C05,S,1,60,M0537,QR
NM-000985,02/02/2569 16:43,T05,S,1,50,,CASH
NM-000986,02/02/2569 17:31,B04,,1,75,,QR
NM-000987,02/02/2569 18:10,C04,S,1,55,,CASH
NM-000988,02/02/2569 19:14,T02,M,2,70,M0105,QR
NM-000989,03/02/2569 07:15,B04,,1,75,,QR
NM-000990,03/02/2569 07:29,T05,M,1,60,,CASH
NM-000990,03/02/2569 07:29,C01,M,1,55,,CASH
NM-000991,03/02/2569 07:43,C03,M,1,65,,QR
NM-000992,03/02/2569 07:45,C06,L,2,85,M0274,CARD
NM-000993,03/02/2569 08:18,C02,S,1,45,,QR
NM-000993,03/02/2569 08:18,B01,,1,55,,QR
NM-000994,03/02/2569 08:21,C01,L,1,65,M0280,QR
NM-000995,03/02/2569 09:36,B01,,2,55,,QR
NM-000996,03/02/2569 09:48,T01,M,1,55,M0014,QR
NM-000997,03/02/2569 09:54,C01,L,2,65,,QR
NM-000997,03/02/2569 09:54,B04,,1,75,,QR
NM-000998,03/02/2569 10:12,B02,,1,50,,QR
NM-000999,03/02/2569 10:27,C01,M,1,55,,QR
NM-000999,03/02/2569 10:27,B01,,1,55,,QR
NM-001000,03/02/2569 10:59,T03,M,1,50,,CARD
NM-001001,03/02/2569 11:17,T01,L,2,65,,QR
NM-001001,03/02/2569 11:17,B02,,100,50,,QR
NM-001002,03/02/2569 12:22,T01,M,1,55,,QR
NM-001002,03/02/2569 12:22,B02,,1,50,,QR
NM-001003,03/02/2569 12:42,C04,M,2,65,,CARD
NM-001003,03/02/2569 12:42,T03,M,1,50,,CARD
NM-001004,03/02/2569 13:23,C04,L,1,,,CASH
NM-001005,03/02/2569 14:15,C01,M,1,55,,QR
NM-001006,03/02/2569 15:01,T02,M,1,70,M0205,CARD
NM-001007,03/02/2569 15:03,B02,,1,50,M0365,QR
NM-001008,03/02/2569 15:23,T02,M,1,70,M0411,CASH
NM-001008,03/02/2569 15:23,B04,,1,75,M0411,CASH
NM-001009,03/02/2569 16:01,C02,M,1,55,M0490,CASH
NM-001009,03/02/2569 16:01,B01,,1,55,M0490,CASH
NM-001010,03/02/2569 16:36,B01,,1,55,M0287,CASH
NM-001011,03/02/2569 17:44,T03,M,1,50,,CARD
NM-001012,03/02/2569 19:31,B03,,1,85,,QR
NM-001013,04/02/2569 07:43,C05,M,1,70,M0130,CARD
NM-001014,04/02/2569 08:39,C04,S,1,55,M0330,QR
NM-001015,04/02/2569 08:39,B02,,1,50,M0777,CARD
NM-001016,04/02/2569 08:42,C02,M,2,55,M0434,QR
NM-001016,04/02/2569 08:42,B01,,1,55,M0434,QR
NM-001017,04/02/2569 09:15,B01,,1,55,,CASH
NM-001018,04/02/2569 09:53,C06,S,1,65,M0358,CASH
NM-001019,04/02/2569 10:16,C05,M,1,70,M0623,QR
NM-001019,04/02/2569 10:16,B01,,1,55,M0623,QR
NM-001020,04/02/2569 10:57,C02,S,1,45,M0385,CASH
NM-001020,04/02/2569 10:57,B01,,1,55,M0385,CASH
NM-001020,04/02/2569 10:57,T04,L,1,70,M0385,CASH
NM-001021,04/02/2569 11:17,C03,L,1,75,,QR
NM-001021,04/02/2569 11:17,B03,,1,85,,QR
NM-001021,04/02/2569 11:17,T01,S,1,45,,QR
NM-001021,04/02/2569 11:17,T01,S,1,45,,QR
NM-001022,04/02/2569 11:23,C03,L,1,75,,CARD
NM-001022,04/02/2569 11:23,B03,,1,85,,CARD
NM-001023,04/02/2569 11:34,T02,L,1,80,,CASH
NM-001024,04/02/2569 11:55,C02,S,1,45,M0094,CARD
NM-001024,04/02/2569 11:55,B01,,1,55,M0094,CARD
NM-001025,04/02/2569 12:08,B02,,1,50,M0081,QR
NM-001026,04/02/2569 12:17,B01,,2,55,M0623,QR
NM-001027,04/02/2569 12:30,C05,L,1,80,,CARD
NM-001028,04/02/2569 12:31,T01,S,1,45,,CARD
NM-001028,04/02/2569 12:31,B02,,1,50,,CARD
NM-001029,04/02/2569 13:19,T03,S,3,40,M0724,QR
NM-001030,04/02/2569 14:08,T01,M,1,55,,QR
NM-001030,04/02/2569 14:08,B02,,1,50,,QR
NM-001031,04/02/2569 14:24,T03,M,1,50,,CARD
NM-001032,04/02/2569 14:43,C04,M,1,65,,QR
NM-001032,04/02/2569 14:43,C06,L,1,85,,QR
NM-001033,04/02/2569 15:12,B04,,2,75,,QR
NM-001034,04/02/2569 15:32,C02,S,1,45,,QR
NM-001034,04/02/2569 15:32,B01,,1,55,,QR
NM-001035,04/02/2569 15:52,C02,S,3,45,,QR
NM-001036,04/02/2569 16:41,T05,M,2,60,M0559,QR
NM-001037,04/02/2569 17:34,T01,S,2,45,M0383,CASH
NM-001038,05/02/2569 07:20,C02,L,1,65,,QR
NM-001039,05/02/2569 07:25,C02,S,1,45,,QR
NM-001040,05/02/2569 07:30,C01,M,1,55,M0392,QR
NM-001040,05/02/2569 07:30,B04,,1,75,M0392,QR
NM-001041,05/02/2569 07:37,C03,M,1,65,,CARD
NM-001042,05/02/2569 07:54,C01,S,2,45,M0582,CARD
NM-001042,05/02/2569 07:54,B04,,1,75,M0582,CARD
NM-001043,05/02/2569 07:58,C06,M,1,75,M0560,QR
NM-001044,05/02/2569 08:05,C03,M,1,65,M0041,QR
NM-001044,05/02/2569 08:05,C06,M,1,75,M0041,QR
NM-001045,05/02/2569 09:05,T05,M,1,60,,CASH
NM-001046,05/02/2569 09:22,C03,M,1,65,,CASH
NM-001047,05/02/2569 09:30,B01,,1,55,,CARD
NM-001048,05/02/2569 09:32,C05,S,1,60,,CARD
NM-001049,05/02/2569 09:45,B04,,2,75,M0052,QR
NM-001050,05/02/2569 09:48,T01,M,1,55,M0619,CARD
NM-001050,05/02/2569 09:48,B03,,1,85,M0619,CARD
NM-001051,05/02/2569 10:25,T03,L,1,60,,CASH
NM-001052,05/02/2569 11:35,B01,,1,55,,QR
NM-001053,05/02/2569 12:16,T01,M,1,55,M631,CARD
NM-001053,05/02/2569 12:16,B01,,1,55,M631,CARD
NM-001053,05/02/2569 12:16,B04,,1,75,M631,CARD
NM-001054,05/02/2569 12:21,C06,L,1,85,M0139,QR
NM-001054,05/02/2569 12:21,B04,,1,75,M0139,QR
NM-001055,05/02/2569 12:49,T02,L,1,80,M0105,QR
NM-001056,05/02/2569 13:04,T05,M,2,60,,QR
NM-001056,05/02/2569 13:04,C03,L,1,75,,QR
NM-001057,05/02/2569 13:18,C03,L,1,75,M0772,QR
NM-001057,05/02/2569 13:18,B03,,1,85,M0772,QR
NM-001058,05/02/2569 13:44,T02,M,1,70,M0390,QR
NM-001059,05/02/2569 13:50,C01,L,2,65,,QR
NM-001060,05/02/2569 15:12,B04,,1,75,M0530,QR
NM-001061,05/02/2569 15:52,C02,M,1,55,,QR
NM-001062,05/02/2569 16:39,B02,,1,50,,CASH
NM-001063,05/02/2569 17:17,B02,,1,,,QR
NM-001063,05/02/2569 17:17,T01,M,1,,,QR
NM-001064,05/02/2569 17:39,T01,L,2,65,M0781,CASH
NM-001064,05/02/2569 17:39,B02,,1,50,M0781,CASH
NM-001065,06/02/2569 08:17,C03,S,2,,,QR
NM-001065,06/02/2569 08:17,B03,,1,85,,QR
NM-001066,06/02/2569 08:19,C05,L,1,80,,CASH
NM-001067,06/02/2569 08:33,C03,M,1,65,M0562,QR
NM-001068,06/02/2569 08:38,T05,S,1,50,,QR
NM-001068,06/02/2569 08:38,B04,,1,75,,QR
NM-001069,06/02/2569 08:42,B04,,1,75,M0268,CASH
NM-001070,06/02/2569 08:43,C04,M,1,65,,QR
NM-001071,06/02/2569 09:17,C05,M,2,70,M0670,QR
NM-001072,06/02/2569 09:22,C06,M,2,75,,QR
NM-001073,06/02/2569 09:32,C05,L,1,80,,QR
NM-001073,06/02/2569 09:32,B04,,1,75,,QR
NM-001074,06/02/2569 01:57,T01,S,1,45,,CARD
NM-001075,06/02/2569 10:54,T01,S,2,45,,CASH
NM-001075,06/02/2569 10:54,B02,,1,50,,CASH
NM-001076,06/02/2569 10:59,T01,S,1,45,,QR
NM-001077,06/02/2569 11:00,B02,,2,50,,QR
NM-001078,06/02/2569 11:11,C02,M,1,55,,CARD
NM-001079,06/02/2569 12:09,T03,S,1,40,M0538,CARD
NM-001080,06/02/2569 13:07,C02,M,1,55,M0152,CASH
NM-001080,06/02/2569 13:07,B01,,1,55,M0152,CASH
NM-001081,06/02/2569 13:24,C02,M,1,55,,QR
NM-001082,06/02/2569 13:39,T04,L,1,70,M0780,QR
NM-001083,06/02/2569 13:49,T03,M,2,50,M0345,CASH
NM-001084,06/02/2569 14:06,C02,M,1,55,M0223,CARD
NM-001084,06/02/2569 14:06,B01,,1,55,M0223,CARD
NM-001084,06/02/2569 14:06,B01,,1,55,M0223,CARD
NM-001085,06/02/2569 14:07,B02,,1,50,M0580,CASH
NM-001086,06/02/2569 15:20,T01,M,1,55,,CASH
NM-001087,06/02/2569 17:16,T03,M,1,50,,CASH
NM-001088,06/02/2569 17:35,B02,,1,50,M0623,QR
NM-001089,06/02/2569 19:03,C05,S,1,60,,QR
NM-001090,07/02/2569 07:00,C03,M,1,65,,QR
NM-001091,07/02/2569 07:18,B01,,1,55,,CASH
NM-001092,07/02/2569 07:47,C02,M,1,55,M0780,CARD
NM-001092,07/02/2569 07:47,B01,,1,55,M0780,CARD
NM-001093,07/02/2569 08:06,C03,S,3,55,M0318,CASH
NM-001093,07/02/2569 08:06,B03,,1,85,M0318,CASH
NM-001094,07/02/2569 08:06,C03,L,3,75,M0314,CARD
NM-001095,07/02/2569 08:09,B01,,1,55,M0023,CASH
NM-001096,07/02/2569 08:24,C06,M,1,75,,CARD
NM-001097,07/02/2569 08:47,C04,L,1,,,QR
NM-001097,07/02/2569 08:47,B04,,1,75,,QR
NM-001098,07/02/2569 09:16,C06,S,1,65,,CARD
NM-001099,07/02/2569 09:19,T02,M,1,70,,QR
NM-001099,07/02/2569 09:19,B03,,1,85,,QR
NM-001100,07/02/2569 09:25,C03,M,1,65,M0707,QR
NM-001101,07/02/2569 11:00,C02,M,3,55,M0392,QR
NM-001102,07/02/2569 11:16,C02,S,1,45,M0407,CARD
NM-001102,07/02/2569 11:16,B01,,1,55,M0407,CARD
NM-001103,07/02/2569 12:52,C06,M,1,75,,CARD
NM-001104,07/02/2569 13:02,B02,,2,50,,CARD
NM-001105,07/02/2569 13:05,T03,L,1,60,,QR
NM-001105,07/02/2569 13:05,T02,L,1,80,,QR
NM-001106,07/02/2569 13:09,B04,,2,75,,QR
NM-001107,07/02/2569 13:35,B01,,1,55,M0348,CARD
NM-001108,07/02/2569 13:42,C03,L,3,75,M0172,QR
NM-001108,07/02/2569 13:42,B03,,1,85,M0172,QR
NM-001109,07/02/2569 14:03,C06,L,1,85,,CARD
NM-001110,07/02/2569 14:09,T04,M,1,60,,CARD
NM-001111,07/02/2569 14:26,C03,M,2,65,M0652,QR
NM-001111,07/02/2569 14:26,B03,,1,85,M0652,QR
NM-001112,07/02/2569 15:12,C02,L,1,65,,QR
NM-001113,07/02/2569 15:27,B04,,1,75,,QR
NM-001114,07/02/2569 15:46,B01,,1,55,,QR
NM-001115,07/02/2569 16:03,T02,S,1,60,,QR
NM-001115,07/02/2569 16:03,B04,,1,75,,QR
NM-001116,07/02/2569 16:31,C01,M,1,55,,QR
NM-001116,07/02/2569 16:31,B04,,1,75,,QR
NM-001117,07/02/2569 16:58,C04,S,1,55,,CASH
NM-001118,07/02/2569 17:31,C04,M,1,65,,CASH
NM-001119,07/02/2569 17:42,T01,S,1,45,M0504,QR
NM-001120,07/02/2569 18:25,C04,M,1,65,M0596,QR
NM-001121,07/02/2569 19:06,C02,M,1,55,,QR
NM-001121,07/02/2569 19:06,B01,,1,55,,QR
NM-001122,07/02/2569 19:36,T04,M,1,60,,QR
NM-001123,08/02/2569 07:40,B02,,-1,50,,QR
NM-001124,08/02/2569 07:57,T02,L,1,80,M0600,QR
NM-001125,08/02/2569 08:05,C05,M,2,70,,CARD
NM-001125,08/02/2569 08:05,B01,,1,55,,CARD
NM-001126,08/02/2569 08:06,T02,M,1,70,,QR
NM-001127,08/02/2569 08:36,T01,,3,45,M0094,CASH
NM-001127,08/02/2569 08:36,B04,,1,75,M0094,CASH
NM-001128,08/02/2569 09:20,T02,M,1,70,,QR
NM-001129,08/02/2569 09:23,T01,S,3,45,,QR
NM-001130,08/02/2569 09:29,C06,M,2,75,M0642,QR
NM-001131,08/02/2569 09:33,T02,M,2,70,,QR
NM-001131,08/02/2569 09:33,B03,,1,85,,QR
NM-001132,08/02/2569 09:50,T02,S,2,60,M0799,QR
NM-001133,08/02/2569 09:56,B03,,1,85,,CARD
NM-001134,08/02/2569 09:57,B04,,1,75,M0193,QR
NM-001135,08/02/2569 10:10,C02,M,2,55,M0411,QR
NM-001136,08/02/2569 10:20,T03,S,1,40,,CASH
NM-001137,08/02/2569 10:22,C01,M,1,55,M0057,QR
NM-001138,08/02/2569 12:00,B03,,1,85,,QR
NM-001138,08/02/2569 12:00,T04,S,1,50,,QR
NM-001139,08/02/2569 12:34,B01,,1,55,,CASH
NM-001139,08/02/2569 12:34,C03,S,1,55,,CASH
NM-001140,08/02/2569 12:38,C02,M,1,55,,QR
NM-001141,08/02/2569 12:42,T05,M,1,60,M0248,CARD
NM-001141,08/02/2569 12:42,T01,L,1,65,M0248,CARD
NM-001142,08/02/2569 12:46,C06,L,2,85,M0504,CASH
NM-001143,08/02/2569 13:01,T03,S,1,40,,CASH
NM-001144,08/02/2569 13:15,C04,,1,75,,CASH
NM-001144,08/02/2569 13:15,B04,,1,75,,CASH
NM-001145,08/02/2569 14:08,C02,M,1,55,M0033,QR
NM-001146,08/02/2569 14:26,T01,S,2,45,M0199,QR
NM-001147,08/02/2569 14:48,C06,L,2,85,M0610,CASH
NM-001147,08/02/2569 14:48,T02,L,1,80,M0610,CASH
NM-001148,08/02/2569 15:09,B03,,1,85,M0231,CASH
NM-001149,08/02/2569 15:20,C03,M,1,65,,QR
NM-001149,08/02/2569 15:20,B01,,1,55,,QR
NM-001150,08/02/2569 15:21,T05,L,1,70,,QR
NM-001150,08/02/2569 15:21,B04,,1,75,,QR
NM-001151,08/02/2569 15:43,T05,L,1,70,M0031,CASH
NM-001152,08/02/2569 15:57,T01,S,2,45,,QR
NM-001153,08/02/2569 16:05,C06,S,1,65,M0059,CASH
NM-001154,08/02/2569 16:52,C03,S,1,55,M0310,QR
NM-001155,08/02/2569 18:18,T05,S,2,50,,CARD
NM-001155,08/02/2569 18:18,B04,,1,75,,CARD
NM-001156,08/02/2569 18:39,C02,L,2,65,,QR
NM-001157,08/02/2569 18:44,T02,L,1,80,,CARD
NM-001158,08/02/2569 18:51,C06,M,1,75,M0208,CASH
NM-001158,08/02/2569 18:51,C06,M,1,75,M0208,CASH
NM-001159,08/02/2569 19:29,T05,L,1,70,M0592,CASH
NM-001160,08/02/2569 19:47,C05,M,1,70,,CARD
NM-001160,08/02/2569 19:47,T03,M,1,50,,CARD
NM-001161,09/02/2569 07:00,B03,,1,85,,QR
NM-001162,09/02/2569 07:53,T04,L,1,70,,QR
NM-001163,09/02/2569 08:03,C03,S,2,55,,QR
NM-001163,09/02/2569 08:03,B03,,1,85,,QR
NM-001164,09/02/2569 08:09,C02,S,1,45,,CASH
NM-001165,09/02/2569 08:21,C02,,1,45,M0252,QR
NM-001166,09/02/2569 08:21,T02,,1,80,M0291,QR
NM-001167,09/02/2569 08:23,C03,M,2,65,M0153,QR
NM-001168,09/02/2569 08:46,C04,L,1,75,M0053,QR
NM-001169,09/02/2569 08:49,C03,M,1,65,,QR
NM-001170,09/02/2569 09:35,C03,L,1,75,,QR
NM-001171,09/02/2569 09:46,C01,M,1,55,M0226,QR
NM-001171,09/02/2569 09:46,B04,,1,75,M0226,QR
NM-001172,09/02/2569 09:52,C05,L,1,80,,CASH
NM-001173,09/02/2569 09:55,B01,,1,55,,QR
NM-001174,09/02/2569 10:10,T02,M,1,70,,QR
NM-001175,09/02/2569 10:18,C05,L,1,80,M0350,CASH
NM-001176,09/02/2569 10:44,B02,,3,50,,QR
NM-001177,09/02/2569 11:21,C03,S,1,55,,CARD
NM-001178,09/02/2569 12:42,T03,M,1,50,,QR
NM-001179,09/02/2569 12:59,C03,L,1,75,M0123,CASH
NM-001179,09/02/2569 12:59,B03,,1,,M0123,CASH
NM-001180,09/02/2569 13:48,T02,M,1,70,M0467,QR
NM-001181,09/02/2569 14:21,T05,S,2,50,,QR
NM-001182,09/02/2569 14:26,B02,,1,,M0208,CASH
NM-001183,09/02/2569 14:27,C04,M,1,65,,CASH
NM-001184,09/02/2569 14:29,T04,S,1,50,M0539,QR
NM-001185,09/02/2569 14:57,C01,M,1,55,,CARD
NM-001186,09/02/2569 16:00,B01,,3,55,M0587,QR
NM-001187,09/02/2569 16:28,C04,M,2,65,,QR
NM-001188,09/02/2569 17:13,T01,S,1,45,M0551,QR
NM-001189,09/02/2569 18:20,C04,S,1,55,,CASH
NM-001190,09/02/2569 18:43,B03,,1,85,M0551,QR
NM-001191,09/02/2569 19:41,T05,L,1,70,,QR
NM-001192,10/02/2569 07:46,T03,L,1,60,,QR
NM-001193,10/02/2569 08:03,C06,L,1,85,M0454,QR
NM-001194,10/02/2569 08:10,C01,M,1,55,,QR
NM-001194,10/02/2569 08:10,B04,,1,75,,QR
NM-001195,10/02/2569 09:39,C04,L,2,75,,CARD
NM-001195,10/02/2569 09:39,B01,,1,,,CARD
NM-001196,10/02/2569 09:52,T01,S,1,4500,,QR
NM-001197,10/02/2569 09:54,C02,S,1,45,,QR
NM-001197,10/02/2569 09:54,B01,,1,55,,QR
NM-001198,10/02/2569 11:20,C04,L,1,75,,QR
NM-001198,10/02/2569 11:20,B03,,1,85,,QR
NM-001199,10/02/2569 11:38,B01,,1,55,,CARD
NM-001200,10/02/2569 12:24,C01,M,1,55,M0249,CARD
NM-001201,10/02/2569 12:35,T03,M,1,50,M0079,QR
NM-001202,10/02/2569 12:45,B01,,2,55,M0057,QR
NM-001203,10/02/2569 13:42,C02,S,1,45,M0502,CASH
NM-001204,10/02/2569 13:56,T02,L,1,80,,CASH
NM-001204,10/02/2569 13:56,B01,,1,55,,CASH
NM-001204,10/02/2569 13:56,C02,L,1,65,,CASH
NM-001205,10/02/2569 13:58,C02,M,3,55,M0396,QR
NM-001206,10/02/2569 14:05,B01,,1,55,,QR
NM-001207,10/02/2569 14:10,T05,M,1,60,M0641,CASH
NM-001207,10/02/2569 14:10,B04,,1,75,M0641,CASH
NM-001208,10/02/2569 14:36,T02,S,1,60,M0065,QR
NM-001209,10/02/2569 14:40,T01,M,1,55,M0049,QR
NM-001210,10/02/2569 15:09,T04,S,1,50,,CARD
NM-001211,10/02/2569 15:26,C01,M,1,55,M0465,QR
NM-001211,10/02/2569 15:26,B04,,1,75,M0465,QR
NM-001212,10/02/2569 15:46,B01,,2,55,,CARD
NM-001213,10/02/2569 16:04,C05,M,2,70,,QR
NM-001214,10/02/2569 16:26,T01,M,1,55,,CASH
NM-001214,10/02/2569 16:26,B02,,1,50,,CASH
NM-001214,10/02/2569 16:26,T03,L,1,60,,CASH
NM-001215,10/02/2569 16:54,T05,S,3,50,,CARD
NM-001216,10/02/2569 17:21,T04,L,1,70,M0370,CASH
NM-001217,10/02/2569 19:07,C03,S,1,55,,CARD
NM-001217,10/02/2569 19:07,B03,,1,85,,CARD
NM-001218,11/02/2569 07:10,T04,S,1,50,,QR
NM-001218,11/02/2569 07:10,B04,,1,75,,QR
NM-001219,11/02/2569 08:36,C04,M,1,65,,CASH
NM-001219,11/02/2569 08:36,C01,L,1,65,,CASH
NM-001220,11/02/2569 08:40,T04,S,1,50,M0107,QR
NM-001221,11/02/2569 08:51,T03,L,1,60,M0193,QR
NM-001221,11/02/2569 08:51,B01,,1,,M0193,QR
NM-001222,11/02/2569 09:32,C02,S,1,45,,QR
NM-001223,11/02/2569 09:56,C01,L,1,65,M0681,QR
NM-001224,11/02/2569 09:56,C04,M,1,,M0685,QR
NM-001225,11/02/2569 10:23,C04,M,1,65,,QR
NM-001226,11/02/2569 10:33,C06,L,1,85,M0603,CARD
NM-001227,11/02/2569 10:44,B02,,2,50,,QR
NM-001227,11/02/2569 10:44,T03,M,1,50,,QR
NM-001228,11/02/2569 11:19,T01,M,1,,,QR
NM-001228,11/02/2569 11:19,C04,S,1,55,,QR
NM-001229,11/02/2569 11:57,C05,L,1,80,M0549,CASH
NM-001229,11/02/2569 11:57,B01,,1,55,M0549,CASH
NM-001230,11/02/2569 12:26,C06,L,1,85,,QR
NM-001231,11/02/2569 13:00,C02,M,1,55,,QR
NM-001231,11/02/2569 13:00,T01,L,1,65,,QR
NM-001232,11/02/2569 13:10,T01,S,1,45,,QR
NM-001232,11/02/2569 13:10,B04,,1,75,,QR
NM-001233,11/02/2569 13:39,B03,,1,85,M0105,CASH
NM-001234,11/02/2569 13:52,C03,M,1,65,M0020,CARD
NM-001234,11/02/2569 13:52,B03,,1,85,M0020,CARD
NM-001235,11/02/2569 13:59,T04,M,1,60,,QR
NM-001236,11/02/2569 14:05,B01,,1,55,,QR
NM-001237,11/02/2569 14:39,T01,L,1,65,,CASH
NM-001238,11/02/2569 15:03,T01,M,3,,M0200,CASH
NM-001239,11/02/2569 15:09,T04,L,1,70,M0069,CARD
NM-001240,11/02/2569 15:34,C04,L,1,75,,QR
NM-001240,11/02/2569 15:34,B03,,1,85,,QR
NM-001241,11/02/2569 15:36,C04,M,1,65,,QR
NM-001242,11/02/2569 15:42,C03,S,1,55,M0651,QR
NM-001243,11/02/2569 15:52,C02,M,1,55,,CARD
NM-001243,11/02/2569 15:52,B01,,1,55,,CARD
NM-001243,11/02/2569 15:52,C01,S,1,45,,CARD
NM-001244,11/02/2569 15:53,T01,M,1,55,,QR
NM-001244,11/02/2569 15:53,B02,,1,50,,QR
NM-001245,11/02/2569 16:02,C02,M,1,55,,QR
NM-001245,11/02/2569 16:02,B01,,1,55,,QR
NM-001246,11/02/2569 17:04,C03,L,2,75,,CASH
NM-001246,11/02/2569 17:04,B03,,1,,,CASH
NM-001247,11/02/2569 17:57,C05,M,1,70,,QR
NM-001247,11/02/2569 17:57,C05,M,1,70,,QR
NM-001248,12/02/2569 09:08,C01,M,2,55,,QR
NM-001248,12/02/2569 09:08,B04,,1,75,,QR
NM-001249,12/02/2569 09:19,B04,,1,75,,CASH
NM-001249,12/02/2569 09:19,T01,M,1,55,,CASH
NM-001250,12/02/2569 09:51,C06,L,2,85,M0378,QR
NM-001251,12/02/2569 10:18,C05,L,1,80,M0481,QR
NM-001252,12/02/2569 10:46,C02,M,1,55,,CARD
NM-001252,12/02/2569 10:46,T04,S,1,50,,CARD
NM-001253,12/02/2569 11:13,C03,M,1,65,M0231,CARD
NM-001254,12/02/2569 12:36,T05,L,1,70,M0304,QR
NM-001255,12/02/2569 13:31,T01,S,1,45,,CASH
NM-001255,12/02/2569 13:31,B02,,1,50,,CASH
NM-001256,12/02/2569 13:35,B02,,1,50,,QR
NM-001256,12/02/2569 13:35,B01,,1,55,,QR
NM-001257,12/02/2569 13:52,C04,M,1,65,,QR
NM-001258,12/02/2569 14:00,C05,L,1,80,,CARD
NM-001258,12/02/2569 14:00,B02,,1,50,,CARD
NM-001259,12/02/2569 14:01,C04,L,1,75,,CASH
NM-001260,12/02/2569 14:02,T01,S,1,45,,CASH
NM-001260,12/02/2569 14:02,B02,,1,50,,CASH
NM-001261,12/02/2569 14:21,T05,S,1,50,M0793,CARD
NM-001262,12/02/2569 14:53,T04,S,1,50,M0786,CARD
NM-001263,12/02/2569 14:54,T04,L,1,70,M0720,QR
NM-001263,12/02/2569 14:54,B02,,1,50,M0720,QR
NM-001263,12/02/2569 14:54,T02,M,1,70,M0720,QR
NM-001264,12/02/2569 15:39,C02,L,1,65,M0383,QR
NM-001264,12/02/2569 15:39,B01,,1,55,M0383,QR
NM-001265,12/02/2569 15:40,B01,,1,55,,QR
NM-001266,12/02/2569 18:07,C01,M,1,55,,QR
NM-001266,12/02/2569 18:07,B04,,1,75,,QR
NM-001267,12/02/2569 18:33,B01,,1,55,M0367,CASH
NM-001268,12/02/2569 18:40,B01,,1,55,,QR
NM-001269,12/02/2569 19:35,C06,L,2,85,M0280,CARD
NM-001269,12/02/2569 19:35,T01,M,1,55,M0280,CARD
NM-001269,12/02/2569 19:35,T01,M,1,55,M0280,CARD
NM-001270,13/02/2569 07:30,B02,,1,50,M0314,QR
NM-001271,13/02/2569 07:43,C02,L,1,,,CARD
NM-001271,13/02/2569 07:43,B01,,1,55,,CARD
NM-001271,13/02/2569 07:43,B01,,1,55,,CARD
NM-001271,13/02/2569 07:43,C03,S,1,55,,CARD
NM-001272,13/02/2569 09:27,B03,,1,85,,CARD
NM-001273,13/02/2569 11:15,C06,L,1,85,M0345,QR
NM-001274,13/02/2569 12:07,B02,,1,50,,CARD
NM-001275,13/02/2569 12:49,T02,M,-1,70,,CASH
NM-001276,13/02/2569 12:56,C03,M,2,65,,QR
NM-001276,13/02/2569 12:56,B03,,1,85,,QR
NM-001277,13/02/2569 14:22,T03,M,1,50,,QR
NM-001278,13/02/2569 14:27,C05,M,1,70,M0044,CARD
NM-001279,13/02/2569 14:38,T02,L,2,80,,QR
NM-001279,13/02/2569 14:38,C06,M,1,75,,QR
NM-001280,13/02/2569 14:49,C04,S,1,55,,QR
NM-001281,13/02/2569 14:52,B02,,1,50,M0315,QR
NM-001282,13/02/2569 15:25,T04,M,1,60,,QR
NM-001283,13/02/2569 15:37,C06,M,3,75,,CASH
NM-001284,13/02/2569 15:51,B02,,2,50,,QR
NM-001285,13/02/2569 16:50,C03,M,1,65,,CASH
NM-001285,13/02/2569 16:50,B03,,1,85,,CASH
NM-001286,13/02/2569 16:59,C02,M,1,55,,QR
NM-001286,13/02/2569 16:59,B03,,1,85,,QR
NM-001287,14/02/2569 07:44,T05,M,1,60,,QR
NM-001288,14/02/2569 08:06,T03,S,1,40,,QR
NM-001289,14/02/2569 08:15,C05,L,1,80,M0694,QR
NM-001290,14/02/2569 08:24,B02,,1,50,M0467,QR
NM-001290,14/02/2569 08:24,T01,M,1,55,M0467,QR
NM-001291,14/02/2569 08:44,C03,L,2,75,M0437,QR
NM-001291,14/02/2569 08:44,B03,,1,85,M0437,QR
NM-001292,14/02/2569 08:56,T04,S,1,50,M0162,QR
NM-001293,14/02/2569 08:58,C06,M,1,75,,CASH
NM-001294,14/02/2569 09:08,C05,M,1,70,M0471,QR
NM-001295,14/02/2569 09:29,C03,L,1,75,,CASH
NM-001295,14/02/2569 09:29,B03,,1,85,,CASH
NM-001296,14/02/2569 09:40,C02,M,1,,,CASH
NM-001296,14/02/2569 09:40,B01,,1,55,,CASH
NM-001297,14/02/2569 09:48,C01,M,1,55,M0333,QR
NM-001297,14/02/2569 09:48,B04,,1,75,M0333,QR
NM-001298,14/02/2569 10:02,C02,M,1,55,,CARD
NM-001298,14/02/2569 10:02,B01,,1,55,,CARD
NM-001299,14/02/2569 10:10,C01,M,1,55,M0657,QR
NM-001300,14/02/2569 10:15,C04,M,1,65,M0157,QR
NM-001301,14/02/2569 10:31,C02,S,1,45,M0334,CASH
NM-001301,14/02/2569 10:31,B01,,1,55,M0334,CASH
NM-001302,14/02/2569 10:38,C01,M,1,,,CARD
NM-001302,14/02/2569 10:38,C06,M,1,75,,CARD
NM-001303,14/02/2569 11:08,C03,S,1,55,M0407,QR
NM-001304,14/02/2569 13:19,B01,,1,55,,CARD
NM-001305,14/02/2569 13:53,T05,M,1,60,M0596,CARD
NM-001305,14/02/2569 13:53,C03,M,1,65,M0596,CARD
NM-001306,14/02/2569 14:08,T04,S,1,50,,QR
NM-001307,14/02/2569 14:35,C03,M,2,,,QR
NM-001307,14/02/2569 14:35,B03,,1,85,,QR
NM-001307,14/02/2569 14:35,B03,,1,85,,QR
NM-001308,14/02/2569 15:44,C06,M,0,75,,CASH
NM-001309,14/02/2569 15:47,C05,M,2,70,M0280,CARD
NM-001310,14/02/2569 15:52,T03,S,1,40,M0330,QR
NM-001311,14/02/2569 16:03,B02,,1,50,M0444,CASH
NM-001312,14/02/2569 16:17,T05,S,1,50,,CARD
NM-001313,14/02/2569 16:20,B02,,1,50,M0409,CASH
NM-001314,14/02/2569 16:29,T05,S,1,50,M0164,CARD
NM-001315,14/02/2569 17:48,T03,L,1,60,M0774,QR
NM-001316,14/02/2569 18:09,T01,L,2,65,,QR
NM-001317,14/02/2569 18:16,T01,M,1,55,M0014,QR
NM-001318,14/02/2569 18:28,C05,M,1,70,,QR
NM-001319,14/02/2569 18:37,T02,M,2,70,M0172,CASH
NM-001320,14/02/2569 19:14,C04,M,2,65,M0203,QR
NM-001321,14/02/2569 19:57,B02,,1,50,,QR
NM-001322,15/02/2569 07:51,C01,M,1,55,M0156,QR
NM-001322,15/02/2569 07:51,B04,,1,75,M0156,QR
NM-001323,15/02/2569 08:09,T02,M,1,70,M618,QR
NM-001324,15/02/2569 08:41,C03,S,1,55,M0774,QR
NM-001325,15/02/2569 09:05,T03,M,2,50,,QR
NM-001326,15/02/2569 09:13,T02,M,1,70,M0111,CASH
NM-001327,15/02/2569 09:27,B03,,1,85,M0260,QR
NM-001328,15/02/2569 09:35,C03,L,2,,M0339,QR
NM-001329,15/02/2569 09:56,C04,M,1,65,M0443,CASH
NM-001330,15/02/2569 10:05,C06,M,1,75,M0452,QR
NM-001330,15/02/2569 10:05,C03,M,1,65,M0452,QR
NM-001331,15/02/2569 10:21,C05,L,1,80,M0375,CARD
NM-001332,15/02/2569 10:38,C03,M,1,65,M0640,CARD
NM-001333,15/02/2569 11:24,T03,S,2,40,,CARD
NM-001334,15/02/2569 12:45,C03,S,1,55,,QR
NM-001335,15/02/2569 13:01,C02,L,1,65,M0531,CASH
NM-001335,15/02/2569 13:01,T05,L,1,70,M0531,CASH
NM-001336,15/02/2569 13:31,C03,M,1,65,,CARD
NM-001337,15/02/2569 13:52,C05,L,1,80,,QR
NM-001337,15/02/2569 13:52,B04,,1,75,,QR
NM-001338,15/02/2569 14:36,T04,L,1,70,,CASH
NM-001339,15/02/2569 14:48,T05,L,1,70,M0738,QR
NM-001340,15/02/2569 15:28,T02,S,2,60,,QR
NM-001340,15/02/2569 15:28,B02,,1,50,,QR
NM-001341,15/02/2569 15:48,C03,S,1,55,,QR
NM-001342,15/02/2569 15:54,C05,S,1,60,M0452,QR
NM-001343,15/02/2569 16:20,B01,,1,55,,CARD
NM-001344,15/02/2569 16:39,C04,,1,75,M0195,QR
NM-001345,15/02/2569 16:45,T03,M,1,50,,QR
NM-001346,15/02/2569 17:17,T01,S,1,45,M0331,QR
NM-001346,15/02/2569 17:17,B02,,1,50,M0331,QR
NM-001346,15/02/2569 17:17,T03,M,1,,M0331,QR
NM-001347,15/02/2569 17:24,C03,S,1,55,,QR
NM-001348,15/02/2569 19:05,C01,M,1,55,,CARD
NM-001348,15/02/2569 19:05,B04,,1,75,,CARD
NM-001349,16/02/2569 07:10,T01,S,1,45,M0521,CASH
NM-001349,16/02/2569 07:10,B02,,1,50,M0521,CASH
NM-001350,16/02/2569 07:32,C03,M,2,65,M0137,QR
NM-001351,16/02/2569 08:17,C03,S,1,55,M0712,QR
NM-001352,16/02/2569 08:49,T01,S,2,45,,CASH
NM-001352,16/02/2569 08:49,B02,,1,50,,CASH
NM-001353,16/02/2569 09:05,B03,,2,85,,QR
NM-001354,16/02/2569 09:24,C03,L,1,75,,CARD
NM-001355,16/02/2569 09:31,C04,M,1,65,M0513,QR
NM-001355,16/02/2569 09:31,B02,,1,50,M0513,QR
NM-001356,16/02/2569 09:45,B03,,1,85,,QR
NM-001357,16/02/2569 09:51,T01,S,2,45,,QR
NM-001358,16/02/2569 10:07,C02,M,1,55,M0058,QR
NM-001358,16/02/2569 10:07,B01,,1,55,M0058,QR
NM-001359,16/02/2569 10:08,C06,M,2,75,,QR
NM-001360,16/02/2569 10:31,C05,S,1,60,M0609,CASH
NM-001361,16/02/2569 10:50,T05,S,1,50,,QR
NM-001361,16/02/2569 10:50,B04,,1,75,,QR
NM-001362,16/02/2569 11:01,T01,M,1,55,,CASH
NM-001363,16/02/2569 11:09,C03,S,1,55,M0774,QR
NM-001364,16/02/2569 11:38,T01,S,1,45,,QR
NM-001365,16/02/2569 11:38,C01,L,1,65,,QR
NM-001366,16/02/2569 12:13,C04,S,1,55,,CASH
NM-001367,16/02/2569 13:51,C02,S,1,,,QR
NM-001368,16/02/2569 13:57,C05,S,1,,,QR
NM-001369,16/02/2569 14:30,T02,M,1,70,M0634,QR
NM-001370,16/02/2569 15:26,C01,,1,45,M0236,QR
NM-001371,16/02/2569 15:36,T02,M,2,70,,QR
NM-001372,16/02/2569 16:08,C06,M,1,75,M0577,CARD
NM-001373,16/02/2569 16:19,C01,L,100,65,,QR
NM-001373,16/02/2569 16:19,B04,,1,75,,QR
NM-001373,16/02/2569 16:19,C04,M,1,65,,QR
NM-001374,16/02/2569 16:45,C06,M,2,,,CASH
NM-001375,16/02/2569 16:47,C03,M,1,65,,CASH
NM-001375,16/02/2569 16:47,B03,,1,85,,CASH
NM-001376,16/02/2569 17:54,B02,,1,50,,QR
NM-001377,16/02/2569 18:29,C03,L,1,75,,CASH
NM-001377,16/02/2569 18:29,B03,,1,85,,CASH
NM-001378,16/02/2569 18:36,C03,M,1,65,M0633,CASH
NM-001378,16/02/2569 18:36,B03,,1,85,M0633,CASH
NM-001379,16/02/2569 19:09,T02,M,1,70,,CARD
NM-001380,16/02/2569 19:55,B01,,1,55,,QR
NM-001381,17/02/2569 08:47,T01,S,1,45,,CASH
NM-001381,17/02/2569 08:47,B02,,1,50,,CASH
NM-001382,17/02/2569 09:28,T01,M,1,55,M0721,QR
NM-001382,17/02/2569 09:28,T02,M,1,70,M0721,QR
NM-001383,17/02/2569 09:48,T02,S,2,60,M0376,QR
NM-001384,17/02/2569 09:57,C05,M,1,70,M0247,CARD
NM-001384,17/02/2569 09:57,T02,,1,70,M0247,CARD
NM-001385,17/02/2569 10:11,C03,M,2,65,,QR
NM-001385,17/02/2569 10:11,B03,,1,85,,QR
NM-001386,17/02/2569 11:31,T01,L,1,65,M0012,CASH
NM-001386,17/02/2569 11:31,B02,,1,50,M0012,CASH
NM-001387,17/02/2569 11:40,C04,M,1,65,,CASH
NM-001387,17/02/2569 11:40,T02,M,1,70,,CASH
NM-001388,17/02/2569 14:06,C03,M,3,65,,CARD
NM-001388,17/02/2569 14:06,B04,,1,75,,CARD
NM-001389,17/02/2569 14:08,C05,M,2,70,M0011,QR
NM-001390,17/02/2569 14:22,T01,L,1,65,,CARD
NM-001391,17/02/2569 14:35,C02,L,1,65,M0171,CARD
NM-001391,17/02/2569 14:35,B01,,1,55,M0171,CARD
NM-001392,17/02/2569 15:03,T02,M,1,70,M0345,QR
NM-001393,17/02/2569 15:14,T01,S,1,45,M0011,QR
NM-001394,17/02/2569 15:16,B03,,1,85,M0454,CASH
NM-001395,17/02/2569 15:21,T02,M,1,70,M0076,QR
NM-001396,17/02/2569 15:35,C06,M,2,75,M0365,CARD
NM-001397,17/02/2569 15:47,T01,,1,65,,QR
NM-001397,17/02/2569 15:47,B02,,1,50,,QR
NM-001398,17/02/2569 16:12,B02,,1,50,,QR
NM-001399,17/02/2569 16:20,C05,S,3,60,M0204,QR
NM-001400,17/02/2569 18:25,T02,M,2,70,M0115,QR
NM-001401,17/02/2569 18:28,T05,M,1,60,,QR
NM-001401,17/02/2569 18:28,B01,,1,55,,QR
NM-001402,17/02/2569 18:50,T02,M,2,70,M0431,CARD
NM-001402,17/02/2569 18:50,T01,S,1,45,M0431,CARD
NM-001403,17/02/2569 18:57,T01,L,1,65,M0659,QR
NM-001404,17/02/2569 19:42,T03,L,3,60,,QR
NM-001405,18/02/2569 07:02,C06,L,1,85,,CASH
NM-001405,18/02/2569 07:02,T03,L,1,60,,CASH
NM-001406,18/02/2569 07:28,T05,L,1,70,,QR
NM-001407,18/02/2569 07:51,C03,M,1,65,,QR
NM-001407,18/02/2569 07:51,B01,,1,55,,QR
NM-001408,18/02/2569 08:09,C03,L,1,75,,QR
NM-001408,18/02/2569 08:09,B03,,1,85,,QR
NM-001409,18/02/2569 08:12,C01,S,1,45,M0089,QR
NM-001410,18/02/2569 09:04,C05,L,1,80,,QR
NM-001411,18/02/2569 10:22,C04,M,1,65,M0621,QR
NM-001412,18/02/2569 10:42,T04,M,2,60,M0592,QR
NM-001412,18/02/2569 10:42,C04,S,1,55,M0592,QR
NM-001413,18/02/2569 10:59,C02,S,1,45,,QR
NM-001413,18/02/2569 10:59,B01,,1,55,,QR
NM-001414,18/02/2569 11:02,C01,M,1,55,,QR
NM-001414,18/02/2569 11:02,B04,,1,,,QR
NM-001415,18/02/2569 12:02,C02,L,1,65,,QR
NM-001415,18/02/2569 12:02,B01,,1,55,,QR
NM-001416,18/02/2569 12:14,C06,M,1,75,M0610,CARD
NM-001416,18/02/2569 12:14,B01,,1,55,M0610,CARD
NM-001417,18/02/2569 12:35,C02,L,1,65,M0314,QR
NM-001417,18/02/2569 12:35,B01,,1,55,M0314,QR
NM-001417,18/02/2569 12:35,C03,L,1,75,M0314,QR
NM-001418,18/02/2569 13:06,C02,S,1,45,,QR
NM-001419,18/02/2569 13:42,C04,M,1,65,M0452,CASH
NM-001420,18/02/2569 14:14,C03,S,1,55,,QR
NM-001420,18/02/2569 14:14,C01,M,1,55,,QR
NM-001421,18/02/2569 14:30,B02,,1,50,,QR
NM-001422,18/02/2569 14:40,T04,L,1,70,,QR
NM-001423,18/02/2569 05:55,T01,M,1,55,M0246,CASH
NM-001423,18/02/2569 05:55,B02,,1,50,M0246,CASH
NM-001424,18/02/2569 15:24,T04,M,1,60,,QR
NM-001425,18/02/2569 15:53,C03,L,2,75,,CASH
NM-001425,18/02/2569 15:53,B03,,1,85,,CASH
NM-001426,18/02/2569 16:17,T01,M,2,55,,QR
NM-001427,18/02/2569 16:34,T05,M,3,60,,CARD
NM-001428,18/02/2569 17:34,T04,S,1,,,QR
NM-001429,18/02/2569 17:51,B01,,1,55,M0745,QR
NM-001430,18/02/2569 18:20,T04,M,1,60,,CARD
NM-001431,18/02/2569 18:54,T01,M,2,55,M0027,QR
NM-001431,18/02/2569 18:54,B02,,1,,M0027,QR
NM-001432,18/02/2569 19:55,T04,M,1,60,,CARD
NM-001433,19/02/2569 07:44,C03,M,1,65,,CASH
NM-001433,19/02/2569 07:44,B03,,1,85,,CASH
NM-001434,19/02/2569 08:45,C03,L,1,75,M0167,CASH
NM-001435,19/02/2569 11:21,T03,M,100,50,,CARD
NM-001435,19/02/2569 11:21,B02,,1,50,,CARD
NM-001436,19/02/2569 11:25,C01,M,3,55,,CARD
NM-001436,19/02/2569 11:25,B04,,1,75,,CARD
NM-001437,19/02/2569 12:38,T02,M,1,70,,QR
NM-001438,19/02/2569 13:00,C06,S,1,65,,CARD
NM-001439,19/02/2569 13:11,C03,M,1,65,,CASH
NM-001439,19/02/2569 13:11,B03,,1,85,,CASH
NM-001440,19/02/2569 13:39,T04,M,1,60,,CASH
NM-001440,19/02/2569 13:39,B02,,1,50,,CASH
NM-001441,19/02/2569 13:43,C04,M,1,65,M0326,CARD
NM-001442,19/02/2569 14:08,C05,M,1,70,,QR
NM-001442,19/02/2569 14:08,T02,M,1,70,,QR
NM-001443,19/02/2569 15:02,B02,,1,50,M0401,CASH
NM-001444,19/02/2569 15:21,C05,S,1,60,,QR
NM-001445,19/02/2569 15:53,C02,M,2,55,,QR
NM-001445,19/02/2569 15:53,B01,,1,55,,QR
NM-001446,19/02/2569 17:01,C02,,1,45,M0484,QR
NM-001446,19/02/2569 17:01,B01,,1,55,M0484,QR
NM-001447,19/02/2569 17:39,C04,L,1,75,,CASH
NM-001447,19/02/2569 17:39,C06,M,1,75,,CASH
NM-001448,19/02/2569 18:11,T02,S,1,60,,CASH
NM-001449,19/02/2569 18:22,T04,M,1,60,M0219,QR
NM-001450,19/02/2569 18:23,B03,,1,85,,CASH
NM-001451,20/02/2569 08:31,B02,,1,50,,QR
NM-001452,20/02/2569 08:41,C02,S,1,45,,CASH
NM-001453,20/02/2569 08:48,C03,L,1,75,,CARD
NM-001454,20/02/2569 08:50,C03,M,1,65,,CASH
NM-001455,20/02/2569 09:17,C03,,2,65,M0239,QR
NM-001456,20/02/2569 09:58,C03,S,1,55,M0149,CASH
NM-001456,20/02/2569 09:58,B03,,1,85,M0149,CASH
NM-001457,20/02/2569 10:23,C03,S,1,55,,QR
NM-001458,20/02/2569 12:42,T03,L,1,6000,,CARD
NM-001459,20/02/2569 12:50,T05,M,1,60,,CASH
NM-001460,20/02/2569 13:15,C06,M,1,75,,CASH
NM-001460,20/02/2569 13:15,T02,L,1,80,,CASH
NM-001461,20/02/2569 13:56,B03,,1,85,,QR
NM-001462,20/02/2569 13:57,C01,M,1,55,M0618,QR
NM-001462,20/02/2569 13:57,B04,,1,75,M0618,QR
NM-001463,20/02/2569 14:19,C05,M,3,70,,CARD
NM-001464,20/02/2569 14:20,C06,S,1,65,,QR
NM-001465,20/02/2569 14:24,B01,,2,55,M0562,CARD
NM-001465,20/02/2569 14:24,C01,M,1,55,M0562,CARD
NM-001466,20/02/2569 18:29,T01,L,1,65,,CARD
NM-001466,20/02/2569 18:29,B03,,1,85,,CARD
NM-001467,20/02/2569 19:51,T05,,2,60,M0234,QR
NM-001467,20/02/2569 19:51,B01,,1,55,M0234,QR
NM-001468,20/02/2569 19:58,C01,M,1,55,,CASH
NM-001468,20/02/2569 19:58,B04,,1,75,,CASH
NM-001468,20/02/2569 19:58,T05,S,1,50,,CASH
NM-001469,21/02/2569 07:05,C05,M,1,70,,QR
NM-001470,21/02/2569 07:14,T01,S,1,45,,CASH
NM-001470,21/02/2569 07:14,T02,L,1,80,,CASH
NM-001471,21/02/2569 07:28,C02,M,1,55,,CARD
NM-001471,21/02/2569 07:28,B01,,1,55,,CARD
NM-001472,21/02/2569 07:54,C02,S,1,45,,QR
NM-001472,21/02/2569 07:54,B01,,1,55,,QR
NM-001473,21/02/2569 08:29,C04,M,1,65,,CARD
NM-001473,21/02/2569 08:29,B01,,1,55,,CARD
NM-001474,21/02/2569 08:34,C03,S,1,55,M0672,CASH
NM-001474,21/02/2569 08:34,B03,,1,85,M0672,CASH
NM-001475,21/02/2569 08:56,C06,S,1,65,M0490,QR
NM-001475,21/02/2569 08:56,C01,M,1,55,M0490,QR
NM-001476,21/02/2569 09:19,B01,,1,55,,CARD
NM-001477,21/02/2569 09:48,C02,L,1,65,,QR
NM-001477,21/02/2569 09:48,B04,,1,75,,QR
NM-001478,21/02/2569 09:54,B03,,1,85,M0178,QR
NM-001479,21/02/2569 10:02,C03,M,1,65,,QR
NM-001480,21/02/2569 10:16,B01,,1,55,,QR
NM-001481,21/02/2569 10:38,C04,L,1,75,,CARD
NM-001482,21/02/2569 11:29,T02,M,1,70,,CARD
NM-001483,21/02/2569 11:36,C05,L,1,80,,QR
NM-001484,21/02/2569 11:39,C06,L,1,85,M0182,CASH
NM-001485,21/02/2569 12:01,B01,,2,55,,CARD
NM-001486,21/02/2569 12:20,T02,M,1,70,,QR
NM-001487,21/02/2569 12:51,C04,M,1,65,,CASH
NM-001488,21/02/2569 12:55,C03,S,1,,M0795,QR
NM-001488,21/02/2569 12:55,B03,,1,85,M0795,QR
NM-001488,21/02/2569 12:55,C02,M,1,55,M0795,QR
NM-001489,21/02/2569 13:06,C01,S,1,45,,QR
NM-001489,21/02/2569 13:06,B04,,1,75,,QR
NM-001490,21/02/2569 13:32,T01,L,1,,,CARD
NM-001490,21/02/2569 13:32,B03,,1,85,,CARD
NM-001491,21/02/2569 13:44,T02,L,2,80,,QR
NM-001491,21/02/2569 13:44,T01,S,1,45,,QR
NM-001492,21/02/2569 14:02,T03,S,1,40,,CASH
NM-001493,21/02/2569 14:26,T04,S,1,50,M0287,QR
NM-001494,21/02/2569 14:30,C04,L,2,75,M0631,CARD
NM-001494,21/02/2569 14:30,T01,S,1,45,M0631,CARD
NM-001495,21/02/2569 14:30,T02,L,1,80,M0366,CARD
NM-001496,21/02/2569 14:32,C01,S,2,45,M0193,CASH
NM-001497,21/02/2569 14:48,T05,L,1,70,M0331,QR
NM-001498,21/02/2569 15:22,B03,,1,85,M0513,CASH
NM-001498,21/02/2569 15:22,B03,,1,85,M0513,CASH
NM-001499,21/02/2569 15:46,T01,L,1,65,,QR
NM-001499,21/02/2569 15:46,B02,,1,50,,QR
NM-001499,21/02/2569 15:46,T04,L,1,70,,QR
NM-001500,21/02/2569 16:01,C02,S,1,45,,CARD
NM-001500,21/02/2569 16:01,B01,,1,55,,CARD
NM-001501,21/02/2569 16:26,C06,M,1,75,,QR
NM-001502,21/02/2569 16:37,T03,M,1,50,,CASH
NM-001503,21/02/2569 16:38,C04,M,1,65,,QR
NM-001504,21/02/2569 17:31,T05,L,1,70,,CASH
NM-001505,21/02/2569 18:38,T01,L,2,65,,QR
NM-001506,21/02/2569 18:39,T04,M,1,60,,QR
NM-001507,22/02/2569 07:19,T01,L,2,65,M0274,CASH
NM-001508,22/02/2569 07:27,B03,,3,85,M0366,CARD
NM-001509,22/02/2569 07:57,T02,M,1,70,M0360,CASH
NM-001510,22/02/2569 08:08,T02,M,1,70,,QR
NM-001511,22/02/2569 08:18,C03,M,1,65,,QR
NM-001511,22/02/2569 08:18,B03,,1,85,,QR
NM-001512,22/02/2569 08:21,T05,M,2,60,,QR
NM-001513,22/02/2569 08:27,C02,M,1,55,,CARD
NM-001514,22/02/2569 08:32,B02,,1,50,M0112,CASH
NM-001515,22/02/2569 08:55,C01,S,1,45,,QR
NM-001515,22/02/2569 08:55,B04,,1,75,,QR
NM-001515,22/02/2569 08:55,C02,M,1,55,,QR
NM-001516,22/02/2569 09:29,C02,L,1,65,M0371,QR
NM-001516,22/02/2569 09:29,B01,,1,55,M0371,QR
NM-001517,22/02/2569 09:37,C02,M,1,55,,QR
NM-001518,22/02/2569 10:00,C04,M,1,65,M0651,CARD
NM-001519,22/02/2569 10:34,C04,M,1,65,M0770,QR
NM-001519,22/02/2569 10:34,B04,,1,75,M0770,QR
NM-001520,22/02/2569 11:04,T05,S,1,50,,QR
NM-001521,22/02/2569 11:53,T02,L,1,80,,CASH
NM-001522,22/02/2569 11:56,C06,L,100,85,M0056,CASH
NM-001523,22/02/2569 12:04,C04,M,1,65,,QR
NM-001523,22/02/2569 12:04,B04,,1,75,,QR
NM-001524,22/02/2569 12:21,C05,M,3,70,M0651,CARD
NM-001525,22/02/2569 12:36,T02,M,2,70,M0115,CASH
NM-001525,22/02/2569 12:36,B01,,1,,M0115,CASH
NM-001526,22/02/2569 12:48,T03,S,1,40,,QR
NM-001527,22/02/2569 13:27,T03,M,1,50,,QR
NM-001528,22/02/2569 13:27,T01,M,2,55,,CASH
NM-001528,22/02/2569 13:27,B02,,1,50,,CASH
NM-001529,22/02/2569 13:47,T01,L,1,65,M0182,CASH
NM-001529,22/02/2569 13:47,B02,,1,50,M0182,CASH
NM-001530,22/02/2569 14:07,C01,S,3,45,M0236,QR
NM-001530,22/02/2569 14:07,B04,,1,75,M0236,QR
NM-001531,22/02/2569 14:20,C03,L,1,75,,CASH
NM-001532,22/02/2569 14:24,C03,M,1,65,M0081,CASH
NM-001532,22/02/2569 14:24,C03,M,1,65,M0081,CASH
NM-001532,22/02/2569 14:24,B03,,1,85,M0081,CASH
NM-001533,22/02/2569 14:36,C05,S,1,60,M0176,QR
NM-001534,22/02/2569 14:49,B03,,1,85,M0268,QR
NM-001534,22/02/2569 14:49,C01,M,1,55,M0268,QR
NM-001535,22/02/2569 15:07,C06,S,1,65,,CARD
NM-001536,22/02/2569 15:10,C05,M,3,70,,QR
NM-001537,22/02/2569 15:46,C02,L,1,65,M0058,QR
NM-001538,22/02/2569 16:46,C04,L,1,75,M0072,CASH
NM-001538,22/02/2569 16:46,B01,,1,55,M0072,CASH
NM-001539,22/02/2569 19:04,C06,M,1,75,,QR
NM-001540,23/02/2569 07:51,T01,L,3,65,M0427,CASH
NM-001540,23/02/2569 07:51,B02,,1,50,M0427,CASH
NM-001541,23/02/2569 07:57,C02,S,1,45,,QR
NM-001541,23/02/2569 07:57,B01,,1,55,,QR
NM-001542,23/02/2569 08:38,C04,S,2,55,,QR
NM-001543,23/02/2569 08:53,C04,M,1,65,,CARD
NM-001544,23/02/2569 09:05,C01,M,1,,,CASH
NM-001544,23/02/2569 09:05,B04,,1,75,,CASH
NM-001545,23/02/2569 09:17,C03,L,2,75,M0502,CARD
NM-001546,23/02/2569 09:40,T01,S,1,45,,CARD
NM-001546,23/02/2569 09:40,B02,,1,50,,CARD
NM-001546,23/02/2569 09:40,C03,L,1,75,,CARD
NM-001547,23/02/2569 10:06,B02,,1,50,M0330,QR
NM-001548,23/02/2569 10:23,C04,M,1,65,M0204,QR
NM-001548,23/02/2569 10:23,B02,,1,50,M0204,QR
NM-001549,23/02/2569 11:23,C04,M,1,65,M0228,CASH
NM-001550,23/02/2569 12:02,C02,M,1,55,,CASH
NM-001550,23/02/2569 12:02,B01,,1,55,,CASH
NM-001551,23/02/2569 13:34,T01,M,1,55,,CARD
NM-001551,23/02/2569 13:34,B02,,1,50,,CARD
NM-001552,23/02/2569 14:00,T02,L,1,80,M0164,QR
NM-001553,23/02/2569 15:01,C06,L,2,85,,QR
NM-001554,23/02/2569 16:01,C05,M,1,70,M0779,QR
NM-001555,23/02/2569 16:52,C01,S,1,45,,CASH
NM-001555,23/02/2569 16:52,B04,,1,75,,CASH
NM-001555,23/02/2569 16:52,C05,L,1,80,,CASH
NM-001556,23/02/2569 17:24,T04,M,1,60,,CARD
NM-001557,23/02/2569 17:50,T05,M,1,60,,QR
NM-001558,23/02/2569 18:42,C05,L,1,80,,CASH
NM-001559,23/02/2569 18:59,C03,L,1,75,,QR
NM-001560,23/02/2569 19:04,C03,,2,75,,QR
NM-001560,23/02/2569 19:04,B03,,1,85,,QR
NM-001561,24/02/2569 07:01,C06,M,1,75,,QR
NM-001562,24/02/2569 07:09,C02,L,1,65,M0264,QR
NM-001563,24/02/2569 08:10,C06,L,1,85,,QR
NM-001564,24/02/2569 08:28,B01,,1,55,,QR
NM-001564,24/02/2569 08:28,T02,M,1,70,,QR
NM-001565,24/02/2569 08:29,T05,M,1,60,,QR
NM-001566,24/02/2569 08:37,C02,S,1,45,M0631,QR
NM-001567,24/02/2569 08:56,B04,,3,75,M0137,CARD
NM-001568,24/02/2569 09:02,T03,,1,60,M0774,CARD
NM-001569,24/02/2569 09:08,C03,S,1,55,M0462,QR
NM-001569,24/02/2569 09:08,C04,S,1,55,M0462,QR
NM-001570,24/02/2569 09:32,C06,M,1,75,M0489,QR
NM-001571,24/02/2569 09:53,C06,L,2,85,M0109,QR
NM-001572,24/02/2569 09:59,T02,L,2,80,,QR
NM-001573,24/02/2569 10:03,C03,S,1,55,,QR
NM-001574,24/02/2569 11:26,C03,L,2,75,M0442,CASH
NM-001574,24/02/2569 11:26,B03,,1,85,M0442,CASH
NM-001574,24/02/2569 11:26,T01,L,1,65,M0442,CASH
NM-001575,24/02/2569 11:45,T03,M,1,50,,QR
NM-001575,24/02/2569 11:45,B02,,1,50,,QR
NM-001575,24/02/2569 11:45,C06,M,1,75,,QR
NM-001576,24/02/2569 11:56,C06,M,1,75,M0650,QR
NM-001577,24/02/2569 12:02,T01,M,1,55,,QR
NM-001577,24/02/2569 12:02,B02,,1,50,,QR
NM-001577,24/02/2569 12:02,B01,,1,55,,QR
NM-001578,24/02/2569 13:32,B04,,1,75,M0038,CASH
NM-001579,24/02/2569 13:42,B02,,2,5000,,QR
NM-001580,24/02/2569 13:44,C03,,1,55,,QR
NM-001581,24/02/2569 14:56,B03,,2,85,M0112,CASH
NM-001582,24/02/2569 14:57,C04,S,1,55,,CARD
NM-001583,24/02/2569 15:17,B02,,2,50,,QR
NM-001584,24/02/2569 15:40,B02,,1,50,,QR
NM-001585,24/02/2569 16:50,T01,S,1,45,,CASH
NM-001586,24/02/2569 17:21,B02,,1,50,M0407,CARD
NM-001587,24/02/2569 19:09,T01,M,1,55,M0623,QR
NM-001587,24/02/2569 19:09,B02,,1,50,M0623,QR
NM-001588,24/02/2569 19:14,T03,S,1,40,,QR
NM-001589,25/02/2569 07:08,C01,S,1,45,,CASH
NM-001590,25/02/2569 08:11,C02,L,1,65,,CARD
NM-001590,25/02/2569 08:11,B01,,1,55,,CARD
NM-001591,25/02/2569 08:21,T02,L,1,80,,CARD
NM-001592,25/02/2569 09:01,T04,M,1,60,,QR
NM-001592,25/02/2569 09:01,B03,,1,85,,QR
NM-001593,25/02/2569 09:10,C03,L,1,75,,CARD
NM-001593,25/02/2569 09:10,B03,,1,85,,CARD
NM-001594,25/02/2569 09:43,C02,M,1,55,,QR
NM-001594,25/02/2569 09:43,B01,,1,55,,QR
NM-001595,25/02/2569 10:04,C01,M,1,55,M0649,QR
NM-001595,25/02/2569 10:04,B04,,1,75,M0649,QR
NM-001596,25/02/2569 10:54,T04,M,1,60,M0532,QR
NM-001597,25/02/2569 11:01,T02,M,1,70,,CARD
NM-001598,25/02/2569 11:41,T01,M,1,55,,CARD
NM-001599,25/02/2569 11:44,T02,M,1,70,,QR
NM-001600,25/02/2569 12:01,C06,M,1,75,,QR
NM-001601,25/02/2569 12:37,C01,L,1,65,,QR
NM-001602,25/02/2569 13:41,T04,M,1,60,,QR
NM-001603,25/02/2569 14:26,C04,M,1,65,,CARD
NM-001604,25/02/2569 14:29,B01,,1,55,,CARD
NM-001605,25/02/2569 14:46,T01,M,1,55,,CASH
NM-001606,25/02/2569 15:20,C03,M,1,65,,CASH
NM-001606,25/02/2569 15:20,B03,,1,85,,CASH
NM-001607,25/02/2569 15:23,C03,M,1,65,,QR
NM-001608,25/02/2569 15:51,B03,,1,85,,QR
NM-001609,25/02/2569 16:13,C04,S,1,55,,QR
NM-001610,25/02/2569 16:15,T01,M,1,55,M0057,QR
NM-001611,25/02/2569 17:54,T04,L,1,70,,CARD
NM-001612,25/02/2569 18:05,C02,S,1,45,M0031,CASH
NM-001612,25/02/2569 18:05,B03,,1,85,M0031,CASH
NM-001613,26/02/2569 07:32,T01,S,1,45,,CARD
NM-001613,26/02/2569 07:32,B02,,1,50,,CARD
NM-001614,26/02/2569 08:03,C03,S,1,55,,CARD
NM-001614,26/02/2569 08:03,B03,,1,85,,CARD
NM-001615,26/02/2569 08:24,B01,,1,55,,CASH
NM-001616,26/02/2569 08:28,C02,M,1,55,,QR
NM-001617,26/02/2569 08:36,C02,S,1,45,,CARD
NM-001617,26/02/2569 08:36,B01,,1,55,,CARD
NM-001618,26/02/2569 09:02,T02,M,1,70,M0052,CARD
NM-001619,26/02/2569 09:09,T05,M,1,60,,QR
NM-001620,26/02/2569 09:59,C04,S,2,55,,CARD
NM-001620,26/02/2569 09:59,T01,M,1,55,,CARD
NM-001621,26/02/2569 09:59,B03,,1,85,,QR
NM-001622,26/02/2569 10:19,T04,M,1,60,,QR
NM-001623,26/02/2569 10:43,C03,M,1,65,M0359,QR
NM-001623,26/02/2569 10:43,B03,,1,,M0359,QR
NM-001624,26/02/2569 11:38,T04,M,1,60,M0139,QR
NM-001625,26/02/2569 11:45,C04,S,1,55,,CARD
NM-001626,26/02/2569 12:15,B01,,1,55,,QR
NM-001627,26/02/2569 12:29,B01,,1,55,M0800,CASH
NM-001628,26/02/2569 12:37,T04,M,1,60,,QR
NM-001629,26/02/2569 13:07,B02,,1,50,,CASH
NM-001630,26/02/2569 13:47,C03,M,2,65,,QR
NM-001631,26/02/2569 13:58,T01,L,1,65,,CARD
NM-001631,26/02/2569 13:58,T03,L,1,60,,CARD
NM-001632,26/02/2569 14:10,T01,M,1,55,,CASH
NM-001632,26/02/2569 14:10,B02,,1,50,,CASH
NM-001632,26/02/2569 14:10,B04,,1,75,,CASH
NM-001633,26/02/2569 14:47,B03,,3,85,,CASH
NM-001634,26/02/2569 15:25,B03,,3,85,M0800,CARD
NM-001635,26/02/2569 15:41,T04,L,1,70,M0814,QR
NM-001636,26/02/2569 15:50,T05,S,1,50,M0235,QR
NM-001636,26/02/2569 15:50,B01,,1,55,M0235,QR
NM-001637,26/02/2569 17:26,C01,L,1,65,M0195,CASH
NM-001638,26/02/2569 18:11,B02,,1,50,,QR
NM-001639,26/02/2569 19:42,C04,S,1,55,M0398,QR
NM-001640,27/02/2569 07:10,B01,,1,55,,CASH
NM-001641,27/02/2569 08:07,C04,S,1,55,,CARD
NM-001642,27/02/2569 08:12,C03,L,2,75,,QR
NM-001642,27/02/2569 08:12,C05,L,1,80,,QR
NM-001643,27/02/2569 09:02,C04,S,3,,,CASH
NM-001643,27/02/2569 09:02,B01,,1,55,,CASH
NM-001644,27/02/2569 09:08,B04,,1,75,M0119,QR
NM-001644,27/02/2569 09:08,C05,S,1,60,M0119,QR
NM-001645,27/02/2569 10:14,B03,,2,85,,QR
NM-001645,27/02/2569 10:14,B03,,2,85,,QR
NM-001646,27/02/2569 11:31,T03,M,1,,M0476,QR
NM-001646,27/02/2569 11:31,C01,M,1,55,M0476,QR
NM-001647,27/02/2569 11:33,B03,,1,85,,QR
NM-001648,27/02/2569 11:43,C06,,1,75,,CARD
NM-001648,27/02/2569 11:43,B03,,1,85,,CARD
NM-001649,27/02/2569 12:17,C03,S,1,55,M0342,CASH
NM-001649,27/02/2569 12:17,B03,,1,85,M0342,CASH
NM-001650,27/02/2569 12:47,T04,M,1,60,M0263,QR
NM-001651,27/02/2569 12:50,T01,S,1,45,,QR
NM-001651,27/02/2569 12:50,B02,,1,50,,QR
NM-001652,27/02/2569 12:51,T04,L,2,70,M0557,QR
NM-001653,27/02/2569 13:09,B01,,1,55,M0233,CARD
NM-001654,27/02/2569 15:20,B01,,1,55,,QR
NM-001655,27/02/2569 15:25,T01,S,1,45,,QR
NM-001656,27/02/2569 15:38,T03,S,1,40,,QR
NM-001657,27/02/2569 15:39,B03,,2,85,M0115,QR
NM-001658,27/02/2569 16:42,T03,M,1,50,M0219,QR
NM-001658,27/02/2569 16:42,B04,,1,75,M0219,QR
NM-001658,27/02/2569 16:42,T01,S,1,45,M0219,QR
NM-001659,27/02/2569 17:14,C04,M,3,65,,QR
NM-001659,27/02/2569 17:14,B03,,1,85,,QR
NM-001660,27/02/2569 18:13,B01,,2,55,,CARD
NM-001661,27/02/2569 18:16,T01,S,1,45,,QR
NM-001662,27/02/2569 18:40,C04,M,1,65,M0112,QR
NM-001663,27/02/2569 18:55,C05,S,3,60,,CASH
NM-001664,27/02/2569 18:59,C04,L,1,75,M0124,CASH
NM-001665,27/02/2569 19:18,T05,M,1,60,M0499,CASH
NM-001666,27/02/2569 19:40,B01,,1,55,M0775,QR
NM-001667,28/02/2569 07:07,B02,,1,50,,QR
NM-001668,28/02/2569 07:18,C04,M,1,65,,CASH
NM-001669,28/02/2569 08:17,C03,M,1,,M0390,QR
NM-001669,28/02/2569 08:17,B03,,1,85,M0390,QR
NM-001670,28/02/2569 08:20,C05,M,3,70,,CARD
NM-001671,28/02/2569 08:29,C06,M,1,75,,CARD
NM-001672,28/02/2569 08:42,T01,M,1,55,M0730,CASH
NM-001673,28/02/2569 08:48,C02,L,1,65,,CASH
NM-001674,28/02/2569 08:57,C03,M,1,65,,CASH
NM-001674,28/02/2569 08:57,B03,,1,85,,CASH
NM-001675,28/02/2569 09:01,B02,,1,50,,QR
NM-001675,28/02/2569 09:01,T02,M,1,70,,QR
NM-001676,28/02/2569 09:27,B04,,2,75,M0327,CASH
NM-001677,28/02/2569 09:31,C05,M,2,70,M0504,QR
NM-001677,28/02/2569 09:31,C04,M,1,65,M0504,QR
NM-001678,28/02/2569 09:40,C06,L,2,85,M0318,CARD
NM-001679,28/02/2569 09:42,T01,M,1,55,,CARD
NM-001679,28/02/2569 09:42,B02,,1,50,,CARD
NM-001679,28/02/2569 09:42,B01,,1,55,,CARD
NM-001680,28/02/2569 09:44,B04,,1,75,,QR
NM-001681,28/02/2569 09:50,C05,M,3,70,,CARD
NM-001682,28/02/2569 09:51,C05,L,1,80,,CARD
NM-001683,28/02/2569 10:18,C03,M,1,65,M0797,CASH
NM-001683,28/02/2569 10:18,C06,L,1,85,M0797,CASH
NM-001684,28/02/2569 11:04,C04,M,1,65,M0149,CASH
NM-001685,28/02/2569 11:31,T01,L,2,65,,CARD
NM-001685,28/02/2569 11:31,B02,,1,50,,CARD
NM-001686,28/02/2569 11:35,C06,L,1,,M0800,QR
NM-001687,28/02/2569 11:47,C05,M,1,70,,QR
NM-001688,28/02/2569 13:16,C02,M,1,55,,QR
NM-001688,28/02/2569 13:16,B01,,1,55,,QR
NM-001689,28/02/2569 13:51,T03,M,1,50,,QR
NM-001690,28/02/2569 14:08,B04,,1,75,,CARD
NM-001691,28/02/2569 14:28,B04,,1,75,,CARD
NM-001692,28/02/2569 15:57,C02,M,1,55,,QR
NM-001692,28/02/2569 15:57,T02,M,1,70,,QR
NM-001693,28/02/2569 16:08,T02,L,1,80,,CASH
NM-001694,28/02/2569 16:13,T04,M,1,60,,QR
NM-001694,28/02/2569 16:13,T01,M,1,55,,QR
NM-001695,28/02/2569 16:23,B01,,1,55,,QR
NM-001696,28/02/2569 16:44,B02,,1,50,M0236,QR
NM-001697,28/02/2569 16:50,T05,M,1,60,,QR
NM-001698,28/02/2569 17:25,C02,S,1,45,M0411,CASH
NM-001698,28/02/2569 17:25,B01,,1,55,M0411,CASH
NM-001699,28/02/2569 18:09,T02,S,1,60,,CASH
NM-001700,28/02/2569 18:30,B02,,1,50,,QR
NM-001701,01/03/2569 07:25,C03,L,1,75,M0791,QR
NM-001702,01/03/2569 07:26,C04,M,1,65,,CASH
NM-001702,01/03/2569 07:26,C03,S,1,55,,CASH
NM-001703,01/03/2569 08:18,C03,S,3,55,M0642,CASH
NM-001703,01/03/2569 08:18,B03,,1,85,M0642,CASH
NM-001704,01/03/2569 09:21,B04,,1,75,,QR
NM-001705,01/03/2569 09:25,C03,M,1,,,CARD
NM-001705,01/03/2569 09:25,B03,,0,85,,CARD
NM-001706,01/03/2569 10:01,T03,M,1,50,,QR
NM-001707,01/03/2569 10:06,T02,M,1,70,M0777,QR
NM-001708,01/03/2569 10:11,T04,S,2,50,M0637,QR
NM-001709,01/03/2569 10:20,B01,,3,55,,CASH
NM-001710,01/03/2569 10:22,T03,M,1,50,,QR
NM-001710,01/03/2569 10:22,B04,,1,75,,QR
NM-001711,01/03/2569 10:41,T02,M,1,70,M0686,QR
NM-001712,01/03/2569 10:52,C05,M,1,70,M9311,QR
NM-001713,01/03/2569 10:52,C06,S,1,65,M0793,QR
NM-001714,01/03/2569 10:57,T01,L,1,65,,QR
NM-001714,01/03/2569 10:57,B02,,1,50,,QR
NM-001714,01/03/2569 10:57,C04,M,1,65,,QR
NM-001715,01/03/2569 11:11,B04,,1,75,,QR
NM-001716,01/03/2569 11:30,B02,,2,50,M0234,QR
NM-001717,01/03/2569 11:42,C02,M,1,55,M0596,QR
NM-001718,01/03/2569 11:58,T01,M,1,55,,QR
NM-001719,01/03/2569 12:21,T04,M,1,60,,QR
NM-001719,01/03/2569 12:21,T01,M,1,55,,QR
NM-001720,01/03/2569 13:08,T04,M,1,60,,QR
NM-001720,01/03/2569 13:08,T01,M,1,55,,QR
NM-001721,01/03/2569 13:24,C03,L,1,75,,CASH
NM-001722,01/03/2569 13:32,T03,L,1,,,CARD
NM-001723,01/03/2569 13:54,C06,S,1,65,,QR
NM-001724,01/03/2569 13:58,C04,L,1,75,M0233,QR
NM-001724,01/03/2569 13:58,T05,M,1,60,M0233,QR
NM-001725,01/03/2569 14:09,B04,,1,75,,QR
NM-001725,01/03/2569 14:09,C06,M,1,75,,QR
NM-001726,01/03/2569 14:40,T01,L,1,65,,QR
NM-001727,01/03/2569 15:13,C04,L,1,75,M0720,QR
NM-001727,01/03/2569 15:13,B04,,1,75,M0720,QR
NM-001728,01/03/2569 15:32,T03,S,2,40,,CASH
NM-001728,01/03/2569 15:32,B04,,1,75,,CASH
NM-001729,01/03/2569 15:38,T05,L,1,70,,QR
NM-001730,01/03/2569 16:10,T01,S,1,45,,QR
NM-001730,01/03/2569 16:10,B02,,1,50,,QR
NM-001731,01/03/2569 16:19,B02,,1,50,,CASH
NM-001732,01/03/2569 17:15,T02,M,1,70,,CARD
NM-001733,01/03/2569 17:59,T03,M,1,50,,QR
NM-001734,01/03/2569 18:23,T02,S,1,60,M0712,QR
NM-001735,01/03/2569 18:44,T05,M,1,60,M0150,QR
NM-001735,01/03/2569 18:44,T01,M,1,55,M0150,QR
NM-001736,01/03/2569 18:45,C05,L,100,80,,QR
NM-001737,02/03/2569 07:04,B02,,1,50,M0273,CARD
NM-001738,02/03/2569 08:47,C02,S,1,45,M0057,QR
NM-001739,02/03/2569 09:10,C02,L,2,65,,QR
NM-001740,02/03/2569 09:32,C02,S,2,45,,CASH
NM-001740,02/03/2569 09:32,B01,,1,55,,CASH
NM-001740,02/03/2569 09:32,C06,M,1,75,,CASH
NM-001741,02/03/2569 09:44,C02,S,3,45,M0123,CASH
NM-001742,02/03/2569 09:46,C02,M,-1,55,,QR
NM-001742,02/03/2569 09:46,B01,,1,55,,QR
NM-001743,02/03/2569 09:48,C02,M,2,55,M0782,QR
NM-001743,02/03/2569 09:48,B01,,1,55,M0782,QR
NM-001743,02/03/2569 09:48,C03,M,1,65,M0782,QR
NM-001744,02/03/2569 09:52,T02,M,1,70,M0549,QR
NM-001745,02/03/2569 10:19,B01,,1,55,,CARD
NM-001746,02/03/2569 10:30,T03,L,1,60,,QR
NM-001747,02/03/2569 11:47,C01,L,1,65,,QR
NM-001747,02/03/2569 11:47,B04,,1,75,,QR
NM-001748,02/03/2569 11:52,B03,,2,85,,QR
NM-001749,02/03/2569 12:24,T02,M,2,70,M0770,QR
NM-001749,02/03/2569 12:24,B01,,1,55,M0770,QR
NM-001750,02/03/2569 12:34,C03,M,1,65,M0468,QR
NM-001750,02/03/2569 12:34,B03,,1,85,M0468,QR
NM-001751,02/03/2569 12:51,C02,M,2,55,,QR
NM-001752,02/03/2569 13:20,C02,M,1,55,,QR
NM-001752,02/03/2569 13:20,B01,,1,55,,QR
NM-001753,02/03/2569 13:28,C05,M,2,70,M0245,QR
NM-001753,02/03/2569 13:28,C02,M,1,55,M0245,QR
NM-001754,02/03/2569 14:59,T01,M,2,55,M0392,QR
NM-001754,02/03/2569 14:59,B02,,1,50,M0392,QR
NM-001755,02/03/2569 15:43,C01,M,1,55,M0795,QR
NM-001755,02/03/2569 15:43,B01,,1,55,M0795,QR
NM-001755,02/03/2569 15:43,C06,M,1,75,M0795,QR
NM-001756,02/03/2569 16:21,C05,S,1,60,,QR
NM-001757,02/03/2569 16:31,C06,M,1,75,,QR
NM-001758,02/03/2569 16:39,T04,S,1,50,,QR
NM-001758,02/03/2569 16:39,B02,,1,50,,QR
NM-001759,02/03/2569 16:48,T01,M,1,55,,CASH
NM-001759,02/03/2569 16:48,B03,,1,85,,CASH
NM-001760,02/03/2569 17:47,C02,M,1,55,,CARD
NM-001761,02/03/2569 19:07,T01,S,1,45,,CARD
NM-001761,02/03/2569 19:07,B02,,1,50,,CARD
NM-001761,02/03/2569 19:07,T04,M,1,60,,CARD
NM-001762,03/03/2569 07:22,T01,M,1,,M0467,QR
NM-001763,03/03/2569 07:22,T02,M,1,70,,QR
NM-001763,03/03/2569 07:22,T05,L,1,70,,QR
NM-001764,03/03/2569 08:10,C04,S,1,55,,QR
NM-001765,03/03/2569 08:58,T02,M,1,70,,QR
NM-001766,03/03/2569 09:13,T01,S,1,45,,QR
NM-001766,03/03/2569 09:13,B02,,1,50,,QR
NM-001767,03/03/2569 09:56,C02,L,1,65,M0278,CASH
NM-001768,03/03/2569 10:00,B02,,2,50,,CASH
NM-001769,03/03/2569 10:15,T03,S,2,40,M0369,QR
NM-001770,03/03/2569 10:31,C06,M,2,75,,QR
NM-001771,03/03/2569 10:36,T04,M,1,60,,CASH
NM-001772,03/03/2569 10:42,T01,S,1,45,,CASH
NM-001772,03/03/2569 10:42,B02,,1,50,,CASH
NM-001773,03/03/2569 10:54,C01,M,2,55,,QR
NM-001774,03/03/2569 11:25,C03,L,1,75,,QR
NM-001774,03/03/2569 11:25,T04,L,1,70,,QR
NM-001775,03/03/2569 11:26,B02,,1,50,M0138,QR
NM-001776,03/03/2569 11:39,C05,M,1,70,,QR
NM-001777,03/03/2569 13:57,T04,S,2,50,M0081,CARD
NM-001778,03/03/2569 14:08,B01,,1,55,M0171,QR
NM-001779,03/03/2569 14:43,B01,,1,55,,QR
NM-001780,03/03/2569 14:57,C03,M,1,65,M0739,QR
NM-001781,03/03/2569 15:18,T03,M,1,50,,QR
NM-001782,03/03/2569 15:34,T03,M,1,50,,CASH
NM-001783,03/03/2569 15:44,B01,,2,55,,CARD
NM-001784,03/03/2569 16:03,C01,M,1,55,M0535,CARD
NM-001784,03/03/2569 16:03,B04,,1,75,M0535,CARD
NM-001785,03/03/2569 16:17,T02,M,1,70,,QR
NM-001786,03/03/2569 16:46,T02,M,1,70,,CASH
NM-001787,03/03/2569 16:58,C06,S,1,65,M0535,CARD
NM-001788,03/03/2569 17:24,T04,S,1,50,M0740,QR
NM-001788,03/03/2569 17:24,T01,S,1,45,M0740,QR
NM-001789,03/03/2569 17:28,T01,L,1,65,,CASH
NM-001790,03/03/2569 17:47,T04,L,1,70,M0442,QR
NM-001791,03/03/2569 18:53,T02,L,1,80,,CASH
NM-001791,03/03/2569 18:53,B03,,1,85,,CASH
NM-001792,04/03/2569 07:03,C01,L,1,65,,CARD
NM-001792,04/03/2569 07:03,B04,,1,75,,CARD
NM-001792,04/03/2569 07:03,B02,,1,50,,CARD
NM-001793,04/03/2569 07:59,T01,S,1,45,M0708,CARD
NM-001794,04/03/2569 08:28,C04,M,1,65,,CARD
NM-001795,04/03/2569 09:00,T01,M,1,55,M0137,QR
NM-001795,04/03/2569 09:00,B02,,1,50,M0137,QR
NM-001796,04/03/2569 09:05,T02,M,3,70,,CASH
NM-001797,04/03/2569 09:10,C06,S,1,65,,QR
NM-001797,04/03/2569 09:10,C03,M,1,65,,QR
NM-001798,04/03/2569 09:10,C02,M,1,55,M0618,CARD
NM-001799,04/03/2569 09:21,C04,,1,75,,CARD
NM-001800,04/03/2569 09:24,C03,M,1,65,M0444,CARD
NM-001801,04/03/2569 10:02,T05,M,2,60,,QR
NM-001802,04/03/2569 10:17,B02,,1,50,M0190,QR
NM-001803,04/03/2569 10:35,T04,M,1,60,,QR
NM-001803,04/03/2569 10:35,B04,,1,75,,QR
NM-001804,04/03/2569 10:48,C03,M,1,65,,QR
NM-001804,04/03/2569 10:48,T03,M,1,50,,QR
NM-001805,04/03/2569 11:36,T05,S,2,50,,QR
NM-001806,04/03/2569 12:42,C06,S,1,65,,QR
NM-001807,04/03/2569 15:05,T02,S,1,,M0702,CARD
NM-001808,04/03/2569 15:10,T02,M,1,70,,QR
NM-001809,04/03/2569 15:56,B02,,1,50,,CARD
NM-001810,04/03/2569 17:45,C03,S,1,55,,QR
NM-001810,04/03/2569 17:45,B03,,1,85,,QR
NM-001811,04/03/2569 19:10,T01,L,1,65,,QR
NM-001812,04/03/2569 19:24,T01,M,1,55,M0731,QR
NM-001813,05/03/2569 07:30,C02,M,1,55,,QR
NM-001814,05/03/2569 07:43,C02,M,1,55,,QR
NM-001815,05/03/2569 08:00,C02,S,1,45,,QR
NM-001815,05/03/2569 08:00,B01,,1,55,,QR
NM-001816,05/03/2569 08:03,C06,L,1,85,,QR
NM-001817,05/03/2569 08:05,T05,M,1,60,,QR
NM-001818,05/03/2569 08:15,B02,,1,50,,CARD
NM-001819,05/03/2569 08:42,T01,S,1,45,M0235,QR
NM-001820,05/03/2569 08:50,C02,M,1,55,M0743,CARD
NM-001821,05/03/2569 09:00,B04,,1,75,,QR
NM-001822,05/03/2569 09:33,T04,L,1,70,,QR
NM-001823,05/03/2569 11:05,T01,S,1,45,,QR
NM-001824,05/03/2569 11:29,C05,M,1,70,,CARD
NM-001825,05/03/2569 12:11,C05,S,1,60,,QR
NM-001826,05/03/2569 12:15,T02,L,2,80,,CASH
NM-001827,05/03/2569 13:02,B02,,1,,,CASH
NM-001828,05/03/2569 14:58,T05,L,2,70,M0409,QR
NM-001829,05/03/2569 15:00,C06,M,1,75,,QR
NM-001830,05/03/2569 15:06,T02,M,1,70,M0208,CASH
NM-001830,05/03/2569 15:06,C05,M,1,70,M0208,CASH
NM-001831,05/03/2569 15:19,C02,S,3,45,,QR
NM-001832,05/03/2569 15:23,B04,,1,75,,QR
NM-001833,05/03/2569 16:38,T01,M,1,55,,QR
NM-001833,05/03/2569 16:38,B02,,1,50,,QR
NM-001834,05/03/2569 16:41,T02,M,1,70,,QR
NM-001834,05/03/2569 16:41,B01,,1,55,,QR
NM-001835,05/03/2569 16:44,C05,L,1,80,,QR
NM-001835,05/03/2569 16:44,B04,,1,75,,QR
NM-001836,05/03/2569 16:45,T02,M,1,70,M0718,QR
NM-001836,05/03/2569 16:45,T03,S,1,40,M0718,QR
NM-001837,05/03/2569 17:36,T03,M,1,50,,QR
NM-001837,05/03/2569 17:36,T01,M,1,55,,QR
NM-001838,05/03/2569 17:58,C01,S,1,45,M0339,QR
NM-001838,05/03/2569 17:58,B04,,1,75,M0339,QR
NM-001839,05/03/2569 18:03,T01,S,1,45,M0498,QR
NM-001840,06/03/2569 08:18,T02,L,1,80,,CARD
NM-001841,06/03/2569 08:39,C06,M,1,75,M0444,QR
NM-001842,06/03/2569 09:29,B01,,1,55,,CASH
NM-001843,06/03/2569 09:39,C05,M,1,70,M0023,QR
NM-001843,06/03/2569 09:39,T04,M,1,60,M0023,QR
NM-001844,06/03/2569 09:54,C02,S,2,45,,QR
NM-001845,06/03/2569 10:23,B01,,1,55,,CARD
NM-001846,06/03/2569 10:28,B04,,1,75,M0090,CASH
NM-001847,06/03/2569 10:50,C04,M,2,65,,CARD
NM-001848,06/03/2569 11:16,T01,S,1,45,M0800,CASH
NM-001849,06/03/2569 13:09,C05,,1,70,,CASH
NM-001850,06/03/2569 13:09,B03,,1,85,,QR
NM-001851,06/03/2569 13:32,C06,M,1,75,,CARD
NM-001852,06/03/2569 13:49,C06,M,1,75,,QR
NM-001853,06/03/2569 14:12,C06,M,1,75,M0020,CASH
NM-001853,06/03/2569 14:12,B03,,1,85,M0020,CASH
NM-001854,06/03/2569 15:12,C03,L,2,75,M0793,QR
NM-001854,06/03/2569 15:12,B03,,1,85,M0793,QR
NM-001855,06/03/2569 15:25,B03,,2,85,,QR
NM-001856,06/03/2569 17:18,T01,M,1,55,M0055,CASH
NM-001856,06/03/2569 17:18,B03,,1,85,M0055,CASH
NM-001857,06/03/2569 18:34,T03,L,2,60,,CARD
NM-001857,06/03/2569 18:34,T04,M,1,60,,CARD
NM-001858,07/03/2569 07:11,T05,M,2,60,M0342,QR
NM-001858,07/03/2569 07:11,B01,,1,55,M0342,QR
NM-001859,07/03/2569 07:21,T04,L,1,70,M0553,QR
NM-001860,07/03/2569 08:14,C02,M,1,55,,CASH
NM-001861,07/03/2569 08:24,T01,L,1,65,,QR
NM-001862,07/03/2569 08:28,T01,M,1,55,M0532,QR
NM-001862,07/03/2569 08:28,C02,,1,65,M0532,QR
NM-001863,07/03/2569 08:52,C01,L,2,65,M0596,CASH
NM-001864,07/03/2569 09:11,C02,M,1,55,,QR
NM-001864,07/03/2569 09:11,B01,,1,55,,QR
NM-001864,07/03/2569 09:11,C03,M,1,65,,QR
NM-001865,07/03/2569 09:13,C04,M,1,65,,QR
NM-001866,07/03/2569 10:21,C06,S,1,65,,QR
NM-001866,07/03/2569 10:21,C02,M,1,55,,QR
NM-001867,07/03/2569 10:29,C03,M,1,65,M0342,QR
NM-001867,07/03/2569 10:29,B03,,1,85,M0342,QR
NM-001867,07/03/2569 10:29,C06,S,1,65,M0342,QR
NM-001868,07/03/2569 10:31,C06,M,1,75,M0797,QR
NM-001869,07/03/2569 10:32,C03,M,1,65,M0256,CARD
NM-001870,07/03/2569 10:38,B04,,1,75,M0059,CARD
NM-001871,07/03/2569 11:54,T02,M,1,70,M0205,CARD
NM-001872,07/03/2569 13:00,B02,,2,50,,QR
NM-001873,07/03/2569 14:34,T01,S,1,45,,CASH
NM-001874,07/03/2569 15:17,C03,L,1,75,,CARD
NM-001874,07/03/2569 15:17,T05,S,1,50,,CARD
NM-001875,07/03/2569 16:57,C04,L,1,75,M0770,QR
NM-001876,07/03/2569 16:58,T01,S,2,45,,CARD
NM-001877,07/03/2569 17:02,C05,M,1,70,,CARD
NM-001878,07/03/2569 17:02,C06,S,1,65,,CASH
NM-001878,07/03/2569 17:02,B02,,1,50,,CASH
NM-001879,07/03/2569 17:06,T04,L,1,70,M0443,QR
NM-001880,07/03/2569 17:32,C06,M,2,75,,QR
NM-001881,07/03/2569 18:01,T01,M,1,55,,CASH
NM-001882,07/03/2569 18:48,T01,M,1,55,,QR
NM-001882,07/03/2569 18:48,B02,,1,,,QR
NM-001883,07/03/2569 19:34,T04,M,1,60,M0291,QR
NM-001884,07/03/2569 19:44,T05,S,1,50,M0014,QR
NM-001884,07/03/2569 19:44,B03,,1,85,M0014,QR
NM-001885,08/03/2569 07:04,T05,S,1,50,,QR
NM-001886,08/03/2569 07:23,B03,,1,85,M0304,CASH
NM-001887,08/03/2569 07:57,T03,S,1,40,M0584,QR
NM-001887,08/03/2569 07:57,B01,,1,55,M0584,QR
NM-001888,08/03/2569 08:03,C02,S,1,45,M0452,QR
NM-001888,08/03/2569 08:03,B01,,1,55,M0452,QR
NM-001889,08/03/2569 08:08,C01,L,1,65,,QR
NM-001889,08/03/2569 08:08,T02,M,1,70,,QR
NM-001890,08/03/2569 08:10,C03,M,1,65,,QR
NM-001891,08/03/2569 08:21,T02,M,1,70,,QR
NM-001892,08/03/2569 08:52,B04,,1,75,M0321,CARD
NM-001892,08/03/2569 08:52,C03,M,1,65,M0321,CARD
NM-001893,08/03/2569 09:14,C03,L,1,75,,QR
NM-001894,08/03/2569 09:22,T04,M,1,60,M0398,CASH
NM-001895,08/03/2569 09:25,B04,,1,75,,QR
NM-001896,08/03/2569 10:00,C06,M,1,75,,QR
NM-001897,08/03/2569 10:56,C01,S,1,45,M0623,QR
NM-001897,08/03/2569 10:56,B04,,1,75,M0623,QR
NM-001898,08/03/2569 11:22,B04,,1,75,,QR
NM-001899,08/03/2569 11:46,C02,L,1,65,M0768,CASH
NM-001900,08/03/2569 12:04,C04,L,2,75,,CARD
NM-001901,08/03/2569 13:41,B01,,1,55,,CARD
NM-001902,08/03/2569 14:06,B03,,1,85,,CASH
NM-001903,08/03/2569 15:24,C02,M,2,55,M0075,CASH
NM-001904,08/03/2569 15:43,C04,M,1,65,,QR
NM-001905,08/03/2569 15:45,T05,M,1,60,,QR
NM-001906,08/03/2569 16:59,T01,S,2,45,,QR
NM-001906,08/03/2569 16:59,B02,,1,50,,QR
NM-001907,08/03/2569 17:57,C03,S,1,55,M0219,CARD
NM-001908,09/03/2569 05:19,B02,,1,50,M0504,QR
NM-001908,09/03/2569 05:19,B04,,1,75,M0504,QR
NM-001909,09/03/2569 07:57,C06,S,2,65,M046,QR
NM-001910,09/03/2569 08:12,T02,L,1,80,,CASH
NM-001911,09/03/2569 09:02,C03,M,1,65,,QR
NM-001912,09/03/2569 09:31,C02,M,1,55,,QR
NM-001912,09/03/2569 09:31,B03,,1,85,,QR
NM-001913,09/03/2569 09:34,C01,M,1,55,M0792,CASH
NM-001914,09/03/2569 09:36,C02,L,1,65,,QR
NM-001914,09/03/2569 09:36,B01,,1,55,,QR
NM-001915,09/03/2569 09:51,B02,,1,50,M0530,QR
NM-001916,09/03/2569 09:54,T02,S,1,60,,CARD
NM-001917,09/03/2569 10:56,T04,M,1,60,,CARD
NM-001918,09/03/2569 11:21,C02,M,1,55,,CARD
NM-001918,09/03/2569 11:21,B01,,1,55,,CARD
NM-001919,09/03/2569 12:36,T04,S,1,50,,CARD
NM-001919,09/03/2569 12:36,C03,M,1,65,,CARD
NM-001920,09/03/2569 12:43,B01,,1,55,,QR
NM-001921,09/03/2569 13:02,C03,L,1,75,M0154,QR
NM-001922,09/03/2569 13:02,T03,M,2,,M0353,CASH
NM-001923,09/03/2569 03:54,B01,,1,55,,QR
NM-001923,09/03/2569 03:54,B04,,1,75,,QR
NM-001924,09/03/2569 15:31,T02,M,3,70,M0203,CARD
NM-001925,09/03/2569 15:36,B01,,1,55,,QR
NM-001926,09/03/2569 15:43,T01,S,1,45,M0246,QR
NM-001927,09/03/2569 15:46,T04,M,1,60,,CARD
NM-001928,09/03/2569 15:58,T02,M,2,70,,QR
NM-001929,09/03/2569 16:47,T05,M,1,60,,QR
NM-001930,09/03/2569 17:02,T04,,1,60,,QR
NM-001931,09/03/2569 17:39,T01,L,1,65,M0468,QR
NM-001932,09/03/2569 17:43,C03,M,1,65,,QR
NM-001932,09/03/2569 17:43,B03,,1,,,QR
NM-001933,09/03/2569 17:50,T02,M,1,70,,CARD
NM-001934,09/03/2569 18:07,C03,S,1,55,M0427,CASH
NM-001935,10/03/2569 07:03,C02,S,1,45,,CASH
NM-001936,10/03/2569 07:17,C03,M,1,,M0111,QR
NM-001936,10/03/2569 07:17,B03,,1,85,M0111,QR
NM-001937,10/03/2569 07:26,C02,S,1,,,CASH
NM-001937,10/03/2569 07:26,B01,,1,55,,CASH
NM-001938,10/03/2569 07:36,C02,S,1,45,,CASH
NM-001939,10/03/2569 08:18,C06,M,1,75,M0010,CARD
NM-001940,10/03/2569 08:43,C01,L,1,65,,CARD
NM-001940,10/03/2569 08:43,B04,,1,75,,CARD
NM-001941,10/03/2569 08:55,T03,M,1,50,M0566,QR
NM-001942,10/03/2569 09:02,C04,L,1,75,,QR
NM-001943,10/03/2569 09:22,C04,S,2,55,M0560,CASH
NM-001944,10/03/2569 09:50,T02,S,1,60,,CARD
NM-001945,10/03/2569 09:56,C03,S,1,55,,CASH
NM-001946,10/03/2569 10:20,C03,L,1,75,,CASH
NM-001947,10/03/2569 10:38,C04,M,1,65,,QR
NM-001948,10/03/2569 10:57,C02,L,1,65,,CASH
NM-001948,10/03/2569 10:57,B01,,1,55,,CASH
NM-001949,10/03/2569 11:50,C01,M,1,55,M0657,QR
NM-001950,10/03/2569 14:41,C05,L,1,80,,QR
NM-001950,10/03/2569 14:41,B01,,1,55,,QR
NM-001951,10/03/2569 15:38,C05,M,1,70,,CARD
NM-001951,10/03/2569 15:38,B02,,1,50,,CARD
NM-001952,10/03/2569 15:43,T02,M,2,70,M0401,CASH
NM-001953,10/03/2569 16:55,C02,M,1,55,M0409,CARD
NM-001954,10/03/2569 17:24,T04,S,1,50,,QR
NM-001955,11/03/2569 08:02,C05,M,1,70,,CASH
NM-001956,11/03/2569 08:09,T03,M,1,50,M0445,CASH
NM-001956,11/03/2569 08:09,T01,L,1,65,M0445,CASH
NM-001957,11/03/2569 10:31,C05,M,1,70,,QR
NM-001958,11/03/2569 13:06,T01,S,1,45,,QR
NM-001959,11/03/2569 14:01,B03,,1,85,M0328,QR
NM-001960,11/03/2569 14:10,C03,M,2,65,,CARD
NM-001961,11/03/2569 14:30,T02,L,1,80,,CARD
NM-001961,11/03/2569 14:30,B03,,1,85,,CARD
NM-001962,11/03/2569 14:35,C03,M,1,65,,CASH
NM-001962,11/03/2569 14:35,B04,,1,75,,CASH
NM-001963,11/03/2569 14:38,B01,,1,55,M0478,QR
NM-001964,11/03/2569 14:47,T01,L,2,65,,QR
NM-001965,11/03/2569 14:52,C02,M,1,55,,QR
NM-001965,11/03/2569 14:52,B01,,1,55,,QR
NM-001966,11/03/2569 15:23,T01,L,1,65,M0657,QR
NM-001966,11/03/2569 15:23,B02,,1,50,M0657,QR
NM-001967,11/03/2569 15:23,B02,,1,50,M0226,QR
NM-001968,11/03/2569 15:25,C02,M,1,55,,QR
NM-001969,11/03/2569 15:59,T01,S,1,45,M177,QR
NM-001969,11/03/2569 15:59,C06,M,1,75,M177,QR
NM-001970,11/03/2569 16:01,C03,L,1,75,M0075,QR
NM-001970,11/03/2569 16:01,B03,,1,85,M0075,QR
NM-001971,11/03/2569 16:20,T05,S,1,50,M0686,CARD
NM-001972,11/03/2569 18:03,B01,,1,55,M0427,QR
NM-001973,11/03/2569 18:07,B02,,3,50,,QR
NM-001974,12/03/2569 07:23,T01,S,1,45,M0204,CASH
NM-001974,12/03/2569 07:23,B02,,1,50,M0204,CASH
NM-001975,12/03/2569 08:08,T01,,1,55,,CASH
NM-001975,12/03/2569 08:08,B02,,1,50,,CASH
NM-001976,12/03/2569 08:08,C03,M,2,6500,,CARD
NM-001976,12/03/2569 08:08,B03,,1,85,,CARD
NM-001976,12/03/2569 08:08,T02,M,1,70,,CARD
NM-001977,12/03/2569 08:25,C05,M,1,70,,CASH
NM-001977,12/03/2569 08:25,B01,,1,,,CASH
NM-001978,12/03/2569 08:27,C04,M,1,65,,QR
NM-001979,12/03/2569 08:53,T04,L,1,70,M0107,CASH
NM-001980,12/03/2569 10:10,T02,L,2,80,M0092,CASH
NM-001981,12/03/2569 10:28,T02,M,1,70,M0718,QR
NM-001982,12/03/2569 10:41,C05,S,2,60,,QR
NM-001983,12/03/2569 11:21,T03,M,1,50,M0201,CASH
NM-001984,12/03/2569 11:42,C02,L,1,65,,QR
NM-001984,12/03/2569 11:42,B01,,1,55,,QR
NM-001984,12/03/2569 11:42,C04,L,1,75,,QR
NM-001985,12/03/2569 12:09,T01,L,3,65,,CASH
NM-001985,12/03/2569 12:09,C05,M,1,70,,CASH
NM-001986,12/03/2569 12:45,C01,M,1,55,M0252,CARD
NM-001986,12/03/2569 12:45,B04,,1,75,M0252,CARD
NM-001987,12/03/2569 13:27,B04,,1,75,,QR
NM-001988,12/03/2569 13:43,C02,L,1,65,M0544,CASH
NM-001989,12/03/2569 14:26,T01,M,1,55,M0777,QR
NM-001989,12/03/2569 14:26,B02,,1,50,M0777,QR
NM-001990,12/03/2569 14:42,T04,M,2,60,,CARD
NM-001990,12/03/2569 14:42,B01,,1,55,,CARD
NM-001991,12/03/2569 15:08,T03,S,1,40,,CASH
NM-001992,12/03/2569 15:54,B03,,2,85,,QR
NM-001993,12/03/2569 16:30,T02,M,1,70,,CASH
NM-001994,12/03/2569 16:46,T05,M,1,60,M0069,CASH
NM-001995,12/03/2569 17:28,T01,M,3,55,M0498,QR
NM-001995,12/03/2569 17:28,B02,,1,50,M0498,QR
NM-001996,12/03/2569 18:32,T01,M,2,55,M0501,QR
NM-001996,12/03/2569 18:32,B02,,1,50,M0501,QR
NM-001997,13/03/2569 07:01,C04,S,1,55,,CASH
NM-001998,13/03/2569 08:42,B01,,1,55,,QR
NM-001999,13/03/2569 08:53,C02,S,1,45,M0319,QR
NM-002000,13/03/2569 09:37,T04,L,1,70,M0545,QR
NM-002000,13/03/2569 09:37,B02,,1,50,M0545,QR
NM-002001,13/03/2569 09:37,C03,L,1,75,,CASH
NM-002002,13/03/2569 09:49,C05,M,1,70,M0385,QR
NM-002003,13/03/2569 09:50,C03,M,1,65,,CARD
NM-002004,13/03/2569 09:51,B01,,1,55,,CARD
NM-002004,13/03/2569 09:51,C02,M,1,55,,CARD
NM-002005,13/03/2569 10:26,T05,S,1,50,,QR
NM-002006,13/03/2569 10:33,T05,S,1,50,,QR
NM-002006,13/03/2569 10:33,B04,,1,75,,QR
NM-002007,13/03/2569 11:04,C04,M,1,65,,QR
NM-002007,13/03/2569 11:04,B02,,1,50,,QR
NM-002008,13/03/2569 11:25,B02,,1,50,M0010,QR
NM-002009,13/03/2569 11:35,B01,,1,55,,CARD
NM-002010,13/03/2569 12:30,C03,M,2,65,,CASH
NM-002010,13/03/2569 12:30,B03,,1,85,,CASH
NM-002011,13/03/2569 12:36,T05,S,1,50,M0604,CASH
NM-002012,13/03/2569 15:20,C02,M,3,55,M0199,CARD
NM-002013,13/03/2569 16:09,B04,,3,75,,QR
NM-002014,13/03/2569 17:29,T03,M,2,50,,QR
NM-002015,13/03/2569 17:48,T04,M,1,60,M0242,QR
NM-002016,13/03/2569 18:00,C03,S,1,55,,CARD
NM-002016,13/03/2569 18:00,B03,,1,85,,CARD
NM-002017,13/03/2569 18:13,T05,L,1,70,,QR
NM-002017,13/03/2569 18:13,B03,,1,85,,QR
NM-002018,13/03/2569 19:18,B03,,2,85,,QR
NM-002019,14/03/2569 07:20,B03,,1,85,,CARD
NM-002020,14/03/2569 07:27,C03,L,1,75,M0251,QR
NM-002020,14/03/2569 07:27,B02,,1,50,M0251,QR
NM-002021,14/03/2569 07:56,B04,,2,75,,CARD
NM-002022,14/03/2569 08:14,T02,S,1,60,M0813,CASH
NM-002023,14/03/2569 08:19,C06,S,2,65,,CASH
NM-002023,14/03/2569 08:19,C04,S,1,55,,CASH
NM-002024,14/03/2569 08:30,C06,L,3,85,,CARD
NM-002024,14/03/2569 08:30,T01,M,1,55,,CARD
NM-002025,14/03/2569 08:39,T01,L,1,65,M0111,CASH
NM-002025,14/03/2569 08:39,B02,,1,50,M0111,CASH
NM-002026,14/03/2569 08:50,C04,L,1,75,,QR
NM-002027,14/03/2569 08:56,C03,M,1,65,M0484,CASH
NM-002028,14/03/2569 09:20,T01,S,1,45,M0518,CARD
NM-002028,14/03/2569 09:20,B02,,1,50,M0518,CARD
NM-002028,14/03/2569 09:20,B01,,1,55,M0518,CARD
NM-002029,14/03/2569 09:27,B02,,1,50,M0326,QR
NM-002030,14/03/2569 09:34,C03,M,1,65,,QR
NM-002031,14/03/2569 09:40,T03,M,1,50,,CARD
NM-002032,14/03/2569 09:44,C01,M,1,55,M0173,CARD
NM-002033,14/03/2569 09:46,T03,S,1,40,M0785,QR
NM-002033,14/03/2569 09:46,B03,,1,85,M0785,QR
NM-002034,14/03/2569 09:47,C05,M,1,70,,CASH
NM-002035,14/03/2569 09:57,T01,S,2,45,M0365,CARD
NM-002036,14/03/2569 10:24,T02,M,2,70,M0731,QR
NM-002037,14/03/2569 11:17,C01,S,1,45,,CASH
NM-002037,14/03/2569 11:17,C06,M,1,75,,CASH
NM-002038,14/03/2569 11:27,T01,M,1,55,M0226,CASH
NM-002039,14/03/2569 11:34,B01,,1,55,M0181,CASH
NM-002040,14/03/2569 12:12,T03,L,1,60,,CASH
NM-002041,14/03/2569 12:19,C02,M,2,55,,CASH
NM-002042,14/03/2569 12:55,C06,L,1,85,,CARD
NM-002042,14/03/2569 12:55,C04,M,1,65,,CARD
NM-002043,14/03/2569 13:27,C01,L,3,65,,CARD
NM-002044,14/03/2569 13:50,C06,L,1,85,,CASH
NM-002045,14/03/2569 14:39,T05,L,1,70,M0110,CASH
NM-002046,14/03/2569 15:05,B01,,1,55,,CASH
NM-002047,14/03/2569 15:21,B03,,1,85,M0317,QR
NM-002048,14/03/2569 15:23,C01,M,1,55,M0720,CASH
NM-002048,14/03/2569 15:23,B04,,1,75,M0720,CASH
NM-002049,14/03/2569 15:42,C04,M,1,65,,QR
NM-002050,14/03/2569 16:02,C02,S,1,45,,QR
NM-002050,14/03/2569 16:02,B01,,1,5500,,QR
NM-002051,14/03/2569 17:11,C04,M,1,65,M0020,CARD
NM-002052,14/03/2569 17:48,T01,L,1,65,M0419,CASH
NM-002052,14/03/2569 17:48,B02,,1,50,M0419,CASH
NM-002053,14/03/2569 18:19,T01,M,1,55,,CASH
NM-002054,14/03/2569 19:10,B02,,1,50,,CASH
NM-002055,14/03/2569 19:23,B01,,2,55,M0075,QR
NM-002056,15/03/2569 07:21,C04,S,1,55,,CARD
NM-002056,15/03/2569 07:21,B04,,1,75,,CARD
NM-002057,15/03/2569 08:02,C06,L,1,85,,QR
NM-002057,15/03/2569 08:02,C02,S,1,45,,QR
NM-002058,15/03/2569 08:18,B02,,1,50,M0488,QR
NM-002059,15/03/2569 08:34,C02,M,1,55,,QR
NM-002059,15/03/2569 08:34,B04,,1,75,,QR
NM-002060,15/03/2569 09:01,B01,,1,55,,CASH
NM-002060,15/03/2569 09:01,C02,S,1,45,,CASH
NM-002061,15/03/2569 09:07,B04,,1,75,M0101,CASH
NM-002062,15/03/2569 09:25,C02,M,1,55,M0498,CARD
NM-002063,15/03/2569 09:39,B02,,1,50,,CASH
NM-002064,15/03/2569 10:14,B03,,1,85,,CASH
NM-002065,15/03/2569 10:32,T02,S,1,60,,CARD
NM-002066,15/03/2569 10:35,C02,S,1,45,M0702,CARD
NM-002067,15/03/2569 10:51,B03,,2,85,,QR
NM-002068,15/03/2569 11:14,C03,M,1,65,M0454,QR
NM-002068,15/03/2569 11:14,B03,,1,85,M0454,QR
NM-002068,15/03/2569 11:14,B04,,1,75,M0454,QR
NM-002069,15/03/2569 13:10,B01,,1,55,,CASH
NM-002070,15/03/2569 13:46,B02,,1,50,,CARD
NM-002070,15/03/2569 13:46,T03,M,1,50,,CARD
NM-002071,15/03/2569 13:47,T01,L,1,65,M0765,QR
NM-002071,15/03/2569 13:47,B02,,1,50,M0765,QR
NM-002072,15/03/2569 13:48,C03,M,1,65,M0182,CASH
NM-002073,15/03/2569 14:39,T01,L,1,65,,QR
NM-002074,15/03/2569 15:36,B01,,1,55,,CARD
NM-002075,15/03/2569 15:37,C03,M,1,65,,QR
NM-002075,15/03/2569 15:37,B03,,1,85,,QR
NM-002076,15/03/2569 15:41,C03,L,1,75,M0154,QR
NM-002076,15/03/2569 15:41,B03,,1,85,M0154,QR
NM-002077,15/03/2569 16:33,T01,M,1,55,M0018,CASH
NM-002078,15/03/2569 16:55,T04,L,1,70,,QR
NM-002079,15/03/2569 16:56,T03,S,1,,,QR
NM-002079,15/03/2569 16:56,B02,,1,50,,QR
NM-002080,15/03/2569 17:16,T03,M,1,50,M0720,QR
NM-002081,15/03/2569 17:20,T02,,1,70,,QR
NM-002081,15/03/2569 17:20,B04,,1,75,,QR
NM-002082,15/03/2569 18:20,T03,S,1,40,,QR
NM-002083,15/03/2569 18:24,T02,L,1,80,,QR
NM-002083,15/03/2569 18:24,B02,,1,,,QR
NM-002084,15/03/2569 18:58,T03,M,1,50,M0786,QR
NM-002085,16/03/2569 07:19,C02,S,1,45,M0436,QR
NM-002085,16/03/2569 07:19,B01,,1,55,M0436,QR
NM-002086,16/03/2569 07:21,C01,S,1,45,,CARD
NM-002086,16/03/2569 07:21,B04,,1,75,,CARD
NM-002087,16/03/2569 07:27,T01,M,1,55,,CARD
NM-002087,16/03/2569 07:27,B02,,1,50,,CARD
NM-002088,16/03/2569 07:34,C04,M,1,65,M0333,CASH
NM-002088,16/03/2569 07:34,B01,,1,55,M0333,CASH
NM-002089,16/03/2569 08:14,T03,M,2,50,,QR
NM-002089,16/03/2569 08:14,B03,,1,85,,QR
NM-002090,16/03/2569 08:29,T02,M,1,70,,CASH
NM-002091,16/03/2569 08:44,C04,M,1,65,,QR
NM-002092,16/03/2569 09:03,C03,M,1,65,M0042,CASH
NM-002093,16/03/2569 09:10,C03,L,1,75,,QR
NM-002094,16/03/2569 09:12,B02,,1,50,,QR
NM-002095,16/03/2569 09:20,C02,M,1,55,,CARD
NM-002095,16/03/2569 09:20,C05,L,-1,80,,CARD
NM-002096,16/03/2569 09:29,C02,S,1,45,M0633,CASH
NM-002096,16/03/2569 09:29,B01,,1,55,M0633,CASH
NM-002097,16/03/2569 10:08,C02,M,1,55,M0204,CASH
NM-002098,16/03/2569 11:06,C02,M,1,55,,QR
NM-002098,16/03/2569 11:06,T01,M,1,55,,QR
NM-002099,16/03/2569 11:36,C03,M,1,65,,CARD
NM-002100,16/03/2569 11:36,C03,M,1,65,,QR
NM-002101,16/03/2569 13:35,B02,,100,50,,CASH
NM-002102,16/03/2569 13:35,T04,M,1,60,,QR
NM-002103,16/03/2569 13:49,T03,M,1,50,,CARD
NM-002104,16/03/2569 13:55,B04,,1,75,,CARD
NM-002104,16/03/2569 13:55,T02,S,1,60,,CARD
NM-002105,16/03/2569 14:25,C03,S,1,55,,QR
NM-002106,16/03/2569 14:35,C02,M,1,55,,CASH
NM-002107,16/03/2569 14:36,C03,S,1,55,M0256,QR
NM-002107,16/03/2569 14:36,B03,,1,85,M0256,QR
NM-002108,16/03/2569 14:54,T02,L,1,80,,QR
NM-002109,16/03/2569 15:12,T02,M,2,70,M0209,QR
NM-002109,16/03/2569 15:12,C02,L,1,65,M0209,QR
NM-002110,16/03/2569 17:54,C03,L,1,75,M0360,QR
NM-002111,16/03/2569 17:56,C03,M,2,65,M0363,CARD
NM-002112,17/03/2569 07:50,C01,S,1,45,M0745,QR
NM-002113,17/03/2569 08:05,C03,M,3,65,M0565,CASH
NM-002113,17/03/2569 08:05,B03,,1,85,M0565,CASH
NM-002114,17/03/2569 08:14,C01,S,1,45,,CASH
NM-002114,17/03/2569 08:14,B04,,1,75,,CASH
NM-002115,17/03/2569 08:19,C06,L,2,85,M0065,CARD
NM-002116,17/03/2569 08:56,C03,S,1,55,,CASH
NM-002116,17/03/2569 08:56,C03,S,1,55,,CASH
NM-002116,17/03/2569 08:56,B03,,1,85,,CASH
NM-002117,17/03/2569 09:35,C02,L,1,65,M0407,CARD
NM-002118,17/03/2569 09:43,C03,L,1,75,,QR
NM-002119,17/03/2569 09:43,C03,M,1,65,M0637,CASH
NM-002120,17/03/2569 09:49,C04,M,1,65,,QR
NM-002121,17/03/2569 09:53,C02,S,1,45,,CARD
NM-002122,17/03/2569 10:16,C04,,3,65,,CARD
NM-002123,17/03/2569 11:29,T03,M,1,50,M0802,CASH
NM-002124,17/03/2569 11:58,C01,S,3,45,,CARD
NM-002125,17/03/2569 12:34,T04,L,2,70,,QR
NM-002125,17/03/2569 12:34,B03,,1,85,,QR
NM-002126,17/03/2569 12:42,C06,M,1,75,M0097,QR
NM-002126,17/03/2569 12:42,C03,M,1,65,M0097,QR
NM-002127,17/03/2569 13:11,T05,L,1,70,,CARD
NM-002128,17/03/2569 13:39,T05,M,1,60,,QR
NM-002129,17/03/2569 14:06,T05,M,2,,,QR
NM-002129,17/03/2569 14:06,B03,,1,85,,QR
NM-002129,17/03/2569 14:06,B01,,1,55,,QR
NM-002130,17/03/2569 14:56,T03,L,1,60,,CARD
NM-002131,17/03/2569 14:59,B01,,1,55,M0409,QR
NM-002132,17/03/2569 17:09,C06,M,2,75,M0325,CARD
NM-002133,17/03/2569 18:52,T01,M,1,55,,QR
NM-002134,17/03/2569 18:55,C05,M,2,70,,QR
NM-002135,18/03/2569 07:25,C03,M,1,65,,QR
NM-002135,18/03/2569 07:25,B03,,1,85,,QR
NM-002136,18/03/2569 08:04,T01,M,1,55,,QR
NM-002137,18/03/2569 08:08,T03,S,2,40,,QR
NM-002138,18/03/2569 08:11,C02,M,1,55,,CASH
NM-002138,18/03/2569 08:11,B01,,1,55,,CASH
NM-002139,18/03/2569 08:36,T01,M,1,55,,CASH
NM-002140,18/03/2569 09:02,T01,S,1,45,M0776,QR
NM-002141,18/03/2569 09:05,C02,M,1,55,,CARD
NM-002141,18/03/2569 09:05,B01,,1,,,CARD
NM-002142,18/03/2569 10:09,B04,,1,75,,QR
NM-002143,18/03/2569 10:18,T01,M,1,55,,QR
NM-002144,18/03/2569 10:59,B04,,1,75,M0474,QR
NM-002145,18/03/2569 11:23,C02,M,1,55,,CARD
NM-002145,18/03/2569 11:23,B01,,1,55,,CARD
NM-002146,18/03/2569 11:54,C02,M,1,55,,QR
NM-002147,18/03/2569 12:03,T04,L,1,70,,QR
NM-002148,18/03/2569 12:32,T02,L,1,80,,QR
NM-002149,18/03/2569 13:03,C01,M,1,55,M0690,QR
NM-002150,18/03/2569 13:04,T01,S,1,45,M0640,QR
NM-002151,18/03/2569 13:39,B02,,1,50,M0291,QR
NM-002152,18/03/2569 13:54,C03,S,1,55,,QR
NM-002153,18/03/2569 14:27,C04,M,1,65,M0084,QR
NM-002153,18/03/2569 14:27,T03,M,1,50,M0084,QR
NM-002154,18/03/2569 15:25,C02,,1,65,M0474,CASH
NM-002154,18/03/2569 15:25,B01,,1,55,M0474,CASH
NM-002155,18/03/2569 16:25,T02,S,1,60,,CASH
NM-002155,18/03/2569 16:25,B04,,1,75,,CASH
NM-002156,18/03/2569 16:50,C03,L,1,,M0731,CARD
NM-002156,18/03/2569 16:50,B03,,1,85,M0731,CARD
NM-002157,18/03/2569 17:21,B03,,1,85,M0571,QR
NM-002158,18/03/2569 17:31,C03,S,1,55,M0454,CARD
NM-002159,18/03/2569 17:37,C02,S,1,45,,QR
NM-002160,18/03/2569 18:26,T03,L,1,60,,CASH
NM-002161,18/03/2569 18:33,T01,M,3,,,QR
NM-002162,19/03/2569 07:23,C02,S,1,45,,CASH
NM-002163,19/03/2569 08:03,C04,M,2,65,,QR
NM-002164,19/03/2569 08:32,T02,M,1,70,,CASH
NM-002164,19/03/2569 08:32,T01,L,1,65,,CASH
NM-002165,19/03/2569 08:38,B03,,2,85,M0348,QR
NM-002165,19/03/2569 08:38,C04,M,1,65,M0348,QR
NM-002166,19/03/2569 09:07,T04,M,1,,,QR
NM-002167,19/03/2569 09:15,T01,M,1,55,,CASH
NM-002168,19/03/2569 09:27,C02,S,1,45,M0365,QR
NM-002169,19/03/2569 09:29,C01,S,1,45,,CASH
NM-002169,19/03/2569 09:29,B04,,1,75,,CASH
NM-002170,19/03/2569 09:30,T01,M,1,55,M0652,QR
NM-002170,19/03/2569 09:30,B02,,1,50,M0652,QR
NM-002171,19/03/2569 09:59,C06,L,1,85,,CARD
NM-002172,19/03/2569 10:51,C01,L,1,65,M0532,QR
NM-002172,19/03/2569 10:51,B04,,1,75,M0532,QR
NM-002173,19/03/2569 10:54,C03,M,1,65,,CARD
NM-002173,19/03/2569 10:54,C01,L,1,65,,CARD
NM-002174,19/03/2569 11:25,C02,L,1,65,M0363,QR
NM-002175,19/03/2569 14:00,C03,M,1,65,M0565,CASH
NM-002176,19/03/2569 14:20,C02,M,1,55,,CARD
NM-002177,19/03/2569 14:50,T03,S,1,40,,QR
NM-002178,19/03/2569 16:13,C03,S,1,55,M0112,QR
NM-002178,19/03/2569 16:13,B03,,1,85,M0112,QR
NM-002179,19/03/2569 16:13,C04,L,1,75,,QR
NM-002180,19/03/2569 16:52,T02,S,1,60,,CASH
NM-002181,19/03/2569 19:52,B01,,1,55,M0786,QR
NM-002182,20/03/2569 07:04,C03,S,1,55,,QR
NM-002182,20/03/2569 07:04,B04,,1,75,,QR
NM-002183,20/03/2569 07:52,C06,S,1,65,,QR
NM-002184,20/03/2569 08:04,C05,S,1,60,M0581,QR
NM-002185,20/03/2569 08:48,B02,,1,50,,CASH
NM-002186,20/03/2569 09:01,T02,L,1,80,M0090,QR
NM-002187,20/03/2569 09:18,C01,L,1,65,M0330,CARD
NM-002187,20/03/2569 09:18,B03,,1,85,M0330,CARD
NM-002188,20/03/2569 09:23,T03,M,1,50,M0612,QR
NM-002189,20/03/2569 09:31,C05,S,1,60,M0603,CASH
NM-002190,20/03/2569 09:40,C03,M,1,65,,QR
NM-002191,20/03/2569 09:57,B01,,1,55,M0490,QR
NM-002192,20/03/2569 10:06,C04,S,1,,M0123,QR
NM-002193,20/03/2569 10:14,T01,M,1,55,,CARD
NM-002193,20/03/2569 10:14,B02,,1,50,,CARD
NM-002194,20/03/2569 10:25,C06,L,1,85,,CASH
NM-002195,20/03/2569 10:41,C04,S,1,55,,CASH
NM-002196,20/03/2569 10:45,C06,M,1,75,,CARD
NM-002197,20/03/2569 11:27,T01,L,1,65,,QR
NM-002197,20/03/2569 11:27,B02,,1,50,,QR
NM-002198,20/03/2569 11:46,C04,S,1,55,M0198,QR
NM-002198,20/03/2569 11:46,B04,,1,75,M0198,QR
NM-002199,20/03/2569 12:00,B01,,1,55,M0101,CASH
NM-002200,20/03/2569 12:08,B01,,1,55,,QR
NM-002201,20/03/2569 13:24,C01,M,1,55,M0342,QR
NM-002202,20/03/2569 13:38,T01,M,1,55,,QR
NM-002202,20/03/2569 13:38,B02,,1,,,QR
NM-002203,20/03/2569 15:13,T01,S,1,45,M0610,QR
NM-002204,20/03/2569 15:27,T01,M,1,55,M0604,QR
NM-002205,20/03/2569 17:15,C02,M,2,55,,CASH
NM-002206,20/03/2569 18:33,C01,M,1,55,,QR
NM-002206,20/03/2569 18:33,B04,,1,75,,QR
NM-002207,20/03/2569 18:34,C04,M,2,65,M0075,QR
NM-002208,21/03/2569 08:27,C04,M,1,65,,QR
NM-002208,21/03/2569 08:27,C01,M,1,55,,QR
NM-002209,21/03/2569 08:38,C06,M,1,75,,QR
NM-002210,21/03/2569 08:50,T02,,1,70,M0274,QR
NM-002211,21/03/2569 09:28,C02,S,1,45,M0057,CASH
NM-002211,21/03/2569 09:28,B01,,1,55,M0057,CASH
NM-002212,21/03/2569 09:36,C06,M,1,75,,CASH
NM-002212,21/03/2569 09:36,C03,M,1,65,,CASH
NM-002213,21/03/2569 10:02,C01,,1,45,M0325,QR
NM-002214,21/03/2569 10:23,C03,M,1,65,,QR
NM-002215,21/03/2569 10:48,C01,M,1,55,M0095,CARD
NM-002215,21/03/2569 10:48,B04,,1,75,M0095,CARD
NM-002216,21/03/2569 10:51,C01,S,2,45,M0171,QR
NM-002216,21/03/2569 10:51,B04,,1,75,M0171,QR
NM-002217,21/03/2569 11:55,C02,S,2,45,M0624,QR
NM-002217,21/03/2569 11:55,B01,,1,55,M0624,QR
NM-002217,21/03/2569 11:55,B01,,1,55,M0624,QR
NM-002218,21/03/2569 12:08,B02,,1,50,M0095,CASH
NM-002219,21/03/2569 12:23,T03,L,2,60,M0759,QR
NM-002220,21/03/2569 12:37,T02,M,1,70,,QR
NM-002220,21/03/2569 12:37,B01,,1,55,,QR
NM-002221,21/03/2569 12:45,C02,L,1,65,M0378,CARD
NM-002222,21/03/2569 12:58,T02,L,1,80,M0198,QR
NM-002223,21/03/2569 13:12,T01,M,1,55,,CARD
NM-002223,21/03/2569 13:12,B02,,1,50,,CARD
NM-002224,21/03/2569 13:41,B01,,1,55,M0367,QR
NM-002225,21/03/2569 13:45,T01,M,1,55,M0204,QR
NM-002225,21/03/2569 13:45,B02,,1,50,M0204,QR
NM-002226,21/03/2569 14:04,C04,S,1,55,,QR
NM-002227,21/03/2569 14:28,T05,M,1,60,,QR
NM-002228,21/03/2569 14:29,C02,M,1,55,,CASH
NM-002228,21/03/2569 14:29,B01,,1,55,,CASH
NM-002229,21/03/2569 14:35,T02,S,1,60,,CARD
NM-002230,21/03/2569 14:37,C03,L,1,75,,CASH
NM-002230,21/03/2569 14:37,B03,,1,85,,CASH
NM-002231,21/03/2569 14:46,T01,M,1,55,,CASH
NM-002232,21/03/2569 14:47,C02,M,1,55,M0243,QR
NM-002232,21/03/2569 14:47,B02,,1,50,M0243,QR
NM-002233,21/03/2569 15:11,B01,,2,55,M0042,QR
NM-002234,21/03/2569 15:35,C06,M,1,75,,CARD
NM-002235,21/03/2569 15:45,T04,L,3,70,M0804,CASH
NM-002236,21/03/2569 16:26,T04,L,1,70,,QR
NM-002237,21/03/2569 16:30,B01,,1,55,,QR
NM-002238,21/03/2569 16:57,T04,S,2,,,QR
NM-002238,21/03/2569 16:57,C03,S,1,55,,QR
NM-002239,21/03/2569 17:34,T01,M,1,55,,CARD
NM-002239,21/03/2569 17:34,B02,,1,50,,CARD
NM-002239,21/03/2569 17:34,B01,,1,55,,CARD
NM-002240,21/03/2569 18:02,T05,M,1,,,QR
NM-002241,21/03/2569 18:09,T02,M,1,70,M0006,CASH
NM-002242,21/03/2569 18:15,C03,S,2,55,,CARD
NM-002243,22/03/2569 08:07,B01,,1,55,,CARD
NM-002244,22/03/2569 08:26,T01,M,1,55,,CASH
NM-002244,22/03/2569 08:26,B02,,1,50,,CASH
NM-002244,22/03/2569 08:26,B01,,1,55,,CASH
NM-002245,22/03/2569 09:12,B04,,2,75,M0680,QR
NM-002246,22/03/2569 09:12,C06,S,1,65,M0686,QR
NM-002246,22/03/2569 09:12,C06,S,1,65,M0686,QR
NM-002247,22/03/2569 09:17,C02,S,1,45,,QR
NM-002247,22/03/2569 09:17,B01,,1,55,,QR
NM-002248,22/03/2569 09:28,B01,,1,55,,QR
NM-002248,22/03/2569 09:28,C03,M,1,65,,QR
NM-002249,22/03/2569 09:49,C04,M,1,65,,QR
NM-002250,22/03/2569 10:20,C04,L,1,75,,QR
NM-002251,22/03/2569 10:27,B01,,1,55,,CASH
NM-002252,22/03/2569 10:41,C04,M,2,65,,QR
NM-002253,22/03/2569 10:49,C06,S,1,65,,QR
NM-002253,22/03/2569 10:49,T05,M,1,60,,QR
NM-002254,22/03/2569 11:20,T04,M,1,60,,QR
NM-002254,22/03/2569 11:20,B02,,1,50,,QR
NM-002255,22/03/2569 11:27,C04,M,1,65,,CASH
NM-002256,22/03/2569 11:35,C04,M,3,65,M0205,QR
NM-002257,22/03/2569 11:57,B03,,1,85,,CARD
NM-002258,22/03/2569 13:36,T01,M,2,55,M0064,CASH
NM-002259,22/03/2569 13:40,T01,M,1,55,,CASH
NM-002259,22/03/2569 13:40,B02,,1,50,,CASH
NM-002260,22/03/2569 14:09,T01,L,1,65,,CARD
NM-002260,22/03/2569 14:09,B02,,1,50,,CARD
NM-002261,22/03/2569 14:40,C03,M,1,65,,CARD
NM-002261,22/03/2569 14:40,B03,,1,85,,CARD
NM-002262,22/03/2569 14:48,C02,M,100,55,,QR
NM-002263,22/03/2569 14:56,T02,S,1,60,,QR
NM-002264,22/03/2569 14:56,B01,,1,55,,QR
NM-002265,22/03/2569 15:07,C03,M,1,65,M0089,QR
NM-002266,22/03/2569 15:48,C02,M,1,55,,QR
NM-002267,22/03/2569 15:56,C05,L,1,80,M0260,CARD
NM-002268,22/03/2569 16:36,C03,M,0,65,M0378,QR
NM-002269,22/03/2569 16:51,T04,M,1,60,,QR
NM-002270,22/03/2569 17:45,T02,L,1,80,,QR
NM-002271,23/03/2569 07:42,B04,,2,75,M0474,QR
NM-002272,23/03/2569 07:48,C06,L,1,85,M0190,CARD
NM-002272,23/03/2569 07:48,C05,S,1,60,M0190,CARD
NM-002273,23/03/2569 08:15,C02,S,1,45,M0649,QR
NM-002273,23/03/2569 08:15,T03,M,1,50,M0649,QR
NM-002274,23/03/2569 08:27,C05,S,3,60,,QR
NM-002275,23/03/2569 08:32,C05,S,1,60,M0049,QR
NM-002276,23/03/2569 08:36,C06,M,1,75,M0471,QR
NM-002276,23/03/2569 08:36,B02,,1,50,M0471,QR
NM-002277,23/03/2569 08:37,C01,M,1,,,QR
NM-002278,23/03/2569 08:45,C04,M,1,65,,QR
NM-002279,23/03/2569 09:38,B02,,3,50,M0316,CARD
NM-002280,23/03/2569 09:39,C03,M,1,65,M0313,CARD
NM-002280,23/03/2569 09:39,B03,,1,85,M0313,CARD
NM-002281,23/03/2569 09:48,C05,M,2,70,,CASH
NM-002282,23/03/2569 10:25,C06,M,1,75,,QR
NM-002283,23/03/2569 10:36,C01,L,3,65,M0246,CARD
NM-002283,23/03/2569 10:36,B01,,1,55,M0246,CARD
NM-002284,23/03/2569 10:39,B01,,1,55,,CASH
NM-002284,23/03/2569 10:39,C03,S,1,55,,CASH
NM-002285,23/03/2569 12:03,T02,M,1,70,,QR
NM-002285,23/03/2569 12:03,C04,S,1,55,,QR
NM-002286,23/03/2569 12:11,C03,M,1,65,M0209,CARD
NM-002287,23/03/2569 12:12,C05,L,1,80,M0563,QR
NM-002287,23/03/2569 12:12,C02,L,1,65,M0563,QR
NM-002288,23/03/2569 14:27,T04,M,1,60,,QR
NM-002289,23/03/2569 14:46,C05,M,1,70,,QR
NM-002290,23/03/2569 15:09,B04,,1,75,M0489,CASH
NM-002291,23/03/2569 15:23,C06,S,1,65,,QR
NM-002292,23/03/2569 15:34,C02,S,1,45,M0209,QR
NM-002293,23/03/2569 15:59,C04,M,1,65,,CASH
NM-002294,23/03/2569 16:31,B01,,1,55,,CARD
NM-002295,23/03/2569 16:52,T04,M,1,60,,QR
NM-002296,23/03/2569 17:58,T02,M,1,70,,QR
NM-002297,23/03/2569 19:58,T03,S,1,40,,QR
NM-002297,23/03/2569 19:58,T03,S,1,40,,QR
NM-002297,23/03/2569 19:58,B02,,1,50,,QR
NM-002298,24/03/2569 07:16,C06,M,2,75,,QR
NM-002299,24/03/2569 08:09,C03,M,1,65,,QR
NM-002300,24/03/2569 08:33,T02,M,2,70,,CASH
NM-002300,24/03/2569 08:33,B04,,1,75,,CASH
NM-002301,24/03/2569 08:39,C06,L,1,85,,QR
NM-002302,24/03/2569 08:48,C01,M,1,55,,QR
NM-002303,24/03/2569 09:04,C01,S,1,45,M0596,QR
NM-002303,24/03/2569 09:04,C02,M,1,55,M0596,QR
NM-002304,24/03/2569 09:31,T04,M,1,60,,QR
NM-002305,24/03/2569 09:32,C03,L,1,75,M0513,QR
NM-002306,24/03/2569 09:40,C02,M,1,55,,CARD
NM-002306,24/03/2569 09:40,B01,,1,55,,CARD
NM-002306,24/03/2569 09:40,T04,L,1,70,,CARD
NM-002307,24/03/2569 09:56,B02,,2,50,M0076,QR
NM-002308,24/03/2569 10:13,C03,L,1,75,M0058,QR
NM-002309,24/03/2569 10:39,C04,L,1,75,,CASH
NM-002310,24/03/2569 10:56,C03,M,1,65,,QR
NM-002311,24/03/2569 11:21,C03,S,2,55,,QR
NM-002311,24/03/2569 11:21,B04,,1,75,,QR
NM-002312,24/03/2569 11:33,C02,L,1,65,,QR
NM-002312,24/03/2569 11:33,B01,,1,55,,QR
NM-002313,24/03/2569 14:09,C05,M,1,70,M0182,QR
NM-002314,24/03/2569 14:16,T01,M,3,55,M0223,CARD
NM-002315,24/03/2569 14:50,C02,M,1,55,,QR
NM-002316,24/03/2569 15:21,B04,,1,75,,QR
NM-002316,24/03/2569 15:21,C06,S,1,65,,QR
NM-002317,24/03/2569 15:22,T03,S,1,40,,CARD
NM-002317,24/03/2569 15:22,T02,M,1,70,,CARD
NM-002318,24/03/2569 15:27,B01,,1,55,M0279,QR
NM-002319,24/03/2569 16:13,C02,S,2,45,M0718,QR
NM-002319,24/03/2569 16:13,B01,,1,55,M0718,QR
NM-002320,24/03/2569 16:30,T01,M,1,55,,QR
NM-002320,24/03/2569 16:30,B02,,1,50,,QR
NM-002321,24/03/2569 16:32,C06,M,1,75,M0317,QR
NM-002322,24/03/2569 17:25,T01,L,2,65,,CASH
NM-002322,24/03/2569 17:25,B02,,1,50,,CASH
NM-002323,24/03/2569 19:03,T04,S,1,50,,QR
NM-002324,25/03/2569 07:21,C03,L,1,75,M0694,CARD
NM-002325,25/03/2569 07:54,C06,M,3,75,,QR
NM-002326,25/03/2569 08:13,C02,M,1,55,,CASH
NM-002326,25/03/2569 08:13,B01,,1,55,,CASH
NM-002327,25/03/2569 08:26,T01,M,3,55,M0296,CARD
NM-002328,25/03/2569 08:42,C06,M,1,75,M0027,CASH
NM-002329,25/03/2569 08:52,C04,L,1,75,,CASH
NM-002329,25/03/2569 08:52,B02,,1,,,CASH
NM-002330,25/03/2569 08:57,C06,M,1,75,M0198,QR
NM-002330,25/03/2569 08:57,T01,,1,55,M0198,QR
NM-002331,25/03/2569 09:05,C02,M,2,55,M0502,CARD
NM-002331,25/03/2569 09:05,B01,,1,55,M0502,CARD
NM-002332,25/03/2569 09:10,T01,M,1,55,M0171,QR
NM-002333,25/03/2569 09:13,T01,L,1,65,M0736,QR
NM-002333,25/03/2569 09:13,B02,,1,50,M0736,QR
NM-002334,25/03/2569 09:26,C02,M,1,55,,CASH
NM-002335,25/03/2569 09:29,C02,M,1,55,,CASH
NM-002335,25/03/2569 09:29,B01,,1,55,,CASH
NM-002336,25/03/2569 09:31,C03,S,1,55,M0553,QR
NM-002337,25/03/2569 09:37,C06,M,2,75,,QR
NM-002338,25/03/2569 10:11,T02,M,1,70,M0094,CARD
NM-002339,25/03/2569 10:58,C03,L,2,75,,CASH
NM-002339,25/03/2569 10:58,B03,,1,85,,CASH
NM-002340,25/03/2569 12:58,B03,,1,85,,QR
NM-002341,25/03/2569 13:09,B01,,1,55,M0463,CASH
NM-002342,25/03/2569 13:49,B02,,1,50,,QR
NM-002343,25/03/2569 14:40,B01,,1,55,M0566,CASH
NM-002344,25/03/2569 14:51,C02,S,1,45,,CASH
NM-002344,25/03/2569 14:51,B01,,1,55,,CASH
NM-002345,25/03/2569 14:54,T04,M,1,60,,QR
NM-002345,25/03/2569 14:54,C03,M,1,65,,QR
NM-002346,25/03/2569 16:14,T02,M,1,70,M0415,CARD
NM-002347,25/03/2569 17:01,T01,M,1,55,,QR
NM-002347,25/03/2569 17:01,B02,,1,50,,QR
NM-002348,25/03/2569 17:17,T04,S,1,50,,CASH
NM-002349,25/03/2569 17:48,T01,S,2,45,M0001,QR
NM-002349,25/03/2569 17:48,B02,,1,50,M0001,QR
NM-002350,25/03/2569 19:22,C01,L,1,65,,QR
NM-002351,25/03/2569 19:39,C03,M,1,65,M0236,QR
NM-002351,25/03/2569 19:39,B03,,1,85,M0236,QR
NM-002351,25/03/2569 19:39,B01,,1,55,M0236,QR
NM-002352,26/03/2569 07:34,T05,M,1,60,,QR
NM-002352,26/03/2569 07:34,B01,,1,55,,QR
NM-002353,26/03/2569 08:11,C04,M,1,65,,CARD
NM-002354,26/03/2569 09:07,C02,S,1,45,,CASH
NM-002354,26/03/2569 09:07,B01,,1,55,,CASH
NM-002355,26/03/2569 09:16,C03,M,1,65,,CASH
NM-002356,26/03/2569 09:16,C01,M,2,55,,CARD
NM-002356,26/03/2569 09:16,B04,,1,75,,CARD
NM-002357,26/03/2569 09:42,C02,M,1,55,,CARD
NM-002358,26/03/2569 10:11,C03,L,2,75,,CASH
NM-002358,26/03/2569 10:11,B03,,1,85,,CASH
NM-002358,26/03/2569 10:11,B01,,1,55,,CASH
NM-002359,26/03/2569 10:13,C03,M,1,65,,CASH
NM-002359,26/03/2569 10:13,B04,,1,75,,CASH
NM-002360,26/03/2569 10:39,C03,M,1,65,M0596,CASH
NM-002360,26/03/2569 10:39,B03,,1,85,M0596,CASH
NM-002361,26/03/2569 11:34,B01,,1,55,,QR
NM-002362,26/03/2569 11:48,B01,,3,55,,QR
NM-002363,26/03/2569 14:39,T04,L,1,70,M0144,CARD
NM-002363,26/03/2569 14:39,B04,,1,75,M0144,CARD
NM-002364,26/03/2569 14:52,T03,S,1,40,M0618,CASH
NM-002365,26/03/2569 15:39,T05,S,1,50,,QR
NM-002366,26/03/2569 16:14,T01,S,1,45,,CASH
NM-002366,26/03/2569 16:14,B02,,1,50,,CASH
NM-002367,26/03/2569 16:42,C02,M,1,55,,QR
NM-002368,26/03/2569 16:44,C04,M,1,65,M0704,CASH
NM-002369,26/03/2569 17:52,T04,M,1,60,,CARD
NM-002370,26/03/2569 18:51,T05,L,1,70,,CASH
NM-002371,27/03/2569 08:23,C04,M,100,65,,QR
NM-002371,27/03/2569 08:23,C04,M,100,65,,QR
NM-002371,27/03/2569 08:23,B01,,1,55,,QR
NM-002372,27/03/2569 08:37,T05,L,2,70,,QR
NM-002372,27/03/2569 08:37,C02,M,1,55,,QR
NM-002373,27/03/2569 08:39,C01,M,1,55,,CARD
NM-002373,27/03/2569 08:39,B04,,1,75,,CARD
NM-002374,27/03/2569 08:46,T02,S,1,60,M0470,CASH
NM-002375,27/03/2569 09:06,C01,M,1,55,M0123,CARD
NM-002376,27/03/2569 09:09,T05,L,1,70,,QR
NM-002377,27/03/2569 09:41,C04,M,2,65,,CARD
NM-002378,27/03/2569 09:43,C02,L,1,65,,CARD
NM-002378,27/03/2569 09:43,B01,,1,55,,CARD
NM-002379,27/03/2569 09:46,T01,M,1,55,,CARD
NM-002379,27/03/2569 09:46,B03,,1,85,,CARD
NM-002380,27/03/2569 09:57,T01,M,31,55,,CARD
NM-002381,27/03/2569 10:11,C05,S,2,,M0644,QR
NM-002382,27/03/2569 10:41,T01,L,1,65,,CASH
NM-002383,27/03/2569 11:35,B02,,2,50,,CASH
NM-002384,27/03/2569 11:53,C03,M,1,65,,QR
NM-002385,27/03/2569 12:17,T03,S,2,,M0652,QR
NM-002386,27/03/2569 13:01,C04,M,1,65,,CASH
NM-002387,27/03/2569 13:48,C03,S,1,55,,QR
NM-002387,27/03/2569 13:48,B03,,1,85,,QR
NM-002388,27/03/2569 14:35,T01,M,1,55,,CARD
NM-002389,27/03/2569 14:54,C02,M,1,55,M0406,CASH
NM-002390,27/03/2569 14:56,T04,S,3,50,,CARD
NM-002391,27/03/2569 15:16,T01,S,1,45,M0375,QR
NM-002391,27/03/2569 15:16,B02,,1,50,M0375,QR
NM-002392,27/03/2569 15:55,C03,M,3,65,,QR
NM-002392,27/03/2569 15:55,B03,,1,85,,QR
NM-002393,27/03/2569 16:01,T03,M,1,50,M0020,QR
NM-002393,27/03/2569 16:01,B02,,1,50,M0020,QR
NM-002394,27/03/2569 16:41,C03,S,3,55,M0073,QR
NM-002394,27/03/2569 16:41,B01,,1,55,M0073,QR
NM-002395,27/03/2569 17:05,T03,S,1,40,,QR
NM-002396,27/03/2569 18:15,T01,L,1,65,,QR
NM-002396,27/03/2569 18:15,B02,,1,50,,QR
NM-002397,27/03/2569 19:08,B01,,1,55,M0060,QR
NM-002398,28/03/2569 07:03,C02,S,1,45,M0198,QR
NM-002399,28/03/2569 07:17,T02,M,1,70,M0217,QR
NM-002400,28/03/2569 07:17,T04,M,1,60,,QR
NM-002401,28/03/2569 07:52,C03,L,3,75,M0490,QR
NM-002401,28/03/2569 07:52,B03,,1,85,M0490,QR
NM-002402,28/03/2569 08:05,C04,L,1,75,M0075,CARD
NM-002403,28/03/2569 08:38,C06,M,1,75,M0708,QR
NM-002404,28/03/2569 09:11,C02,M,1,55,,QR
NM-002405,28/03/2569 09:34,T03,M,2,50,M0781,CASH
NM-002406,28/03/2569 09:36,B03,,1,85,,QR
NM-002407,28/03/2569 09:36,C03,M,1,65,,QR
NM-002407,28/03/2569 09:36,B03,,1,85,,QR
NM-002408,28/03/2569 09:45,C02,M,2,55,M0642,QR
NM-002409,28/03/2569 10:21,C06,M,1,75,M0350,QR
NM-002409,28/03/2569 10:21,C03,M,1,,M0350,QR
NM-002410,28/03/2569 10:27,C03,L,1,75,,CASH
NM-002410,28/03/2569 10:27,B03,,1,,,CASH
NM-002411,28/03/2569 10:42,C02,M,1,55,M0531,QR
NM-002412,28/03/2569 11:19,C03,M,1,65,,CARD
NM-002412,28/03/2569 11:19,B02,,1,,,CARD
NM-002413,28/03/2569 11:38,C06,M,2,75,M0586,CASH
NM-002414,28/03/2569 12:19,C04,L,1,75,,QR
NM-002415,28/03/2569 12:26,C06,S,1,65,M0659,QR
NM-002416,28/03/2569 13:03,T02,L,1,80,,QR
NM-002417,28/03/2569 13:34,B02,,1,50,,QR
NM-002418,28/03/2569 13:40,C06,S,1,65,,QR
NM-002419,28/03/2569 13:54,C05,M,1,,M0689,QR
NM-002420,28/03/2569 14:17,B02,,1,50,M0792,QR
NM-002421,28/03/2569 14:26,C01,M,1,55,,CASH
NM-002421,28/03/2569 14:26,B04,,1,75,,CASH
NM-002421,28/03/2569 14:26,C02,M,1,55,,CASH
NM-002422,28/03/2569 14:54,T02,M,1,70,M0662,CARD
NM-002422,28/03/2569 14:54,B01,,1,55,M0662,CARD
NM-002423,28/03/2569 15:04,C05,S,1,60,M0171,QR
NM-002424,28/03/2569 15:29,T02,S,1,60,,QR
NM-002425,28/03/2569 16:12,T01,M,1,55,,CARD
NM-002425,28/03/2569 16:12,B02,,1,50,,CARD
NM-002426,28/03/2569 16:35,T02,S,1,60,,CASH
NM-002427,28/03/2569 16:36,C03,M,1,65,,CASH
NM-002428,28/03/2569 16:56,B02,,1,50,M0689,CASH
NM-002429,28/03/2569 18:09,T04,M,1,60,,QR
NM-002429,28/03/2569 18:09,B04,,1,75,,QR
NM-002430,28/03/2569 18:40,C01,S,1,45,,QR
NM-002430,28/03/2569 18:40,B04,,1,75,,QR
NM-002431,28/03/2569 19:05,B01,,2,55,M0392,CARD
NM-002432,29/03/2569 07:47,C04,M,1,65,,QR
NM-002433,29/03/2569 07:53,T02,L,1,80,,QR
NM-002433,29/03/2569 07:53,B04,,1,75,,QR
NM-002434,29/03/2569 08:05,C03,S,2,55,,CASH
NM-002434,29/03/2569 08:05,B03,,1,85,,CASH
NM-002435,29/03/2569 08:28,C05,M,2,70,,CASH
NM-002436,29/03/2569 08:55,T05,M,1,60,,CASH
NM-002437,29/03/2569 09:00,C02,M,1,55,M0498,QR
NM-002437,29/03/2569 09:00,B01,,1,55,M0498,QR
NM-002438,29/03/2569 09:33,T01,M,1,55,,QR
NM-002439,29/03/2569 09:42,C05,M,1,70,M0407,QR
NM-002440,29/03/2569 09:49,C06,S,3,65,,CASH
NM-002440,29/03/2569 09:49,C03,S,1,55,,CASH
NM-002441,29/03/2569 09:49,T04,M,1,60,,QR
NM-002442,29/03/2569 10:03,B03,,1,85,M0731,QR
NM-002443,29/03/2569 10:14,T04,M,1,60,M0156,QR
NM-002444,29/03/2569 10:15,C04,L,1,75,M0198,QR
NM-002445,29/03/2569 10:17,T01,M,1,55,,QR
NM-002445,29/03/2569 10:17,B02,,1,50,,QR
NM-002446,29/03/2569 10:38,C03,L,2,75,M0623,QR
NM-002446,29/03/2569 10:38,B03,,1,85,M0623,QR
NM-002447,29/03/2569 10:41,B01,,1,55,,QR
NM-002447,29/03/2569 10:41,C02,M,1,55,,QR
NM-002448,29/03/2569 11:12,C01,L,3,65,,QR
NM-002448,29/03/2569 11:12,B04,,1,75,,QR
NM-002449,29/03/2569 11:15,T02,L,1,80,M0353,QR
NM-002450,29/03/2569 11:47,B01,,1,55,,CASH
NM-002450,29/03/2569 11:47,T02,S,1,60,,CASH
NM-002451,29/03/2569 12:08,B04,,2,75,,QR
NM-002452,29/03/2569 12:21,T02,S,1,60,,CASH
NM-002452,29/03/2569 12:21,B03,,1,85,,CASH
NM-002453,29/03/2569 12:23,C02,L,1,65,,CASH
NM-002453,29/03/2569 12:23,B01,,1,55,,CASH
NM-002453,29/03/2569 12:23,T02,M,1,,,CASH
NM-002454,29/03/2569 13:06,C03,L,1,75,,CARD
NM-002455,29/03/2569 13:38,T05,M,1,60,M0416,QR
NM-002455,29/03/2569 13:38,B01,,1,55,M0416,QR
NM-002456,29/03/2569 13:41,T02,M,1,70,,QR
NM-002457,29/03/2569 13:42,T03,S,1,40,M0605,QR
NM-002458,29/03/2569 13:48,B01,,1,55,M0468,CASH
NM-002459,29/03/2569 13:52,C04,L,1,75,,QR
NM-002460,29/03/2569 14:06,C06,S,1,65,,QR
NM-002461,29/03/2569 14:07,C06,M,1,75,,CARD
NM-002462,29/03/2569 15:01,C03,M,2,65,,CARD
NM-002463,29/03/2569 15:06,C03,M,1,65,,CASH
NM-002463,29/03/2569 15:06,B03,,1,85,,CASH
NM-002464,29/03/2569 15:32,C03,S,3,55,,CARD
NM-002464,29/03/2569 15:32,B03,,1,85,,CARD
NM-002464,29/03/2569 15:32,B02,,1,50,,CARD
NM-002465,29/03/2569 15:59,B02,,2,50,M0089,QR
NM-002466,29/03/2569 16:03,T03,M,1,50,,QR
NM-002467,29/03/2569 16:13,C03,S,1,55,,CASH
NM-002467,29/03/2569 16:13,C06,M,1,75,,CASH
NM-002468,29/03/2569 16:43,B03,,1,85,,QR
NM-002469,29/03/2569 16:46,C04,M,1,65,M0107,CASH
NM-002469,29/03/2569 16:46,T05,L,1,70,M0107,CASH
NM-002470,29/03/2569 17:43,B01,,1,55,,QR
NM-002471,29/03/2569 18:27,C06,,1,85,,CARD
NM-002472,29/03/2569 18:54,B03,,1,85,,CASH
NM-002473,29/03/2569 19:23,B02,,1,50,,QR
NM-002473,29/03/2569 19:23,T05,L,1,70,,QR
NM-002474,30/03/2569 07:03,C06,L,1,85,M0232,CASH
NM-002474,30/03/2569 07:03,B03,,1,85,M0232,CASH
NM-002475,30/03/2569 07:05,C03,M,1,65,,CARD
NM-002476,30/03/2569 08:49,C06,L,1,85,M0521,QR
NM-002477,30/03/2569 08:53,T01,S,1,45,,QR
NM-002477,30/03/2569 08:53,B04,,1,75,,QR
NM-002477,30/03/2569 08:53,C06,L,1,85,,QR
NM-002478,30/03/2569 09:01,C05,M,1,70,M0289,QR
NM-002479,30/03/2569 09:02,C02,S,1,45,,QR
NM-002479,30/03/2569 09:02,B01,,1,55,,QR
NM-002479,30/03/2569 09:02,C06,M,1,75,,QR
NM-002480,30/03/2569 09:10,T02,S,1,60,M0356,CASH
NM-002481,30/03/2569 09:20,C02,L,1,65,,QR
NM-002482,30/03/2569 09:36,C04,S,1,55,,QR
NM-002483,30/03/2569 10:01,T05,M,1,60,M0331,QR
NM-002484,30/03/2569 10:20,T04,L,1,70,,QR
NM-002485,30/03/2569 10:26,B03,,1,85,M0235,CARD
NM-002486,30/03/2569 10:33,C05,S,1,,M0775,QR
NM-002487,30/03/2569 11:02,C04,L,1,75,M0275,CASH
NM-002488,30/03/2569 11:03,C04,L,1,75,,CARD
NM-002489,30/03/2569 11:28,C02,M,1,55,,QR
NM-002490,30/03/2569 11:44,C06,M,1,75,M0382,CARD
NM-002491,30/03/2569 13:19,B03,,1,85,M0480,CARD
NM-002492,30/03/2569 13:37,B03,,1,85,M0358,CASH
NM-002493,30/03/2569 14:04,T01,M,1,55,,CASH
NM-002493,30/03/2569 14:04,B02,,1,50,,CASH
NM-002494,30/03/2569 14:28,T05,M,1,60,,QR
NM-002495,30/03/2569 14:48,B02,,1,50,M0434,QR
NM-002496,30/03/2569 14:55,T04,M,2,60,,CASH
NM-002497,30/03/2569 16:12,B03,,1,85,,CASH
NM-002498,30/03/2569 16:54,B02,,2,50,M0782,QR
NM-002499,30/03/2569 17:59,T02,L,3,80,,CASH
NM-002499,30/03/2569 17:59,B01,,1,55,,CASH
NM-002500,30/03/2569 18:22,C02,L,1,65,M0072,QR
NM-002501,30/03/2569 18:37,T02,M,3,70,M0634,QR
NM-002502,30/03/2569 19:28,C02,M,1,55,M0636,QR
NM-002502,30/03/2569 19:28,B01,,1,55,M0636,QR
NM-002502,30/03/2569 19:28,T03,M,1,50,M0636,QR
NM-002503,31/03/2569 07:04,T02,L,1,80,M0275,CASH
NM-002503,31/03/2569 07:04,B02,,1,50,M0275,CASH
NM-002504,31/03/2569 07:51,T01,S,1,45,,QR
NM-002504,31/03/2569 07:51,B02,,1,50,,QR
NM-002505,31/03/2569 08:18,C04,L,1,75,,QR
NM-002506,31/03/2569 08:37,C03,M,33,65,,CARD
NM-002507,31/03/2569 08:41,C02,M,1,55,,QR
NM-002507,31/03/2569 08:41,B01,,1,55,,QR
NM-002508,31/03/2569 08:54,C03,S,1,55,M0360,CASH
NM-002508,31/03/2569 08:54,B03,,1,85,M0360,CASH
NM-002508,31/03/2569 08:54,T03,S,1,40,M0360,CASH
NM-002509,31/03/2569 09:01,T04,S,1,50,,CARD
NM-002510,31/03/2569 09:14,C04,S,1,55,M0315,CASH
NM-002511,31/03/2569 09:38,C01,M,1,55,M0781,QR
NM-002511,31/03/2569 09:38,B04,,1,75,M0781,QR
NM-002512,31/03/2569 10:15,B01,,2,55,,QR
NM-002513,31/03/2569 10:27,C02,L,1,65,,CARD
NM-002514,31/03/2569 10:59,C02,S,1,45,,CASH
NM-002514,31/03/2569 10:59,B01,,1,55,,CASH
NM-002515,31/03/2569 11:06,C01,S,1,45,,CARD
NM-002516,31/03/2569 11:11,C06,M,2,75,M0800,QR
NM-002517,31/03/2569 11:30,T02,M,1,70,,QR
NM-002518,31/03/2569 11:47,B01,,1,55,M0081,CARD
NM-002519,31/03/2569 11:51,B02,,2,50,M0793,QR
NM-002520,31/03/2569 11:57,T01,M,1,55,M0706,QR
NM-002521,31/03/2569 12:03,B01,,1,55,,QR
NM-002521,31/03/2569 12:03,T01,M,1,55,,QR
NM-002522,31/03/2569 12:05,B01,,1,55,,QR
NM-002523,31/03/2569 12:10,T03,M,1,50,M0786,QR
NM-002524,31/03/2569 12:41,T04,S,2,50,,QR
NM-002524,31/03/2569 12:41,B03,,1,85,,QR
NM-002525,31/03/2569 12:55,C03,L,1,75,,CARD
NM-002525,31/03/2569 12:55,B03,,1,85,,CARD
NM-002526,31/03/2569 13:57,C06,L,1,85,,CASH
NM-002527,31/03/2569 14:00,T03,,3,50,,QR
NM-002528,31/03/2569 14:22,C05,,1,80,M0533,CASH
NM-002528,31/03/2569 14:22,T04,S,1,50,M0533,CASH
NM-002529,31/03/2569 15:14,T03,M,1,50,,QR
NM-002530,31/03/2569 16:15,B01,,1,55,M0767,CARD
NM-002530,31/03/2569 16:15,T01,M,1,55,M0767,CARD
NM-002531,31/03/2569 16:50,C04,M,1,65,M0166,CASH
NM-002532,31/03/2569 17:39,T01,L,1,65,,QR
NM-002532,31/03/2569 17:39,B02,,1,50,,QR
NM-002533,31/03/2569 17:46,C03,L,1,75,M0624,CARD
NM-002533,31/03/2569 17:46,B03,,1,85,M0624,CARD
NM-002534,31/03/2569 18:43,C04,M,1,65,M0797,CASH
NM-002535,31/03/2569 19:09,C06,M,3,75,,QR
NM-002536,31/03/2569 19:11,T01,L,1,65,M0327,CASH
NM-002536,31/03/2569 19:11,B02,,1,50,M0327,CASH
NM-002537,31/03/2569 19:21,T03,M,1,50,,QR
NM-002538,31/03/2569 19:22,T01,L,1,65,,QR
NM-002539,01/04/2569 08:05,T01,M,1,55,,CARD
NM-002539,01/04/2569 08:05,B02,,1,50,,CARD
NM-002540,01/04/2569 08:15,C05,L,2,80,M0168,QR
NM-002541,01/04/2569 08:58,C04,M,1,65,M0454,CARD
NM-002541,01/04/2569 08:58,B03,,1,85,M0454,CARD
NM-002542,01/04/2569 09:05,B03,,1,85,M0318,QR
NM-002543,01/04/2569 09:10,C04,M,1,65,M0796,QR
NM-002544,01/04/2569 10:18,B03,,1,85,,QR
NM-002545,01/04/2569 10:18,C04,S,1,55,,QR
NM-002545,01/04/2569 10:18,B01,,1,55,,QR
NM-002546,01/04/2569 10:29,C03,M,1,,M0610,CASH
NM-002547,01/04/2569 11:38,T05,M,2,60,M0372,CARD
NM-002547,01/04/2569 11:38,B04,,1,75,M0372,CARD
NM-002548,01/04/2569 12:44,B01,,1,55,,CASH
NM-002549,01/04/2569 13:00,T02,M,0,70,M0342,QR
NM-002550,01/04/2569 13:15,C05,M,1,70,M0553,CARD
NM-002550,01/04/2569 13:15,B03,,1,85,M0553,CARD
NM-002551,01/04/2569 13:15,C02,L,1,65,M0011,CASH
NM-002551,01/04/2569 13:15,B01,,1,55,M0011,CASH
NM-002552,01/04/2569 13:54,C06,M,2,75,,CARD
NM-002553,01/04/2569 14:05,C06,L,2,85,,QR
NM-002553,01/04/2569 14:05,B03,,1,85,,QR
NM-002554,01/04/2569 14:42,B03,,1,85,M0641,QR
NM-002554,01/04/2569 14:42,B04,,1,75,M0641,QR
NM-002555,01/04/2569 15:04,T04,S,1,50,,QR
NM-002556,01/04/2569 15:19,T01,M,1,55,,CASH
NM-002557,01/04/2569 15:36,T04,L,1,70,,CASH
NM-002558,01/04/2569 16:43,C02,M,1,55,,CARD
NM-002558,01/04/2569 16:43,B01,,1,55,,CARD
NM-002559,01/04/2569 17:09,T02,L,1,80,M0287,QR
NM-002560,01/04/2569 17:17,B01,,2,55,M0074,CASH
NM-002561,01/04/2569 17:20,C04,L,2,75,M0325,CASH
NM-002562,01/04/2569 17:45,T05,M,1,60,,QR
NM-002562,01/04/2569 17:45,C06,S,1,65,,QR
NM-002563,01/04/2569 17:54,T01,M,-1,55,M0273,QR
NM-002563,01/04/2569 17:54,B02,,1,50,M0273,QR
NM-002564,01/04/2569 18:01,T05,L,1,70,,CASH
NM-002564,01/04/2569 18:01,C02,M,1,55,,CASH
NM-002565,01/04/2569 18:02,T01,L,1,65,M0031,QR
NM-002566,02/04/2569 07:57,C01,L,2,65,,QR
NM-002566,02/04/2569 07:57,B02,,1,50,,QR
NM-002567,02/04/2569 08:32,C03,M,39,65,,CARD
NM-002568,02/04/2569 08:38,B04,,3,75,,QR
NM-002569,02/04/2569 08:51,B04,,1,75,M0313,CASH
NM-002570,02/04/2569 09:17,C03,M,1,65,M0264,CASH
NM-002571,02/04/2569 09:19,B04,,1,75,,QR
NM-002572,02/04/2569 09:30,C02,M,1,55,M0097,CARD
NM-002573,02/04/2569 11:12,C06,L,2,85,,QR
NM-002574,02/04/2569 11:18,C03,M,1,65,,QR
NM-002574,02/04/2569 11:18,B03,,1,85,,QR
NM-002574,02/04/2569 11:18,C06,M,1,75,,QR
NM-002575,02/04/2569 11:57,C01,L,3,65,,QR
NM-002575,02/04/2569 11:57,B04,,1,75,,QR
NM-002576,02/04/2569 13:21,B04,,2,75,,CARD
NM-002577,02/04/2569 13:23,T03,M,1,50,M0315,QR
NM-002578,02/04/2569 13:31,B04,,1,75,,CASH
NM-002579,02/04/2569 14:00,C03,M,3,65,,QR
NM-002580,02/04/2569 14:12,T01,M,1,55,M0115,QR
NM-002581,02/04/2569 15:23,T03,S,1,40,,CARD
NM-002582,02/04/2569 15:34,T02,M,1,70,M0033,QR
NM-002583,02/04/2569 16:12,T04,M,1,60,M0462,CARD
NM-002583,02/04/2569 16:12,T04,M,1,60,M0462,CARD
NM-002584,02/04/2569 16:25,C03,S,1,55,,CARD
NM-002584,02/04/2569 16:25,B03,,1,85,,CARD
NM-002585,02/04/2569 17:31,C06,L,1,85,M0059,CARD
NM-002586,02/04/2569 19:24,T02,M,1,70,,CARD
NM-002587,02/04/2569 19:58,T01,M,2,55,,CARD
NM-002587,02/04/2569 19:58,B02,,1,50,,CARD
NM-002588,03/04/2569 07:14,T03,M,1,50,M0095,CARD
NM-002589,03/04/2569 07:31,C03,M,2,65,,QR
NM-002589,03/04/2569 07:31,B03,,1,85,,QR
NM-002590,03/04/2569 08:18,C02,M,1,55,,QR
NM-002590,03/04/2569 08:18,B03,,1,85,,QR
NM-002591,03/04/2569 08:52,C03,S,1,55,,QR
NM-002591,03/04/2569 08:52,B03,,1,85,,QR
NM-002592,03/04/2569 08:56,C05,M,3,70,,QR
NM-002592,03/04/2569 08:56,B02,,1,50,,QR
NM-002593,03/04/2569 09:27,T02,M,1,70,,QR
NM-002593,03/04/2569 09:27,B03,,1,85,,QR
NM-002594,03/04/2569 09:45,C02,M,1,55,,CASH
NM-002594,03/04/2569 09:45,B01,,1,55,,CASH
NM-002595,03/04/2569 10:15,T01,M,1,55,,QR
NM-002595,03/04/2569 10:15,B02,,1,50,,QR
NM-002596,03/04/2569 10:18,C01,L,2,65,,QR
NM-002597,03/04/2569 10:51,C04,M,2,65,,QR
NM-002598,03/04/2569 11:40,T01,M,1,55,,QR
NM-002598,03/04/2569 11:40,B02,,1,50,,QR
NM-002598,03/04/2569 11:40,C01,L,1,65,,QR
NM-002599,03/04/2569 11:52,B03,,1,85,M0282,QR
NM-002600,03/04/2569 11:55,T01,S,1,45,M0513,CASH
NM-002600,03/04/2569 11:55,B02,,0,50,M0513,CASH
NM-002601,03/04/2569 01:30,C02,S,2,45,,QR
NM-002601,03/04/2569 01:30,B01,,1,55,,QR
NM-002602,03/04/2569 13:13,T05,L,1,70,,CARD
NM-002602,03/04/2569 13:13,C02,L,1,65,,CARD
NM-002603,03/04/2569 13:33,B01,,2,55,,CARD
NM-002604,03/04/2569 13:39,B03,,1,85,M0546,QR
NM-002605,03/04/2569 14:01,C05,M,2,70,,CASH
NM-002606,03/04/2569 14:32,C02,M,1,55,,QR
NM-002607,03/04/2569 14:42,T05,S,2,50,,CASH
NM-002607,03/04/2569 14:42,T05,S,2,50,,CASH
NM-002608,03/04/2569 15:08,T02,S,1,60,,QR
NM-002609,03/04/2569 15:30,C02,L,2,65,,CASH
NM-002609,03/04/2569 15:30,B01,,1,55,,CASH
NM-002610,03/04/2569 15:54,B04,,1,75,M0437,QR
NM-002611,03/04/2569 16:08,T04,M,1,60,M0284,QR
NM-002612,03/04/2569 16:21,B01,,1,55,,QR
NM-002612,03/04/2569 16:21,C03,M,1,,,QR
NM-002613,03/04/2569 17:12,C01,M,1,55,M0236,QR
NM-002613,03/04/2569 17:12,B04,,1,75,M0236,QR
NM-002614,04/04/2569 07:48,B04,,2,75,,CARD
NM-002615,04/04/2569 08:14,C02,S,2,45,,QR
NM-002616,04/04/2569 08:42,B03,,1,85,,CASH
NM-002617,04/04/2569 08:47,B01,,1,55,M0315,QR
NM-002618,04/04/2569 09:24,C02,L,1,65,M0436,CARD
NM-002619,04/04/2569 09:25,B04,,1,75,M0358,CARD
NM-002620,04/04/2569 09:54,T01,S,1,,,QR
NM-002621,04/04/2569 10:17,C05,M,1,70,,CASH
NM-002622,04/04/2569 10:38,T05,M,1,60,,CARD
NM-002623,04/04/2569 10:45,C01,M,1,55,,QR
NM-002623,04/04/2569 10:45,B04,,1,75,,QR
NM-002624,04/04/2569 10:51,C03,L,1,75,M0075,QR
NM-002624,04/04/2569 10:51,B03,,1,85,M0075,QR
NM-002625,04/04/2569 11:56,C02,M,1,55,M0328,QR
NM-002625,04/04/2569 11:56,B01,,1,55,M0328,QR
NM-002626,04/04/2569 11:59,T04,M,1,60,M0624,QR
NM-002627,04/04/2569 13:35,T01,S,2,45,,QR
NM-002627,04/04/2569 13:35,B03,,1,85,,QR
NM-002628,04/04/2569 13:52,C06,M,3,75,M0249,QR
NM-002629,04/04/2569 14:56,B01,,1,,,CARD
NM-002630,04/04/2569 16:46,C05,S,1,60,M0709,QR
NM-002631,04/04/2569 17:18,T03,S,1,40,M0277,QR
NM-002631,04/04/2569 17:18,B02,,1,50,M0277,QR
NM-002631,04/04/2569 17:18,C02,M,1,55,M0277,QR
NM-002632,04/04/2569 17:36,C02,L,3,65,M0105,CASH
NM-002632,04/04/2569 17:36,B01,,1,55,M0105,CASH
NM-002633,04/04/2569 18:00,T02,,1,70,,QR
NM-002634,04/04/2569 18:49,C01,S,2,45,,CARD
NM-002635,04/04/2569 19:24,C04,S,1,55,,CASH
NM-002636,05/04/2569 07:31,T01,S,1,45,M0702,CASH
NM-002637,05/04/2569 08:00,B01,,3,55,,QR
NM-002638,05/04/2569 08:04,C04,M,1,65,M0470,CARD
NM-002639,05/04/2569 08:20,C04,M,1,65,M0584,CARD
NM-002640,05/04/2569 08:21,C06,M,1,75,,CASH
NM-002641,05/04/2569 08:26,C05,L,1,80,,QR
NM-002641,05/04/2569 08:26,C05,L,1,80,,QR
NM-002641,05/04/2569 08:26,B04,,1,75,,QR
NM-002642,05/04/2569 08:30,B04,,1,75,,QR
NM-002643,05/04/2569 08:44,T02,M,1,70,,QR
NM-002644,05/04/2569 09:08,C02,L,1,65,,QR
NM-002645,05/04/2569 10:11,C06,M,1,75,M0744,CASH
NM-002646,05/04/2569 10:40,C05,M,1,70,M0031,CASH
NM-002647,05/04/2569 10:40,C06,M,1,75,,CARD
NM-002648,05/04/2569 11:16,C05,S,2,60,M0059,CARD
NM-002649,05/04/2569 11:30,C05,M,1,70,M0383,CASH
NM-002649,05/04/2569 11:30,B04,,1,75,M0383,CASH
NM-002650,05/04/2569 11:52,T01,M,2,55,M0201,CASH
NM-002651,05/04/2569 11:59,C06,M,2,75,M0532,QR
NM-002652,05/04/2569 12:05,B04,,1,,M0560,CASH
NM-002653,05/04/2569 13:05,C05,M,2,70,,CASH
NM-002654,05/04/2569 14:50,B04,,1,,,QR
NM-002655,05/04/2569 14:54,B01,,1,55,,QR
NM-002655,05/04/2569 14:54,C04,M,1,65,,QR
NM-002656,05/04/2569 14:56,T02,L,2,80,,CARD
NM-002657,05/04/2569 15:11,C02,S,1,45,,CARD
NM-002657,05/04/2569 15:11,B01,,1,55,,CARD
NM-002658,05/04/2569 15:11,C03,S,1,55,,QR
NM-002659,05/04/2569 15:34,T02,M,1,70,M0409,QR
NM-002659,05/04/2569 15:34,B03,,1,85,M0409,QR
NM-002659,05/04/2569 15:34,T05,L,1,70,M0409,QR
NM-002660,05/04/2569 15:53,B04,,2,75,M0800,QR
NM-002661,05/04/2569 15:56,C03,M,1,65,,QR
NM-002661,05/04/2569 15:56,B03,,1,85,,QR
NM-002662,05/04/2569 16:19,C03,L,1,75,,CASH
NM-002662,05/04/2569 16:19,B03,,1,85,,CASH
NM-002663,05/04/2569 16:22,C02,M,1,55,M0686,QR
NM-002664,05/04/2569 16:39,T05,M,1,60,M0242,QR
NM-002665,05/04/2569 16:39,B03,,2,85,,QR
NM-002666,05/04/2569 16:41,B04,,1,75,,QR
NM-002667,05/04/2569 16:46,C06,M,1,75,,QR
NM-002667,05/04/2569 16:46,T04,M,1,60,,QR
NM-002668,05/04/2569 18:13,C03,S,2,55,M0264,QR
NM-002668,05/04/2569 18:13,B03,,1,85,M0264,QR
NM-002668,05/04/2569 18:13,T01,S,1,45,M0264,QR
NM-002669,05/04/2569 18:56,T04,S,1,50,M0350,CARD
NM-002669,05/04/2569 18:56,B04,,1,75,M0350,CARD
NM-002670,06/04/2569 07:03,C03,M,1,65,,CASH
NM-002670,06/04/2569 07:03,B03,,1,85,,CASH
NM-002671,06/04/2569 07:14,B04,,1,75,,CASH
NM-002672,06/04/2569 07:56,B02,,1,50,,QR
NM-002673,06/04/2569 08:02,C02,L,1,65,M0233,CARD
NM-002673,06/04/2569 08:02,B01,,1,55,M0233,CARD
NM-002674,06/04/2569 09:26,B01,,3,55,,CARD
NM-002675,06/04/2569 09:29,C02,M,1,55,,QR
NM-002675,06/04/2569 09:29,B01,,1,55,,QR
NM-002675,06/04/2569 09:29,C03,M,1,65,,QR
NM-002676,06/04/2569 10:01,C03,L,2,75,M0056,QR
NM-002676,06/04/2569 10:01,B03,,1,85,M0056,QR
NM-002677,06/04/2569 10:09,C04,M,3,65,,QR
NM-002678,06/04/2569 10:11,C02,L,2,65,M0731,QR
NM-002679,06/04/2569 10:32,C03,L,1,75,,CASH
NM-002680,06/04/2569 10:44,C06,M,1,75,,QR
NM-002681,06/04/2569 11:37,T02,M,2,70,M0566,CARD
NM-002682,06/04/2569 11:52,T02,M,1,70,M0330,QR
NM-002682,06/04/2569 11:52,T01,S,1,45,M0330,QR
NM-002683,06/04/2569 11:55,C04,S,1,55,,CASH
NM-002683,06/04/2569 11:55,C06,M,1,75,,CASH
NM-002684,06/04/2569 12:01,B02,,2,50,,CASH
NM-002685,06/04/2569 12:19,C03,M,1,65,,QR
NM-002685,06/04/2569 12:19,B03,,1,85,,QR
NM-002686,06/04/2569 12:35,T01,L,1,65,M0565,QR
NM-002686,06/04/2569 12:35,B02,,1,50,M0565,QR
NM-002687,06/04/2569 13:07,T04,M,2,60,,CASH
NM-002687,06/04/2569 13:07,B03,,1,85,,CASH
NM-002688,06/04/2569 13:22,C02,M,1,,,QR
NM-002688,06/04/2569 13:22,B03,,1,85,,QR
NM-002689,06/04/2569 13:37,C01,M,1,55,,CASH
NM-002689,06/04/2569 13:37,B04,,1,75,,CASH
NM-002690,06/04/2569 14:15,B01,,1,55,,QR
NM-002691,06/04/2569 14:26,C03,S,1,55,M0123,CARD
NM-002691,06/04/2569 14:26,T02,M,1,70,M0123,CARD
NM-002692,06/04/2569 14:48,C05,L,1,80,,QR
NM-002692,06/04/2569 14:48,B02,,1,50,,QR
NM-002693,06/04/2569 16:17,C02,M,2,55,,QR
NM-002693,06/04/2569 16:17,T02,M,1,70,,QR
NM-002694,06/04/2569 16:25,C06,M,1,75,,QR
NM-002695,06/04/2569 16:41,T02,M,1,70,M0375,QR
NM-002695,06/04/2569 16:41,B02,,1,50,M0375,QR
NM-002696,06/04/2569 18:02,C02,M,1,55,,QR
NM-002696,06/04/2569 18:02,B01,,1,55,,QR
NM-002697,07/04/2569 07:48,C06,L,2,85,,CARD
NM-002698,07/04/2569 08:07,C02,S,1,45,M0369,QR
NM-002698,07/04/2569 08:07,B01,,1,55,M0369,QR
NM-002699,07/04/2569 08:11,C06,M,1,75,,QR
NM-002700,07/04/2569 09:06,C02,M,1,55,,QR
NM-002701,07/04/2569 09:28,C04,S,1,55,M0190,QR
NM-002702,07/04/2569 09:30,C05,M,1,70,,CARD
NM-002703,07/04/2569 09:44,T03,M,3,50,M0330,QR
NM-002704,07/04/2569 09:48,C03,M,1,65,M0464,CARD
NM-002704,07/04/2569 09:48,C03,M,1,65,M0464,CARD
NM-002704,07/04/2569 09:48,B03,,1,85,M0464,CARD
NM-002705,07/04/2569 10:42,T04,S,1,50,M0427,CASH
NM-002706,07/04/2569 10:45,C06,M,1,75,,QR
NM-002707,07/04/2569 10:52,T02,L,1,80,,QR
NM-002708,07/04/2569 11:01,T03,M,1,50,M0427,QR
NM-002709,07/04/2569 11:21,C02,M,1,55,,CASH
NM-002709,07/04/2569 11:21,B01,,1,55,,CASH
NM-002709,07/04/2569 11:21,T04,M,1,60,,CASH
NM-002710,07/04/2569 12:01,C02,S,1,45,M0018,QR
NM-002711,07/04/2569 12:24,B02,,1,50,M0378,QR
NM-002712,07/04/2569 13:19,T01,M,1,55,,QR
NM-002713,07/04/2569 13:41,T02,M,2,70,,QR
NM-002714,07/04/2569 13:47,T04,M,1,60,,QR
NM-002715,07/04/2569 13:50,C04,L,2,75,M0432,QR
NM-002716,07/04/2569 14:00,B04,,1,75,,CASH
NM-002717,07/04/2569 14:19,C05,S,1,60,,QR
NM-002717,07/04/2569 14:19,B02,,1,50,,QR
NM-002718,07/04/2569 14:34,C03,S,1,55,,CARD
NM-002719,07/04/2569 14:36,B01,,1,55,M0412,QR
NM-002720,07/04/2569 14:42,B03,,1,85,,QR
NM-002721,07/04/2569 15:23,T01,L,2,65,M0039,QR
NM-002722,07/04/2569 15:25,T04,S,1,50,,QR
NM-002723,07/04/2569 15:29,C03,L,1,75,,QR
NM-002723,07/04/2569 15:29,C04,M,1,65,,QR
NM-002724,07/04/2569 15:48,C03,M,1,65,M0252,QR
NM-002724,07/04/2569 15:48,B03,,1,85,M0252,QR
NM-002725,07/04/2569 16:31,C03,M,1,65,,QR
NM-002725,07/04/2569 16:31,B03,,1,85,,QR
NM-002726,07/04/2569 16:45,T03,S,1,40,M0481,QR
NM-002726,07/04/2569 16:45,B04,,1,75,M0481,QR
NM-002727,07/04/2569 17:12,T04,M,2,60,,CARD
NM-002727,07/04/2569 17:12,B03,,1,85,,CARD
NM-002728,07/04/2569 18:51,T02,S,1,60,,QR
NM-002729,07/04/2569 19:15,T04,M,1,60,,QR
NM-002730,08/04/2569 07:41,C03,M,1,65,M0482,QR
NM-002731,08/04/2569 09:04,C02,M,1,55,,CARD
NM-002731,08/04/2569 09:04,B01,,1,55,,CARD
NM-002732,08/04/2569 09:13,C04,S,1,55,M0530,CASH
NM-002733,08/04/2569 09:31,B02,,1,50,,CASH
NM-002733,08/04/2569 09:31,B03,,1,,,CASH
NM-002734,08/04/2569 09:59,T01,M,1,55,M0166,CASH
NM-002735,08/04/2569 10:34,T01,S,2,45,,QR
NM-002735,08/04/2569 10:34,T03,M,1,50,,QR
NM-002736,08/04/2569 11:42,C04,S,1,55,,QR
NM-002737,08/04/2569 12:44,T03,L,1,60,M0180,QR
NM-002738,08/04/2569 13:11,C06,M,1,75,,QR
NM-002738,08/04/2569 13:11,C01,L,1,65,,QR
NM-002739,08/04/2569 13:16,C03,M,1,65,,QR
NM-002740,08/04/2569 14:08,C04,S,1,55,,QR
NM-002741,08/04/2569 14:39,C02,L,1,65,,CARD
NM-002742,08/04/2569 14:41,C05,S,1,60,,CASH
NM-002742,08/04/2569 14:41,B01,,1,55,,CASH
NM-002743,08/04/2569 14:43,C03,M,2,65,,CASH
NM-002743,08/04/2569 14:43,B03,,1,85,,CASH
NM-002744,08/04/2569 15:21,T04,S,2,50,,CARD
NM-002745,08/04/2569 15:30,B01,,1,55,,QR
NM-002746,08/04/2569 15:38,C02,L,1,65,,QR
NM-002747,08/04/2569 15:49,T02,M,1,70,M0759,QR
NM-002748,08/04/2569 15:50,T01,M,100,55,,CARD
NM-002749,08/04/2569 17:34,T02,L,1,80,,CARD
NM-002750,08/04/2569 18:40,C03,M,1,65,,QR
NM-002750,08/04/2569 18:40,B03,,1,85,,QR
NM-002750,08/04/2569 18:40,T05,L,1,,,QR
NM-002751,08/04/2569 18:42,B01,,1,55,M0204,QR
NM-002752,08/04/2569 18:48,C02,M,1,55,M0280,QR
NM-002753,09/04/2569 09:02,B02,,3,50,,QR
NM-002754,09/04/2569 09:15,T03,M,1,50,,QR
NM-002755,09/04/2569 09:31,C02,M,27,55,,CARD
NM-002756,09/04/2569 10:18,C06,M,1,75,,QR
NM-002757,09/04/2569 10:26,T05,L,1,70,,CASH
NM-002758,09/04/2569 10:29,T01,M,1,55,,CARD
NM-002758,09/04/2569 10:29,B02,,1,50,,CARD
NM-002759,09/04/2569 10:52,T01,S,1,45,M0058,CASH
NM-002759,09/04/2569 10:52,B02,,1,50,M0058,CASH
NM-002759,09/04/2569 10:52,C04,M,1,65,M0058,CASH
NM-002760,09/04/2569 10:53,C02,M,1,55,M731,CASH
NM-002760,09/04/2569 10:53,B03,,1,85,M731,CASH
NM-002761,09/04/2569 11:21,T03,M,1,50,M0052,CASH
NM-002761,09/04/2569 11:21,B03,,1,85,M0052,CASH
NM-002762,09/04/2569 12:25,B04,,2,75,M0478,QR
NM-002763,09/04/2569 14:14,T03,S,1,40,M0560,QR
NM-002764,09/04/2569 14:16,T01,M,1,55,,QR
NM-002764,09/04/2569 14:16,B02,,1,50,,QR
NM-002765,09/04/2569 15:28,C04,M,2,65,M0623,CARD
NM-002765,09/04/2569 15:28,T03,L,1,60,M0623,CARD
NM-002766,09/04/2569 15:55,C05,M,2,70,M0786,QR
NM-002767,09/04/2569 16:30,B01,,1,55,,QR
NM-002767,09/04/2569 16:30,T03,L,1,60,,QR
NM-002768,09/04/2569 16:41,T03,L,1,60,,QR
NM-002769,09/04/2569 16:57,T01,S,1,45,,CARD
NM-002769,09/04/2569 16:57,B02,,1,50,,CARD
NM-002770,09/04/2569 16:58,C03,M,2,65,,QR
NM-002770,09/04/2569 16:58,B03,,1,,,QR
NM-002770,09/04/2569 16:58,B03,,1,,,QR
NM-002771,09/04/2569 17:30,C06,M,3,75,,QR
NM-002772,09/04/2569 17:41,C02,S,1,45,,QR
NM-002773,10/04/2569 07:03,B01,,2,55,,QR
NM-002774,10/04/2569 07:23,T04,M,1,60,M0009,CASH
NM-002774,10/04/2569 07:23,B04,,1,75,M0009,CASH
NM-002775,10/04/2569 08:24,C04,L,1,75,M0623,QR
NM-002776,10/04/2569 09:11,C01,M,2,55,,CARD
NM-002777,10/04/2569 09:15,C01,M,2,55,M0562,CARD
NM-002777,10/04/2569 09:15,B04,,1,75,M0562,CARD
NM-002778,10/04/2569 09:17,T02,S,1,60,,CARD
NM-002778,10/04/2569 09:17,B03,,1,85,,CARD
NM-002779,10/04/2569 09:18,C02,S,1,4500,M0441,QR
NM-002779,10/04/2569 09:18,C02,S,1,4500,M0441,QR
NM-002779,10/04/2569 09:18,B01,,1,55,M0441,QR
NM-002780,10/04/2569 09:35,C03,L,1,75,,CARD
NM-002781,10/04/2569 09:45,T02,L,1,80,,QR
NM-002781,10/04/2569 09:45,B03,,1,85,,QR
NM-002782,10/04/2569 09:59,C02,M,2,55,,CARD
NM-002783,10/04/2569 10:06,C03,S,1,55,M0359,CARD
NM-002783,10/04/2569 10:06,B03,,1,85,M0359,CARD
NM-002783,10/04/2569 10:06,C05,S,1,60,M0359,CARD
NM-002784,10/04/2569 10:39,T02,S,1,60,,QR
NM-002785,10/04/2569 11:03,B01,,2,55,M0672,QR
NM-002786,10/04/2569 11:06,C01,S,3,45,,CASH
NM-002786,10/04/2569 11:06,B02,,1,,,CASH
NM-002787,10/04/2569 12:42,T02,M,1,70,,QR
NM-002788,10/04/2569 12:56,T04,S,1,50,,CASH
NM-002789,10/04/2569 13:15,C01,M,1,55,M0209,QR
NM-002790,10/04/2569 14:29,T05,M,1,60,,QR
NM-002790,10/04/2569 14:29,T04,S,1,50,,QR
NM-002791,10/04/2569 14:30,T01,L,1,65,M0190,QR
NM-002792,10/04/2569 14:41,T04,M,1,60,M0617,CARD
NM-002792,10/04/2569 14:41,B01,,1,55,M0617,CARD
NM-002792,10/04/2569 14:41,C03,M,1,65,M0617,CARD
NM-002793,10/04/2569 15:13,B02,,2,50,,QR
NM-002794,10/04/2569 16:16,C03,S,1,55,M0644,CASH
NM-002795,10/04/2569 16:30,T01,M,1,55,,QR
NM-002796,10/04/2569 17:11,T01,M,1,55,M0382,QR
NM-002797,10/04/2569 17:27,T03,M,1,50,,CARD
NM-002798,10/04/2569 19:15,T02,M,1,70,,QR
NM-002798,10/04/2569 19:15,B01,,1,55,,QR
NM-002799,11/04/2569 07:00,B01,,1,55,M0637,CARD
NM-002800,11/04/2569 07:34,C02,M,1,55,,QR
NM-002800,11/04/2569 07:34,B01,,1,55,,QR
NM-002801,11/04/2569 07:46,T02,S,2,60,,CASH
NM-002802,11/04/2569 08:04,C03,M,2,65,M0696,QR
NM-002803,11/04/2569 08:10,T02,L,1,80,,CASH
NM-002803,11/04/2569 08:10,B03,,1,85,,CASH
NM-002804,11/04/2569 08:32,C03,S,1,55,,CARD
NM-002805,11/04/2569 09:08,C06,M,3,75,,QR
NM-002805,11/04/2569 09:08,B03,,1,85,,QR
NM-002806,11/04/2569 09:23,T04,M,1,60,,CARD
NM-002807,11/04/2569 09:24,C05,S,0,60,M0246,CASH
NM-002807,11/04/2569 09:24,B04,,1,75,M0246,CASH
NM-002808,11/04/2569 10:20,C02,M,1,55,,QR
NM-002809,11/04/2569 10:22,T04,S,1,50,M0058,QR
NM-002810,11/04/2569 10:23,B03,,2,85,M0318,CARD
NM-002811,11/04/2569 10:48,T03,L,1,60,M0130,QR
NM-002812,11/04/2569 10:52,C03,M,1,65,,CARD
NM-002813,11/04/2569 11:21,C04,L,1,75,M0278,CARD
NM-002814,11/04/2569 11:34,C03,M,1,65,,CARD
NM-002814,11/04/2569 11:34,B03,,1,85,,CARD
NM-002815,11/04/2569 12:13,T02,S,2,60,,CASH
NM-002816,11/04/2569 13:48,T01,S,1,45,,QR
NM-002817,11/04/2569 13:52,C02,L,1,65,M0350,QR
NM-002818,11/04/2569 14:08,T01,M,1,,,QR
NM-002818,11/04/2569 14:08,B02,,1,50,,QR
NM-002819,11/04/2569 14:58,T01,M,1,55,,QR
NM-002820,11/04/2569 15:00,T02,M,1,70,,QR
NM-002821,11/04/2569 15:25,C05,S,2,60,M0802,QR
NM-002822,11/04/2569 15:57,C04,S,1,55,,QR
NM-002823,11/04/2569 16:22,C01,S,1,45,,CASH
NM-002823,11/04/2569 16:22,B04,,1,75,,CASH
NM-002823,11/04/2569 16:22,T03,L,1,60,,CASH
NM-002824,11/04/2569 16:28,T02,M,1,70,M0049,CARD
NM-002825,11/04/2569 16:48,T02,S,1,60,,QR
NM-002826,11/04/2569 17:18,C01,M,1,55,M0128,CARD
NM-002827,11/04/2569 17:20,T04,L,2,70,,CARD
NM-002828,11/04/2569 17:53,T04,S,1,50,M0435,QR
NM-002829,11/04/2569 18:13,T04,S,1,50,,CARD
NM-002830,11/04/2569 18:13,T01,M,1,55,,QR
NM-002830,11/04/2569 18:13,C02,S,1,45,,QR
NM-002831,11/04/2569 19:46,T01,M,1,55,M0432,QR
NM-002831,11/04/2569 19:46,B02,,1,50,M0432,QR
NM-002832,12/04/2569 08:24,T04,L,1,70,,CARD
NM-002833,12/04/2569 08:36,T02,L,1,80,,QR
NM-002833,12/04/2569 08:36,B04,,1,75,,QR
NM-002834,12/04/2569 08:38,C03,L,1,75,M0314,CARD
NM-002835,12/04/2569 08:50,C06,M,2,75,,QR
NM-002836,12/04/2569 08:56,C02,L,1,65,,QR
NM-002837,12/04/2569 09:04,C05,M,1,70,M0226,QR
NM-002838,12/04/2569 09:33,C03,M,3,65,M0058,QR
NM-002838,12/04/2569 09:33,B03,,1,85,M0058,QR
NM-002839,12/04/2569 09:43,T01,S,1,45,,QR
NM-002839,12/04/2569 09:43,B01,,1,55,,QR
NM-002839,12/04/2569 09:43,B01,,1,55,,QR
NM-002839,12/04/2569 09:43,B03,,1,85,,QR
NM-002840,12/04/2569 09:48,C02,M,2,55,,QR
NM-002840,12/04/2569 09:48,B03,,1,85,,QR
NM-002841,12/04/2569 09:53,C04,L,1,75,M0780,QR
NM-002842,12/04/2569 10:29,C03,L,1,75,M0480,CARD
NM-002842,12/04/2569 10:29,B03,,1,85,M0480,CARD
NM-002843,12/04/2569 10:45,C06,M,1,75,M0708,CARD
NM-002843,12/04/2569 10:45,C02,M,1,55,M0708,CARD
NM-002844,12/04/2569 11:26,C03,L,1,75,,CASH
NM-002845,12/04/2569 11:44,T02,S,1,60,,QR
NM-002846,12/04/2569 12:03,T01,L,1,65,M0251,CASH
NM-002846,12/04/2569 12:03,C02,S,1,45,M0251,CASH
NM-002847,12/04/2569 13:55,C04,L,1,75,,CASH
NM-002847,12/04/2569 13:55,B04,,1,75,,CASH
NM-002848,12/04/2569 13:56,C03,L,2,75,M0065,QR
NM-002849,12/04/2569 14:06,B03,,1,85,,QR
NM-002849,12/04/2569 14:06,T04,L,1,70,,QR
NM-002850,12/04/2569 14:12,B04,,1,75,,QR
NM-002850,12/04/2569 14:12,T01,M,1,55,,QR
NM-002851,12/04/2569 14:20,B03,,1,,,CASH
NM-002852,12/04/2569 14:36,C01,S,1,45,,CARD
NM-002852,12/04/2569 14:36,T02,M,1,70,,CARD
NM-002853,12/04/2569 14:39,T04,L,1,70,M0445,QR
NM-002853,12/04/2569 14:39,T04,L,1,70,M0445,QR
NM-002853,12/04/2569 14:39,T05,M,1,60,M0445,QR
NM-002854,12/04/2569 15:20,C02,L,2,65,,QR
NM-002854,12/04/2569 15:20,T02,M,1,70,,QR
NM-002855,12/04/2569 15:32,C03,M,1,65,,QR
NM-002855,12/04/2569 15:32,B03,,1,,,QR
NM-002856,12/04/2569 16:16,C02,M,3,55,M0637,CARD
NM-002856,12/04/2569 16:16,T01,S,1,45,M0637,CARD
NM-002857,12/04/2569 16:24,T04,L,1,70,,CARD
NM-002857,12/04/2569 16:24,T05,S,1,50,,CARD
NM-002858,12/04/2569 16:32,C02,M,1,55,,QR
NM-002858,12/04/2569 16:32,C04,L,1,75,,QR
NM-002859,12/04/2569 18:20,B02,,3,50,,QR
NM-002860,12/04/2569 18:29,C05,L,1,80,,CASH
NM-002861,13/04/2569 07:11,C03,L,1,75,,QR
NM-002862,13/04/2569 07:34,T02,L,1,80,M0172,CASH
NM-002863,13/04/2569 08:19,C03,S,1,55,M0809,QR
NM-002864,13/04/2569 08:46,C05,M,1,70,,CARD
NM-002865,13/04/2569 09:13,C05,S,1,60,,CASH
NM-002865,13/04/2569 09:13,C03,L,1,75,,CASH
NM-002866,13/04/2569 09:14,C01,M,1,55,,QR
NM-002866,13/04/2569 09:14,B02,,1,50,,QR
NM-002867,13/04/2569 09:25,C04,M,1,65,,QR
NM-002868,13/04/2569 09:46,T02,S,3,60,,QR
NM-002868,13/04/2569 09:46,B01,,1,55,,QR
NM-002869,13/04/2569 09:48,C02,M,1,55,,CARD
NM-002870,13/04/2569 09:59,C06,S,1,65,M0703,QR
NM-002871,13/04/2569 10:04,C05,S,1,60,M0407,CARD
NM-002872,13/04/2569 10:24,B02,,1,50,,CARD
NM-002873,13/04/2569 10:36,C03,M,1,65,,QR
NM-002874,13/04/2569 10:41,T02,M,3,70,M0744,QR
NM-002875,13/04/2569 10:46,C05,L,1,80,,CASH
NM-002876,13/04/2569 11:13,B02,,1,50,,QR
NM-002877,13/04/2569 11:19,T03,M,1,50,,CARD
NM-002877,13/04/2569 11:19,B04,,1,75,,CARD
NM-002878,13/04/2569 11:54,C03,M,1,65,,CARD
NM-002878,13/04/2569 11:54,B03,,1,85,,CARD
NM-002879,13/04/2569 12:54,T01,L,2,65,M0359,CARD
NM-002879,13/04/2569 12:54,B02,,1,50,M0359,CARD
NM-002880,13/04/2569 13:01,C03,M,3,65,M0291,CARD
NM-002881,13/04/2569 13:02,B02,,1,50,M0105,CASH
NM-002882,13/04/2569 13:33,B04,,1,75,M0636,CASH
NM-002882,13/04/2569 13:33,B03,,1,85,M0636,CASH
NM-002883,13/04/2569 13:50,B02,,2,50,M0376,CARD
NM-002884,13/04/2569 13:51,T01,L,1,65,,QR
NM-002884,13/04/2569 13:51,C03,M,1,65,,QR
NM-002885,13/04/2569 14:22,T01,M,2,,M0023,QR
NM-002886,13/04/2569 14:44,C02,M,1,55,M0168,CASH
NM-002886,13/04/2569 14:44,T03,L,1,60,M0168,CASH
NM-002887,13/04/2569 15:29,T02,M,3,70,M0057,CASH
NM-002888,13/04/2569 15:32,B01,,1,55,M0535,CASH
NM-002889,13/04/2569 15:37,C06,L,1,85,,QR
NM-002889,13/04/2569 15:37,C03,M,1,65,,QR
NM-002890,13/04/2569 15:44,T03,M,1,50,,QR
NM-002890,13/04/2569 15:44,T03,M,1,50,,QR
NM-002891,13/04/2569 15:46,C03,S,1,55,,CASH
NM-002892,13/04/2569 17:26,T02,L,2,80,M0768,QR
NM-002893,13/04/2569 18:04,C04,S,2,55,,CASH
NM-002894,13/04/2569 19:24,T03,L,1,60,,CASH
NM-002895,14/04/2569 07:00,C04,L,1,75,,CASH
NM-002896,14/04/2569 07:09,T01,M,3,55,M0478,CARD
NM-002896,14/04/2569 07:09,B02,,1,50,M0478,CARD
NM-002897,14/04/2569 07:20,C03,M,1,65,,CARD
NM-002898,14/04/2569 07:21,T03,M,1,50,M0716,QR
NM-002898,14/04/2569 07:21,T05,L,1,70,M0716,QR
NM-002899,14/04/2569 07:30,C01,M,1,55,,CARD
NM-002899,14/04/2569 07:30,T02,,1,60,,CARD
NM-002900,14/04/2569 07:30,B03,,1,85,M0782,CARD
NM-002901,14/04/2569 07:54,C05,L,1,80,,QR
NM-002902,14/04/2569 08:00,T02,M,1,70,M0260,QR
NM-002902,14/04/2569 08:00,T03,L,1,60,M0260,QR
NM-002903,14/04/2569 08:20,C04,M,1,65,M0677,CASH
NM-002904,14/04/2569 08:23,T03,L,1,60,,CASH
NM-002905,14/04/2569 08:44,C02,M,1,55,M0291,CARD
NM-002905,14/04/2569 08:44,B01,,1,55,M0291,CARD
NM-002906,14/04/2569 09:03,C04,S,1,55,M0219,QR
NM-002907,14/04/2569 09:42,C04,M,1,65,,QR
NM-002907,14/04/2569 09:42,B02,,1,50,,QR
NM-002908,14/04/2569 09:45,C03,L,1,75,,QR
NM-002909,14/04/2569 09:59,C05,M,1,70,,CASH
NM-002910,14/04/2569 10:08,C05,M,1,70,,QR
NM-002911,14/04/2569 10:15,T02,M,1,70,,QR
NM-002912,14/04/2569 10:22,C01,S,2,45,M0412,QR
NM-002913,14/04/2569 10:24,C04,L,1,75,M0405,QR
NM-002914,14/04/2569 10:34,B02,,1,50,,CASH
NM-002914,14/04/2569 10:34,T02,L,1,80,,CASH
NM-002915,14/04/2569 10:44,C03,S,1,55,M0181,CARD
NM-002915,14/04/2569 10:44,B03,,1,85,M0181,CARD
NM-002915,14/04/2569 10:44,T01,L,1,65,M0181,CARD
NM-002916,14/04/2569 10:58,C02,M,1,55,,CASH
NM-002916,14/04/2569 10:58,B01,,1,55,,CASH
NM-002917,14/04/2569 11:06,C02,S,1,45,,QR
NM-002918,14/04/2569 11:06,C02,S,1,45,M0064,QR
NM-002918,14/04/2569 11:06,B03,,1,85,M0064,QR
NM-002919,14/04/2569 11:45,C03,L,1,75,,QR
NM-002919,14/04/2569 11:45,B03,,1,85,,QR
NM-002920,14/04/2569 11:46,T04,S,2,50,,QR
NM-002921,14/04/2569 12:47,C03,M,1,65,M0176,CARD
NM-002922,14/04/2569 12:54,T05,M,1,60,M0703,QR
NM-002922,14/04/2569 12:54,B02,,1,50,M0703,QR
NM-002922,14/04/2569 12:54,B02,,1,50,M0703,QR
NM-002923,14/04/2569 12:57,C03,M,1,65,M0437,CASH
NM-002924,14/04/2569 13:18,T02,L,1,80,M0204,CASH
NM-002925,14/04/2569 13:23,C04,S,1,55,M0796,CARD
NM-002926,14/04/2569 13:38,C01,M,1,55,,CASH
NM-002926,14/04/2569 13:38,B04,,1,75,,CASH
NM-002926,14/04/2569 13:38,B04,,1,75,,CASH
NM-002927,14/04/2569 13:41,B01,,2,55,M0211,CARD
NM-002928,14/04/2569 13:47,T01,M,1,55,M0530,QR
NM-002929,14/04/2569 13:53,T04,S,1,50,,QR
NM-002929,14/04/2569 13:53,B02,,1,50,,QR
NM-002930,14/04/2569 14:06,T03,S,1,40,M0400,CASH
NM-002931,14/04/2569 14:11,T04,L,1,70,,CARD
NM-002931,14/04/2569 14:11,B03,,1,85,,CARD
NM-002932,14/04/2569 14:13,B01,,1,55,M0249,QR
NM-002933,14/04/2569 14:45,T03,L,1,60,,QR
NM-002934,14/04/2569 14:47,C03,S,3,55,,CASH
NM-002935,14/04/2569 14:50,C04,,1,75,,QR
NM-002936,14/04/2569 15:19,C02,L,1,65,M0202,QR
NM-002937,14/04/2569 16:22,B04,,1,,M0133,QR
NM-002938,14/04/2569 17:27,T01,M,1,55,,QR
NM-002939,14/04/2569 17:55,T02,L,1,80,M0438,QR
NM-002940,14/04/2569 18:12,B03,,1,85,,CASH
NM-002940,14/04/2569 18:12,T02,S,1,60,,CASH
NM-002941,14/04/2569 18:25,T04,L,1,70,,QR
NM-002941,14/04/2569 18:25,B01,,1,55,,QR
NM-002941,14/04/2569 18:25,B01,,1,55,,QR
NM-002942,14/04/2569 18:27,C02,M,3,55,,CARD
NM-002942,14/04/2569 18:27,B01,,1,55,,CARD
NM-002943,14/04/2569 19:02,B01,,1,55,,QR
NM-002944,14/04/2569 19:07,C02,M,1,,,QR
NM-002945,14/04/2569 19:31,T02,M,2,70,M0018,QR
NM-002946,14/04/2569 19:44,T01,S,1,45,M0530,CARD
NM-002947,15/04/2569 08:22,C04,M,1,65,,CASH
NM-002948,15/04/2569 08:30,T05,M,1,60,M0708,QR
NM-002949,15/04/2569 08:31,C03,M,1,65,M0106,CASH
NM-002950,15/04/2569 08:53,B02,,1,50,M0625,CARD
NM-002951,15/04/2569 09:01,T01,L,1,65,,CARD
NM-002951,15/04/2569 09:01,B02,,1,50,,CARD
NM-002952,15/04/2569 09:06,C04,S,1,55,,QR
NM-002953,15/04/2569 09:20,C05,M,1,70,M0405,CASH
NM-002954,15/04/2569 09:27,T01,L,1,65,,CARD
NM-002954,15/04/2569 09:27,B02,,1,,,CARD
NM-002955,15/04/2569 09:29,C03,M,1,65,,CASH
NM-002955,15/04/2569 09:29,B03,,1,85,,CASH
NM-002956,15/04/2569 09:51,T01,M,1,55,M0160,CASH
NM-002957,15/04/2569 10:35,C04,S,1,55,,CASH
NM-002958,15/04/2569 10:37,C03,M,-1,65,,CARD
NM-002958,15/04/2569 10:37,B01,,1,55,,CARD
NM-002959,15/04/2569 10:39,C05,L,2,80,M0649,QR
NM-002959,15/04/2569 10:39,B03,,1,85,M0649,QR
NM-002960,15/04/2569 10:48,B02,,1,50,M0407,CASH
NM-002961,15/04/2569 10:52,T02,M,1,70,,QR
NM-002962,15/04/2569 11:00,C02,M,1,55,M0171,QR
NM-002962,15/04/2569 11:00,B01,,1,55,M0171,QR
NM-002963,15/04/2569 11:37,T01,L,1,65,,CARD
NM-002964,15/04/2569 11:49,C03,L,2,75,M0247,QR
NM-002965,15/04/2569 12:34,B03,,1,85,,CARD
NM-002966,15/04/2569 12:54,B04,,2,75,,QR
NM-002967,15/04/2569 13:00,C06,M,1,75,M0488,CASH
NM-002968,15/04/2569 13:06,C04,M,1,65,,QR
NM-002969,15/04/2569 13:37,C02,S,1,45,,QR
NM-002970,15/04/2569 13:50,B03,,2,85,M0225,QR
NM-002970,15/04/2569 13:50,B03,,2,85,M0225,QR
NM-002971,15/04/2569 13:51,T03,M,1,50,M0490,QR
NM-002971,15/04/2569 13:51,B01,,1,,M0490,QR
NM-002972,15/04/2569 14:00,C04,M,1,65,,CARD
NM-002972,15/04/2569 14:00,B04,,1,75,,CARD
NM-002973,15/04/2569 14:09,B02,,1,50,M0796,QR
NM-002974,15/04/2569 15:18,T02,L,1,80,M0042,CASH
NM-002974,15/04/2569 15:18,T01,M,1,55,M0042,CASH
NM-002975,15/04/2569 15:30,C04,M,1,65,M0474,QR
NM-002976,15/04/2569 15:33,C06,L,1,85,,QR
NM-002977,15/04/2569 15:36,B01,,1,55,M0686,QR
NM-002978,15/04/2569 15:40,T04,M,1,60,M0263,QR
NM-002979,15/04/2569 16:25,B04,,1,75,,CARD
NM-002979,15/04/2569 16:25,C02,M,1,55,,CARD
NM-002980,15/04/2569 16:45,T01,S,1,45,,QR
NM-002981,15/04/2569 16:51,T01,L,1,65,M0034,QR
NM-002982,15/04/2569 17:46,B03,,1,85,,QR
NM-002983,15/04/2569 18:07,T01,L,1,65,,CASH
NM-002984,15/04/2569 18:37,T05,L,1,70,,CASH
NM-002985,15/04/2569 18:47,B04,,1,75,M0319,CARD
NM-002985,15/04/2569 18:47,T04,S,1,50,M0319,CARD
NM-002986,15/04/2569 18:56,T05,L,2,70,,QR
NM-002987,16/04/2569 09:13,C03,L,1,75,M0260,QR
NM-002987,16/04/2569 09:13,B03,,1,85,M0260,QR
NM-002988,16/04/2569 09:19,C05,S,1,,,QR
NM-002988,16/04/2569 09:19,C04,M,1,65,,QR
NM-002989,16/04/2569 09:24,C06,S,1,65,,CASH
NM-002989,16/04/2569 09:24,B04,,1,75,,CASH
NM-002989,16/04/2569 09:24,C05,M,1,70,,CASH
NM-002990,16/04/2569 09:35,T01,L,1,65,,QR
NM-002991,16/04/2569 10:46,C05,M,1,70,M0814,QR
NM-002992,16/04/2569 11:20,C03,S,1,55,M0059,QR
NM-002993,16/04/2569 11:21,T05,S,1,50,,QR
NM-002994,16/04/2569 12:37,T01,S,1,45,,QR
NM-002994,16/04/2569 12:37,C03,S,1,55,,QR
NM-002995,16/04/2569 13:06,B01,,1,55,,QR
NM-002996,16/04/2569 13:19,B04,,1,75,,CARD
NM-002997,16/04/2569 14:46,C02,L,1,65,,CARD
NM-002997,16/04/2569 14:46,T01,M,1,55,,CARD
NM-002998,16/04/2569 14:47,T01,L,1,65,,CARD
NM-002998,16/04/2569 14:47,B02,,1,50,,CARD
NM-002999,16/04/2569 15:00,T04,L,2,70,M0744,CARD
NM-003000,16/04/2569 15:16,T01,S,2,45,,CARD
NM-003000,16/04/2569 15:16,B02,,1,50,,CARD
NM-003001,16/04/2569 15:29,B04,,1,75,,QR
NM-003002,16/04/2569 15:41,C05,S,1,60,,QR
NM-003003,16/04/2569 15:45,T03,M,1,50,,CASH
NM-003003,16/04/2569 15:45,B01,,1,55,,CASH
NM-003004,16/04/2569 16:11,C03,L,1,75,M0371,QR
NM-003004,16/04/2569 16:11,B03,,1,85,M0371,QR
NM-003005,16/04/2569 16:13,T02,L,1,80,,QR
NM-003005,16/04/2569 16:13,B01,,1,55,,QR
NM-003006,16/04/2569 16:19,T03,L,1,60,M0011,CARD
NM-003007,16/04/2569 16:25,T04,S,1,50,,QR
NM-003007,16/04/2569 16:25,C06,S,1,65,,QR
NM-003008,16/04/2569 16:29,T04,M,1,60,M0531,QR
NM-003009,16/04/2569 16:36,T03,M,1,50,,QR
NM-003009,16/04/2569 16:36,T01,S,1,45,,QR
NM-003010,16/04/2569 17:42,T01,L,1,65,,CASH
NM-003011,16/04/2569 17:55,C02,S,2,45,,CASH
NM-003011,16/04/2569 17:55,B01,,1,55,,CASH
NM-003012,16/04/2569 18:28,T01,S,1,45,M0622,QR
NM-003012,16/04/2569 18:28,B02,,1,50,M0622,QR
NM-003013,16/04/2569 19:34,C04,S,1,55,M0629,QR
NM-003013,16/04/2569 19:34,T03,M,1,50,M0629,QR
NM-003014,16/04/2569 19:53,T02,L,2,80,,CASH
NM-003015,17/04/2569 07:30,C04,L,1,75,,CASH
NM-003016,17/04/2569 07:31,T01,L,2,65,,QR
NM-003017,17/04/2569 08:45,C03,S,2,55,,QR
NM-003018,17/04/2569 09:08,T02,L,1,,,QR
NM-003019,17/04/2569 09:16,T02,S,1,60,M0358,QR
NM-003020,17/04/2569 09:41,C03,L,1,75,M0252,CASH
NM-003021,17/04/2569 10:01,T02,M,1,70,M0537,QR
NM-003022,17/04/2569 10:19,C06,S,1,65,,QR
NM-003023,17/04/2569 10:28,B02,,2,50,,QR
NM-003024,17/04/2569 11:10,T05,S,1,50,M0434,CASH
NM-003025,17/04/2569 11:13,C03,M,1,65,,QR
NM-003025,17/04/2569 11:13,B03,,1,85,,QR
NM-003026,17/04/2569 11:20,C03,M,1,65,,QR
NM-003026,17/04/2569 11:20,B03,,1,85,,QR
NM-003027,17/04/2569 11:24,C02,M,1,55,,CASH
NM-003028,17/04/2569 11:32,T01,L,1,65,M0107,CASH
NM-003028,17/04/2569 11:32,B02,,1,50,M0107,CASH
NM-003029,17/04/2569 12:30,T03,M,1,50,M0407,CASH
NM-003030,17/04/2569 13:24,T04,S,1,50,,QR
NM-003030,17/04/2569 13:24,T04,S,1,50,,QR
NM-003031,17/04/2569 14:07,C04,L,1,75,M0432,QR
NM-003032,17/04/2569 14:11,B04,,-1,75,M0634,CARD
NM-003032,17/04/2569 14:11,C01,S,1,45,M0634,CARD
NM-003033,17/04/2569 14:29,C04,M,1,65,,CARD
NM-003034,17/04/2569 14:40,T04,S,1,50,,CASH
NM-003035,17/04/2569 14:59,T01,S,2,45,,CARD
NM-003035,17/04/2569 14:59,B02,,1,50,,CARD
NM-003035,17/04/2569 14:59,T02,L,1,80,,CARD
NM-003036,17/04/2569 15:01,T01,S,1,45,M0484,CARD
NM-003037,17/04/2569 15:04,C02,M,1,55,,QR
NM-003037,17/04/2569 15:04,B01,,1,55,,QR
NM-003038,17/04/2569 15:06,T03,S,1,40,,QR
NM-003038,17/04/2569 15:06,B01,,1,55,,QR
NM-003039,17/04/2569 15:51,B02,,2,50,M0558,QR
NM-003040,17/04/2569 16:57,C04,S,3,55,,QR
NM-003041,17/04/2569 17:14,B04,,1,75,,QR
NM-003041,17/04/2569 17:14,T04,L,1,70,,QR
NM-003042,17/04/2569 17:51,T02,,2,60,,CASH
NM-003043,17/04/2569 18:36,T01,L,1,65,,QR
NM-003043,17/04/2569 18:36,B02,,1,50,,QR
NM-003043,17/04/2569 18:36,C01,L,1,65,,QR
NM-003044,17/04/2569 19:19,T01,M,1,55,,QR
NM-003044,17/04/2569 19:19,B02,,1,50,,QR
NM-003045,18/04/2569 07:35,C03,M,1,65,M0689,CARD
NM-003046,18/04/2569 07:49,B03,,2,85,M0441,CASH
NM-003046,18/04/2569 07:49,C06,M,1,75,M0441,CASH
NM-003047,18/04/2569 07:54,C03,M,2,65,M0452,CARD
NM-003048,18/04/2569 08:17,C02,M,1,55,,QR
NM-003048,18/04/2569 08:17,B01,,1,55,,QR
NM-003048,18/04/2569 08:17,C06,M,1,,,QR
NM-003049,18/04/2569 08:28,T03,M,1,50,,QR
NM-003049,18/04/2569 08:28,B03,,1,85,,QR
NM-003050,18/04/2569 08:30,C03,M,1,65,M0800,QR
NM-003050,18/04/2569 08:30,B03,,1,85,M0800,QR
NM-003051,18/04/2569 08:54,C01,L,1,65,M0706,QR
NM-003051,18/04/2569 08:54,B04,,1,75,M0706,QR
NM-003052,18/04/2569 09:16,C02,M,1,55,,QR
NM-003053,18/04/2569 09:30,C04,M,1,65,M0490,QR
NM-003054,18/04/2569 09:38,C02,M,2,55,M0217,CARD
NM-003054,18/04/2569 09:38,B01,,1,55,M0217,CARD
NM-003055,18/04/2569 09:42,C01,L,1,65,,CARD
NM-003055,18/04/2569 09:42,B04,,1,75,,CARD
NM-003056,18/04/2569 09:45,T01,L,1,65,,QR
NM-003057,18/04/2569 09:56,T02,M,1,70,,QR
NM-003058,18/04/2569 10:05,C06,L,1,85,,CASH
NM-003058,18/04/2569 10:05,C06,L,1,85,,CASH
NM-003058,18/04/2569 10:05,C04,M,1,65,,CASH
NM-003059,18/04/2569 10:08,B01,,1,55,,CASH
NM-003060,18/04/2569 10:55,C03,,2,55,,QR
NM-003061,18/04/2569 10:58,C03,S,1,55,,QR
NM-003062,18/04/2569 11:31,C04,M,1,65,,CARD
NM-003063,18/04/2569 13:20,C06,M,2,75,,QR
NM-003064,18/04/2569 13:53,T01,M,1,55,,QR
NM-003065,18/04/2569 14:00,T05,M,2,60,,QR
NM-003066,18/04/2569 14:02,C02,M,2,55,,CARD
NM-003066,18/04/2569 14:02,C01,M,1,55,,CARD
NM-003067,18/04/2569 14:35,C05,L,1,80,,QR
NM-003067,18/04/2569 14:35,C05,L,1,80,,QR
NM-003068,18/04/2569 14:41,B02,,1,50,M0092,QR
NM-003069,18/04/2569 14:47,C06,L,100,85,,CARD
NM-003069,18/04/2569 14:47,T02,S,1,60,,CARD
NM-003070,18/04/2569 15:00,B01,,1,55,,QR
NM-003071,18/04/2569 15:05,B01,,1,55,M0225,QR
NM-003072,18/04/2569 15:17,C03,L,1,75,M0637,QR
NM-003073,18/04/2569 15:21,T01,S,1,45,,CASH
NM-003074,18/04/2569 16:31,C02,L,1,,M0490,CARD
NM-003074,18/04/2569 16:31,T03,L,1,60,M0490,CARD
NM-003075,18/04/2569 16:40,C06,L,1,85,,CARD
NM-003076,18/04/2569 17:14,T04,M,1,60,,QR
NM-003077,18/04/2569 17:29,B03,,3,85,,CARD
NM-003078,18/04/2569 18:10,T01,M,1,55,,CASH
NM-003079,18/04/2569 18:26,T02,S,1,60,M0405,CARD
NM-003079,18/04/2569 18:26,B04,,1,,M0405,CARD
NM-003080,18/04/2569 18:59,T01,M,1,55,,QR
NM-003080,18/04/2569 18:59,B02,,1,50,,QR
NM-003081,18/04/2569 19:35,T02,L,1,80,,QR
NM-003082,19/04/2569 07:11,T02,,1,70,M0018,CASH
NM-003083,19/04/2569 07:29,T01,S,1,45,M0132,QR
NM-003083,19/04/2569 07:29,B02,,1,50,M0132,QR
NM-003084,19/04/2569 08:13,C04,L,3,75,M0685,QR
NM-003085,19/04/2569 08:14,C03,M,1,65,M0325,QR
NM-003086,19/04/2569 09:15,C01,M,1,55,,CARD
NM-003087,19/04/2569 09:39,B02,,1,50,,QR
NM-003087,19/04/2569 09:39,B02,,1,50,,QR
NM-003088,19/04/2569 09:50,B02,,1,50,,CARD
NM-003088,19/04/2569 09:50,C04,S,1,55,,CARD
NM-003089,19/04/2569 09:57,T04,L,2,70,M0454,QR
NM-003089,19/04/2569 09:57,B03,,1,85,M0454,QR
NM-003090,19/04/2569 10:04,C05,M,1,70,,CASH
NM-003090,19/04/2569 10:04,B03,,1,85,,CASH
NM-003090,19/04/2569 10:04,C02,M,1,55,,CASH
NM-003091,19/04/2569 10:16,B04,,1,75,,CARD
NM-003092,19/04/2569 11:04,C02,M,3,55,M0390,CASH
NM-003092,19/04/2569 11:04,B01,,1,55,M0390,CASH
NM-003092,19/04/2569 11:04,B01,,1,55,M0390,CASH
NM-003093,19/04/2569 12:03,C04,L,1,75,,QR
NM-003094,19/04/2569 12:10,B01,,1,,M0426,CASH
NM-003094,19/04/2569 12:10,C03,,1,65,M0426,CASH
NM-003095,19/04/2569 12:35,T03,L,1,60,,CASH
NM-003096,19/04/2569 12:44,T02,M,1,70,,QR
NM-003097,19/04/2569 12:53,B01,,1,55,,CASH
NM-003098,19/04/2569 13:35,B03,,1,85,,QR
NM-003098,19/04/2569 13:35,B03,,1,85,,QR
NM-003099,19/04/2569 13:54,T01,S,1,45,,QR
NM-003100,19/04/2569 13:59,C02,S,1,45,M0044,QR
NM-003100,19/04/2569 13:59,B01,,1,55,M0044,QR
NM-003101,19/04/2569 15:03,C06,,1,85,M0686,CARD
NM-003101,19/04/2569 15:03,B02,,1,50,M0686,CARD
NM-003102,19/04/2569 15:09,T01,L,1,65,M0350,QR
NM-003102,19/04/2569 15:09,B02,,1,50,M0350,QR
NM-003103,19/04/2569 15:24,T05,L,2,70,M0768,QR
NM-003104,19/04/2569 15:57,T03,L,1,60,M0454,QR
NM-003105,19/04/2569 16:00,T01,M,1,55,,QR
NM-003106,19/04/2569 16:01,T02,S,1,60,,QR
NM-003107,19/04/2569 16:09,B01,,1,55,,CARD
NM-003108,19/04/2569 16:11,B01,,1,55,,CARD
NM-003109,19/04/2569 16:47,B01,,3,55,,CASH
NM-003110,19/04/2569 17:11,C06,L,2,85,,QR
NM-003111,19/04/2569 17:24,T02,M,1,70,M0345,CARD
NM-003112,19/04/2569 17:51,B03,,1,85,M0291,CARD
NM-003113,19/04/2569 18:39,T02,M,1,70,,QR
NM-003113,19/04/2569 18:39,T01,M,1,55,,QR
NM-003114,19/04/2569 19:28,T03,M,1,50,M0010,CASH
NM-003115,20/04/2569 07:13,C02,L,1,65,,QR
NM-003116,20/04/2569 07:13,C03,S,1,55,,CARD
NM-003117,20/04/2569 07:45,T05,S,1,50,,CARD
NM-003117,20/04/2569 07:45,C02,M,1,55,,CARD
NM-003118,20/04/2569 07:48,C03,S,1,55,,QR
NM-003118,20/04/2569 07:48,B03,,1,85,,QR
NM-003119,20/04/2569 07:49,T04,L,1,70,,CARD
NM-003120,20/04/2569 09:43,T05,L,1,70,,CARD
NM-003121,20/04/2569 09:46,C04,,1,55,M0366,QR
NM-003122,20/04/2569 10:01,T01,S,1,45,,QR
NM-003122,20/04/2569 10:01,B02,,1,50,,QR
NM-003122,20/04/2569 10:01,T04,M,1,60,,QR
NM-003123,20/04/2569 10:26,T01,M,2,55,,QR
NM-003123,20/04/2569 10:26,B02,,1,50,,QR
NM-003124,20/04/2569 11:44,C04,L,1,75,M0478,QR
NM-003124,20/04/2569 11:44,C01,M,1,55,M0478,QR
NM-003125,20/04/2569 11:55,C06,S,2,65,,CARD
NM-003125,20/04/2569 11:55,C05,M,1,70,,CARD
NM-003126,20/04/2569 11:58,T01,M,1,55,,QR
NM-003126,20/04/2569 11:58,B02,,1,50,,QR
NM-003126,20/04/2569 11:58,B02,,1,50,,QR
NM-003126,20/04/2569 11:58,C03,L,1,75,,QR
NM-003127,20/04/2569 13:48,B01,,1,55,M0765,QR
NM-003128,20/04/2569 13:56,T02,L,1,80,,QR
NM-003129,20/04/2569 14:35,C06,L,1,85,M0231,QR
NM-003130,20/04/2569 15:03,T01,M,1,55,,QR
NM-003131,20/04/2569 15:23,C02,M,1,55,,CARD
NM-003132,20/04/2569 16:06,T01,L,1,65,,QR
NM-003132,20/04/2569 16:06,B02,,1,50,,QR
NM-003133,20/04/2569 17:02,T04,L,1,70,,QR
NM-003134,20/04/2569 18:19,T01,M,1,55,,QR
NM-003134,20/04/2569 18:19,B02,,1,50,,QR
NM-003135,20/04/2569 18:58,T05,S,1,50,,QR
NM-003136,21/04/2569 07:07,B04,,2,75,,CASH
NM-003137,21/04/2569 07:41,C02,S,3,45,M0242,QR
NM-003137,21/04/2569 07:41,B02,,1,,M0242,QR
NM-003138,21/04/2569 07:51,C06,L,1,85,,QR
NM-003139,21/04/2569 08:06,C01,M,1,55,,QR
NM-003140,21/04/2569 08:13,C06,L,1,85,M0138,CASH
NM-003140,21/04/2569 08:13,C04,L,1,75,M0138,CASH
NM-003141,21/04/2569 08:14,C04,S,1,55,,QR
NM-003141,21/04/2569 08:14,B04,,1,75,,QR
NM-003142,21/04/2569 08:25,C05,M,1,70,,CASH
NM-003143,21/04/2569 08:27,C06,M,2,75,M0314,QR
NM-003144,21/04/2569 08:27,T01,M,1,55,,QR
NM-003144,21/04/2569 08:27,B02,,1,50,,QR
NM-003145,21/04/2569 08:52,C03,S,1,55,,CARD
NM-003145,21/04/2569 08:52,B03,,1,85,,CARD
NM-003146,21/04/2569 09:05,C04,L,1,75,M0338,CASH
NM-003146,21/04/2569 09:05,B02,,1,50,M0338,CASH
NM-003147,21/04/2569 09:24,C02,L,1,65,M0092,CASH
NM-003147,21/04/2569 09:24,B02,,1,50,M0092,CASH
NM-003148,21/04/2569 09:34,C01,L,1,65,,QR
NM-003148,21/04/2569 09:34,B04,,1,75,,QR
NM-003149,21/04/2569 10:15,C03,M,2,65,,CARD
NM-003149,21/04/2569 10:15,B03,,1,85,,CARD
NM-003150,21/04/2569 10:29,T02,M,1,70,,CASH
NM-003150,21/04/2569 10:29,B03,,1,85,,CASH
NM-003151,21/04/2569 10:52,C04,M,1,65,M0596,QR
NM-003152,21/04/2569 11:05,T04,M,1,60,,CASH
NM-003153,21/04/2569 11:06,B04,,1,75,,QR
NM-003154,21/04/2569 12:12,B04,,2,75,,QR
NM-003155,21/04/2569 13:13,C05,S,1,,M0623,CASH
NM-003155,21/04/2569 13:13,B02,,1,50,M0623,CASH
NM-003156,21/04/2569 13:45,T01,M,1,55,M0708,QR
NM-003157,21/04/2569 14:22,C02,M,2,55,,CASH
NM-003158,21/04/2569 14:26,B01,,1,55,,CARD
NM-003158,21/04/2569 14:26,C04,M,1,65,,CARD
NM-003159,21/04/2569 14:47,B01,,1,55,,QR
NM-003160,21/04/2569 17:00,T01,M,1,55,,CARD
NM-003160,21/04/2569 17:00,B02,,1,50,,CARD
NM-003161,21/04/2569 17:31,C02,M,1,55,M0126,QR
NM-003161,21/04/2569 17:31,B01,,1,55,M0126,QR
NM-003162,21/04/2569 19:13,T01,M,1,55,M0095,CARD
NM-003163,21/04/2569 19:17,T01,M,1,55,M0362,CARD
NM-003163,21/04/2569 19:17,B02,,1,50,M0362,CARD
NM-003164,22/04/2569 07:58,C03,S,1,55,,CARD
NM-003165,22/04/2569 08:14,C03,L,1,75,M0702,CARD
NM-003166,22/04/2569 08:33,C01,L,1,65,M0052,QR
NM-003166,22/04/2569 08:33,B04,,1,75,M0052,QR
NM-003167,22/04/2569 08:45,C03,S,1,55,,CASH
NM-003167,22/04/2569 08:45,B03,,1,85,,CASH
NM-003168,22/04/2569 08:52,C06,M,1,75,,CASH
NM-003169,22/04/2569 08:59,B01,,1,55,,CARD
NM-003169,22/04/2569 08:59,C03,M,1,65,,CARD
NM-003170,22/04/2569 09:10,B03,,1,85,M0301,QR
NM-003171,22/04/2569 09:25,C03,M,1,65,,CASH
NM-003172,22/04/2569 09:40,B01,,1,55,M0392,CARD
NM-003173,22/04/2569 09:59,T04,M,2,60,,CARD
NM-003174,22/04/2569 10:18,C02,S,1,45,M0451,QR
NM-003174,22/04/2569 10:18,B01,,1,55,M0451,QR
NM-003174,22/04/2569 10:18,C06,M,1,75,M0451,QR
NM-003175,22/04/2569 11:10,T02,S,1,60,,CARD
NM-003176,22/04/2569 11:45,C05,M,1,70,,CARD
NM-003177,22/04/2569 12:00,C04,S,3,55,,QR
NM-003177,22/04/2569 12:00,T01,M,1,55,,QR
NM-003178,22/04/2569 12:06,T02,L,1,80,M0018,CASH
NM-003179,22/04/2569 12:18,T05,M,3,60,,CARD
NM-003180,22/04/2569 12:53,C02,S,1,45,,QR
NM-003180,22/04/2569 12:53,B01,,1,55,,QR
NM-003181,22/04/2569 14:06,T02,M,1,70,M0317,QR
NM-003182,22/04/2569 14:50,T05,S,1,50,,CASH
NM-003183,22/04/2569 15:39,C02,L,1,65,M0168,QR
NM-003183,22/04/2569 15:39,B01,,1,55,M0168,QR
NM-003184,22/04/2569 15:56,B04,,3,75,,QR
NM-003185,22/04/2569 16:07,T02,M,1,70,,QR
NM-003186,22/04/2569 18:18,B03,,1,85,M0353,QR
NM-003186,22/04/2569 18:18,T03,L,1,60,M0353,QR
NM-003187,22/04/2569 18:41,B02,,1,50,,QR
NM-003188,22/04/2569 18:52,T01,M,1,55,,QR
NM-003188,22/04/2569 18:52,B02,,1,50,,QR
NM-003189,22/04/2569 19:11,T02,M,1,70,,QR
NM-003190,23/04/2569 07:33,C06,M,1,75,M0642,QR
NM-003191,23/04/2569 07:42,C03,M,1,65,M0280,CASH
NM-003191,23/04/2569 07:42,C03,M,1,65,M0280,CASH
NM-003191,23/04/2569 07:42,B03,,1,85,M0280,CASH
NM-003192,23/04/2569 08:03,C03,M,1,65,M0522,CARD
NM-003192,23/04/2569 08:03,B03,,1,85,M0522,CARD
NM-003193,23/04/2569 09:52,C03,S,1,55,,QR
NM-003193,23/04/2569 09:52,B03,,1,85,,QR
NM-003194,23/04/2569 10:24,B01,,1,55,,QR
NM-003195,23/04/2569 10:48,C06,S,1,65,M0514,QR
NM-003196,23/04/2569 10:54,C03,L,3,75,,CASH
NM-003196,23/04/2569 10:54,B03,,1,85,,CASH
NM-003196,23/04/2569 10:54,T03,M,1,50,,CASH
NM-003197,23/04/2569 11:08,T03,L,1,60,,CASH
NM-003197,23/04/2569 11:08,T02,M,1,70,,CASH
NM-003198,23/04/2569 11:39,C02,L,2,65,M0401,QR
NM-003199,23/04/2569 12:06,T01,M,1,55,,CASH
NM-003199,23/04/2569 12:06,B02,,1,50,,CASH
NM-003199,23/04/2569 12:06,C04,L,1,75,,CASH
NM-003200,23/04/2569 12:51,T01,M,1,55,M0115,QR
NM-003201,23/04/2569 13:06,C05,S,3,60,,CARD
NM-003202,23/04/2569 14:12,B04,,1,75,,CASH
NM-003202,23/04/2569 14:12,T04,M,1,60,,CASH
NM-003203,23/04/2569 14:24,T01,L,1,65,M0248,QR
NM-003204,23/04/2569 14:44,C02,M,2,55,,QR
NM-003204,23/04/2569 14:44,B01,,1,55,,QR
NM-003205,23/04/2569 14:45,C06,S,2,65,,CARD
NM-003206,23/04/2569 15:28,B01,,1,55,M0618,QR
NM-003207,23/04/2569 15:49,T02,S,2,60,M0171,CARD
NM-003208,23/04/2569 15:59,B01,,1,55,M0548,CARD
NM-003209,23/04/2569 16:14,C04,M,1,65,,QR
NM-003210,23/04/2569 19:01,C03,,1,55,,QR
NM-003211,24/04/2569 07:04,C02,M,1,55,,CASH
NM-003212,24/04/2569 07:31,T02,L,1,80,,CASH
NM-003213,24/04/2569 07:51,B04,,1,75,,CARD
NM-003214,24/04/2569 07:55,C02,,1,65,M0431,CARD
NM-003215,24/04/2569 08:20,C03,L,1,75,,QR
NM-003215,24/04/2569 08:20,B03,,1,85,,QR
NM-003216,24/04/2569 08:24,C03,M,1,,,QR
NM-003216,24/04/2569 08:24,B03,,1,85,,QR
NM-003217,24/04/2569 08:32,C06,S,1,65,,QR
NM-003218,24/04/2569 08:32,T01,L,1,65,,CASH
NM-003218,24/04/2569 08:32,B02,,1,50,,CASH
NM-003219,24/04/2569 08:35,B02,,2,,M0247,QR
NM-003220,24/04/2569 08:36,C03,M,2,65,,QR
NM-003221,24/04/2569 08:53,C02,M,1,55,,QR
NM-003222,24/04/2569 09:04,C05,L,1,80,,CASH
NM-003223,24/04/2569 09:17,C02,S,1,45,M0383,CASH
NM-003223,24/04/2569 09:17,T01,M,1,55,M0383,CASH
NM-003224,24/04/2569 09:59,T02,M,1,70,,QR
NM-003225,24/04/2569 10:08,C03,M,3,65,M0672,QR
NM-003225,24/04/2569 10:08,B03,,1,85,M0672,QR
NM-003226,24/04/2569 10:15,C04,S,1,55,,QR
NM-003227,24/04/2569 11:04,B01,,1,55,,QR
NM-003228,24/04/2569 11:09,T03,M,2,50,M0659,QR
NM-003229,24/04/2569 11:14,C05,M,1,70,,QR
NM-003230,24/04/2569 11:43,B03,,1,85,,QR
NM-003231,24/04/2569 13:14,B01,,2,55,,QR
NM-003232,24/04/2569 14:04,C02,S,1,45,M0426,CARD
NM-003232,24/04/2569 14:04,B01,,1,55,M0426,CARD
NM-003233,24/04/2569 14:16,T01,S,1,45,M0744,QR
NM-003234,24/04/2569 14:38,C03,L,1,75,,CASH
NM-003234,24/04/2569 14:38,B03,,1,,,CASH
NM-003235,24/04/2569 15:52,C04,S,1,55,M0531,QR
NM-003236,24/04/2569 16:43,B01,,2,55,M0228,CASH
NM-003237,24/04/2569 17:42,T01,S,1,45,,CASH
NM-003238,24/04/2569 18:37,C04,M,1,65,,CARD
NM-003238,24/04/2569 18:37,B02,,1,50,,CARD
NM-003239,25/04/2569 08:00,B01,,2,55,,QR
NM-003240,25/04/2569 08:12,C04,S,2,55,,CASH
NM-003240,25/04/2569 08:12,B04,,1,75,,CASH
NM-003241,25/04/2569 08:27,C03,M,1,65,M0137,QR
NM-003241,25/04/2569 08:27,B03,,1,85,M0137,QR
NM-003242,25/04/2569 08:33,C02,M,1,55,,CARD
NM-003242,25/04/2569 08:33,B01,,1,55,,CARD
NM-003243,25/04/2569 08:35,C06,L,1,85,,QR
NM-003244,25/04/2569 08:38,B01,,1,55,,QR
NM-003245,25/04/2569 09:06,C04,M,1,65,,QR
NM-003246,25/04/2569 09:08,C01,S,1,45,,QR
NM-003246,25/04/2569 09:08,B04,,1,75,,QR
NM-003247,25/04/2569 09:18,B03,,1,85,M0385,QR
NM-003248,25/04/2569 09:25,C04,M,1,65,,CASH
NM-003249,25/04/2569 09:34,C03,M,1,65,M0074,CASH
NM-003249,25/04/2569 09:34,B03,,1,85,M0074,CASH
NM-003250,25/04/2569 09:39,C02,S,1,45,,CASH
NM-003250,25/04/2569 09:39,B01,,1,55,,CASH
NM-003251,25/04/2569 09:43,C04,S,1,55,M0702,QR
NM-003252,25/04/2569 09:57,C03,M,2,65,,CARD
NM-003252,25/04/2569 09:57,B03,,1,85,,CARD
NM-003253,25/04/2569 10:03,C06,M,2,75,,QR
NM-003254,25/04/2569 10:29,C03,L,2,75,,QR
NM-003255,25/04/2569 10:36,C05,S,1,60,,QR
NM-003256,25/04/2569 10:42,B02,,2,50,,CARD
NM-003257,25/04/2569 10:58,C05,S,2,60,,CARD
NM-003258,25/04/2569 10:59,C03,S,1,55,,CASH
NM-003259,25/04/2569 11:30,C03,M,2,65,MO604,CARD
NM-003260,25/04/2569 11:51,C04,M,1,65,,CASH
NM-003261,25/04/2569 12:01,T03,S,2,40,,QR
NM-003262,25/04/2569 14:06,C05,M,1,70,M0372,CARD
NM-003263,25/04/2569 14:36,C06,M,1,75,,CASH
NM-003263,25/04/2569 14:36,B03,,1,85,,CASH
NM-003264,25/04/2569 14:48,B01,,2,55,M0193,CASH
NM-003264,25/04/2569 14:48,B01,,2,55,M0193,CASH
NM-003265,25/04/2569 15:02,B01,,1,55,M0304,QR
NM-003266,25/04/2569 15:19,C04,M,1,65,M0491,QR
NM-003267,25/04/2569 15:53,C06,L,3,85,,QR
NM-003268,25/04/2569 15:55,B01,,3,55,M0629,QR
NM-003269,25/04/2569 15:55,C04,S,100,55,,QR
NM-003270,25/04/2569 16:15,B02,,2,50,M0018,QR
NM-003271,25/04/2569 16:40,C03,M,1,65,M0604,QR
NM-003271,25/04/2569 16:40,B03,,1,85,M0604,QR
NM-003272,25/04/2569 16:59,T04,S,1,50,M0376,QR
NM-003273,25/04/2569 17:05,T01,M,1,55,M0409,CARD
NM-003273,25/04/2569 17:05,B02,,1,50,M0409,CARD
NM-003274,25/04/2569 17:06,T02,M,1,70,M0023,QR
NM-003275,25/04/2569 17:12,T05,S,2,50,M0059,QR
NM-003276,25/04/2569 17:59,C03,M,1,65,M0662,QR
NM-003276,25/04/2569 17:59,B03,,1,85,M0662,QR
NM-003277,25/04/2569 18:48,B01,,1,55,M0793,QR
NM-003277,25/04/2569 18:48,B04,,1,75,M0793,QR
NM-003278,25/04/2569 18:54,T02,M,1,70,M0149,QR
NM-003279,25/04/2569 18:59,T01,M,1,55,,CARD
NM-003279,25/04/2569 18:59,B02,,1,50,,CARD
NM-003280,25/04/2569 19:04,B04,,2,,M0587,QR
NM-003280,25/04/2569 19:04,B04,,2,,M0587,QR
NM-003281,25/04/2569 19:31,T01,M,1,55,,CARD
NM-003281,25/04/2569 19:31,B02,,1,50,,CARD
NM-003282,26/04/2569 07:13,T01,M,3,55,M0704,QR
NM-003282,26/04/2569 07:13,B02,,1,50,M0704,QR
NM-003283,26/04/2569 07:49,T03,M,3,50,M0137,CASH
NM-003283,26/04/2569 07:49,C06,L,1,,M0137,CASH
NM-003284,26/04/2569 08:41,B01,,1,55,M0198,QR
NM-003285,26/04/2569 08:42,C03,S,1,55,,QR
NM-003286,26/04/2569 08:48,C06,S,1,65,,QR
NM-003287,26/04/2569 08:53,T03,S,1,40,,CARD
NM-003287,26/04/2569 08:53,C03,M,1,65,,CARD
NM-003288,26/04/2569 09:04,C03,M,1,65,M0134,QR
NM-003288,26/04/2569 09:04,T01,M,1,55,M0134,QR
NM-003289,26/04/2569 09:39,T04,M,1,60,M0730,QR
NM-003290,26/04/2569 09:40,C03,S,2,55,,CASH
NM-003290,26/04/2569 09:40,B03,,1,85,,CASH
NM-003291,26/04/2569 09:48,C06,L,1,85,M0676,QR
NM-003292,26/04/2569 09:51,B02,,1,50,,CARD
NM-003293,26/04/2569 09:52,T03,M,1,50,,QR
NM-003293,26/04/2569 09:52,T03,M,1,50,,QR
NM-003294,26/04/2569 10:31,C04,M,1,65,,QR
NM-003295,26/04/2569 11:53,C02,S,1,45,M0316,CASH
NM-003295,26/04/2569 11:53,B01,,1,55,M0316,CASH
NM-003296,26/04/2569 11:57,C06,M,1,75,,QR
NM-003297,26/04/2569 12:00,C02,L,1,65,M0081,QR
NM-003298,26/04/2569 12:09,C03,M,1,65,M0373,CARD
NM-003299,26/04/2569 12:18,C05,L,3,80,,CARD
NM-003300,26/04/2569 12:57,T01,M,2,55,,CARD
NM-003300,26/04/2569 12:57,B02,,1,,,CARD
NM-003301,26/04/2569 14:21,C04,M,1,65,M0301,QR
NM-003302,26/04/2569 14:57,T05,M,1,60,,QR
NM-003303,26/04/2569 15:09,T03,M,3,50,M0509,CARD
NM-003303,26/04/2569 15:09,T03,M,3,50,M0509,CARD
NM-003304,26/04/2569 16:24,C01,S,2,45,,CARD
NM-003304,26/04/2569 16:24,B04,,1,75,,CARD
NM-003305,26/04/2569 17:18,T02,L,1,80,,QR
NM-003306,26/04/2569 17:34,C03,S,1,,,CARD
NM-003307,26/04/2569 17:55,C03,M,1,65,,CARD
NM-003307,26/04/2569 17:55,C02,M,1,55,,CARD
NM-003308,26/04/2569 18:45,C03,M,1,65,M208,QR
NM-003309,26/04/2569 19:40,T05,M,3,,M0390,CARD
NM-003310,27/04/2569 07:49,C02,S,1,45,,QR
NM-003311,27/04/2569 07:55,B02,,1,50,,CARD
NM-003312,27/04/2569 09:06,C03,S,2,55,M0278,CASH
NM-003313,27/04/2569 09:13,C02,,1,55,,QR
NM-003313,27/04/2569 09:13,C06,M,1,75,,QR
NM-003314,27/04/2569 09:27,T05,S,2,50,,QR
NM-003315,27/04/2569 09:44,C03,M,1,65,M0247,CASH
NM-003315,27/04/2569 09:44,B03,,1,85,M0247,CASH
NM-003315,27/04/2569 09:44,T01,M,1,55,M0247,CASH
NM-003316,27/04/2569 09:53,C05,L,1,80,M0562,CASH
NM-003317,27/04/2569 10:32,C03,M,1,65,,CASH
NM-003317,27/04/2569 10:32,B03,,1,85,,CASH
NM-003317,27/04/2569 10:32,B02,,1,50,,CASH
NM-003318,27/04/2569 10:49,C05,S,1,60,,CARD
NM-003318,27/04/2569 10:49,B01,,1,55,,CARD
NM-003319,27/04/2569 11:14,C02,S,1,45,,CASH
NM-003320,27/04/2569 12:10,C02,S,1,45,M0482,QR
NM-003321,27/04/2569 14:27,T04,S,1,50,,QR
NM-003322,27/04/2569 15:16,T02,M,1,,,QR
NM-003323,27/04/2569 15:43,C02,S,1,45,,CASH
NM-003324,27/04/2569 15:46,B02,,1,50,M0280,QR
NM-003325,27/04/2569 16:08,T02,L,1,80,,QR
NM-003326,27/04/2569 17:42,T02,M,1,70,M0287,QR
NM-003326,27/04/2569 17:42,B04,,1,75,M0287,QR
NM-003327,27/04/2569 18:05,B04,,2,75,,CASH
NM-003328,27/04/2569 19:09,T02,L,1,80,,QR
NM-003328,27/04/2569 19:09,B04,,1,75,,QR
NM-003329,28/04/2569 07:00,C05,M,1,70,M0782,QR
NM-003330,28/04/2569 07:13,C05,L,3,80,,CARD
NM-003330,28/04/2569 07:13,B03,,1,85,,CARD
NM-003331,28/04/2569 08:24,C03,L,1,75,,QR
NM-003331,28/04/2569 08:24,T05,M,1,60,,QR
NM-003332,28/04/2569 08:47,C02,M,1,55,M0634,CASH
NM-003332,28/04/2569 08:47,B01,,1,55,M0634,CASH
NM-003333,28/04/2569 09:02,T01,M,2,55,M0456,QR
NM-003334,28/04/2569 09:05,T02,S,2,60,,CASH
NM-003335,28/04/2569 09:08,C02,L,2,65,,CARD
NM-003335,28/04/2569 09:08,C02,L,2,65,,CARD
NM-003335,28/04/2569 09:08,B01,,1,55,,CARD
NM-003336,28/04/2569 09:46,C01,M,1,55,M0470,CARD
NM-003336,28/04/2569 09:46,B04,,1,75,M0470,CARD
NM-003337,28/04/2569 10:07,C04,S,1,55,M0333,QR
NM-003338,28/04/2569 10:27,B04,,1,75,M0315,QR
NM-003339,28/04/2569 11:26,C03,L,1,75,,CASH
NM-003339,28/04/2569 11:26,B02,,1,50,,CASH
NM-003340,28/04/2569 11:40,C02,M,1,55,,QR
NM-003341,28/04/2569 11:45,T02,L,1,80,,CARD
NM-003342,28/04/2569 13:07,T02,L,1,80,,QR
NM-003343,28/04/2569 13:35,C02,M,1,55,M0097,CARD
NM-003344,28/04/2569 13:35,T01,L,1,65,,CASH
NM-003345,28/04/2569 14:43,T01,L,1,65,,QR
NM-003345,28/04/2569 14:43,B02,,1,50,,QR
NM-003346,28/04/2569 15:16,T01,S,1,45,,CARD
NM-003346,28/04/2569 15:16,B02,,1,50,,CARD
NM-003347,28/04/2569 15:39,T02,M,1,70,M0491,QR
NM-003348,28/04/2569 16:07,C03,S,1,55,,CARD
NM-003349,28/04/2569 16:34,T02,M,2,70,,CARD
NM-003349,28/04/2569 16:34,C05,M,1,70,,CARD
NM-003350,28/04/2569 17:18,T02,M,1,70,M0301,QR
NM-003351,28/04/2569 17:40,T04,S,1,50,,CARD
NM-003352,28/04/2569 17:43,T04,M,1,60,,CARD
NM-003352,28/04/2569 17:43,T01,L,1,65,,CARD
NM-003353,28/04/2569 18:32,T01,M,2,55,,QR
NM-003353,28/04/2569 18:32,B02,,1,50,,QR
NM-003354,28/04/2569 18:51,T03,M,1,50,,CARD
NM-003354,28/04/2569 18:51,B04,,1,75,,CARD
NM-003355,28/04/2569 19:33,B01,,1,55,,QR
NM-003356,28/04/2569 19:51,C03,L,1,75,,CARD
NM-003356,28/04/2569 19:51,B03,,1,85,,CARD
NM-003357,29/04/2569 07:36,C05,M,1,70,,QR
NM-003358,29/04/2569 07:38,B04,,1,75,M0541,QR
NM-003359,29/04/2569 08:06,C03,L,1,75,M0315,QR
NM-003360,29/04/2569 08:56,C03,M,1,65,,CASH
NM-003361,29/04/2569 09:00,C04,M,1,65,,QR
NM-003361,29/04/2569 09:00,C01,M,1,55,,QR
NM-003362,29/04/2569 09:20,C04,S,1,55,,QR
NM-003362,29/04/2569 09:20,B02,,1,50,,QR
NM-003362,29/04/2569 09:20,C05,M,1,70,,QR
NM-003363,29/04/2569 09:40,C04,M,1,65,,QR
NM-003363,29/04/2569 09:40,B04,,1,75,,QR
NM-003364,29/04/2569 09:49,B03,,1,85,M0422,CASH
NM-003365,29/04/2569 10:06,C05,M,1,70,,QR
NM-003366,29/04/2569 13:32,C04,L,1,75,M0205,CASH
NM-003367,29/04/2569 13:39,T03,M,2,50,,CASH
NM-003368,29/04/2569 14:03,T02,M,1,70,M0530,QR
NM-003369,29/04/2569 14:40,T02,M,1,70,M0484,QR
NM-003370,29/04/2569 14:54,T04,S,1,50,M0633,CARD
NM-003371,29/04/2569 15:04,T02,S,1,60,,QR
NM-003372,29/04/2569 15:24,C03,S,2,55,,CARD
NM-003372,29/04/2569 15:24,B03,,1,85,,CARD
NM-003373,29/04/2569 16:49,B01,,2,55,,QR
NM-003374,29/04/2569 16:49,C06,S,1,65,,QR
NM-003375,29/04/2569 18:43,T03,M,1,50,,CARD
NM-003376,29/04/2569 19:07,T03,S,1,40,M0434,CASH
NM-003377,30/04/2569 07:05,C05,L,1,80,,QR
NM-003377,30/04/2569 07:05,B01,,1,55,,QR
NM-003378,30/04/2569 07:11,C03,L,1,75,M0217,CASH
NM-003379,30/04/2569 07:52,C06,L,2,85,M0168,QR
NM-003380,30/04/2569 08:40,T04,M,1,60,M0551,QR
NM-003381,30/04/2569 08:43,C02,S,1,45,M0252,CARD
NM-003382,30/04/2569 09:45,B04,,1,75,M0181,QR
NM-003382,30/04/2569 09:45,T04,M,1,60,M0181,QR
NM-003383,30/04/2569 09:48,C01,M,1,55,M0584,QR
NM-003383,30/04/2569 09:48,B04,,1,75,M0584,QR
NM-003384,30/04/2569 10:02,T04,M,1,60,M0149,QR
NM-003385,30/04/2569 10:12,C03,L,1,75,M0280,QR
NM-003385,30/04/2569 10:12,C03,L,1,75,M0280,QR
NM-003386,30/04/2569 11:20,C02,S,1,45,M0268,QR
NM-003386,30/04/2569 11:20,C04,L,1,75,M0268,QR
NM-003387,30/04/2569 11:33,C03,L,1,75,,CASH
NM-003388,30/04/2569 12:08,B01,,1,55,,QR
NM-003389,30/04/2569 12:17,C01,M,1,55,,CASH
NM-003389,30/04/2569 12:17,B04,,1,75,,CASH
NM-003390,30/04/2569 12:31,T04,M,1,60,,CARD
NM-003391,30/04/2569 12:37,C02,M,2,55,M0208,QR
NM-003392,30/04/2569 13:37,T01,M,1,55,M0407,CARD
NM-003392,30/04/2569 13:37,B03,,1,85,M0407,CARD
NM-003393,30/04/2569 14:33,C03,M,1,65,,QR
NM-003393,30/04/2569 14:33,B03,,1,85,,QR
NM-003394,30/04/2569 15:08,C02,M,1,55,,CASH
NM-003394,30/04/2569 15:08,T05,M,1,60,,CASH
NM-003395,30/04/2569 15:09,B02,,1,50,M0553,CARD
NM-003396,30/04/2569 15:24,C02,M,2,55,M0182,QR
NM-003397,30/04/2569 15:41,C02,M,2,55,,CARD
NM-003398,30/04/2569 16:08,B01,,3,55,,QR
NM-003399,30/04/2569 17:24,T01,L,3,65,M0618,QR
NM-003399,30/04/2569 17:24,B04,,1,75,M0618,QR
NM-003400,30/04/2569 18:01,T05,M,1,60,,CARD
NM-003401,30/04/2569 19:57,B04,,1,75,,CASH
NM-003401,30/04/2569 19:57,T03,M,1,50,,CASH
NM-003402,01/05/2569 07:00,C04,M,1,65,,CARD
NM-003403,01/05/2569 07:41,C03,M,1,65,M0565,CARD
NM-003403,01/05/2569 07:41,B03,,1,,M0565,CARD
NM-003404,01/05/2569 08:15,C05,M,2,70,,CARD
NM-003405,01/05/2569 08:28,C06,S,1,65,,CARD
NM-003406,01/05/2569 08:38,T03,S,1,40,,QR
NM-003407,01/05/2569 08:58,C03,L,1,,,QR
NM-003408,01/05/2569 09:10,C02,M,1,55,,CARD
NM-003409,01/05/2569 09:39,C03,M,1,65,M0681,CASH
NM-003409,01/05/2569 09:39,C04,M,1,65,M0681,CASH
NM-003410,01/05/2569 09:48,T04,L,1,70,,CASH
NM-003411,01/05/2569 10:16,C06,M,1,75,,QR
NM-003411,01/05/2569 10:16,B01,,1,55,,QR
NM-003412,01/05/2569 10:53,B04,,1,75,,QR
NM-003412,01/05/2569 10:53,C03,L,1,75,,QR
NM-003413,01/05/2569 10:58,C02,M,1,55,M0195,QR
NM-003413,01/05/2569 10:58,B01,,1,55,M0195,QR
NM-003414,01/05/2569 11:31,T04,M,1,60,,QR
NM-003415,01/05/2569 12:27,C04,L,1,75,,CARD
NM-003415,01/05/2569 12:27,C06,M,1,75,,CARD
NM-003416,01/05/2569 13:21,T03,M,1,50,M0372,QR
NM-003416,01/05/2569 13:21,B04,,1,75,M0372,QR
NM-003416,01/05/2569 13:21,T02,L,1,80,M0372,QR
NM-003417,01/05/2569 13:25,B04,,1,75,,QR
NM-003418,01/05/2569 13:45,C04,M,1,65,M0006,CARD
NM-003419,01/05/2569 14:14,C03,L,1,75,M0651,QR
NM-003419,01/05/2569 14:14,B03,,1,85,M0651,QR
NM-003420,01/05/2569 14:20,C04,M,2,65,,QR
NM-003421,01/05/2569 14:22,C03,L,1,75,,QR
NM-003421,01/05/2569 14:22,B03,,0,85,,QR
NM-003421,01/05/2569 14:22,T03,M,1,50,,QR
NM-003422,01/05/2569 14:41,B01,,1,55,,CASH
NM-003423,01/05/2569 15:02,C03,M,3,65,M0776,QR
NM-003424,01/05/2569 15:32,C02,M,1,55,M0694,QR
NM-003424,01/05/2569 15:32,B01,,1,55,M0694,QR
NM-003425,01/05/2569 15:34,T03,L,1,60,,CARD
NM-003426,01/05/2569 15:56,T04,L,1,70,M0381,QR
NM-003426,01/05/2569 15:56,B02,,100,50,M0381,QR
NM-003427,01/05/2569 16:10,C03,L,1,75,,CARD
NM-003427,01/05/2569 16:10,B03,,1,85,,CARD
NM-003428,01/05/2569 16:26,B02,,1,50,,QR
NM-003429,01/05/2569 16:39,T01,M,1,55,M0462,QR
NM-003429,01/05/2569 16:39,T05,M,1,60,M0462,QR
NM-003430,01/05/2569 17:40,B02,,1,50,M0314,CARD
NM-003430,01/05/2569 17:40,T04,S,1,50,M0314,CARD
NM-003431,01/05/2569 18:07,T01,M,1,55,M0538,QR
NM-003431,01/05/2569 18:07,T01,M,1,55,M0538,QR
NM-003432,01/05/2569 18:12,T03,M,1,50,,QR
NM-003432,01/05/2569 18:12,T05,M,1,60,,QR
NM-003433,01/05/2569 18:22,T05,M,1,60,M0610,QR
NM-003434,01/05/2569 18:34,T01,S,3,45,,QR
NM-003434,01/05/2569 18:34,B01,,1,55,,QR
NM-003435,02/05/2569 08:27,C03,M,1,65,M0640,QR
NM-003435,02/05/2569 08:27,C02,M,1,55,M0640,QR
NM-003436,02/05/2569 08:29,C05,,1,60,,CARD
NM-003437,02/05/2569 08:29,C03,M,1,65,M0467,QR
NM-003437,02/05/2569 08:29,B03,,1,85,M0467,QR
NM-003437,02/05/2569 08:29,T01,M,1,55,M0467,QR
NM-003438,02/05/2569 08:30,T05,S,1,50,,CARD
NM-003439,02/05/2569 08:35,C04,S,0,55,M0437,CASH
NM-003440,02/05/2569 08:47,C03,M,1,65,,QR
NM-003441,02/05/2569 09:03,B04,,1,75,M0498,QR
NM-003442,02/05/2569 09:12,C06,M,2,75,,CASH
NM-003443,02/05/2569 10:40,C03,L,1,75,M0044,QR
NM-003443,02/05/2569 10:40,B03,,1,85,M0044,QR
NM-003444,02/05/2569 10:44,C02,M,1,,M0468,QR
NM-003444,02/05/2569 10:44,B01,,1,55,M0468,QR
NM-003445,02/05/2569 10:56,C02,M,1,55,M0182,CASH
NM-003445,02/05/2569 10:56,B01,,1,,M0182,CASH
NM-003446,02/05/2569 11:15,C02,M,1,55,,CASH
NM-003447,02/05/2569 12:12,B04,,1,75,M0112,CASH
NM-003447,02/05/2569 12:12,C02,M,1,55,M0112,CASH
NM-003448,02/05/2569 12:14,B04,,1,75,,CARD
NM-003449,02/05/2569 12:34,C04,M,1,65,,CARD
NM-003450,02/05/2569 14:04,B03,,1,85,M0225,QR
NM-003450,02/05/2569 14:04,T04,S,1,50,M0225,QR
NM-003451,02/05/2569 14:06,B02,,1,50,,QR
NM-003452,02/05/2569 14:11,B02,,1,50,,QR
NM-003452,02/05/2569 14:11,B01,,1,,,QR
NM-003453,02/05/2569 14:13,T02,M,1,70,M0795,QR
NM-003454,02/05/2569 14:34,T05,L,1,70,,QR
NM-003455,02/05/2569 14:34,C06,M,1,75,,QR
NM-003456,02/05/2569 14:41,T01,M,2,55,M0432,QR
NM-003456,02/05/2569 14:41,B02,,1,50,M0432,QR
NM-003456,02/05/2569 14:41,B01,,1,55,M0432,QR
NM-003457,02/05/2569 14:52,T03,L,1,60,M0371,QR
NM-003457,02/05/2569 14:52,C03,S,1,55,M0371,QR
NM-003458,02/05/2569 15:12,C04,L,1,75,M0265,CASH
NM-003459,02/05/2569 15:13,B03,,2,85,M0060,QR
NM-003460,02/05/2569 15:24,C06,M,1,75,M0621,CASH
NM-003461,02/05/2569 16:26,T01,S,2,45,M0256,QR
NM-003461,02/05/2569 16:26,B02,,1,50,M0256,QR
NM-003462,02/05/2569 16:33,B02,,1,50,,QR
NM-003463,02/05/2569 16:42,T02,M,2,70,,QR
NM-003463,02/05/2569 16:42,B03,,1,85,,QR
NM-003464,02/05/2569 18:10,B03,,2,85,,CARD
NM-003465,02/05/2569 19:09,T02,M,3,70,M0606,QR
NM-003466,03/05/2569 07:22,T04,S,1,50,,CASH
NM-003467,03/05/2569 07:39,T01,M,3,55,,QR
NM-003468,03/05/2569 07:54,C03,S,1,55,M0317,CASH
NM-003468,03/05/2569 07:54,B03,,1,85,M0317,CASH
NM-003469,03/05/2569 07:55,C01,M,3,55,,QR
NM-003469,03/05/2569 07:55,B04,,1,75,,QR
NM-003470,03/05/2569 08:14,C03,M,2,65,M0010,CARD
NM-003471,03/05/2569 08:14,T02,M,1,70,,CASH
NM-003471,03/05/2569 08:14,B01,,1,55,,CASH
NM-003472,03/05/2569 08:25,C01,L,1,65,,CARD
NM-003472,03/05/2569 08:25,B04,,1,75,,CARD
NM-003472,03/05/2569 08:25,T01,M,1,55,,CARD
NM-003473,03/05/2569 08:33,C03,M,1,65,,CASH
NM-003473,03/05/2569 08:33,C04,S,1,55,,CASH
NM-003474,03/05/2569 08:33,B04,,1,75,,QR
NM-003475,03/05/2569 08:48,C05,L,1,80,M0437,QR
NM-003476,03/05/2569 08:58,C04,M,3,65,M0663,QR
NM-003476,03/05/2569 08:58,B03,,1,85,M0663,QR
NM-003477,03/05/2569 09:05,C02,S,1,45,,CARD
NM-003477,03/05/2569 09:05,C02,S,1,45,,CARD
NM-003477,03/05/2569 09:05,B01,,1,55,,CARD
NM-003478,03/05/2569 09:49,T01,S,1,45,,QR
NM-003479,03/05/2569 09:57,C03,S,2,55,,QR
NM-003479,03/05/2569 09:57,B03,,1,85,,QR
NM-003480,03/05/2569 10:02,C06,M,2,75,,CASH
NM-003481,03/05/2569 10:24,C03,S,1,55,M0219,QR
NM-003481,03/05/2569 10:24,B03,,1,85,M0219,QR
NM-003482,03/05/2569 10:44,C02,S,1,45,,QR
NM-003483,03/05/2569 10:55,C05,L,1,80,M0089,CARD
NM-003483,03/05/2569 10:55,B04,,1,75,M0089,CARD
NM-003484,03/05/2569 03:15,B03,,1,85,M0437,QR
NM-003485,03/05/2569 12:22,T05,L,3,70,M0385,QR
NM-003486,03/05/2569 12:24,T02,M,1,70,,QR
NM-003487,03/05/2569 12:51,C02,M,1,,M9097,QR
NM-003488,03/05/2569 13:05,C06,M,3,75,,CASH
NM-003488,03/05/2569 13:05,B04,,1,75,,CASH
NM-003488,03/05/2569 13:05,T01,L,1,65,,CASH
NM-003489,03/05/2569 13:47,B04,,2,75,M0681,QR
NM-003490,03/05/2569 14:43,C02,M,1,55,M0471,QR
NM-003491,03/05/2569 14:54,C02,M,1,55,M0263,QR
NM-003491,03/05/2569 14:54,B01,,1,55,M0263,QR
NM-003492,03/05/2569 15:15,C02,M,1,55,M0057,CASH
NM-003492,03/05/2569 15:15,B01,,1,55,M0057,CASH
NM-003493,03/05/2569 15:27,C05,S,1,60,,QR
NM-003494,03/05/2569 16:01,B02,,1,50,,QR
NM-003495,03/05/2569 16:32,B03,,1,85,,CARD
NM-003496,03/05/2569 18:37,T01,M,1,55,M0009,CASH
NM-003496,03/05/2569 18:37,B02,,1,50,M0009,CASH
NM-003497,03/05/2569 19:53,B01,,1,55,,CARD
NM-003498,04/05/2569 07:09,C02,M,1,55,,CASH
NM-003498,04/05/2569 07:09,B01,,1,55,,CASH
NM-003499,04/05/2569 07:21,C03,M,1,65,M0686,CASH
NM-003500,04/05/2569 07:57,C03,L,1,75,,CARD
NM-003500,04/05/2569 07:57,B03,,1,85,,CARD
NM-003501,04/05/2569 08:02,C06,L,1,85,M0074,CARD
NM-003501,04/05/2569 08:02,T04,M,1,60,M0074,CARD
NM-003502,04/05/2569 08:02,C02,M,1,55,,QR
NM-003502,04/05/2569 08:02,B01,,1,55,,QR
NM-003503,04/05/2569 08:15,T01,M,1,55,,QR
NM-003504,04/05/2569 08:22,T03,M,1,50,,CARD
NM-003504,04/05/2569 08:22,T01,S,1,45,,CARD
NM-003505,04/05/2569 08:33,C05,M,1,70,,CARD
NM-003506,04/05/2569 08:35,T04,S,1,50,,CARD
NM-003506,04/05/2569 08:35,B03,,1,85,,CARD
NM-003507,04/05/2569 09:24,T01,L,1,65,,CASH
NM-003508,04/05/2569 09:26,C02,M,32,55,,CARD
NM-003509,04/05/2569 09:49,C02,M,1,55,,CARD
NM-003510,04/05/2569 09:54,C05,M,1,70,M0254,CASH
NM-003511,04/05/2569 10:10,C03,M,1,65,,QR
NM-003511,04/05/2569 10:10,B03,,1,,,QR
NM-003511,04/05/2569 10:10,T04,M,1,60,,QR
NM-003512,04/05/2569 10:14,C06,M,1,75,M0236,CASH
NM-003513,04/05/2569 10:16,C04,S,1,55,,QR
NM-003514,04/05/2569 10:18,C02,M,1,55,,CASH
NM-003514,04/05/2569 10:18,B01,,1,55,,CASH
NM-003515,04/05/2569 10:35,C04,L,1,75,M0139,QR
NM-003516,04/05/2569 10:47,B04,,1,75,,QR
NM-003517,04/05/2569 10:51,C03,S,1,55,M0317,CASH
NM-003517,04/05/2569 10:51,B03,,1,85,M0317,CASH
NM-003518,04/05/2569 11:32,B04,,1,75,,QR
NM-003519,04/05/2569 11:40,C03,,2,75,,CASH
NM-003519,04/05/2569 11:40,B03,,1,85,,CASH
NM-003520,04/05/2569 11:43,C05,M,1,70,M0795,QR
NM-003521,04/05/2569 12:36,T02,L,2,80,M0770,QR
NM-003521,04/05/2569 12:36,C01,M,1,55,M0770,QR
NM-003522,04/05/2569 13:22,C06,M,1,75,M0800,QR
NM-003522,04/05/2569 13:22,B01,,1,55,M0800,QR
NM-003522,04/05/2569 13:22,C03,S,1,55,M0800,QR
NM-003523,04/05/2569 13:55,T01,M,1,55,,QR
NM-003524,04/05/2569 14:10,T02,M,1,70,,QR
NM-003525,04/05/2569 14:26,T04,M,1,60,M0069,QR
NM-003526,04/05/2569 14:43,T02,L,1,80,,QR
NM-003527,04/05/2569 15:34,T01,S,1,45,,QR
NM-003527,04/05/2569 15:34,B02,,1,50,,QR
NM-003528,04/05/2569 15:41,C03,M,2,65,M0782,QR
NM-003528,04/05/2569 15:41,B03,,1,85,M0782,QR
NM-003529,04/05/2569 16:20,T03,L,2,60,,QR
NM-003529,04/05/2569 16:20,B01,,1,55,,QR
NM-003530,04/05/2569 16:38,C01,L,3,65,M0637,QR
NM-003531,04/05/2569 17:01,T04,L,1,70,M0390,QR
NM-003532,05/05/2569 07:23,T01,L,2,65,,QR
NM-003532,05/05/2569 07:23,B02,,1,50,,QR
NM-003533,05/05/2569 07:50,C01,S,1,45,M0527,QR
NM-003534,05/05/2569 07:51,T03,M,1,50,,QR
NM-003535,05/05/2569 08:02,T01,S,3,45,,CARD
NM-003535,05/05/2569 08:02,B02,,1,50,,CARD
NM-003536,05/05/2569 08:14,C03,M,1,65,,QR
NM-003536,05/05/2569 08:14,B03,,1,85,,QR
NM-003537,05/05/2569 08:22,B02,,1,50,,CASH
NM-003538,05/05/2569 08:28,C02,M,1,55,,QR
NM-003538,05/05/2569 08:28,B01,,1,55,,QR
NM-003539,05/05/2569 08:46,C06,L,1,85,,QR
NM-003540,05/05/2569 09:05,C03,L,1,75,M0378,QR
NM-003541,05/05/2569 09:10,C03,M,2,65,M0596,QR
NM-003542,05/05/2569 09:52,C04,S,1,55,,CASH
NM-003543,05/05/2569 09:58,C05,L,1,80,,CASH
NM-003544,05/05/2569 10:29,T02,S,1,,M0108,CARD
NM-003545,05/05/2569 10:56,T04,L,1,70,,CASH
NM-003545,05/05/2569 10:56,T01,S,1,,,CASH
NM-003546,05/05/2569 12:46,T04,S,1,50,M0066,QR
NM-003547,05/05/2569 13:06,C02,S,3,45,,CARD
NM-003547,05/05/2569 13:06,B01,,1,55,,CARD
NM-003548,05/05/2569 13:08,C04,S,1,55,M0756,QR
NM-003548,05/05/2569 13:08,B02,,1,50,M0756,QR
NM-003549,05/05/2569 13:23,B02,,1,50,,QR
NM-003550,05/05/2569 13:26,T02,M,1,70,,QR
NM-003551,05/05/2569 14:00,C03,S,1,55,,CASH
NM-003551,05/05/2569 14:00,B03,,1,,,CASH
NM-003552,05/05/2569 14:38,T04,L,1,70,,QR
NM-003552,05/05/2569 14:38,C03,M,1,65,,QR
NM-003553,05/05/2569 14:58,C03,M,1,65,M0443,CASH
NM-003554,05/05/2569 15:03,C02,M,2,55,,CARD
NM-003555,05/05/2569 15:19,T05,M,1,60,M0058,CASH
NM-003556,05/05/2569 15:43,T05,M,1,60,,CARD
NM-003557,05/05/2569 16:38,B03,,1,85,,CASH
NM-003558,05/05/2569 16:46,C04,M,1,65,,QR
NM-003559,05/05/2569 16:52,T03,M,1,50,,QR
NM-003560,05/05/2569 17:02,B04,,1,75,,QR
NM-003561,05/05/2569 17:06,B02,,1,50,,CASH
NM-003562,05/05/2569 19:20,T03,S,1,40,M0452,QR
NM-003563,05/05/2569 19:36,C06,,2,85,,CARD
NM-003564,06/05/2569 07:10,C01,M,1,55,,QR
NM-003565,06/05/2569 07:34,C02,S,1,45,M0223,QR
NM-003566,06/05/2569 07:40,B04,,1,75,,QR
NM-003567,06/05/2569 08:40,T02,M,1,70,,QR
NM-003568,06/05/2569 08:49,C01,L,1,65,,QR
NM-003569,06/05/2569 09:10,C02,M,1,55,M0745,QR
NM-003569,06/05/2569 09:10,B01,,1,55,M0745,QR
NM-003569,06/05/2569 09:10,T04,L,1,70,M0745,QR
NM-003570,06/05/2569 10:04,C03,S,1,55,,CARD
NM-003571,06/05/2569 10:24,B01,,2,55,M0445,CARD
NM-003572,06/05/2569 10:58,T02,M,1,,,QR
NM-003573,06/05/2569 11:26,C03,L,1,75,,CASH
NM-003574,06/05/2569 11:33,T02,L,1,80,M0193,QR
NM-003575,06/05/2569 12:02,T02,L,1,80,,CARD
NM-003576,06/05/2569 13:33,C02,L,1,65,M0412,CASH
NM-003576,06/05/2569 13:33,B01,,1,55,M0412,CASH
NM-003576,06/05/2569 13:33,B01,,1,55,M0412,CASH
NM-003577,06/05/2569 14:05,T01,M,1,55,,QR
NM-003578,06/05/2569 15:15,T02,M,2,70,M0462,CASH
NM-003579,06/05/2569 16:03,T01,M,1,55,,QR
NM-003579,06/05/2569 16:03,B02,,1,50,,QR
NM-003580,06/05/2569 16:04,C04,L,1,75,,CARD
NM-003581,06/05/2569 16:38,C04,M,1,65,,QR
NM-003582,06/05/2569 16:53,T01,L,1,65,M0203,QR
NM-003583,06/05/2569 18:00,B01,,1,55,M0036,QR
NM-003584,06/05/2569 18:01,C03,M,1,65,M0246,QR
NM-003584,06/05/2569 18:01,B02,,1,50,M0246,QR
NM-003585,06/05/2569 19:05,C02,L,1,65,,CASH
NM-003585,06/05/2569 19:05,B01,,1,55,,CASH
NM-003586,07/05/2569 07:00,C03,M,1,65,,QR
NM-003586,07/05/2569 07:00,C04,M,1,,,QR
NM-003587,07/05/2569 07:58,T02,L,1,80,,QR
NM-003587,07/05/2569 07:58,B03,,1,85,,QR
NM-003588,07/05/2569 08:30,T01,M,3,55,,CARD
NM-003588,07/05/2569 08:30,B02,,1,50,,CARD
NM-003589,07/05/2569 09:14,C04,M,2,65,,CASH
NM-003590,07/05/2569 09:28,T04,S,1,50,,CASH
NM-003591,07/05/2569 09:37,C02,S,3,45,M0772,CASH
NM-003591,07/05/2569 09:37,C02,S,3,45,M0772,CASH
NM-003591,07/05/2569 09:37,B01,,1,55,M0772,CASH
NM-003592,07/05/2569 09:49,C05,M,2,70,,QR
NM-003592,07/05/2569 09:49,B04,,1,75,,QR
NM-003593,07/05/2569 10:14,B02,,1,50,,QR
NM-003594,07/05/2569 10:30,T05,M,1,60,M0785,CARD
NM-003595,07/05/2569 10:31,C06,M,1,75,M0383,QR
NM-003596,07/05/2569 10:43,C06,M,1,75,,QR
NM-003596,07/05/2569 10:43,T01,M,1,55,,QR
NM-003597,07/05/2569 10:46,C03,M,1,65,,QR
NM-003597,07/05/2569 10:46,B03,,1,85,,QR
NM-003598,07/05/2569 10:57,C02,M,1,55,,CASH
NM-003599,07/05/2569 10:59,C06,M,1,75,,CARD
NM-003600,07/05/2569 11:22,B01,,1,55,,QR
NM-003601,07/05/2569 11:40,C06,M,1,75,,QR
NM-003602,07/05/2569 12:59,C05,M,1,70,,QR
NM-003603,07/05/2569 13:12,T02,,1,80,M0642,QR
NM-003603,07/05/2569 13:12,C06,L,1,85,M0642,QR
NM-003603,07/05/2569 13:12,C06,L,1,85,M0642,QR
NM-003604,07/05/2569 13:59,C06,L,1,85,,CARD
NM-003605,07/05/2569 14:06,C03,M,1,65,M0190,QR
NM-003605,07/05/2569 14:06,B03,,1,85,M0190,QR
NM-003606,07/05/2569 14:10,C03,S,1,55,,CASH
NM-003607,07/05/2569 14:44,C02,L,1,65,M0398,QR
NM-003608,07/05/2569 14:58,B02,,1,50,,QR
NM-003609,07/05/2569 15:02,C01,,1,65,M0462,QR
NM-003610,07/05/2569 15:20,T01,M,1,55,,QR
NM-003610,07/05/2569 15:20,B02,,1,50,,QR
NM-003611,07/05/2569 15:30,C04,L,2,75,M0681,QR
NM-003612,07/05/2569 16:31,C03,L,1,75,M0223,QR
NM-003612,07/05/2569 16:31,T02,S,1,60,M0223,QR
NM-003613,07/05/2569 17:21,T02,M,1,70,,CARD
NM-003613,07/05/2569 17:21,B04,,1,75,,CARD
NM-003614,07/05/2569 17:33,T01,M,1,55,M0056,CARD
NM-003615,07/05/2569 18:34,C05,S,1,60,,QR
NM-003616,07/05/2569 19:00,T03,L,1,60,,QR
NM-003617,07/05/2569 19:08,C06,S,1,65,M0186,CARD
NM-003617,07/05/2569 19:08,B02,,1,50,M0186,CARD
NM-003618,08/05/2569 08:08,C02,L,1,,,CASH
NM-003618,08/05/2569 08:08,B02,,1,50,,CASH
NM-003619,08/05/2569 08:24,C05,M,1,70,,CASH
NM-003619,08/05/2569 08:24,B04,,1,75,,CASH
NM-003620,08/05/2569 08:29,C04,L,1,75,M0768,QR
NM-003621,08/05/2569 09:07,C03,L,1,75,,CARD
NM-003622,08/05/2569 09:13,T02,M,1,,,QR
NM-003622,08/05/2569 09:13,C03,L,1,75,,QR
NM-003623,08/05/2569 09:18,T03,L,2,60,M0577,QR
NM-003624,08/05/2569 09:30,T02,L,1,,,CARD
NM-003624,08/05/2569 09:30,B03,,1,85,,CARD
NM-003625,08/05/2569 09:40,C03,M,1,65,M0562,QR
NM-003625,08/05/2569 09:40,B03,,1,85,M0562,QR
NM-003626,08/05/2569 09:45,C03,S,1,,,QR
NM-003626,08/05/2569 09:45,C01,S,1,45,,QR
NM-003627,08/05/2569 09:50,C03,M,2,65,,CARD
NM-003627,08/05/2569 09:50,B03,,1,85,,CARD
NM-003628,08/05/2569 10:51,C06,M,1,75,,QR
NM-003628,08/05/2569 10:51,B04,,1,75,,QR
NM-003629,08/05/2569 11:59,C06,M,3,75,M0058,CASH
NM-003629,08/05/2569 11:59,T04,M,1,60,M0058,CASH
NM-003630,08/05/2569 12:57,T04,S,1,50,,CASH
NM-003631,08/05/2569 13:11,B04,,1,75,M0248,CASH
NM-003632,08/05/2569 14:06,C03,M,1,65,,QR
NM-003633,08/05/2569 14:36,T04,M,1,60,,QR
NM-003634,08/05/2569 14:56,B01,,1,55,,QR
NM-003635,08/05/2569 15:06,T02,L,1,80,,QR
NM-003636,08/05/2569 15:09,B01,,1,55,M0003,CASH
NM-003637,08/05/2569 16:33,T02,,1,70,,CASH
NM-003638,08/05/2569 16:40,C02,M,1,55,,CASH
NM-003639,08/05/2569 16:45,C03,M,1,65,,CASH
NM-003639,08/05/2569 16:45,B03,,1,85,,CASH
NM-003640,08/05/2569 17:04,T03,L,1,60,M0263,CASH
NM-003641,08/05/2569 17:53,C02,M,1,55,M0669,CARD
NM-003641,08/05/2569 17:53,B01,,1,55,M0669,CARD
NM-003642,08/05/2569 18:01,C02,S,2,45,,QR
NM-003643,08/05/2569 18:08,C03,M,1,65,,CARD
NM-003644,09/05/2569 07:19,B01,,1,55,M0399,CARD
NM-003645,09/05/2569 07:25,T03,M,1,,M0468,CARD
NM-003646,09/05/2569 08:02,C03,L,1,75,,QR
NM-003646,09/05/2569 08:02,B03,,1,85,,QR
NM-003647,09/05/2569 08:09,C03,M,1,65,,CARD
NM-003647,09/05/2569 08:09,B03,,1,85,,CARD
NM-003648,09/05/2569 08:14,C03,M,1,65,,QR
NM-003649,09/05/2569 08:16,C03,L,2,75,,CARD
NM-003649,09/05/2569 08:16,B03,,1,85,,CARD
NM-003650,09/05/2569 08:19,C06,L,1,85,M0089,QR
NM-003651,09/05/2569 08:28,C03,S,1,55,,CASH
NM-003652,09/05/2569 08:29,B01,,200,55,M0274,QR
NM-003652,09/05/2569 08:29,T01,M,1,55,M0274,QR
NM-003653,09/05/2569 08:39,B02,,1,50,M0537,QR
NM-003654,09/05/2569 08:43,C02,M,1,55,M0099,QR
NM-003654,09/05/2569 08:43,B01,,1,55,M0099,QR
NM-003655,09/05/2569 08:51,T02,M,1,70,,QR
NM-003656,09/05/2569 08:57,C06,M,1,75,M0722,CASH
NM-003657,09/05/2569 09:01,C01,M,2,55,,CASH
NM-003657,09/05/2569 09:01,B04,,1,75,,CASH
NM-003658,09/05/2569 09:08,C02,S,1,45,,QR
NM-003658,09/05/2569 09:08,B01,,1,55,,QR
NM-003659,09/05/2569 09:32,T02,S,2,60,,CARD
NM-003659,09/05/2569 09:32,C06,M,1,75,,CARD
NM-003660,09/05/2569 09:33,T02,L,1,80,,CASH
NM-003661,09/05/2569 09:34,B04,,1,75,,CASH
NM-003662,09/05/2569 09:50,C03,L,1,75,M181,CARD
NM-003662,09/05/2569 09:50,B02,,1,50,M181,CARD
NM-003663,09/05/2569 09:58,B04,,1,75,M0444,CASH
NM-003664,09/05/2569 10:05,T02,,1,60,,QR
NM-003665,09/05/2569 10:14,C03,S,1,55,M0258,QR
NM-003665,09/05/2569 10:14,B03,,1,85,M0258,QR
NM-003666,09/05/2569 11:03,C06,L,1,85,M0304,QR
NM-003667,09/05/2569 13:04,T04,S,2,50,,QR
NM-003668,09/05/2569 13:07,T01,S,2,45,M0059,CASH
NM-003668,09/05/2569 13:07,B01,,1,55,M0059,CASH
NM-003669,09/05/2569 13:14,C04,M,1,65,,QR
NM-003669,09/05/2569 13:14,B01,,1,55,,QR
NM-003670,09/05/2569 13:22,T01,S,1,45,M0217,CASH
NM-003671,09/05/2569 13:45,C01,L,1,65,,CASH
NM-003671,09/05/2569 13:45,B04,,1,75,,CASH
NM-003672,09/05/2569 14:04,C02,L,1,65,,QR
NM-003673,09/05/2569 14:11,C03,S,1,55,,CARD
NM-003673,09/05/2569 14:11,B03,,1,85,,CARD
NM-003674,09/05/2569 14:23,T02,M,1,70,,CASH
NM-003675,09/05/2569 15:00,C06,S,2,65,,CASH
NM-003676,09/05/2569 15:04,T05,M,1,,,CASH
NM-003677,09/05/2569 15:38,C03,M,1,65,,CASH
NM-003678,09/05/2569 15:44,C06,L,1,85,M0235,QR
NM-003679,09/05/2569 16:01,B02,,1,50,M0431,QR
NM-003680,09/05/2569 16:08,T02,S,3,,M0489,CASH
NM-003681,09/05/2569 16:34,C03,S,1,55,,CARD
NM-003682,09/05/2569 16:41,C04,M,1,65,M0768,CASH
NM-003683,09/05/2569 17:37,C05,L,1,80,M0009,QR
NM-003683,09/05/2569 17:37,B04,,1,75,M0009,QR
NM-003684,09/05/2569 18:08,T02,L,2,80,,QR
NM-003685,09/05/2569 19:15,C06,M,2,75,M0501,CASH
NM-003685,09/05/2569 19:15,T04,S,1,50,M0501,CASH
NM-003686,10/05/2569 07:19,C05,M,1,70,,QR
NM-003686,10/05/2569 07:19,B03,,1,85,,QR
NM-003687,10/05/2569 07:46,C03,M,1,65,,CARD
NM-003688,10/05/2569 08:28,T05,S,2,50,M0094,QR
NM-003689,10/05/2569 08:29,T03,M,2,50,,CASH
NM-003690,10/05/2569 08:32,T02,S,1,60,M0706,QR
NM-003691,10/05/2569 08:37,B01,,1,55,,QR
NM-003692,10/05/2569 08:46,T04,L,1,70,,CASH
NM-003692,10/05/2569 08:46,T03,M,1,50,,CASH
NM-003693,10/05/2569 08:50,C04,M,1,65,,QR
NM-003694,10/05/2569 09:06,C02,S,1,45,M0680,CASH
NM-003695,10/05/2569 09:18,C03,M,1,65,M0070,QR
NM-003695,10/05/2569 09:18,B03,,1,85,M0070,QR
NM-003696,10/05/2569 09:28,T01,L,1,65,M0412,QR
NM-003697,10/05/2569 09:45,B01,,1,55,,QR
NM-003698,10/05/2569 09:53,C03,M,1,65,M0434,QR
NM-003698,10/05/2569 09:53,B03,,1,85,M0434,QR
NM-003699,10/05/2569 10:09,C03,M,2,65,M0520,CARD
NM-003699,10/05/2569 10:09,B03,,1,85,M0520,CARD
NM-003700,10/05/2569 10:14,C02,M,1,55,,CASH
NM-003701,10/05/2569 10:14,C01,M,1,55,,CASH
NM-003702,10/05/2569 10:14,T01,S,1,45,M0689,CASH
NM-003703,10/05/2569 10:17,C04,M,1,65,,QR
NM-003704,10/05/2569 10:29,C02,,3,65,M0181,QR
NM-003705,10/05/2569 10:38,C03,M,1,65,,CASH
NM-003705,10/05/2569 10:38,B02,,1,50,,CASH
NM-003706,10/05/2569 11:16,T01,L,1,65,,QR
NM-003706,10/05/2569 11:16,B02,,1,50,,QR
NM-003707,10/05/2569 12:55,T03,M,1,50,,QR
NM-003708,10/05/2569 13:28,T01,M,1,55,,QR
NM-003708,10/05/2569 13:28,B02,,1,50,,QR
NM-003709,10/05/2569 14:08,T02,S,1,60,M0027,QR
NM-003710,10/05/2569 14:12,C05,M,3,70,M0577,CASH
NM-003711,10/05/2569 14:43,T05,M,1,60,,QR
NM-003712,10/05/2569 14:55,T04,M,1,60,,QR
NM-003713,10/05/2569 15:00,T01,S,1,45,,QR
NM-003713,10/05/2569 15:00,B02,,1,50,,QR
NM-003714,10/05/2569 15:29,T01,S,1,45,,QR
NM-003714,10/05/2569 15:29,B02,,1,50,,QR
NM-003715,10/05/2569 15:36,C03,L,1,75,M0502,CASH
NM-003716,10/05/2569 15:40,C06,M,1,75,,QR
NM-003717,10/05/2569 15:52,T03,L,1,60,M0454,CARD
NM-003718,10/05/2569 16:26,C06,M,1,75,M0412,QR
NM-003719,10/05/2569 16:28,T04,S,1,50,,QR
NM-003720,10/05/2569 16:48,C03,L,1,75,,CASH
NM-003721,10/05/2569 16:50,T03,L,1,60,M0471,QR
NM-003722,10/05/2569 16:52,C06,M,1,75,M0468,CASH
NM-003723,10/05/2569 17:25,B03,,1,85,M0533,QR
NM-003723,10/05/2569 17:25,C04,M,1,65,M0533,QR
NM-003724,10/05/2569 17:52,C02,S,1,45,,CASH
NM-003724,10/05/2569 17:52,B01,,1,55,,CASH
NM-003725,10/05/2569 18:02,T04,L,1,70,,CASH
NM-003725,10/05/2569 18:02,B04,,1,75,,CASH
NM-003726,10/05/2569 18:09,T04,M,3,60,,CARD
NM-003727,10/05/2569 18:49,B02,,1,50,,CASH
NM-003728,11/05/2569 08:08,T03,L,2,60,M0361,CARD
NM-003729,11/05/2569 08:59,T01,L,1,65,,CASH
NM-003729,11/05/2569 08:59,B02,,1,50,,CASH
NM-003730,11/05/2569 08:59,T02,M,1,70,M0076,QR
NM-003731,11/05/2569 09:40,T01,M,1,55,,QR
NM-003732,11/05/2569 09:41,T02,S,1,60,M0795,CARD
NM-003733,11/05/2569 09:46,C06,S,1,65,M0003,QR
NM-003734,11/05/2569 10:22,C06,L,1,85,,QR
NM-003735,11/05/2569 11:14,C06,M,1,75,,QR
NM-003736,11/05/2569 11:35,C02,M,1,55,,QR
NM-003737,11/05/2569 11:50,C06,S,1,65,,QR
NM-003737,11/05/2569 11:50,B04,,1,75,,QR
NM-003738,11/05/2569 12:29,T02,M,1,70,,QR
NM-003738,11/05/2569 12:29,C05,S,1,60,,QR
NM-003739,11/05/2569 12:35,T05,L,0,70,M0813,CASH
NM-003740,11/05/2569 14:06,C06,L,1,85,,QR
NM-003741,11/05/2569 14:23,B02,,1,50,M0686,QR
NM-003742,11/05/2569 14:27,T03,L,2,60,,CASH
NM-003743,11/05/2569 14:30,C03,S,1,55,,CARD
NM-003744,11/05/2569 14:40,T04,L,3,70,M0060,CARD
NM-003745,11/05/2569 15:07,B01,,1,55,M0075,CASH
NM-003746,11/05/2569 15:11,C02,M,1,55,,QR
NM-003747,11/05/2569 16:43,B01,,1,55,,QR
NM-003748,11/05/2569 16:52,T02,M,1,70,,QR
NM-003749,11/05/2569 17:31,B01,,2,55,,QR
NM-003750,11/05/2569 17:57,C03,L,3,75,,QR
NM-003750,11/05/2569 17:57,B03,,1,85,,QR
NM-003751,11/05/2569 18:30,T01,M,2,55,,CARD
NM-003752,11/05/2569 18:37,T03,M,2,50,,CASH
NM-003753,11/05/2569 19:52,T04,L,100,70,,QR
NM-003753,11/05/2569 19:52,B02,,1,50,,QR
NM-003754,12/05/2569 08:04,C03,L,1,75,M0137,CASH
NM-003754,12/05/2569 08:04,C04,L,1,75,M0137,CASH
NM-003755,12/05/2569 08:08,C06,M,1,75,,QR
NM-003756,12/05/2569 09:00,C01,L,1,65,,CASH
NM-003757,12/05/2569 09:05,C02,L,1,65,,CASH
NM-003757,12/05/2569 09:05,C02,L,1,65,,CASH
NM-003758,12/05/2569 09:55,C04,S,1,55,M0256,CASH
NM-003759,12/05/2569 10:34,C03,M,2,65,,CARD
NM-003760,12/05/2569 10:36,T02,L,2,80,,QR
NM-003761,12/05/2569 11:06,B01,,1,55,M0744,CARD
NM-003761,12/05/2569 11:06,C05,M,1,70,M0744,CARD
NM-003762,12/05/2569 11:49,T05,L,2,70,,QR
NM-003763,12/05/2569 12:03,C05,M,1,70,M0386,CARD
NM-003764,12/05/2569 13:08,T05,L,1,,,CASH
NM-003765,12/05/2569 13:30,C06,S,2,65,,QR
NM-003766,12/05/2569 13:48,B01,,3,55,M0737,CASH
NM-003767,12/05/2569 14:44,B04,,2,75,,CASH
NM-003768,12/05/2569 16:00,B01,,1,55,M0768,QR
NM-003769,12/05/2569 16:01,B03,,2,85,M0315,QR
NM-003770,12/05/2569 16:25,C05,M,1,70,,CARD
NM-003771,12/05/2569 16:35,B01,,1,55,,QR
NM-003772,12/05/2569 17:37,C03,M,2,65,M0562,CARD
NM-003773,13/05/2569 07:06,T03,M,2,50,M0432,CASH
NM-003774,13/05/2569 09:16,B01,,1,55,,QR
NM-003775,13/05/2569 09:21,C01,M,1,55,,CASH
NM-003776,13/05/2569 09:33,T05,M,2,60,,QR
NM-003777,13/05/2569 03:05,C03,L,1,75,,CASH
NM-003778,13/05/2569 10:07,C05,M,1,70,M0051,CASH
NM-003779,13/05/2569 10:41,C05,L,1,80,M0274,CARD
NM-003780,13/05/2569 10:52,T05,L,1,70,M0006,QR
NM-003781,13/05/2569 11:05,C02,L,1,65,,CASH
NM-003781,13/05/2569 11:05,B02,,1,50,,CASH
NM-003782,13/05/2569 11:24,C02,M,1,55,,QR
NM-003782,13/05/2569 11:24,B01,,1,55,,QR
NM-003782,13/05/2569 11:24,C03,S,1,,,QR
NM-003783,13/05/2569 12:26,T03,M,2,50,M0462,QR
NM-003784,13/05/2569 13:07,C02,M,1,55,,QR
NM-003785,13/05/2569 13:10,C01,L,1,65,,CASH
NM-003786,13/05/2569 13:53,T03,S,1,40,M0339,CASH
NM-003786,13/05/2569 13:53,B01,,1,55,M0339,CASH
NM-003787,13/05/2569 14:34,T01,L,3,65,,CARD
NM-003788,13/05/2569 14:42,C02,M,1,55,,QR
NM-003788,13/05/2569 14:42,C05,L,1,80,,QR
NM-003789,13/05/2569 15:10,T04,M,1,60,,CASH
NM-003790,13/05/2569 15:33,T04,M,1,60,,QR
NM-003791,13/05/2569 15:50,B01,,1,55,M0366,QR
NM-003792,13/05/2569 15:59,T04,M,1,60,,CASH
NM-003793,13/05/2569 16:36,B02,,1,50,,QR
NM-003794,13/05/2569 16:43,T02,M,2,70,,CASH
NM-003795,13/05/2569 17:39,B03,,2,85,M0011,CASH
NM-003795,13/05/2569 17:39,T02,M,1,70,M0011,CASH
NM-003796,13/05/2569 18:18,T04,M,2,60,M0350,QR
NM-003797,13/05/2569 19:42,T01,M,1,55,M0013,QR
NM-003797,13/05/2569 19:42,B04,,1,75,M0013,QR
NM-003797,13/05/2569 19:42,C03,S,1,55,M0013,QR
NM-003798,14/05/2569 07:31,B03,,1,85,M0651,QR
NM-003799,14/05/2569 07:53,C03,S,1,55,M0698,QR
NM-003800,14/05/2569 07:56,C02,L,2,65,,QR
NM-003800,14/05/2569 07:56,B03,,1,,,QR
NM-003801,14/05/2569 08:02,T04,L,1,70,,QR
NM-003801,14/05/2569 08:02,C05,M,1,70,,QR
NM-003802,14/05/2569 08:13,B03,,3,85,,CASH
NM-003803,14/05/2569 08:31,C05,M,3,70,M0012,QR
NM-003804,14/05/2569 08:43,C03,L,3,75,,QR
NM-003805,14/05/2569 09:28,C03,M,1,65,,CASH
NM-003805,14/05/2569 09:28,B03,,1,85,,CASH
NM-003806,14/05/2569 10:28,C02,L,1,65,M0382,CARD
NM-003807,14/05/2569 10:31,C04,M,1,65,,QR
NM-003808,14/05/2569 12:01,T03,L,3,60,,QR
NM-003808,14/05/2569 12:01,B01,,1,55,,QR
NM-003809,14/05/2569 12:15,T01,S,1,45,,QR
NM-003809,14/05/2569 12:15,B02,,1,50,,QR
NM-003810,14/05/2569 12:22,B02,,1,50,M0815,QR
NM-003811,14/05/2569 12:33,B02,,1,50,,CARD
NM-003811,14/05/2569 12:33,C05,S,1,60,,CARD
NM-003812,14/05/2569 12:34,C01,S,1,45,,QR
NM-003812,14/05/2569 12:34,B04,,1,75,,QR
NM-003812,14/05/2569 12:34,T03,M,1,50,,QR
NM-003813,14/05/2569 14:20,T01,S,1,45,,QR
NM-003813,14/05/2569 14:20,B02,,1,50,,QR
NM-003813,14/05/2569 14:20,T05,S,1,50,,QR
NM-003814,14/05/2569 15:33,C04,M,1,65,,CASH
NM-003815,14/05/2569 15:42,C03,M,1,65,M0716,CASH
NM-003816,14/05/2569 16:08,T02,S,1,60,,QR
NM-003817,14/05/2569 17:02,C01,M,3,55,M0383,CARD
NM-003817,14/05/2569 17:02,C01,M,3,55,M0383,CARD
NM-003817,14/05/2569 17:02,T01,M,1,55,M0383,CARD
NM-003817,14/05/2569 17:02,T01,M,1,55,M0383,CARD
NM-003818,14/05/2569 17:43,C03,L,1,75,,QR
NM-003818,14/05/2569 17:43,B01,,1,55,,QR
NM-003819,14/05/2569 19:18,B04,,2,75,,QR
NM-003820,14/05/2569 19:36,C05,S,1,60,M0331,QR
NM-003820,14/05/2569 19:36,T04,L,1,70,M0331,QR
NM-003821,15/05/2569 08:42,T04,M,1,60,M0126,CARD
NM-003821,15/05/2569 08:42,B02,,1,50,M0126,CARD
NM-003821,15/05/2569 08:42,C03,M,1,65,M0126,CARD
NM-003822,15/05/2569 08:55,C03,M,1,65,,QR
NM-003823,15/05/2569 09:26,C03,S,2,55,M0427,CASH
NM-003823,15/05/2569 09:26,B03,,1,85,M0427,CASH
NM-003824,15/05/2569 10:07,B02,,1,50,M0215,QR
NM-003825,15/05/2569 10:15,T02,L,2,80,,CARD
NM-003826,15/05/2569 10:24,C03,L,1,75,,CARD
NM-003827,15/05/2569 12:15,T01,M,1,55,M0793,QR
NM-003828,15/05/2569 12:20,C01,L,1,65,M0645,QR
NM-003828,15/05/2569 12:20,B04,,1,75,M0645,QR
NM-003828,15/05/2569 12:20,T03,M,1,50,M0645,QR
NM-003829,15/05/2569 12:40,C01,L,1,65,M0692,CARD
NM-003829,15/05/2569 12:40,B04,,1,75,M0692,CARD
NM-003830,15/05/2569 14:09,T04,M,2,60,M0018,CARD
NM-003831,15/05/2569 14:14,T01,S,1,45,,QR
NM-003831,15/05/2569 14:14,B02,,1,50,,QR
NM-003832,15/05/2569 15:17,T02,M,1,70,M0571,CARD
NM-003832,15/05/2569 15:17,B04,,1,75,M0571,CARD
NM-003833,15/05/2569 15:34,T01,L,2,65,,CASH
NM-003833,15/05/2569 15:34,B02,,1,50,,CASH
NM-003834,15/05/2569 15:53,T04,L,1,70,,CARD
NM-003835,15/05/2569 16:25,C02,S,1,45,,QR
NM-003835,15/05/2569 16:25,B01,,1,55,,QR
NM-003836,15/05/2569 17:02,T01,M,1,55,,CASH
NM-003836,15/05/2569 17:02,B02,,1,50,,CASH
NM-003837,15/05/2569 17:08,T02,,1,60,M0123,QR
NM-003838,15/05/2569 17:24,B01,,1,55,,QR
NM-003839,15/05/2569 18:01,T03,M,1,50,,QR
NM-003840,15/05/2569 18:03,T04,M,2,60,M0702,CARD
NM-003841,15/05/2569 18:07,T04,M,1,60,M0065,CASH
NM-003842,15/05/2569 18:38,B02,,2,50,,CARD
NM-003843,15/05/2569 19:15,T04,L,1,70,,QR
NM-003844,15/05/2569 19:21,C03,M,1,65,M0419,QR
NM-003844,15/05/2569 19:21,B03,,1,85,M0419,QR
NM-003845,16/05/2569 07:56,C03,L,1,75,,CARD
NM-003846,16/05/2569 07:59,B02,,1,50,M0522,CASH
NM-003847,16/05/2569 08:15,C02,L,1,65,M0313,CASH
NM-003847,16/05/2569 08:15,B01,,1,55,M0313,CASH
NM-003848,16/05/2569 08:22,C05,M,1,70,,CARD
NM-003849,16/05/2569 09:08,B03,,2,85,,CASH
NM-003850,16/05/2569 09:15,C01,S,1,45,,CASH
NM-003851,16/05/2569 09:22,C05,S,1,60,M0166,QR
NM-003852,16/05/2569 09:25,T02,S,2,,M0570,QR
NM-003853,16/05/2569 09:29,C03,L,1,,M0464,QR
NM-003853,16/05/2569 09:29,B03,,1,85,M0464,QR
NM-003854,16/05/2569 09:50,C03,L,1,75,M0470,QR
NM-003855,16/05/2569 10:04,C03,M,3,65,,CASH
NM-003856,16/05/2569 10:59,T02,M,2,70,,QR
NM-003857,16/05/2569 11:15,B02,,1,50,,QR
NM-003858,16/05/2569 11:18,B01,,1,55,,QR
NM-003858,16/05/2569 11:18,B01,,1,55,,QR
NM-003859,16/05/2569 11:20,C05,M,1,70,,CARD
NM-003860,16/05/2569 11:36,C04,S,1,55,,QR
NM-003861,16/05/2569 12:05,C05,L,1,80,M0316,QR
NM-003862,16/05/2569 12:38,C05,M,1,70,,CASH
NM-003863,16/05/2569 13:13,T01,M,1,55,,QR
NM-003863,16/05/2569 13:13,B02,,1,50,,QR
NM-003864,16/05/2569 14:34,T02,S,1,60,M0171,QR
NM-003865,16/05/2569 14:35,T03,M,1,50,,CASH
NM-003866,16/05/2569 16:19,B01,,1,55,,CARD
NM-003867,16/05/2569 16:27,T01,M,1,55,,CARD
NM-003868,16/05/2569 17:00,T04,L,1,70,,QR
NM-003869,16/05/2569 17:07,C05,M,2,70,M0249,QR
NM-003870,16/05/2569 17:32,B01,,1,55,,QR
NM-003871,16/05/2569 17:49,B03,,1,85,M0198,CARD
NM-003871,16/05/2569 17:49,T04,M,1,60,M0198,CARD
NM-003872,16/05/2569 18:16,T05,L,1,70,,QR
NM-003873,16/05/2569 18:40,B03,,1,85,,QR
NM-003874,16/05/2569 18:42,C03,M,1,65,M0193,QR
NM-003874,16/05/2569 18:42,B03,,1,85,M0193,QR
NM-003875,16/05/2569 19:19,B02,,2,,,QR
NM-003876,16/05/2569 19:56,T02,L,2,80,,QR
NM-003877,17/05/2569 07:33,B01,,1,55,M0181,CASH
NM-003877,17/05/2569 07:33,C03,S,1,55,M0181,CASH
NM-003878,17/05/2569 07:42,C03,S,3,55,,CASH
NM-003878,17/05/2569 07:42,C03,S,3,55,,CASH
NM-003879,17/05/2569 07:51,C02,M,3,55,M0327,QR
NM-003880,17/05/2569 08:29,B04,,2,75,,QR
NM-003881,17/05/2569 08:37,C02,L,1,65,,CARD
NM-003881,17/05/2569 08:37,B01,,1,,,CARD
NM-003882,17/05/2569 08:53,B04,,3,75,,CARD
NM-003883,17/05/2569 09:00,C02,M,1,55,M0344,QR
NM-003883,17/05/2569 09:00,B01,,1,55,M0344,QR
NM-003884,17/05/2569 09:07,C05,L,1,80,M0385,QR
NM-003885,17/05/2569 09:44,C02,M,1,55,,CASH
NM-003886,17/05/2569 09:51,C03,L,3,75,M0437,CASH
NM-003887,17/05/2569 11:16,C02,S,3,,,CASH
NM-003887,17/05/2569 11:16,B01,,1,55,,CASH
NM-003888,17/05/2569 11:22,C06,M,2,75,,QR
NM-003888,17/05/2569 11:22,T02,S,1,60,,QR
NM-003889,17/05/2569 11:41,T02,M,1,70,,QR
NM-003890,17/05/2569 12:38,B03,,1,,,QR
NM-003891,17/05/2569 12:47,C01,M,1,55,,QR
NM-003891,17/05/2569 12:47,B04,,1,75,,QR
NM-003892,17/05/2569 13:06,C02,L,1,65,,QR
NM-003892,17/05/2569 13:06,B01,,1,55,,QR
NM-003893,17/05/2569 13:52,C03,L,1,75,M0651,QR
NM-003893,17/05/2569 13:52,B03,,1,85,M0651,QR
NM-003894,17/05/2569 14:08,T05,L,1,70,M0044,QR
NM-003895,17/05/2569 14:26,C03,M,1,65,,QR
NM-003895,17/05/2569 14:26,B03,,1,85,,QR
NM-003896,17/05/2569 14:33,T01,M,1,55,,CARD
NM-003896,17/05/2569 14:33,B02,,1,50,,CARD
NM-003897,17/05/2569 15:36,B02,,1,50,M0162,QR
NM-003898,17/05/2569 16:13,B02,,1,50,M0664,QR
NM-003898,17/05/2569 16:13,T05,L,1,70,M0664,QR
NM-003899,17/05/2569 16:18,T01,M,1,55,,QR
NM-003900,17/05/2569 16:25,C04,M,1,65,,QR
NM-003901,17/05/2569 16:41,C05,M,2,70,,QR
NM-003902,17/05/2569 18:36,C06,S,1,65,M0179,QR
NM-003903,17/05/2569 18:55,C03,S,1,55,M0569,CASH
NM-003903,17/05/2569 18:55,B03,,1,85,M0569,CASH
NM-003904,18/05/2569 07:10,C04,M,1,65,,CARD
NM-003905,18/05/2569 07:19,B02,,1,50,M0214,QR
NM-003906,18/05/2569 08:09,T01,M,1,55,M0226,QR
NM-003907,18/05/2569 08:16,B02,,1,50,,CASH
NM-003908,18/05/2569 08:25,T04,M,1,60,M0452,CARD
NM-003909,18/05/2569 08:26,T01,M,2,55,,QR
NM-003910,18/05/2569 08:47,C03,M,1,65,M0431,QR
NM-003910,18/05/2569 08:47,B03,,1,85,M0431,QR
NM-003911,18/05/2569 08:54,C01,S,1,45,,CASH
NM-003912,18/05/2569 09:43,C02,M,38,55,,CARD
NM-003913,18/05/2569 10:09,T04,M,1,60,,QR
NM-003914,18/05/2569 10:35,T04,S,1,50,M0463,QR
NM-003915,18/05/2569 10:37,T03,M,1,50,,QR
NM-003915,18/05/2569 10:37,B03,,1,85,,QR
NM-003915,18/05/2569 10:37,C06,M,1,75,,QR
NM-003916,18/05/2569 11:08,C02,S,1,45,M0319,QR
NM-003916,18/05/2569 11:08,B01,,1,55,M0319,QR
NM-003917,18/05/2569 11:18,C05,S,1,60,,QR
NM-003918,18/05/2569 11:29,C05,L,2,80,M0605,QR
NM-003919,18/05/2569 11:41,B03,,1,85,,QR
NM-003920,18/05/2569 11:51,B01,,1,55,M0263,QR
NM-003920,18/05/2569 11:51,B04,,1,75,M0263,QR
NM-003921,18/05/2569 12:01,T01,L,1,65,,QR
NM-003921,18/05/2569 12:01,C01,S,1,45,,QR
NM-003922,18/05/2569 12:05,T01,S,1,45,,QR
NM-003922,18/05/2569 12:05,B02,,1,50,,QR
NM-003923,18/05/2569 12:07,T04,L,1,70,,QR
NM-003923,18/05/2569 12:07,B01,,1,55,,QR
NM-003924,18/05/2569 13:35,C05,L,1,80,M0463,QR
NM-003925,18/05/2569 14:11,C03,M,2,65,,CARD
NM-003925,18/05/2569 14:11,B03,,1,85,,CARD
NM-003926,18/05/2569 14:34,T01,L,1,65,,CASH
NM-003927,18/05/2569 14:47,T05,S,1,50,,CASH
NM-003927,18/05/2569 14:47,T01,L,1,65,,CASH
NM-003928,18/05/2569 15:09,B04,,1,75,,CASH
NM-003929,18/05/2569 15:15,T01,M,1,55,M0605,CARD
NM-003929,18/05/2569 15:15,B02,,1,50,M0605,CARD
NM-003930,18/05/2569 15:24,T05,M,2,,,CASH
NM-003931,18/05/2569 15:54,B01,,1,55,,QR
NM-003931,18/05/2569 15:54,C03,L,1,75,,QR
NM-003932,18/05/2569 17:03,T03,L,1,60,,QR
NM-003933,18/05/2569 17:22,T02,S,1,60,,QR
NM-003933,18/05/2569 17:22,B02,,1,,,QR
NM-003934,18/05/2569 17:26,T01,L,1,65,,CASH
NM-003935,18/05/2569 17:33,T04,M,1,,,CASH
NM-003935,18/05/2569 17:33,T01,S,1,45,,CASH
NM-003936,18/05/2569 17:37,C02,M,1,55,,CASH
NM-003937,19/05/2569 07:30,T04,,1,50,M0464,CARD
NM-003937,19/05/2569 07:30,C03,L,1,75,M0464,CARD
NM-003938,19/05/2569 08:11,C02,S,1,45,,CASH
NM-003938,19/05/2569 08:11,B01,,1,55,,CASH
NM-003938,19/05/2569 08:11,B01,,1,55,,CASH
NM-003939,19/05/2569 08:13,T02,L,1,80,,CASH
NM-003940,19/05/2569 08:18,B01,,1,55,M0256,QR
NM-003941,19/05/2569 08:25,C04,M,1,65,,QR
NM-003942,19/05/2569 08:45,C04,M,1,65,,QR
NM-003943,19/05/2569 08:45,T02,M,2,70,M0240,QR
NM-003944,19/05/2569 09:09,B02,,1,50,,CASH
NM-003944,19/05/2569 09:09,T01,M,1,55,,CASH
NM-003945,19/05/2569 09:11,C02,M,1,55,,CARD
NM-003945,19/05/2569 09:11,B01,,1,,,CARD
NM-003946,19/05/2569 09:15,C01,S,1,45,,QR
NM-003947,19/05/2569 09:16,T01,M,1,55,M0505,CASH
NM-003948,19/05/2569 09:33,T02,L,1,80,,CASH
NM-003949,19/05/2569 09:43,C04,L,1,75,M0409,QR
NM-003950,19/05/2569 10:44,C03,M,2,65,,CASH
NM-003951,19/05/2569 11:29,B03,,2,85,M0480,QR
NM-003952,19/05/2569 11:50,C02,M,1,55,M0354,CARD
NM-003952,19/05/2569 11:50,B01,,1,55,M0354,CARD
NM-003952,19/05/2569 11:50,B03,,1,85,M0354,CARD
NM-003953,19/05/2569 11:53,C05,S,1,60,,QR
NM-003954,19/05/2569 12:02,C03,S,1,55,M051,CARD
NM-003955,19/05/2569 12:23,B04,,1,75,,QR
NM-003956,19/05/2569 12:58,B04,,1,75,M0226,QR
NM-003957,19/05/2569 14:57,C06,M,3,75,M0112,QR
NM-003958,19/05/2569 15:10,T01,L,1,65,M0123,QR
NM-003958,19/05/2569 15:10,B02,,1,50,M0123,QR
NM-003959,19/05/2569 15:15,T04,L,-2,70,,CARD
NM-003960,19/05/2569 15:17,T02,M,2,70,,QR
NM-003961,19/05/2569 15:19,C04,S,1,55,M0716,CARD
NM-003962,19/05/2569 16:18,B02,,1,50,,CARD
NM-003963,19/05/2569 16:53,C01,S,1,45,,QR
NM-003963,19/05/2569 16:53,B02,,1,50,,QR
NM-003963,19/05/2569 16:53,C05,S,1,60,,QR
NM-003964,19/05/2569 17:11,T02,M,1,70,,QR
NM-003965,19/05/2569 17:44,T01,M,1,55,M0535,QR
NM-003966,19/05/2569 17:47,T01,L,1,65,,CASH
NM-003967,19/05/2569 18:22,B02,,1,50,,CASH
NM-003967,19/05/2569 18:22,B01,,1,55,,CASH
NM-003968,19/05/2569 18:24,C03,M,1,65,M0081,CASH
NM-003968,19/05/2569 18:24,B03,,1,85,M0081,CASH
NM-003968,19/05/2569 18:24,B01,,1,55,M0081,CASH
NM-003969,19/05/2569 19:56,T03,M,1,50,,CARD
NM-003970,20/05/2569 07:01,T04,M,1,60,,CASH
NM-003970,20/05/2569 07:01,C03,M,1,65,,CASH
NM-003971,20/05/2569 08:08,C02,S,2,45,M0154,CASH
NM-003971,20/05/2569 08:08,B01,,1,,M0154,CASH
NM-003972,20/05/2569 08:20,C02,M,1,55,,QR
NM-003973,20/05/2569 08:37,B03,,2,85,M0003,CARD
NM-003974,20/05/2569 08:38,C03,S,1,55,,QR
NM-003974,20/05/2569 08:38,B01,,1,55,,QR
NM-003975,20/05/2569 08:44,C01,S,1,45,M0252,QR
NM-003975,20/05/2569 08:44,B04,,1,75,M0252,QR
NM-003976,20/05/2569 08:52,C05,M,1,70,,QR
NM-003977,20/05/2569 09:24,C05,M,1,70,,CARD
NM-003978,20/05/2569 10:44,T01,M,1,55,,CARD
NM-003978,20/05/2569 10:44,B02,,1,50,,CARD
NM-003979,20/05/2569 11:14,T02,L,1,80,M0702,QR
NM-003980,20/05/2569 11:28,C03,M,1,65,M0155,CARD
NM-003980,20/05/2569 11:28,B03,,1,85,M0155,CARD
NM-003981,20/05/2569 12:00,T03,M,1,50,,QR
NM-003982,20/05/2569 12:02,B01,,1,55,M0782,QR
NM-003982,20/05/2569 12:02,B04,,1,75,M0782,QR
NM-003983,20/05/2569 13:08,T02,S,3,60,,QR
NM-003984,20/05/2569 13:40,B01,,1,55,M0770,CARD
NM-003985,20/05/2569 14:38,C02,S,2,45,,QR
NM-003986,20/05/2569 15:14,T02,L,1,80,,CASH
NM-003987,20/05/2569 15:28,B02,,1,50,M0731,CARD
NM-003988,20/05/2569 15:51,T04,L,1,70,,QR
NM-003988,20/05/2569 15:51,B03,,1,85,,QR
NM-003989,20/05/2569 16:14,T01,M,2,55,,QR
NM-003989,20/05/2569 16:14,T02,L,1,80,,QR
NM-003990,20/05/2569 16:26,C05,S,1,60,,QR
NM-003991,20/05/2569 16:33,T01,M,1,,,QR
NM-003992,20/05/2569 17:04,C03,S,1,55,,QR
NM-003993,20/05/2569 17:44,C02,M,1,55,M0059,CASH
NM-003993,20/05/2569 17:44,C03,M,1,65,M0059,CASH
NM-003994,20/05/2569 18:03,C03,M,1,65,,QR
NM-003995,20/05/2569 18:21,C06,M,1,75,,QR
NM-003996,20/05/2569 18:43,C02,M,1,55,,QR
NM-003997,20/05/2569 19:26,B02,,1,50,,CASH
NM-003998,21/05/2569 07:48,C03,M,1,65,,CASH
NM-003998,21/05/2569 07:48,B03,,1,85,,CASH
NM-003999,21/05/2569 08:01,C02,M,1,55,M0315,QR
NM-003999,21/05/2569 08:01,B04,,1,75,M0315,QR
NM-004000,21/05/2569 08:28,T04,M,1,60,,CASH
NM-004001,21/05/2569 08:36,T03,S,1,40,,QR
NM-004001,21/05/2569 08:36,B04,,1,75,,QR
NM-004002,21/05/2569 08:39,C06,S,2,65,,QR
NM-004003,21/05/2569 08:46,T01,M,27,55,,CARD
NM-004004,21/05/2569 08:55,C02,M,1,55,M0282,QR
NM-004005,21/05/2569 09:06,C04,S,1,55,M0583,CASH
NM-004006,21/05/2569 09:28,T01,M,1,55,,CASH
NM-004007,21/05/2569 09:36,B01,,2,55,,CASH
NM-004008,21/05/2569 09:52,T02,M,1,70,,CASH
NM-004008,21/05/2569 09:52,T02,M,1,70,,CASH
NM-004008,21/05/2569 09:52,C03,M,1,65,,CASH
NM-004009,21/05/2569 11:07,B01,,1,55,,QR
NM-004010,21/05/2569 12:16,T02,,2,70,M0443,CARD
NM-004011,21/05/2569 12:27,T01,M,1,,M0657,CARD
NM-004011,21/05/2569 12:27,B02,,1,50,M0657,CARD
NM-004012,21/05/2569 13:15,T05,S,2,50,M0772,QR
NM-004013,21/05/2569 13:40,B04,,1,75,,CASH
NM-004013,21/05/2569 13:40,T04,L,1,70,,CASH
NM-004014,21/05/2569 13:47,T01,S,3,45,M0011,QR
NM-004014,21/05/2569 13:47,B02,,1,50,M0011,QR
NM-004015,21/05/2569 14:34,C04,M,1,65,,CARD
NM-004016,21/05/2569 14:52,B03,,1,85,,CASH
NM-004017,21/05/2569 14:55,C01,L,1,65,M0107,QR
NM-004017,21/05/2569 14:55,T03,M,1,50,M0107,QR
NM-004018,21/05/2569 15:16,T05,L,1,70,M0142,QR
NM-004018,21/05/2569 15:16,T01,L,1,65,M0142,QR
NM-004019,21/05/2569 15:26,C03,S,-1,55,M0132,CARD
NM-004020,21/05/2569 18:00,T01,L,2,65,,CASH
NM-004020,21/05/2569 18:00,B02,,1,50,,CASH
NM-004020,21/05/2569 18:00,C03,S,1,55,,CASH
NM-004021,21/05/2569 18:11,B01,,1,55,M0577,CASH
NM-004022,21/05/2569 19:33,C06,M,3,75,M0649,CARD
NM-004023,22/05/2569 07:37,C02,L,1,,M0513,QR
NM-004024,22/05/2569 07:51,C01,M,1,55,,QR
NM-004025,22/05/2569 07:53,B03,,1,85,M0360,CARD
NM-004025,22/05/2569 07:53,C02,S,1,45,M0360,CARD
NM-004026,22/05/2569 09:12,C03,S,1,55,,QR
NM-004027,22/05/2569 09:38,C04,L,1,75,,CASH
NM-004028,22/05/2569 09:51,B03,,1,85,,CASH
NM-004029,22/05/2569 10:13,C04,S,1,55,,QR
NM-004030,22/05/2569 10:57,C04,M,1,65,,QR
NM-004031,22/05/2569 11:00,C05,M,1,70,M0225,CARD
NM-004032,22/05/2569 11:43,B01,,1,55,M0348,QR
NM-004033,22/05/2569 13:14,T01,M,1,55,,QR
NM-004034,22/05/2569 13:33,C05,M,2,70,M0566,QR
NM-004035,22/05/2569 14:31,T01,M,2,55,,CARD
NM-004035,22/05/2569 14:31,B02,,1,50,,CARD
NM-004036,22/05/2569 14:45,C06,S,1,65,M0427,QR
NM-004037,22/05/2569 15:05,C06,L,1,85,M0228,QR
NM-004038,22/05/2569 15:08,T04,M,1,60,,QR
NM-004039,22/05/2569 16:00,T04,L,1,70,M0434,CASH
NM-004040,22/05/2569 16:50,B01,,1,55,M0426,CARD
NM-004041,22/05/2569 17:15,B02,,1,50,,QR
NM-004042,22/05/2569 19:31,C01,S,1,45,,CASH
NM-004043,23/05/2569 07:09,C02,M,1,55,M0405,CASH
NM-004044,23/05/2569 07:23,C06,M,3,75,M0304,QR
NM-004045,23/05/2569 07:26,C02,M,1,55,,CARD
NM-004045,23/05/2569 07:26,B01,,1,55,,CARD
NM-004046,23/05/2569 07:32,C05,M,3,70,M0591,CARD
NM-004047,23/05/2569 08:01,B01,,1,55,,CASH
NM-004048,23/05/2569 08:14,B01,,1,,,QR
NM-004049,23/05/2569 08:38,B01,,1,55,,QR
NM-004050,23/05/2569 09:01,T01,S,3,45,M0223,CASH
NM-004050,23/05/2569 09:01,B02,,1,50,M0223,CASH
NM-004051,23/05/2569 09:28,C02,M,2,55,,CASH
NM-004051,23/05/2569 09:28,B01,,1,55,,CASH
NM-004052,23/05/2569 09:30,C02,M,1,55,,QR
NM-004053,23/05/2569 09:34,C06,L,1,85,,CARD
NM-004053,23/05/2569 09:34,B01,,1,55,,CARD
NM-004053,23/05/2569 09:34,C05,M,1,70,,CARD
NM-004054,23/05/2569 09:49,C03,M,1,65,,QR
NM-004054,23/05/2569 09:49,T02,L,1,80,,QR
NM-004055,23/05/2569 09:54,T01,M,1,55,,CASH
NM-004056,23/05/2569 10:21,C02,S,1,45,M0248,CASH
NM-004056,23/05/2569 10:21,B01,,1,55,M0248,CASH
NM-004057,23/05/2569 10:30,C02,L,1,65,,CARD
NM-004058,23/05/2569 11:08,C06,S,3,65,,CASH
NM-004059,23/05/2569 11:23,T04,S,1,50,M0553,CASH
NM-004060,23/05/2569 12:21,C04,M,1,65,M0317,QR
NM-004061,23/05/2569 12:28,B03,,1,85,,QR
NM-004062,23/05/2569 13:27,T05,M,1,60,M0249,QR
NM-004063,23/05/2569 13:31,C03,L,1,75,,CASH
NM-004064,23/05/2569 13:40,B03,,2,85,,QR
NM-004065,23/05/2569 14:21,C03,M,1,65,M0270,QR
NM-004066,23/05/2569 14:43,C02,L,1,65,,QR
NM-004066,23/05/2569 14:43,B01,,1,55,,QR
NM-004067,23/05/2569 14:57,C03,M,1,65,,CASH
NM-004067,23/05/2569 14:57,B03,,1,85,,CASH
NM-004068,23/05/2569 15:13,C01,L,1,65,M0626,CASH
NM-004069,23/05/2569 16:19,B01,,1,55,,QR
NM-004070,23/05/2569 16:52,C03,M,3,65,,QR
NM-004070,23/05/2569 16:52,B03,,1,85,,QR
NM-004071,23/05/2569 18:02,T03,M,2,50,,QR
NM-004072,23/05/2569 18:13,T04,M,2,60,M0044,QR
NM-004073,24/05/2569 07:23,B01,,1,55,,QR
NM-004074,24/05/2569 07:28,T02,S,1,60,M0604,CASH
NM-004075,24/05/2569 07:42,C04,M,1,65,M0137,CASH
NM-004076,24/05/2569 07:45,C02,S,1,45,,CASH
NM-004076,24/05/2569 07:45,B01,,1,55,,CASH
NM-004077,24/05/2569 07:55,T01,M,2,55,M0166,QR
NM-004078,24/05/2569 08:26,C02,M,1,55,M0768,CARD
NM-004079,24/05/2569 09:54,C04,S,1,55,M0702,CARD
NM-004079,24/05/2569 09:54,C02,M,1,55,M0702,CARD
NM-004080,24/05/2569 10:20,C03,L,1,75,M0247,QR
NM-004080,24/05/2569 10:20,B03,,1,85,M0247,QR
NM-004081,24/05/2569 10:35,T04,L,2,70,,CARD
NM-004082,24/05/2569 11:00,C06,L,1,85,M0776,CARD
NM-004083,24/05/2569 11:17,C01,M,1,55,,CARD
NM-004083,24/05/2569 11:17,B04,,1,75,,CARD
NM-004084,24/05/2569 12:31,T04,S,1,50,M0123,QR
NM-004085,24/05/2569 12:41,B04,,1,75,,QR
NM-004086,24/05/2569 13:42,C02,M,1,55,M0744,QR
NM-004087,24/05/2569 14:00,C01,M,1,55,,CARD
NM-004088,24/05/2569 14:17,B01,,1,55,M0442,QR
NM-004089,24/05/2569 14:49,C04,M,1,65,M0056,CARD
NM-004090,24/05/2569 14:55,B01,,1,55,,QR
NM-004090,24/05/2569 14:55,B03,,1,85,,QR
NM-004091,24/05/2569 15:07,T04,M,1,60,,QR
NM-004092,24/05/2569 15:33,B02,,1,50,M0065,QR
NM-004093,24/05/2569 15:48,C02,S,1,45,,CASH
NM-004093,24/05/2569 15:48,B01,,1,55,,CASH
NM-004094,24/05/2569 16:03,C03,M,1,65,,QR
NM-004094,24/05/2569 16:03,B03,,1,85,,QR
NM-004095,24/05/2569 16:13,C02,S,1,45,M0610,QR
NM-004095,24/05/2569 16:13,B01,,1,55,M0610,QR
NM-004096,24/05/2569 16:20,C03,L,1,75,M0123,QR
NM-004097,24/05/2569 17:05,T04,M,1,60,,QR
NM-004098,24/05/2569 17:23,T02,S,1,60,,CARD
NM-004099,24/05/2569 17:37,C04,S,1,55,,QR
NM-004100,24/05/2569 17:44,T05,S,1,50,,QR
NM-004101,24/05/2569 18:24,T02,L,1,80,M0059,QR
NM-004101,24/05/2569 18:24,B01,,1,55,M0059,QR
NM-004102,24/05/2569 19:56,T01,M,1,55,,CARD
NM-004103,25/05/2569 07:49,C02,M,1,55,,CASH
NM-004103,25/05/2569 07:49,B01,,1,55,,CASH
NM-004104,25/05/2569 08:04,B02,,2,,,QR
NM-004105,25/05/2569 08:17,B01,,2,55,,QR
NM-004105,25/05/2569 08:17,T04,M,1,,,QR
NM-004106,25/05/2569 08:56,C03,L,2,75,M0566,QR
NM-004106,25/05/2569 08:56,B03,,1,85,M0566,QR
NM-004107,25/05/2569 09:22,T01,S,1,45,M0544,CARD
NM-004108,25/05/2569 09:36,C05,M,1,70,,CASH
NM-004109,25/05/2569 09:50,C03,M,1,65,,QR
NM-004110,25/05/2569 10:23,C02,M,1,55,M0223,QR
NM-004111,25/05/2569 10:24,C04,M,1,65,,CARD
NM-004112,25/05/2569 12:50,B04,,1,75,M0637,CASH
NM-004113,25/05/2569 13:18,T01,S,1,45,M0777,CARD
NM-004114,25/05/2569 13:27,T02,S,1,60,,QR
NM-004115,25/05/2569 13:47,T02,M,1,70,,QR
NM-004116,25/05/2569 15:30,C01,M,1,55,,QR
NM-004116,25/05/2569 15:30,B04,,1,75,,QR
NM-004116,25/05/2569 15:30,B01,,1,55,,QR
NM-004117,25/05/2569 15:35,T02,L,1,80,,QR
NM-004118,25/05/2569 16:41,C02,M,1,55,M0244,CARD
NM-004118,25/05/2569 16:41,B01,,1,55,M0244,CARD
NM-004119,25/05/2569 16:56,C04,M,1,65,M0782,QR
NM-004120,25/05/2569 17:08,T01,L,2,65,,QR
NM-004121,26/05/2569 07:50,T02,L,1,80,,CARD
NM-004122,26/05/2569 08:09,T01,S,2,45,,QR
NM-004122,26/05/2569 08:09,B02,,1,50,,QR
NM-004123,26/05/2569 08:14,C01,M,1,55,,QR
NM-004123,26/05/2569 08:14,B04,,1,75,,QR
NM-004124,26/05/2569 08:25,C02,M,33,55,,CARD
NM-004125,26/05/2569 09:04,B03,,1,85,M0152,QR
NM-004126,26/05/2569 09:05,T04,L,2,,M0331,CASH
NM-004127,26/05/2569 09:11,B04,,1,75,,QR
NM-004128,26/05/2569 09:15,C06,L,1,,,CARD
NM-004128,26/05/2569 09:15,B04,,1,75,,CARD
NM-004129,26/05/2569 09:24,C02,,1,55,,CASH
NM-004129,26/05/2569 09:24,B04,,1,75,,CASH
NM-004130,26/05/2569 10:02,C04,M,1,65,M0592,CASH
NM-004130,26/05/2569 10:02,B01,,1,55,M0592,CASH
NM-004131,26/05/2569 10:37,C04,S,1,55,,QR
NM-004132,26/05/2569 10:40,C06,S,2,65,M0471,QR
NM-004133,26/05/2569 11:32,C06,S,1,65,M0491,QR
NM-004134,26/05/2569 11:35,C02,L,1,65,,CASH
NM-004134,26/05/2569 11:35,B01,,1,55,,CASH
NM-004135,26/05/2569 11:57,C02,M,2,55,M0406,CASH
NM-004135,26/05/2569 11:57,C04,,1,75,M0406,CASH
NM-004136,26/05/2569 12:30,T01,S,1,45,,CARD
NM-004137,26/05/2569 13:57,T02,M,1,70,M0471,QR
NM-004138,26/05/2569 14:27,T02,M,1,70,,QR
NM-004139,26/05/2569 15:38,T01,M,3,55,,QR
NM-004140,26/05/2569 15:43,C05,M,1,70,,QR
NM-004140,26/05/2569 15:43,B02,,1,50,,QR
NM-004141,26/05/2569 16:02,C02,M,1,55,,CASH
NM-004141,26/05/2569 16:02,C04,S,1,55,,CASH
NM-004142,26/05/2569 18:18,T02,S,2,60,,CASH
NM-004143,26/05/2569 19:11,T01,L,1,65,,CARD
NM-004144,27/05/2569 07:56,C03,L,1,75,,QR
NM-004144,27/05/2569 07:56,B03,,1,85,,QR
NM-004145,27/05/2569 08:02,C05,M,3,70,M0348,CASH
NM-004146,27/05/2569 08:02,C03,M,1,65,,QR
NM-004147,27/05/2569 08:18,T01,M,1,55,M0543,QR
NM-004147,27/05/2569 08:18,B02,,1,50,M0543,QR
NM-004148,27/05/2569 08:33,C04,M,1,65,,QR
NM-004148,27/05/2569 08:33,B01,,1,55,,QR
NM-004148,27/05/2569 08:33,T03,S,1,40,,QR
NM-004149,27/05/2569 08:42,C02,S,1,45,,CASH
NM-004149,27/05/2569 08:42,B01,,1,55,,CASH
NM-004150,27/05/2569 08:50,C02,L,1,65,M0685,CASH
NM-004151,27/05/2569 09:04,T05,M,1,60,,CASH
NM-004152,27/05/2569 09:18,C03,S,1,55,,QR
NM-004152,27/05/2569 09:18,B03,,1,85,,QR
NM-004153,27/05/2569 09:21,T02,M,1,70,M0084,CASH
NM-004153,27/05/2569 09:21,C06,S,1,,M0084,CASH
NM-004154,27/05/2569 09:29,C04,S,1,55,,CASH
NM-004155,27/05/2569 09:31,C04,L,1,75,M0730,CASH
NM-004156,27/05/2569 09:35,C02,L,1,65,,CARD
NM-004156,27/05/2569 09:35,B01,,1,55,,CARD
NM-004157,27/05/2569 10:04,C02,L,1,65,,CASH
NM-004157,27/05/2569 10:04,B03,,1,85,,CASH
NM-004157,27/05/2569 10:04,T02,M,1,70,,CASH
NM-004158,27/05/2569 10:37,C05,L,1,,,QR
NM-004159,27/05/2569 10:42,T02,L,2,80,M0265,QR
NM-004160,27/05/2569 10:48,C04,S,1,55,,QR
NM-004161,27/05/2569 11:18,T03,L,1,60,M0453,QR
NM-004162,27/05/2569 12:14,C03,M,1,65,M0159,QR
NM-004162,27/05/2569 12:14,C03,M,1,65,M0159,QR
NM-004162,27/05/2569 12:14,B03,,1,85,M0159,QR
NM-004162,27/05/2569 12:14,B04,,1,75,M0159,QR
NM-004163,27/05/2569 12:27,B01,,1,55,,QR
NM-004163,27/05/2569 12:27,B01,,1,55,,QR
NM-004164,27/05/2569 12:42,T01,L,1,65,,QR
NM-004164,27/05/2569 12:42,B02,,1,50,,QR
NM-004165,27/05/2569 13:09,C04,,1,65,,QR
NM-004165,27/05/2569 13:09,C06,S,1,65,,QR
NM-004166,27/05/2569 14:22,C02,M,1,55,M0248,QR
NM-004167,27/05/2569 14:32,C02,M,1,55,,CASH
NM-004168,27/05/2569 15:09,B02,,1,50,M0233,QR
NM-004169,27/05/2569 15:55,T02,S,1,60,,QR
NM-004170,27/05/2569 17:58,T02,M,1,70,,QR
NM-004171,27/05/2569 18:52,C03,M,1,65,,CARD
NM-004171,27/05/2569 18:52,B03,,1,85,,CARD
NM-004172,28/05/2569 07:11,C02,S,1,45,M0664,CASH
NM-004173,28/05/2569 07:36,C02,M,1,55,,QR
NM-004174,28/05/2569 08:18,C04,L,1,75,M0702,QR
NM-004174,28/05/2569 08:18,B03,,1,85,M0702,QR
NM-004175,28/05/2569 08:48,C03,L,1,75,,CASH
NM-004176,28/05/2569 09:05,C03,M,2,65,M0510,CARD
NM-004176,28/05/2569 09:05,B03,,1,85,M0510,CARD
NM-004177,28/05/2569 09:15,B01,,1,55,,CASH
NM-004178,28/05/2569 09:18,B04,,1,75,M0032,QR
NM-004178,28/05/2569 09:18,C05,M,1,70,M0032,QR
NM-004179,28/05/2569 09:22,T04,S,1,50,M0016,QR
NM-004179,28/05/2569 09:22,B04,,1,75,M0016,QR
NM-004180,28/05/2569 09:32,C03,S,1,55,,QR
NM-004180,28/05/2569 09:32,B03,,1,85,,QR
NM-004180,28/05/2569 09:32,B02,,1,50,,QR
NM-004181,28/05/2569 09:57,T02,L,1,80,M0133,QR
NM-004182,28/05/2569 09:58,T05,M,2,60,M0275,QR
NM-004183,28/05/2569 10:34,C03,,1,65,M0149,QR
NM-004183,28/05/2569 10:34,B03,,1,85,M0149,QR
NM-004184,28/05/2569 10:41,T04,M,1,60,M0168,QR
NM-004185,28/05/2569 11:21,B01,,1,,,QR
NM-004186,28/05/2569 11:38,C03,S,2,55,,QR
NM-004187,28/05/2569 12:05,T01,M,2,55,,QR
NM-004188,28/05/2569 12:29,C05,L,3,80,M0009,QR
NM-004189,28/05/2569 12:33,T04,S,1,50,M0366,CARD
NM-004190,28/05/2569 13:25,C05,M,1,70,,CASH
NM-004190,28/05/2569 13:25,B02,,1,50,,CASH
NM-004190,28/05/2569 13:25,T03,L,1,60,,CASH
NM-004190,28/05/2569 13:25,T03,L,1,60,,CASH
NM-004191,28/05/2569 13:29,T02,M,1,70,,QR
NM-004191,28/05/2569 13:29,B03,,1,85,,QR
NM-004192,28/05/2569 13:54,T05,S,1,50,M0234,QR
NM-004193,28/05/2569 15:06,B02,,2,50,,QR
NM-004194,28/05/2569 15:39,C03,L,1,75,,QR
NM-004194,28/05/2569 15:39,C03,L,1,75,,QR
NM-004195,28/05/2569 16:12,C05,M,1,70,M0043,QR
NM-004196,28/05/2569 16:42,T02,M,1,70,,QR
NM-004196,28/05/2569 16:42,B03,,1,85,,QR
NM-004197,28/05/2569 16:51,T05,M,1,60,,CARD
NM-004198,28/05/2569 18:42,T01,L,1,65,,QR
NM-004198,28/05/2569 18:42,B02,,1,,,QR
NM-004199,28/05/2569 19:30,T02,L,1,80,,QR
NM-004200,29/05/2569 07:52,T01,S,1,45,M0268,QR
NM-004201,29/05/2569 08:12,C04,L,1,75,,CARD
NM-004201,29/05/2569 08:12,C02,S,1,45,,CARD
NM-004202,29/05/2569 08:14,C05,M,1,70,M0331,QR
NM-004203,29/05/2569 08:32,C06,M,1,75,,CARD
NM-004204,29/05/2569 08:53,T03,L,3,60,,QR
NM-004205,29/05/2569 08:57,T04,L,1,70,,CASH
NM-004206,29/05/2569 09:00,B02,,1,50,M0011,QR
NM-004207,29/05/2569 09:08,C02,M,1,55,,QR
NM-004208,29/05/2569 09:18,C02,L,1,65,,QR
NM-004208,29/05/2569 09:18,B01,,1,55,,QR
NM-004209,29/05/2569 09:31,C02,S,2,45,,QR
NM-004210,29/05/2569 09:56,B02,,1,50,,QR
NM-004211,29/05/2569 10:50,C04,M,1,65,,QR
NM-004211,29/05/2569 10:50,B04,,1,75,,QR
NM-004212,29/05/2569 10:50,C01,L,1,65,M0052,CARD
NM-004213,29/05/2569 10:54,C06,L,1,85,,QR
NM-004214,29/05/2569 11:12,T01,M,1,55,M0795,QR
NM-004214,29/05/2569 11:12,B02,,1,50,M0795,QR
NM-004215,29/05/2569 11:42,C01,M,1,55,,CARD
NM-004215,29/05/2569 11:42,C03,S,1,55,,CARD
NM-004216,29/05/2569 12:20,C03,S,1,55,,CASH
NM-004217,29/05/2569 13:16,C03,S,1,55,M0342,CARD
NM-004218,29/05/2569 13:39,C02,S,-2,45,,CASH
NM-004219,29/05/2569 15:20,C02,M,1,55,,QR
NM-004219,29/05/2569 15:20,T02,M,1,70,,QR
NM-004220,29/05/2569 16:45,B03,,1,85,,QR
NM-004221,29/05/2569 16:53,B01,,1,55,M0462,CARD
NM-004221,29/05/2569 16:53,C01,L,1,65,M0462,CARD
NM-004222,29/05/2569 17:26,C03,M,1,65,,CARD
NM-004222,29/05/2569 17:26,B03,,1,85,,CARD
NM-004223,29/05/2569 17:55,T02,L,1,80,M0782,CASH
NM-004224,30/05/2569 07:46,B03,,1,85,,QR
NM-004225,30/05/2569 08:02,B02,,2,,M0637,QR
NM-004226,30/05/2569 08:35,C02,M,1,55,,CASH
NM-004227,30/05/2569 08:42,C02,L,1,65,M0154,QR
NM-004228,30/05/2569 09:30,C03,S,1,55,,QR
NM-004229,30/05/2569 09:31,C05,M,1,70,M0325,CARD
NM-004230,30/05/2569 09:38,C04,M,1,65,,QR
NM-004231,30/05/2569 09:40,C06,M,1,75,M0333,CASH
NM-004232,30/05/2569 09:52,C02,L,1,65,,CASH
NM-004232,30/05/2569 09:52,B01,,1,55,,CASH
NM-004233,30/05/2569 10:26,T03,M,1,50,,QR
NM-004234,30/05/2569 10:57,T05,S,1,50,,CASH
NM-004235,30/05/2569 11:16,C01,M,1,55,M0465,QR
NM-004235,30/05/2569 11:16,B03,,1,85,M0465,QR
NM-004236,30/05/2569 11:20,C05,S,1,60,M0634,QR
NM-004236,30/05/2569 11:20,C02,S,1,45,M0634,QR
NM-004236,30/05/2569 11:20,C02,S,1,45,M0634,QR
NM-004237,30/05/2569 12:15,B01,,1,55,M0241,QR
NM-004238,30/05/2569 12:20,C04,S,1,55,,CARD
NM-004239,30/05/2569 12:27,C06,L,2,85,,QR
NM-004240,30/05/2569 00:55,T04,M,1,60,M0203,QR
NM-004241,30/05/2569 14:22,C04,M,1,65,M0301,QR
NM-004241,30/05/2569 14:22,B02,,1,50,M0301,QR
NM-004242,30/05/2569 14:23,C03,L,1,75,M0689,CARD
NM-004243,30/05/2569 15:08,T03,M,2,50,M0768,CARD
NM-004244,30/05/2569 15:15,B02,,2,50,M0217,QR
NM-004245,30/05/2569 15:18,T01,S,1,45,,CARD
NM-004245,30/05/2569 15:18,B02,,1,50,,CARD
NM-004246,30/05/2569 15:36,T05,S,3,50,M0662,CASH
NM-004247,30/05/2569 15:37,B04,,1,75,,QR
NM-004248,30/05/2569 15:51,C03,L,1,75,,CASH
NM-004249,30/05/2569 17:03,T05,M,1,60,,QR
NM-004250,30/05/2569 17:53,T02,L,1,80,,CASH
NM-004250,30/05/2569 17:53,T05,L,1,70,,CASH
NM-004251,30/05/2569 19:26,C02,M,1,55,,CASH
NM-004252,30/05/2569 19:57,T04,M,1,60,,QR
NM-004253,31/05/2569 07:19,C03,L,2,75,,CASH
NM-004254,31/05/2569 07:42,C02,M,1,55,,CARD
NM-004254,31/05/2569 07:42,B01,,1,55,,CARD
NM-004255,31/05/2569 07:47,C02,S,1,45,,QR
NM-004255,31/05/2569 07:47,B01,,1,55,,QR
NM-004256,31/05/2569 08:05,B01,,1,55,,QR
NM-004257,31/05/2569 08:18,C03,M,2,65,M436,QR
NM-004257,31/05/2569 08:18,B03,,1,85,M436,QR
NM-004258,31/05/2569 08:55,T05,M,1,60,,QR
NM-004259,31/05/2569 08:56,C01,M,1,55,M0444,CASH
NM-004259,31/05/2569 08:56,B04,,1,75,M0444,CASH
NM-004260,31/05/2569 09:04,C01,L,1,65,,CASH
NM-004261,31/05/2569 09:04,C04,L,1,75,,QR
NM-004262,31/05/2569 09:40,C04,M,1,65,M0687,CASH
NM-004263,31/05/2569 10:27,B04,,1,75,,CASH
NM-004264,31/05/2569 11:09,C05,S,1,60,,QR
NM-004265,31/05/2569 11:16,B01,,1,55,,QR
NM-004265,31/05/2569 11:16,T03,M,1,50,,QR
NM-004266,31/05/2569 11:16,B02,,3,50,,QR
NM-004267,31/05/2569 11:35,C03,M,1,65,M0199,CARD
NM-004268,31/05/2569 11:57,C06,S,3,65,,CARD
NM-004269,31/05/2569 12:01,C01,M,3,55,M0765,QR
NM-004269,31/05/2569 12:01,B03,,1,85,M0765,QR
NM-004270,31/05/2569 12:35,B02,,3,50,,QR
NM-004271,31/05/2569 12:38,B03,,3,85,,QR
NM-004272,31/05/2569 13:02,T04,M,1,60,M0012,QR
NM-004273,31/05/2569 13:43,B02,,1,50,M0280,CARD
NM-004274,31/05/2569 13:43,C03,M,1,65,,CARD
NM-004275,31/05/2569 14:26,C03,L,2,75,,CASH
NM-004275,31/05/2569 14:26,B03,,1,85,,CASH
NM-004276,31/05/2569 14:40,C02,L,1,65,M0471,QR
NM-004276,31/05/2569 14:40,B01,,1,55,M0471,QR
NM-004277,31/05/2569 14:41,T02,L,1,80,,CASH
NM-004277,31/05/2569 14:41,C02,S,1,45,,CASH
NM-004278,31/05/2569 14:44,C01,M,1,55,M0781,CASH
NM-004278,31/05/2569 14:44,B04,,1,75,M0781,CASH
NM-004279,31/05/2569 14:58,T03,L,1,60,,QR
NM-004280,31/05/2569 15:00,B03,,1,85,M0065,CASH
NM-004281,31/05/2569 15:04,C03,L,1,75,M0596,QR
NM-004282,31/05/2569 15:09,C06,L,1,85,M0061,QR
NM-004283,31/05/2569 15:29,B01,,1,55,M0642,CARD
NM-004284,31/05/2569 15:34,T01,S,2,45,,QR
NM-004284,31/05/2569 15:34,B02,,1,50,,QR
NM-004285,31/05/2569 15:36,C05,L,1,80,,CARD
NM-004286,31/05/2569 16:24,C02,L,1,65,,CASH
NM-004286,31/05/2569 16:24,C04,L,1,75,,CASH
NM-004287,31/05/2569 17:08,C03,M,2,65,,CARD
NM-004287,31/05/2569 17:08,B01,,1,55,,CARD
NM-004287,31/05/2569 17:08,B04,,1,75,,CARD
NM-004288,31/05/2569 17:36,C02,S,1,,,QR
NM-004288,31/05/2569 17:36,B01,,1,55,,QR
NM-004289,31/05/2569 18:16,C05,M,1,70,M0666,CARD
NM-004290,31/05/2569 18:17,C01,S,2,45,M0137,QR
NM-004290,31/05/2569 18:17,B04,,1,75,M0137,QR
NM-004291,31/05/2569 18:38,C02,M,3,55,,QR
NM-004292,31/05/2569 18:52,T01,L,1,65,M0328,CASH
NM-004292,31/05/2569 18:52,B02,,1,50,M0328,CASH
NM-004293,01/06/2569 07:10,C02,M,1,55,M0730,CASH
NM-004293,01/06/2569 07:10,C02,M,1,55,M0730,CASH
NM-004293,01/06/2569 07:10,B01,,1,55,M0730,CASH
NM-004294,01/06/2569 08:10,C01,M,1,55,M0111,QR
NM-004295,01/06/2569 08:18,T04,S,1,50,,CASH
NM-004296,01/06/2569 08:28,C03,S,3,55,,QR
NM-004297,01/06/2569 08:59,C06,S,1,65,,QR
NM-004298,01/06/2569 09:35,C02,M,1,55,,CASH
NM-004299,01/06/2569 09:50,C04,M,2,65,,CARD
NM-004300,01/06/2569 10:49,C03,M,1,65,,CASH
NM-004300,01/06/2569 10:49,B03,,1,85,,CASH
NM-004301,01/06/2569 11:19,T05,S,3,50,M0280,QR
NM-004301,01/06/2569 11:19,T05,S,3,50,M0280,QR
NM-004302,01/06/2569 11:57,B02,,1,50,,QR
NM-004303,01/06/2569 12:24,T03,S,1,40,M0774,CARD
NM-004303,01/06/2569 12:24,T04,M,1,60,M0774,CARD
NM-004304,01/06/2569 13:33,T01,L,1,65,,QR
NM-004305,01/06/2569 13:41,B01,,1,55,,CARD
NM-004306,01/06/2569 14:16,T02,S,1,60,,CASH
NM-004307,01/06/2569 14:39,B02,,1,50,M0278,QR
NM-004308,01/06/2569 15:22,C04,M,1,65,,CASH
NM-004309,01/06/2569 15:29,T05,M,1,60,M0468,CARD
NM-004309,01/06/2569 15:29,B03,,1,85,M0468,CARD
NM-004310,01/06/2569 15:46,T01,S,1,45,,QR
NM-004311,01/06/2569 16:51,C01,S,1,45,,CASH
NM-004311,01/06/2569 16:51,B04,,1,75,,CASH
NM-004312,01/06/2569 17:05,C05,S,1,60,,QR
NM-004313,01/06/2569 17:30,T01,M,1,55,,QR
NM-004314,01/06/2569 17:34,B03,,1,85,M0350,CASH
NM-004315,01/06/2569 17:37,B02,,3,50,,QR
NM-004316,01/06/2569 17:45,C02,S,1,45,M0023,QR
NM-004317,01/06/2569 18:44,B01,,1,55,,QR
NM-004318,01/06/2569 18:45,T04,M,1,,M0369,CASH
NM-004319,02/06/2569 07:17,C04,S,1,55,,QR
NM-004320,02/06/2569 07:55,B02,,1,50,,QR
NM-004321,02/06/2569 08:05,C02,S,1,45,M0137,CASH
NM-004321,02/06/2569 08:05,C03,M,1,65,M0137,CASH
NM-004322,02/06/2569 08:27,T02,L,1,80,,QR
NM-004323,02/06/2569 09:35,C06,M,1,75,,QR
NM-004324,02/06/2569 09:35,C06,M,1,75,,QR
NM-004325,02/06/2569 10:02,B04,,2,75,M0471,QR
NM-004326,02/06/2569 10:41,C06,L,1,85,,QR
NM-004327,02/06/2569 11:17,C02,M,1,55,M0138,QR
NM-004327,02/06/2569 11:17,B01,,1,55,M0138,QR
NM-004328,02/06/2569 12:20,C03,S,1,55,M0541,CASH
NM-004329,02/06/2569 12:45,T04,S,1,50,M0278,QR
NM-004330,02/06/2569 13:18,T03,M,1,50,M0610,QR
NM-004331,02/06/2569 13:30,C05,L,1,80,,QR
NM-004331,02/06/2569 13:30,T04,L,1,70,,QR
NM-004332,02/06/2569 14:32,B01,,1,55,M0489,CASH
NM-004332,02/06/2569 14:32,C04,L,1,,M0489,CASH
NM-004333,02/06/2569 14:57,C03,M,1,65,M0656,CASH
NM-004333,02/06/2569 14:57,B03,,1,85,M0656,CASH
NM-004334,02/06/2569 15:23,T02,M,1,70,M0640,CASH
NM-004334,02/06/2569 15:23,B02,,1,50,M0640,CASH
NM-004335,02/06/2569 16:12,T01,L,1,65,,QR
NM-004335,02/06/2569 16:12,T04,L,1,70,,QR
NM-004336,02/06/2569 17:06,T01,S,2,45,,QR
NM-004337,02/06/2569 17:22,T02,M,1,70,M0051,QR
NM-004338,02/06/2569 18:07,T01,M,1,55,M0044,CARD
NM-004339,02/06/2569 19:35,C05,S,1,60,,QR
NM-004340,02/06/2569 19:36,C03,S,1,55,,QR
NM-004340,02/06/2569 19:36,B03,,1,85,,QR
NM-004341,03/06/2569 08:09,C04,S,1,55,M0011,CARD
NM-004342,03/06/2569 08:10,C03,M,1,65,,QR
NM-004343,03/06/2569 08:22,B01,,2,55,,QR
NM-004344,03/06/2569 08:41,C05,M,3,70,M0264,QR
NM-004345,03/06/2569 08:56,C03,M,1,65,,CASH
NM-004346,03/06/2569 09:00,C06,M,1,75,M0095,QR
NM-004347,03/06/2569 09:03,C02,L,1,65,M0624,CARD
NM-004348,03/06/2569 09:22,C05,M,1,70,,CASH
NM-004349,03/06/2569 09:40,C03,L,1,75,,QR
NM-004350,03/06/2569 09:50,C05,M,1,70,M0359,CASH
NM-004351,03/06/2569 09:57,C03,L,2,75,,QR
NM-004351,03/06/2569 09:57,B03,,1,85,,QR
NM-004352,03/06/2569 10:03,T01,M,1,55,,QR
NM-004353,03/06/2569 10:14,T05,M,1,60,M0139,QR
NM-004354,03/06/2569 10:27,T05,M,1,60,,CARD
NM-004355,03/06/2569 10:30,C06,L,1,85,,CASH
NM-004356,03/06/2569 10:35,C06,M,2,75,,QR
NM-004356,03/06/2569 10:35,T03,L,1,60,,QR
NM-004357,03/06/2569 11:00,C05,S,1,60,,CASH
NM-004358,03/06/2569 11:11,C04,M,1,65,M0014,CARD
NM-004359,03/06/2569 11:21,C02,M,1,55,M0814,QR
NM-004360,03/06/2569 11:23,C03,S,1,55,,QR
NM-004361,03/06/2569 11:39,T03,L,2,60,,QR
NM-004361,03/06/2569 11:39,T03,L,2,60,,QR
NM-004362,03/06/2569 12:09,C06,M,1,75,,CASH
NM-004363,03/06/2569 12:14,C02,M,1,55,M0003,CASH
NM-004364,03/06/2569 12:42,T01,L,1,65,M0275,CASH
NM-004364,03/06/2569 12:42,B02,,1,50,M0275,CASH
NM-004365,03/06/2569 13:07,C01,L,1,65,M0619,QR
NM-004365,03/06/2569 13:07,B04,,1,75,M0619,QR
NM-004366,03/06/2569 13:09,T01,M,1,55,,QR
NM-004366,03/06/2569 13:09,B02,,1,50,,QR
NM-004367,03/06/2569 14:04,B04,,1,75,M0657,CASH
NM-004368,03/06/2569 14:29,T04,S,1,50,M0012,CARD
NM-004368,03/06/2569 14:29,T01,S,1,45,M0012,CARD
NM-004369,03/06/2569 14:37,T02,M,1,70,M0081,QR
NM-004370,03/06/2569 14:41,T02,M,1,70,M0105,CASH
NM-004370,03/06/2569 14:41,C01,L,1,65,M0105,CASH
NM-004371,03/06/2569 14:44,B03,,1,85,,CARD
NM-004372,03/06/2569 14:50,C04,L,1,75,M0094,QR
NM-004372,03/06/2569 14:50,B01,,1,55,M0094,QR
NM-004373,03/06/2569 14:57,T05,M,2,60,,QR
NM-004374,03/06/2569 16:00,T01,M,1,55,,CARD
NM-004374,03/06/2569 16:00,B02,,1,50,,CARD
NM-004375,03/06/2569 18:24,C06,M,1,75,,CARD
NM-004376,03/06/2569 18:36,B02,,1,50,M0527,QR
NM-004377,03/06/2569 18:58,C03,S,1,55,M0772,QR
NM-004377,03/06/2569 18:58,B04,,1,75,M0772,QR
NM-004378,04/06/2569 07:52,C02,L,1,65,,CASH
NM-004379,04/06/2569 08:23,C04,L,1,75,M0346,CASH
NM-004380,04/06/2569 08:23,C04,L,1,75,,QR
NM-004381,04/06/2569 08:28,T04,L,1,70,,QR
NM-004382,04/06/2569 08:37,T05,M,1,60,M0730,QR
NM-004383,04/06/2569 08:45,B02,,3,50,,QR
NM-004384,04/06/2569 08:53,T02,M,2,70,,CASH
NM-004385,04/06/2569 09:07,B02,,1,,M0689,QR
NM-004386,04/06/2569 09:52,T02,S,2,60,,CARD
NM-004386,04/06/2569 09:52,B02,,1,50,,CARD
NM-004387,04/06/2569 09:59,C02,M,1,55,,CARD
NM-004387,04/06/2569 09:59,B01,,1,55,,CARD
NM-004388,04/06/2569 10:12,T02,S,1,60,M0003,QR
NM-004389,04/06/2569 10:21,T01,M,1,55,M0618,CASH
NM-004390,04/06/2569 10:32,C01,S,1,45,M0315,QR
NM-004391,04/06/2569 10:39,C03,S,3,55,,CASH
NM-004392,04/06/2569 10:54,T03,M,2,50,,CASH
NM-004392,04/06/2569 10:54,B03,,1,85,,CASH
NM-004393,04/06/2569 11:08,C05,L,1,80,M0289,CASH
NM-004394,04/06/2569 11:23,C02,L,1,65,,CARD
NM-004394,04/06/2569 11:23,B01,,1,55,,CARD
NM-004394,04/06/2569 11:23,C05,L,1,80,,CARD
NM-004395,04/06/2569 11:56,T02,M,1,70,M0446,CARD
NM-004396,04/06/2569 12:16,C02,M,2,55,M0541,QR
NM-004396,04/06/2569 12:16,T04,M,1,60,M0541,QR
NM-004397,04/06/2569 12:23,B04,,1,75,M0065,QR
NM-004398,04/06/2569 13:11,B01,,1,55,M0236,QR
NM-004399,04/06/2569 13:48,T01,M,1,55,,CASH
NM-004400,04/06/2569 14:05,T01,L,1,65,,CASH
NM-004401,04/06/2569 15:36,B01,,2,55,M0454,QR
NM-004402,04/06/2569 15:44,C04,M,1,65,,QR
NM-004403,04/06/2569 15:56,T02,S,1,60,,QR
NM-004403,04/06/2569 15:56,T02,S,1,60,,QR
NM-004404,04/06/2569 16:08,T02,S,1,60,,CASH
NM-004405,04/06/2569 16:58,T04,S,1,50,,QR
NM-004406,04/06/2569 17:01,C03,,2,75,M0120,QR
NM-004406,04/06/2569 17:01,B03,,1,85,M0120,QR
NM-004407,04/06/2569 18:44,B01,,2,55,,QR
NM-004408,04/06/2569 18:51,T05,M,1,60,M0444,QR
NM-004409,04/06/2569 19:24,T01,S,1,45,,CASH
NM-004409,04/06/2569 19:24,B02,,1,50,,CASH
NM-004410,05/06/2569 07:32,T01,L,1,65,,QR
NM-004411,05/06/2569 07:50,C02,M,1,55,,CASH
NM-004411,05/06/2569 07:50,B01,,1,55,,CASH
NM-004412,05/06/2569 07:54,B04,,1,75,,CASH
NM-004413,05/06/2569 08:21,C03,L,1,75,,QR
NM-004414,05/06/2569 08:34,T01,S,2,45,,QR
NM-004414,05/06/2569 08:34,B02,,1,50,,QR
NM-004415,05/06/2569 09:11,B03,,2,85,,QR
NM-004416,05/06/2569 10:08,C03,S,1,55,,QR
NM-004417,05/06/2569 10:13,T01,M,1,55,M0138,CARD
NM-004418,05/06/2569 10:53,C02,L,1,65,,QR
NM-004419,05/06/2569 11:16,C02,M,1,55,M0364,QR
NM-004420,05/06/2569 12:35,C03,M,1,65,M0644,QR
NM-004420,05/06/2569 12:35,B03,,1,85,M0644,QR
NM-004421,05/06/2569 13:22,T01,L,1,65,,QR
NM-004421,05/06/2569 13:22,B02,,1,50,,QR
NM-004422,05/06/2569 13:43,B03,,1,,M0268,QR
NM-004423,05/06/2569 13:53,T03,L,1,60,,CARD
NM-004424,05/06/2569 14:58,T04,L,2,70,,QR
NM-004425,05/06/2569 15:58,C01,L,2,65,M0812,CASH
NM-004425,05/06/2569 15:58,C01,L,2,65,M0812,CASH
NM-004425,05/06/2569 15:58,B04,,1,75,M0812,CASH
NM-004426,05/06/2569 17:34,C03,S,1,55,,CARD
NM-004426,05/06/2569 17:34,B03,,1,85,,CARD
NM-004426,05/06/2569 17:34,T02,L,1,80,,CARD
NM-004427,05/06/2569 18:00,T03,S,1,40,,CASH
NM-004428,05/06/2569 18:06,B04,,2,75,M0689,QR
NM-004428,05/06/2569 18:06,B04,,2,75,M0689,QR
NM-004429,05/06/2569 18:35,T05,S,1,50,,QR
NM-004430,05/06/2569 19:14,T01,S,1,45,,CASH
NM-004431,06/06/2569 07:02,C02,M,2,55,M0566,QR
NM-004432,06/06/2569 07:15,C02,M,2,55,M0326,CARD
NM-004432,06/06/2569 07:15,B01,,1,55,M0326,CARD
NM-004433,06/06/2569 08:13,T03,L,3,60,,CASH
NM-004434,06/06/2569 08:42,C02,M,1,55,M0162,QR
NM-004434,06/06/2569 08:42,B01,,1,55,M0162,QR
NM-004435,06/06/2569 08:45,T02,M,1,70,,QR
NM-004436,06/06/2569 09:07,C02,M,1,55,M0252,QR
NM-004436,06/06/2569 09:07,T02,M,1,70,M0252,QR
NM-004437,06/06/2569 09:46,T01,M,1,55,,CARD
NM-004438,06/06/2569 10:13,T04,S,1,50,M0569,QR
NM-004438,06/06/2569 10:13,B04,,1,75,M0569,QR
NM-004439,06/06/2569 10:29,C05,L,1,80,,CARD
NM-004440,06/06/2569 11:26,C01,M,1,55,M0501,QR
NM-004441,06/06/2569 11:31,C06,S,3,65,,CASH
NM-004442,06/06/2569 11:34,B01,,1,55,M0505,QR
NM-004443,06/06/2569 11:53,C03,M,1,65,,QR
NM-004444,06/06/2569 12:35,T02,L,3,80,,QR
NM-004444,06/06/2569 12:35,B03,,1,85,,QR
NM-004445,06/06/2569 15:09,C06,L,1,85,,QR
NM-004446,06/06/2569 15:20,T02,L,2,80,M0247,QR
NM-004446,06/06/2569 15:20,B04,,1,75,M0247,QR
NM-004447,06/06/2569 16:22,B02,,2,50,,QR
NM-004448,06/06/2569 16:27,T02,M,1,70,M0570,QR
NM-004449,06/06/2569 16:40,T01,M,1,55,M0318,QR
NM-004449,06/06/2569 16:40,B02,,1,50,M0318,QR
NM-004450,06/06/2569 17:38,T01,M,1,55,,QR
NM-004450,06/06/2569 17:38,B01,,1,55,,QR
NM-004451,06/06/2569 18:17,B04,,1,75,,QR
NM-004452,06/06/2569 18:29,T01,M,1,55,,QR
NM-004452,06/06/2569 18:29,B02,,1,50,,QR
NM-004453,06/06/2569 18:31,T01,S,1,45,,QR
NM-004453,06/06/2569 18:31,B02,,1,,,QR
NM-004454,06/06/2569 18:33,B03,,1,85,,CASH
NM-004455,06/06/2569 19:08,B01,,1,55,,QR
NM-004455,06/06/2569 19:08,B01,,1,55,,QR
NM-004456,06/06/2569 19:29,T03,M,1,50,M0651,QR
NM-004457,06/06/2569 19:34,C02,S,0,45,M0631,CARD
NM-004458,07/06/2569 07:06,C03,L,1,75,M0190,QR
NM-004459,07/06/2569 07:23,T02,L,1,80,,CASH
NM-004460,07/06/2569 07:51,T01,L,2,65,M0681,CASH
NM-004461,07/06/2569 08:09,C05,S,2,60,,QR
NM-004461,07/06/2569 08:09,B02,,1,50,,QR
NM-004462,07/06/2569 08:10,C04,S,1,55,,CARD
NM-004463,07/06/2569 08:14,B04,,2,75,M0208,CASH
NM-004464,07/06/2569 08:52,B01,,1,55,,QR
NM-004465,07/06/2569 09:01,B04,,1,75,,QR
NM-004466,07/06/2569 09:07,C02,S,100,45,,QR
NM-004466,07/06/2569 09:07,B01,,1,55,,QR
NM-004467,07/06/2569 09:19,T02,S,1,60,,QR
NM-004468,07/06/2569 09:29,C02,L,1,65,,QR
NM-004468,07/06/2569 09:29,C04,M,1,65,,QR
NM-004469,07/06/2569 09:49,C05,M,1,70,M0419,CARD
NM-004469,07/06/2569 09:49,T02,L,1,80,M0419,CARD
NM-004470,07/06/2569 09:49,T01,M,1,,,CARD
NM-004470,07/06/2569 09:49,C03,L,1,75,,CARD
NM-004471,07/06/2569 04:09,C04,M,1,65,,CASH
NM-004472,07/06/2569 10:18,C04,M,2,65,M0664,QR
NM-004473,07/06/2569 10:50,C06,M,1,75,,QR
NM-004474,07/06/2569 12:09,B02,,1,50,M0745,CARD
NM-004474,07/06/2569 12:09,C01,S,1,45,M0745,CARD
NM-004475,07/06/2569 12:15,C02,M,1,55,M0069,CASH
NM-004476,07/06/2569 12:50,T03,L,1,60,,CASH
NM-004477,07/06/2569 13:33,B04,,1,75,M0051,QR
NM-004478,07/06/2569 13:39,T03,S,1,40,,QR
NM-004478,07/06/2569 13:39,T04,M,1,60,,QR
NM-004479,07/06/2569 14:07,C05,M,1,,,QR
NM-004480,07/06/2569 14:12,C03,L,1,75,M0234,CASH
NM-004481,07/06/2569 14:30,C05,M,1,70,,CASH
NM-004482,07/06/2569 15:02,T04,M,1,60,M0718,CASH
NM-004483,07/06/2569 15:16,T01,S,2,45,,QR
NM-004483,07/06/2569 15:16,B02,,1,50,,QR
NM-004484,07/06/2569 15:31,C03,M,1,65,,QR
NM-004484,07/06/2569 15:31,B03,,1,85,,QR
NM-004485,07/06/2569 15:31,T01,L,1,65,M0118,CASH
NM-004486,07/06/2569 16:13,C02,L,2,65,,CARD
NM-004486,07/06/2569 16:13,B01,,1,55,,CARD
NM-004487,07/06/2569 16:58,T04,M,1,60,,QR
NM-004488,07/06/2569 18:11,T01,M,1,55,,CARD
NM-004488,07/06/2569 18:11,B02,,1,50,,CARD
NM-004489,07/06/2569 18:45,T01,S,1,45,,CARD
NM-004489,07/06/2569 18:45,B02,,1,50,,CARD
NM-004489,07/06/2569 18:45,T03,M,1,50,,CARD
NM-004490,08/06/2569 07:11,C06,,1,75,M0462,QR
NM-004490,08/06/2569 07:11,B02,,1,50,M0462,QR
NM-004491,08/06/2569 07:14,C04,L,1,75,M0442,CASH
NM-004491,08/06/2569 07:14,C03,S,1,,M0442,CASH
NM-004492,08/06/2569 07:52,B02,,1,50,M0199,CARD
NM-004493,08/06/2569 08:29,C05,M,1,70,,QR
NM-004494,08/06/2569 09:11,C03,S,1,55,,QR
NM-004494,08/06/2569 09:11,C06,L,1,85,,QR
NM-004495,08/06/2569 09:23,C03,,1,65,,QR
NM-004496,08/06/2569 09:50,T05,M,1,60,,CASH
NM-004497,08/06/2569 10:09,C03,M,1,65,,QR
NM-004497,08/06/2569 10:09,B03,,1,85,,QR
NM-004497,08/06/2569 10:09,B04,,1,75,,QR
NM-004498,08/06/2569 10:19,B02,,1,50,,CASH
NM-004499,08/06/2569 12:29,B01,,2,55,M0112,CASH
NM-004499,08/06/2569 12:29,T01,,1,45,M0112,CASH
NM-004500,08/06/2569 13:19,C04,M,1,65,M0056,CASH
NM-004500,08/06/2569 13:19,T03,L,1,60,M0056,CASH
NM-004501,08/06/2569 13:38,C04,S,1,55,M0156,QR
NM-004502,08/06/2569 13:46,T02,M,2,70,,QR
NM-004503,08/06/2569 14:03,T05,M,1,60,,QR
NM-004503,08/06/2569 14:03,B03,,1,85,,QR
NM-004504,08/06/2569 14:09,T01,M,1,55,,CASH
NM-004505,08/06/2569 14:19,B01,,2,55,M0043,CARD
NM-004506,08/06/2569 14:56,C03,S,1,55,,CASH
NM-004506,08/06/2569 14:56,B03,,1,85,,CASH
NM-004507,08/06/2569 15:18,T03,L,1,60,,QR
NM-004508,08/06/2569 15:47,C02,L,1,65,M0413,QR
NM-004509,08/06/2569 16:27,C06,L,1,85,,CARD
NM-004510,08/06/2569 16:39,T02,M,2,70,,CARD
NM-004511,08/06/2569 16:50,T05,M,1,60,,CARD
NM-004512,08/06/2569 17:25,T03,L,1,60,M0419,CARD
NM-004513,08/06/2569 19:45,C04,M,1,65,M0112,CASH
NM-004514,09/06/2569 07:21,T04,M,2,60,M0366,QR
NM-004514,09/06/2569 07:21,B01,,1,55,M0366,QR
NM-004514,09/06/2569 07:21,C05,M,1,70,M0366,QR
NM-004515,09/06/2569 08:29,C05,M,1,70,M0775,CASH
NM-004516,09/06/2569 09:25,C02,M,1,55,,QR
NM-004516,09/06/2569 09:25,B01,,1,55,,QR
NM-004517,09/06/2569 09:29,T04,M,1,60,M0634,CARD
NM-004518,09/06/2569 09:34,B02,,3,50,,CASH
NM-004519,09/06/2569 10:20,C02,M,1,55,,CASH
NM-004519,09/06/2569 10:20,T05,M,1,60,,CASH
NM-004520,09/06/2569 10:38,C03,M,1,65,,QR
NM-004521,09/06/2569 10:49,C03,L,1,75,M0248,CASH
NM-004522,09/06/2569 10:55,C02,S,1,45,,QR
NM-004522,09/06/2569 10:55,B01,,1,55,,QR
NM-004523,09/06/2569 11:20,C05,L,1,80,M0462,QR
NM-004524,09/06/2569 12:41,T02,L,2,80,,QR
NM-004525,09/06/2569 12:50,B04,,1,75,M0195,QR
NM-004526,09/06/2569 14:04,T05,L,1,70,,CARD
NM-004526,09/06/2569 14:04,T02,L,1,80,,CARD
NM-004527,09/06/2569 14:19,T02,S,3,60,M0631,QR
NM-004528,09/06/2569 14:31,B03,,1,85,M0145,CASH
NM-004529,09/06/2569 15:14,T04,L,1,70,,QR
NM-004529,09/06/2569 15:14,B03,,1,85,,QR
NM-004530,09/06/2569 16:56,C03,L,1,75,,CASH
NM-004530,09/06/2569 16:56,C05,L,1,80,,CASH
NM-004531,09/06/2569 18:37,B03,,1,85,M0443,CARD
NM-004532,09/06/2569 19:20,B03,,1,85,,CARD
NM-004532,09/06/2569 19:20,T01,S,1,45,,CARD
NM-004533,10/06/2569 07:09,C04,S,2,55,,CARD
NM-004534,10/06/2569 08:35,T01,M,1,55,M0097,QR
NM-004534,10/06/2569 08:35,B02,,1,50,M0097,QR
NM-004534,10/06/2569 08:35,B03,,1,85,M0097,QR
NM-004535,10/06/2569 08:38,C03,L,1,75,M0242,QR
NM-004536,10/06/2569 09:30,C06,L,1,85,M0359,QR
NM-004537,10/06/2569 09:48,C02,M,3,55,,QR
NM-004537,10/06/2569 09:48,B01,,1,55,,QR
NM-004538,10/06/2569 09:59,C04,S,1,,,CASH
NM-004539,10/06/2569 10:34,C03,S,1,55,,QR
NM-004540,10/06/2569 10:35,T05,S,1,50,,CASH
NM-004540,10/06/2569 10:35,B03,,1,85,,CASH
NM-004541,10/06/2569 10:41,T02,M,2,70,M0280,CARD
NM-004542,10/06/2569 11:09,T03,L,1,60,M0413,CASH
NM-004543,10/06/2569 11:43,C02,S,1,45,M0600,QR
NM-004544,10/06/2569 12:01,C03,M,2,,M0369,QR
NM-004544,10/06/2569 12:01,B03,,1,85,M0369,QR
NM-004545,10/06/2569 13:20,C06,M,1,75,,QR
NM-004546,10/06/2569 13:58,T01,S,1,45,,CARD
NM-004546,10/06/2569 13:58,T01,S,1,45,,CARD
NM-004546,10/06/2569 13:58,B02,,1,50,,CARD
NM-004547,10/06/2569 14:12,C02,S,1,45,,QR
NM-004547,10/06/2569 14:12,B01,,1,55,,QR
NM-004548,10/06/2569 14:29,B01,,1,55,,QR
NM-004549,10/06/2569 14:49,T05,M,1,60,M0202,CARD
NM-004549,10/06/2569 14:49,B02,,1,50,M0202,CARD
NM-004550,10/06/2569 15:06,T02,M,1,70,,CARD
NM-004551,10/06/2569 15:07,T03,M,2,50,,CASH
NM-004551,10/06/2569 15:07,B02,,1,50,,CASH
NM-004552,10/06/2569 15:23,T04,S,1,50,,QR
NM-004552,10/06/2569 15:23,B01,,1,55,,QR
NM-004552,10/06/2569 15:23,C02,M,1,55,,QR
NM-004553,10/06/2569 15:53,C04,M,1,65,M0171,CASH
NM-004553,10/06/2569 15:53,C04,M,1,65,M0171,CASH
NM-004554,10/06/2569 16:01,T02,M,2,70,,QR
NM-004555,10/06/2569 16:30,T01,M,1,55,M0444,CASH
NM-004555,10/06/2569 16:30,B02,,1,50,M0444,CASH
NM-004556,10/06/2569 17:31,T01,M,1,55,,QR
NM-004557,10/06/2569 17:34,T03,M,2,50,M0533,CASH
NM-004557,10/06/2569 17:34,T01,M,1,55,M0533,CASH
NM-004558,10/06/2569 17:42,T02,M,1,70,,CARD
NM-004558,10/06/2569 17:42,B04,,1,75,,CARD
NM-004559,10/06/2569 18:47,T01,M,1,55,,CASH
NM-004559,10/06/2569 18:47,B02,,1,50,,CASH
NM-004560,10/06/2569 19:55,T02,S,1,60,M0518,QR
NM-004561,11/06/2569 07:40,C04,L,1,75,M0568,CASH
NM-004562,11/06/2569 07:50,C03,S,1,55,,QR
NM-004563,11/06/2569 08:04,C01,S,1,45,,QR
NM-004563,11/06/2569 08:04,B04,,1,75,,QR
NM-004563,11/06/2569 08:04,C02,L,1,65,,QR
NM-004564,11/06/2569 08:52,T05,M,1,60,M0009,QR
NM-004565,11/06/2569 09:04,B01,,1,55,,CARD
NM-004566,11/06/2569 09:10,C05,M,1,70,M0537,QR
NM-004567,11/06/2569 10:17,T03,L,1,60,,CARD
NM-004567,11/06/2569 10:17,B03,,1,85,,CARD
NM-004567,11/06/2569 10:17,C02,M,1,55,,CARD
NM-004568,11/06/2569 11:17,C03,L,2,75,M0584,CARD
NM-004568,11/06/2569 11:17,B03,,1,85,M0584,CARD
NM-004568,11/06/2569 11:17,B03,,1,85,M0584,CARD
NM-004569,11/06/2569 11:48,C01,M,1,55,,QR
NM-004569,11/06/2569 11:48,B04,,1,75,,QR
NM-004570,11/06/2569 11:59,T03,M,1,50,,QR
NM-004570,11/06/2569 11:59,B01,,1,55,,QR
NM-004571,11/06/2569 12:01,T01,M,1,55,M0712,QR
NM-004572,11/06/2569 12:12,C06,L,1,85,M081,QR
NM-004573,11/06/2569 13:04,B03,,1,85,M0291,CASH
NM-004574,11/06/2569 13:22,T04,S,1,50,,QR
NM-004575,11/06/2569 13:59,T02,M,1,70,,QR
NM-004576,11/06/2569 15:08,B04,,1,75,M0436,QR
NM-004577,11/06/2569 15:10,T01,M,1,55,,CARD
NM-004577,11/06/2569 15:10,B02,,1,50,,CARD
NM-004578,11/06/2569 15:14,C03,L,1,75,,QR
NM-004578,11/06/2569 15:14,B03,,1,85,,QR
NM-004579,11/06/2569 17:34,T02,S,1,60,,CASH
NM-004580,11/06/2569 17:54,C02,L,1,65,,CARD
NM-004580,11/06/2569 17:54,B01,,1,55,,CARD
NM-004581,11/06/2569 18:45,B01,,2,55,,CARD
NM-004581,11/06/2569 18:45,T04,M,1,60,,CARD
NM-004582,12/06/2569 07:23,B03,,1,85,M0382,CARD
NM-004583,12/06/2569 07:37,C06,L,1,85,,QR
NM-004583,12/06/2569 07:37,B01,,1,55,,QR
NM-004584,12/06/2569 07:59,C02,L,2,65,,CASH
NM-004584,12/06/2569 07:59,B02,,1,50,,CASH
NM-004585,12/06/2569 08:36,C03,S,1,55,,CARD
NM-004585,12/06/2569 08:36,B03,,1,85,,CARD
NM-004586,12/06/2569 08:46,C06,,2,75,,QR
NM-004587,12/06/2569 08:48,C02,L,1,65,M0164,CARD
NM-004587,12/06/2569 08:48,B04,,1,75,M0164,CARD
NM-004588,12/06/2569 09:06,C03,M,1,65,M0345,CASH
NM-004589,12/06/2569 09:41,C06,L,1,,,CARD
NM-004590,12/06/2569 10:40,C05,L,1,80,,CASH
NM-004590,12/06/2569 10:40,B04,,1,75,,CASH
NM-004591,12/06/2569 10:47,B01,,2,55,M0264,CARD
NM-004592,12/06/2569 11:10,T01,S,1,45,M0231,QR
NM-004593,12/06/2569 12:02,C01,S,1,45,M0219,QR
NM-004594,12/06/2569 12:08,T01,L,1,65,,CARD
NM-004594,12/06/2569 12:08,B02,,1,50,,CARD
NM-004595,12/06/2569 12:32,T02,M,1,70,,CASH
NM-004596,12/06/2569 12:58,B01,,3,55,,CARD
NM-004596,12/06/2569 12:58,T01,M,1,55,,CARD
NM-004597,12/06/2569 13:51,C04,S,1,55,,CASH
NM-004598,12/06/2569 14:02,T01,M,1,55,M0287,QR
NM-004598,12/06/2569 14:02,B02,,1,50,M0287,QR
NM-004599,12/06/2569 14:20,C06,M,1,75,,QR
NM-004599,12/06/2569 14:20,B01,,1,55,,QR
NM-004599,12/06/2569 14:20,B01,,1,55,,QR
NM-004600,12/06/2569 14:46,C06,M,1,75,,CARD
NM-004601,12/06/2569 14:59,B03,,1,85,,QR
NM-004602,12/06/2569 15:22,B03,,1,85,,QR
NM-004603,12/06/2569 15:38,B04,,1,75,,QR
NM-004604,12/06/2569 15:56,T03,M,1,50,M0011,QR
NM-004605,12/06/2569 16:03,T01,M,2,55,,CASH
NM-004605,12/06/2569 16:03,B02,,1,50,,CASH
NM-004605,12/06/2569 16:03,T05,S,1,50,,CASH
NM-004606,12/06/2569 16:09,B02,,1,50,M0634,QR
NM-004607,12/06/2569 16:36,T04,S,1,50,,QR
NM-004608,12/06/2569 17:40,T01,L,1,65,M0551,CARD
NM-004609,12/06/2569 18:14,C05,L,1,80,,CASH
NM-004610,12/06/2569 18:41,C04,L,1,75,M0806,QR
NM-004611,12/06/2569 19:29,T01,M,1,55,,CARD
NM-004611,12/06/2569 19:29,B02,,1,50,,CARD
NM-004612,13/06/2569 08:07,T01,M,1,55,,CARD
NM-004612,13/06/2569 08:07,B02,,1,,,CARD
NM-004613,13/06/2569 08:21,T02,L,1,80,M0498,QR
NM-004614,13/06/2569 08:43,C04,S,1,55,,QR
NM-004615,13/06/2569 08:50,C04,S,1,55,M0502,QR
NM-004616,13/06/2569 09:15,T01,M,1,55,,QR
NM-004616,13/06/2569 09:15,B01,,1,55,,QR
NM-004617,13/06/2569 09:22,C06,M,1,75,,CARD
NM-004618,13/06/2569 09:27,C02,M,1,55,M0319,CASH
NM-004619,13/06/2569 09:44,B02,,1,50,,QR
NM-004620,13/06/2569 10:05,C05,M,1,70,M0610,QR
NM-004621,13/06/2569 10:22,C03,S,1,55,,QR
NM-004621,13/06/2569 10:22,B03,,1,85,,QR
NM-004622,13/06/2569 10:53,B01,,1,55,,QR
NM-004623,13/06/2569 11:16,T05,M,1,60,,CASH
NM-004623,13/06/2569 11:16,B01,,1,55,,CASH
NM-004624,13/06/2569 11:27,C03,M,1,65,,CASH
NM-004624,13/06/2569 11:27,B03,,1,85,,CASH
NM-004625,13/06/2569 11:52,C05,M,2,70,,QR
NM-004626,13/06/2569 12:35,T02,M,1,70,,CASH
NM-004627,13/06/2569 13:14,B04,,1,75,M0178,CASH
NM-004627,13/06/2569 13:14,B01,,1,55,M0178,CASH
NM-004628,13/06/2569 13:37,T04,S,1,50,,CASH
NM-004629,13/06/2569 14:00,T02,L,2,80,,QR
NM-004630,13/06/2569 14:03,C06,M,2,75,M0649,CARD
NM-004631,13/06/2569 14:05,T03,M,1,50,M0371,CARD
NM-004632,13/06/2569 14:12,T04,M,1,60,,QR
NM-004633,13/06/2569 14:26,C02,L,3,65,,QR
NM-004634,13/06/2569 14:26,C03,L,1,75,,QR
NM-004635,13/06/2569 15:37,B01,,1,55,,QR
NM-004636,13/06/2569 16:02,T04,L,1,70,,CARD
NM-004637,13/06/2569 16:11,C02,M,1,55,,QR
NM-004638,13/06/2569 16:33,T01,M,1,55,,QR
NM-004638,13/06/2569 16:33,B02,,1,50,,QR
NM-004639,13/06/2569 17:04,B01,,1,55,,QR
NM-004640,13/06/2569 17:48,T01,M,1,55,,CARD
NM-004641,13/06/2569 18:18,T01,M,1,55,,CARD
NM-004641,13/06/2569 18:18,B02,,1,50,,CARD
NM-004642,13/06/2569 18:36,B03,,1,85,,QR
NM-004643,13/06/2569 19:12,C04,M,1,65,M0181,QR
NM-004644,13/06/2569 19:45,T04,M,1,,,CASH
NM-004644,13/06/2569 19:45,B04,,1,75,,CASH
NM-004645,13/06/2569 19:54,T02,S,1,60,,QR
NM-004646,14/06/2569 08:54,C06,M,2,75,M0069,CASH
NM-004647,14/06/2569 09:11,T03,L,1,60,M0006,CASH
NM-004648,14/06/2569 10:14,T03,M,1,50,,CARD
NM-004649,14/06/2569 10:16,C01,S,1,45,,QR
NM-004650,14/06/2569 10:23,T01,L,1,65,,QR
NM-004650,14/06/2569 10:23,B02,,1,50,,QR
NM-004651,14/06/2569 10:25,T02,M,1,70,,QR
NM-004651,14/06/2569 10:25,B01,,1,55,,QR
NM-004652,14/06/2569 10:25,C06,L,1,85,,CASH
NM-004653,14/06/2569 10:36,C04,M,1,65,M0511,QR
NM-004654,14/06/2569 10:45,B03,,1,85,M0695,QR
NM-004655,14/06/2569 11:33,C05,S,1,60,,CARD
NM-004656,14/06/2569 11:41,B01,,1,55,,QR
NM-004657,14/06/2569 11:41,T05,S,1,50,M0003,QR
NM-004658,14/06/2569 11:58,C04,S,1,55,,CARD
NM-004659,14/06/2569 12:37,C03,L,1,75,,CARD
NM-004660,14/06/2569 12:57,B03,,1,85,,CARD
NM-004661,14/06/2569 14:17,T03,M,1,50,,QR
NM-004662,14/06/2569 14:31,C03,M,1,65,,CARD
NM-004663,14/06/2569 14:59,T02,L,2,80,M0099,CASH
NM-004664,14/06/2569 15:01,B01,,1,55,,QR
NM-004665,14/06/2569 15:56,C01,S,1,45,M0631,CARD
NM-004666,14/06/2569 16:50,B02,,2,50,,QR
NM-004667,14/06/2569 16:58,B01,,2,55,M0020,CASH
NM-004668,15/06/2569 07:22,C02,M,2,55,,QR
NM-004669,15/06/2569 08:02,C01,M,1,55,M0672,CASH
NM-004669,15/06/2569 08:02,B04,,1,75,M0672,CASH
NM-004670,15/06/2569 08:12,B02,,2,50,,QR
NM-004671,15/06/2569 08:29,C03,S,1,55,,QR
NM-004671,15/06/2569 08:29,C03,S,1,55,,QR
NM-004672,15/06/2569 08:45,B01,,3,55,M0577,QR
NM-004672,15/06/2569 08:45,C05,L,1,80,M0577,QR
NM-004673,15/06/2569 09:21,C04,S,1,55,,CASH
NM-004674,15/06/2569 10:47,C02,S,1,45,M0171,QR
NM-004674,15/06/2569 10:47,B02,,1,50,M0171,QR
NM-004675,15/06/2569 11:14,T02,L,1,80,,QR
NM-004675,15/06/2569 11:14,C04,M,1,65,,QR
NM-004676,15/06/2569 12:40,C05,M,1,70,M9818,QR
NM-004677,15/06/2569 12:53,C06,S,1,65,M0732,QR
NM-004678,15/06/2569 13:41,C06,M,1,75,,CASH
NM-004679,15/06/2569 13:54,C03,L,1,75,,QR
NM-004679,15/06/2569 13:54,C02,S,1,45,,QR
NM-004680,15/06/2569 14:01,T04,S,1,50,,CARD
NM-004680,15/06/2569 14:01,T01,M,1,55,,CARD
NM-004681,15/06/2569 15:19,T02,M,1,70,M0266,CARD
NM-004682,15/06/2569 16:07,C06,S,1,65,,QR
NM-004682,15/06/2569 16:07,C03,L,1,75,,QR
NM-004683,15/06/2569 16:52,C02,L,3,65,,CARD
NM-004683,15/06/2569 16:52,B01,,1,55,,CARD
NM-004684,15/06/2569 16:55,C03,L,1,75,,QR
NM-004685,15/06/2569 17:53,T05,M,1,60,,QR
NM-004686,15/06/2569 17:55,T04,M,1,60,M0130,QR
NM-004687,15/06/2569 18:08,B02,,2,50,,QR
NM-004688,15/06/2569 18:20,T02,S,1,60,,QR
NM-004688,15/06/2569 18:20,T05,M,1,60,,QR
NM-004689,15/06/2569 18:42,B01,,1,,,CASH
NM-004690,15/06/2569 19:05,B04,,1,75,M0626,CASH
NM-004691,16/06/2569 07:26,C03,L,1,75,M0432,QR
NM-004691,16/06/2569 07:26,B03,,1,85,M0432,QR
NM-004692,16/06/2569 08:05,C02,M,2,55,,CARD
NM-004693,16/06/2569 08:06,C02,M,1,55,M0139,CARD
NM-004693,16/06/2569 08:06,B04,,1,75,M0139,CARD
NM-004694,16/06/2569 08:07,C05,L,1,80,,QR
NM-004695,16/06/2569 08:28,C05,M,1,70,M0256,CARD
NM-004696,16/06/2569 08:32,T02,L,3,80,M0065,CASH
NM-004697,16/06/2569 09:18,C03,M,2,65,M0333,QR
NM-004697,16/06/2569 09:18,B03,,1,85,M0333,QR
NM-004698,16/06/2569 09:39,C04,M,1,65,,QR
NM-004698,16/06/2569 09:39,B01,,1,55,,QR
NM-004699,16/06/2569 09:50,B03,,1,85,M0081,CARD
NM-004700,16/06/2569 09:57,C05,L,1,80,,QR
NM-004700,16/06/2569 09:57,C03,M,1,65,,QR
NM-004701,16/06/2569 10:20,B04,,2,75,,QR
NM-004702,16/06/2569 10:32,C03,M,1,65,M0427,QR
NM-004702,16/06/2569 10:32,T04,L,1,70,M0427,QR
NM-004703,16/06/2569 10:46,C02,S,1,45,,CASH
NM-004704,16/06/2569 10:46,C02,L,1,65,,CARD
NM-004704,16/06/2569 10:46,B01,,1,55,,CARD
NM-004705,16/06/2569 10:58,C05,M,1,70,M0657,QR
NM-004706,16/06/2569 10:58,C06,M,1,75,,CASH
NM-004707,16/06/2569 11:49,T03,S,1,40,M0779,QR
NM-004707,16/06/2569 11:49,C03,M,1,65,M0779,QR
NM-004708,16/06/2569 12:12,C02,M,1,55,,QR
NM-004709,16/06/2569 12:12,C05,S,3,60,M0326,CASH
NM-004709,16/06/2569 12:12,B01,,1,55,M0326,CASH
NM-004710,16/06/2569 12:14,C06,L,1,85,,QR
NM-004710,16/06/2569 12:14,C03,S,1,55,,QR
NM-004711,16/06/2569 12:15,C02,M,1,55,,QR
NM-004711,16/06/2569 12:15,B01,,1,55,,QR
NM-004712,16/06/2569 12:47,C02,S,1,45,M0672,QR
NM-004712,16/06/2569 12:47,T02,L,1,80,M0672,QR
NM-004713,16/06/2569 13:32,C05,M,1,70,,CASH
NM-004714,16/06/2569 13:43,T01,,2,65,M0398,QR
NM-004714,16/06/2569 13:43,B02,,1,50,M0398,QR
NM-004715,16/06/2569 14:22,T05,M,1,60,,QR
NM-004716,16/06/2569 14:50,C06,,1,75,,QR
NM-004717,16/06/2569 16:42,C03,M,2,65,M0333,QR
NM-004717,16/06/2569 16:42,B03,,1,85,M0333,QR
NM-004718,16/06/2569 19:04,C02,M,1,55,,CARD
NM-004718,16/06/2569 19:04,B01,,1,55,,CARD
NM-004719,17/06/2569 08:30,C03,,2,55,,QR
NM-004719,17/06/2569 08:30,B03,,1,85,,QR
NM-004720,17/06/2569 08:47,B04,,2,75,,CASH
NM-004721,17/06/2569 09:46,C05,S,1,60,,QR
NM-004722,17/06/2569 10:08,B02,,1,50,M0168,CASH
NM-004723,17/06/2569 10:24,T01,M,1,55,M0672,QR
NM-004723,17/06/2569 10:24,B03,,1,85,M0672,QR
NM-004724,17/06/2569 10:32,T03,S,1,40,,QR
NM-004725,17/06/2569 10:58,C02,M,1,55,M0264,QR
NM-004726,17/06/2569 13:11,T02,L,1,80,,QR
NM-004727,17/06/2569 13:18,T04,M,2,60,,QR
NM-004727,17/06/2569 13:18,T02,M,1,70,,QR
NM-004728,17/06/2569 13:28,C02,M,3,55,M0745,QR
NM-004729,17/06/2569 14:05,C01,M,1,55,,QR
NM-004729,17/06/2569 14:05,B04,,1,75,,QR
NM-004729,17/06/2569 14:05,C06,M,1,75,,QR
NM-004730,17/06/2569 14:21,T04,L,2,70,,CARD
NM-004731,17/06/2569 14:50,C04,M,1,65,M0772,QR
NM-004732,17/06/2569 15:32,T01,L,1,65,,QR
NM-004732,17/06/2569 15:32,B02,,1,50,,QR
NM-004732,17/06/2569 15:32,C03,M,1,65,,QR
NM-004733,17/06/2569 16:59,B01,,1,55,,QR
NM-004734,17/06/2569 18:12,T02,M,1,70,,QR
NM-004735,17/06/2569 19:05,T05,M,1,60,M0631,QR
NM-004736,17/06/2569 19:23,T03,S,1,40,,QR
NM-004737,18/06/2569 07:56,T02,M,1,70,,CASH
NM-004738,18/06/2569 08:56,C04,S,1,55,,CASH
NM-004739,18/06/2569 09:14,C04,S,2,55,,QR
NM-004740,18/06/2569 09:50,T03,L,1,60,M0282,QR
NM-004741,18/06/2569 10:08,C06,M,1,75,,QR
NM-004742,18/06/2569 10:39,C03,L,3,75,M0133,CASH
NM-004742,18/06/2569 10:39,B03,,1,85,M0133,CASH
NM-004743,18/06/2569 02:03,T02,M,1,70,M0055,QR
NM-004744,18/06/2569 11:18,C03,S,1,55,M0786,QR
NM-004744,18/06/2569 11:18,B03,,1,85,M0786,QR
NM-004744,18/06/2569 11:18,C04,S,1,55,M0786,QR
NM-004745,18/06/2569 11:28,B02,,1,50,M0132,CARD
NM-004746,18/06/2569 12:49,T04,L,1,70,,QR
NM-004747,18/06/2569 12:52,C05,M,1,70,,QR
NM-004748,18/06/2569 14:26,T01,M,2,55,,CASH
NM-004748,18/06/2569 14:26,B02,,1,50,,CASH
NM-004749,18/06/2569 15:14,C03,M,2,65,,CASH
NM-004750,18/06/2569 15:42,T01,M,1,55,,CASH
NM-004750,18/06/2569 15:42,B02,,-1,50,,CASH
NM-004751,18/06/2569 16:04,T03,M,1,50,M0744,CASH
NM-004752,18/06/2569 16:07,C03,L,1,75,M0443,QR
NM-004753,18/06/2569 16:17,C01,M,1,55,M0406,CARD
NM-004753,18/06/2569 16:17,B04,,1,75,M0406,CARD
NM-004753,18/06/2569 16:17,T04,M,1,60,M0406,CARD
NM-004754,18/06/2569 16:48,C02,M,1,55,,CARD
NM-004754,18/06/2569 16:48,B01,,1,55,,CARD
NM-004755,18/06/2569 16:48,C05,M,2,70,M0056,CASH
NM-004756,18/06/2569 17:11,B04,,2,75,M0782,CARD
NM-004757,18/06/2569 17:29,T04,L,1,70,M0782,CARD
NM-004758,18/06/2569 17:54,T05,M,1,60,,QR
NM-004759,18/06/2569 18:24,T03,L,1,60,M0800,QR
NM-004760,19/06/2569 07:49,C06,S,1,65,M0143,QR
NM-004761,19/06/2569 07:50,C02,M,2,55,,QR
NM-004761,19/06/2569 07:50,B03,,1,85,,QR
NM-004761,19/06/2569 07:50,C03,M,1,65,,QR
NM-004762,19/06/2569 09:04,C06,M,1,75,,QR
NM-004763,19/06/2569 09:27,B01,,1,55,M0049,QR
NM-004764,19/06/2569 09:39,C03,,2,65,M0784,CARD
NM-004765,19/06/2569 10:04,C04,S,1,55,M0366,QR
NM-004766,19/06/2569 10:18,B01,,1,55,M0195,QR
NM-004767,19/06/2569 10:43,T04,S,1,50,,CASH
NM-004768,19/06/2569 11:22,B01,,1,55,M0171,QR
NM-004769,19/06/2569 11:27,C03,L,1,75,,CARD
NM-004769,19/06/2569 11:27,B03,,1,85,,CARD
NM-004770,19/06/2569 11:29,C06,L,1,85,,CASH
NM-004771,19/06/2569 11:53,T01,M,1,55,M0204,CARD
NM-004771,19/06/2569 11:53,B02,,1,50,M0204,CARD
NM-004772,19/06/2569 14:03,B01,,1,55,,QR
NM-004773,19/06/2569 14:43,B01,,1,55,,QR
NM-004773,19/06/2569 14:43,T04,S,1,50,,QR
NM-004774,19/06/2569 15:22,B04,,1,75,M0544,QR
NM-004775,19/06/2569 15:46,B02,,1,50,,QR
NM-004776,19/06/2569 15:47,C03,M,1,65,M0081,QR
NM-004777,19/06/2569 16:01,B03,,2,85,,CASH
NM-004778,19/06/2569 16:39,C03,M,3,65,M0501,CASH
NM-004778,19/06/2569 16:39,B03,,1,85,M0501,CASH
NM-004778,19/06/2569 16:39,C05,S,1,60,M0501,CASH
NM-004779,19/06/2569 16:41,B02,,1,50,M0274,CASH
NM-004780,19/06/2569 17:12,T02,M,3,70,M0782,CASH
NM-004781,19/06/2569 18:36,T05,M,1,60,M0014,QR
NM-004782,19/06/2569 18:48,T02,S,1,60,,QR
NM-004783,20/06/2569 08:01,T03,M,1,50,,QR
NM-004784,20/06/2569 08:46,B02,,1,50,M0685,QR
NM-004785,20/06/2569 09:07,B01,,1,55,,QR
NM-004786,20/06/2569 09:31,C03,S,1,55,M0739,CARD
NM-004786,20/06/2569 09:31,B03,,1,85,M0739,CARD
NM-004787,20/06/2569 09:32,C02,S,1,45,,QR
NM-004788,20/06/2569 09:45,B03,,3,85,M0059,QR
NM-004789,20/06/2569 09:46,T03,M,1,50,M0501,QR
NM-004790,20/06/2569 10:10,C04,M,1,65,,CARD
NM-004791,20/06/2569 10:42,C06,M,1,75,M0029,QR
NM-004792,20/06/2569 11:10,B04,,2,75,M0784,QR
NM-004792,20/06/2569 11:10,C04,L,1,75,M0784,QR
NM-004793,20/06/2569 11:51,C03,S,1,55,,CASH
NM-004794,20/06/2569 11:54,C05,M,1,70,,CASH
NM-004795,20/06/2569 11:59,C02,M,3,55,,CARD
NM-004795,20/06/2569 11:59,B01,,1,55,,CARD
NM-004796,20/06/2569 12:34,T01,S,2,45,M0432,QR
NM-004796,20/06/2569 12:34,B02,,1,50,M0432,QR
NM-004797,20/06/2569 12:37,T02,S,1,60,,CASH
NM-004797,20/06/2569 12:37,C03,M,1,65,,CASH
NM-004798,20/06/2569 12:52,C02,M,1,55,M0565,QR
NM-004799,20/06/2569 13:03,T01,L,1,65,M0227,QR
NM-004800,20/06/2569 13:37,C03,M,1,65,,QR
NM-004800,20/06/2569 13:37,T01,S,1,45,,QR
NM-004801,20/06/2569 13:50,T01,M,2,55,M0533,QR
NM-004801,20/06/2569 13:50,B01,,1,55,M0533,QR
NM-004802,20/06/2569 14:27,T03,M,2,50,,CARD
NM-004803,20/06/2569 14:40,C06,L,1,85,M0544,QR
NM-004803,20/06/2569 14:40,C04,M,1,65,M0544,QR
NM-004804,20/06/2569 14:46,C02,L,1,65,M0407,CASH
NM-004804,20/06/2569 14:46,B01,,1,55,M0407,CASH
NM-004805,20/06/2569 14:46,T05,L,1,70,M0745,QR
NM-004805,20/06/2569 14:46,B02,,1,50,M0745,QR
NM-004806,20/06/2569 15:03,T02,M,1,70,,QR
NM-004806,20/06/2569 15:03,C01,M,1,55,,QR
NM-004807,20/06/2569 15:14,C04,S,1,55,,CASH
NM-004808,20/06/2569 15:59,C05,S,1,60,,CARD
NM-004808,20/06/2569 15:59,C04,S,1,55,,CARD
NM-004809,20/06/2569 16:44,C06,M,1,75,,CASH
NM-004810,20/06/2569 17:05,T01,M,2,55,M0412,QR
NM-004810,20/06/2569 17:05,B02,,1,50,M0412,QR
NM-004811,20/06/2569 17:47,T02,S,1,60,,QR
NM-004812,20/06/2569 18:06,T03,L,1,60,M0584,CASH
NM-004812,20/06/2569 18:06,T05,S,1,50,M0584,CASH
NM-004813,20/06/2569 18:10,T04,L,3,70,M0242,CARD
NM-004814,20/06/2569 18:43,T01,M,3,55,,CARD
NM-004814,20/06/2569 18:43,C04,M,1,65,,CARD
NM-004815,20/06/2569 19:33,B02,,1,50,,QR
NM-004816,21/06/2569 07:27,C01,S,1,,,QR
NM-004816,21/06/2569 07:27,B04,,1,75,,QR
NM-004817,21/06/2569 07:43,C06,S,2,65,,QR
NM-004818,21/06/2569 08:07,T05,M,1,60,,QR
NM-004819,21/06/2569 08:08,T02,M,1,70,M0201,CASH
NM-004819,21/06/2569 08:08,B01,,1,55,M0201,CASH
NM-004820,21/06/2569 08:15,T01,S,1,45,M0248,CASH
NM-004820,21/06/2569 08:15,B02,,1,50,M0248,CASH
NM-004821,21/06/2569 08:24,T01,,2,55,M0304,QR
NM-004822,21/06/2569 08:25,C02,M,1,55,M0720,QR
NM-004823,21/06/2569 08:33,C06,L,1,85,,CASH
NM-004824,21/06/2569 08:48,C03,M,1,65,M0012,QR
NM-004824,21/06/2569 08:48,B04,,1,75,M0012,QR
NM-004825,21/06/2569 09:32,C02,M,1,55,,CARD
NM-004825,21/06/2569 09:32,B01,,1,55,,CARD
NM-004826,21/06/2569 09:39,C03,L,1,75,M0718,CARD
NM-004826,21/06/2569 09:39,B03,,1,85,M0718,CARD
NM-004827,21/06/2569 09:41,T03,M,2,50,,QR
NM-004827,21/06/2569 09:41,B03,,1,85,,QR
NM-004828,21/06/2569 10:01,C05,M,1,,,QR
NM-004829,21/06/2569 10:32,C02,L,1,65,,CASH
NM-004830,21/06/2569 10:46,B01,,1,55,,CARD
NM-004831,21/06/2569 10:53,B02,,1,50,M0154,QR
NM-004832,21/06/2569 11:20,T01,L,1,65,,QR
NM-004832,21/06/2569 11:20,C05,L,1,80,,QR
NM-004833,21/06/2569 11:53,C02,M,3,55,,CASH
NM-004833,21/06/2569 11:53,B01,,1,55,,CASH
NM-004833,21/06/2569 11:53,T01,M,1,55,,CASH
NM-004834,21/06/2569 11:54,T04,L,2,70,,CARD
NM-004835,21/06/2569 12:33,B04,,1,75,M0020,CASH
NM-004836,21/06/2569 12:34,T02,M,1,70,,QR
NM-004837,21/06/2569 13:13,T05,M,1,60,,CARD
NM-004838,21/06/2569 13:30,B02,,1,50,,QR
NM-004839,21/06/2569 13:38,B01,,2,55,M0182,CASH
NM-004840,21/06/2569 14:06,T03,S,2,40,,CARD
NM-004840,21/06/2569 14:06,C02,S,1,45,,CARD
NM-004840,21/06/2569 14:06,C02,S,1,45,,CARD
NM-004841,21/06/2569 14:57,C01,L,1,65,,QR
NM-004841,21/06/2569 14:57,B02,,1,50,,QR
NM-004842,21/06/2569 15:03,C03,S,1,55,,QR
NM-004842,21/06/2569 15:03,B03,,1,85,,QR
NM-004842,21/06/2569 15:03,B01,,1,,,QR
NM-004843,21/06/2569 15:32,T02,M,1,70,M0087,QR
NM-004844,21/06/2569 15:59,C01,S,1,45,,CASH
NM-004844,21/06/2569 15:59,C06,L,1,85,,CASH
NM-004845,21/06/2569 16:10,C03,L,2,75,M0319,CARD
NM-004845,21/06/2569 16:10,B03,,1,85,M0319,CARD
NM-004846,21/06/2569 16:17,B04,,1,75,,QR
NM-004847,21/06/2569 16:21,C02,M,1,55,M0770,QR
NM-004847,21/06/2569 16:21,B01,,1,55,M0770,QR
NM-004847,21/06/2569 16:21,B01,,1,55,M0770,QR
NM-004848,21/06/2569 16:24,T03,M,1,50,,QR
NM-004849,21/06/2569 17:07,T01,M,1,55,,QR
NM-004849,21/06/2569 17:07,B02,,1,50,,QR
NM-004850,21/06/2569 17:24,T01,S,1,45,,CASH
NM-004850,21/06/2569 17:24,B02,,1,50,,CASH
NM-004851,21/06/2569 17:26,C01,L,1,65,M0409,QR
NM-004852,21/06/2569 17:32,T03,S,1,40,M203,CARD
NM-004852,21/06/2569 17:32,T02,M,1,70,M203,CARD
NM-004853,21/06/2569 19:43,T03,L,1,60,M0065,QR
NM-004853,21/06/2569 19:43,T02,S,1,60,M0065,QR
NM-004854,22/06/2569 07:01,T01,M,1,55,M0427,QR
NM-004854,22/06/2569 07:01,B03,,1,85,M0427,QR
NM-004855,22/06/2569 07:28,C03,S,2,55,M0260,QR
NM-004856,22/06/2569 08:03,T01,S,1,45,M0502,CASH
NM-004857,22/06/2569 08:30,C03,S,1,55,M0342,CASH
NM-004858,22/06/2569 02:59,C05,S,1,60,M0235,CARD
NM-004859,22/06/2569 09:00,B04,,1,75,M0551,QR
NM-004860,22/06/2569 09:01,C04,M,2,65,,QR
NM-004861,22/06/2569 09:40,C03,L,1,,M0572,CASH
NM-004861,22/06/2569 09:40,B02,,1,50,M0572,CASH
NM-004862,22/06/2569 10:10,C04,M,2,65,,QR
NM-004863,22/06/2569 10:10,B01,,1,55,M0023,QR
NM-004864,22/06/2569 10:22,C03,M,1,65,,QR
NM-004865,22/06/2569 10:28,B03,,1,85,,QR
NM-004866,22/06/2569 10:32,T03,M,1,50,,CASH
NM-004867,22/06/2569 10:51,C03,M,1,65,,QR
NM-004867,22/06/2569 10:51,B03,,1,85,,QR
NM-004868,22/06/2569 11:02,T04,S,1,50,,QR
NM-004868,22/06/2569 11:02,C01,M,1,55,,QR
NM-004869,22/06/2569 11:04,B04,,1,75,,CASH
NM-004870,22/06/2569 12:12,T02,M,1,70,,QR
NM-004870,22/06/2569 12:12,B01,,1,55,,QR
NM-004871,22/06/2569 13:01,C04,S,1,55,,QR
NM-004872,22/06/2569 13:08,B04,,1,75,,CASH
NM-004873,22/06/2569 13:37,C02,S,1,45,M0094,QR
NM-004873,22/06/2569 13:37,B04,,1,75,M0094,QR
NM-004874,22/06/2569 13:53,T01,M,1,55,,CASH
NM-004875,22/06/2569 13:56,T04,L,1,70,,CASH
NM-004876,22/06/2569 14:43,B03,,1,85,,QR
NM-004877,22/06/2569 15:28,B02,,1,50,,QR
NM-004878,22/06/2569 15:53,B04,,1,75,,CASH
NM-004879,22/06/2569 16:22,T03,M,1,50,,QR
NM-004880,22/06/2569 16:27,C01,S,1,45,,QR
NM-004880,22/06/2569 16:27,B03,,1,85,,QR
NM-004881,22/06/2569 16:27,B01,,1,55,M0119,CASH
NM-004882,22/06/2569 16:36,C04,M,1,65,,CASH
NM-004883,22/06/2569 17:25,T04,S,1,50,M0023,CASH
NM-004883,22/06/2569 17:25,B01,,1,55,M0023,CASH
NM-004884,22/06/2569 17:42,T02,M,1,70,,QR
NM-004885,22/06/2569 19:35,T01,L,1,65,,QR
NM-004886,23/06/2569 08:43,C03,M,2,65,M0631,QR
NM-004887,23/06/2569 09:04,T01,S,1,45,M0076,QR
NM-004887,23/06/2569 09:04,C01,S,1,45,M0076,QR
NM-004888,23/06/2569 09:07,C04,M,3,65,M0107,QR
NM-004889,23/06/2569 09:10,C02,M,36,55,,CARD
NM-004890,23/06/2569 09:24,C01,S,1,45,M0226,CASH
NM-004890,23/06/2569 09:24,B03,,1,85,M0226,CASH
NM-004891,23/06/2569 09:28,T04,M,1,60,,QR
NM-004892,23/06/2569 09:29,B04,,1,75,M0031,QR
NM-004893,23/06/2569 10:48,T02,M,1,70,,QR
NM-004894,23/06/2569 11:00,C02,M,1,55,,QR
NM-004894,23/06/2569 11:00,B01,,1,55,,QR
NM-004895,23/06/2569 11:09,B02,,1,50,M0812,QR
NM-004896,23/06/2569 12:06,T01,M,1,55,,QR
NM-004897,23/06/2569 12:58,C04,M,2,65,,CARD
NM-004898,23/06/2569 13:08,T02,S,1,60,M0634,QR
NM-004898,23/06/2569 13:08,C05,M,1,70,M0634,QR
NM-004899,23/06/2569 13:26,C06,L,1,85,,QR
NM-004900,23/06/2569 13:28,T04,L,1,70,M0170,QR
NM-004901,23/06/2569 13:30,T04,L,1,70,,CARD
NM-004902,23/06/2569 14:13,B02,,2,50,M0353,QR
NM-004903,23/06/2569 15:04,B02,,1,50,,CASH
NM-004904,23/06/2569 15:17,T04,M,1,60,M0280,CARD
NM-004904,23/06/2569 15:17,T01,M,1,55,M0280,CARD
NM-004905,23/06/2569 15:24,C02,M,2,55,,QR
NM-004906,23/06/2569 15:52,C04,L,2,75,M0397,QR
NM-004907,23/06/2569 16:40,C03,L,1,75,,CASH
NM-004907,23/06/2569 16:40,B03,,1,85,,CASH
NM-004908,23/06/2569 16:55,C03,S,1,55,,QR
NM-004908,23/06/2569 16:55,B03,,1,85,,QR
NM-004909,23/06/2569 17:06,C04,M,1,65,,CARD
NM-004910,23/06/2569 17:18,C02,M,1,55,,CASH
NM-004911,23/06/2569 17:24,T03,M,1,50,M0591,QR
NM-004912,24/06/2569 05:23,C04,L,1,75,,QR
NM-004913,24/06/2569 07:52,C03,L,1,75,M0628,QR
NM-004913,24/06/2569 07:52,C03,L,1,75,M0628,QR
NM-004914,24/06/2569 08:00,B04,,1,75,M0704,QR
NM-004915,24/06/2569 08:59,C04,M,2,65,,QR
NM-004915,24/06/2569 08:59,B02,,1,50,,QR
NM-004916,24/06/2569 09:27,C02,S,1,45,,QR
NM-004917,24/06/2569 09:54,C04,L,1,75,M0182,QR
NM-004918,24/06/2569 09:57,B01,,1,,M0445,QR
NM-004918,24/06/2569 09:57,B01,,1,,M0445,QR
NM-004918,24/06/2569 09:57,C04,M,1,65,M0445,QR
NM-004919,24/06/2569 10:29,C05,M,2,70,M0427,CARD
NM-004920,24/06/2569 11:01,C05,S,1,60,,CARD
NM-004921,24/06/2569 12:32,T01,M,1,55,,QR
NM-004921,24/06/2569 12:32,B02,,1,50,,QR
NM-004922,24/06/2569 12:38,T01,S,1,45,,CARD
NM-004923,24/06/2569 13:05,B01,,3,55,M0095,QR
NM-004923,24/06/2569 13:05,B01,,3,55,M0095,QR
NM-004924,24/06/2569 14:44,C02,M,1,55,M0774,CASH
NM-004924,24/06/2569 14:44,B01,,1,55,M0774,CASH
NM-004925,24/06/2569 14:47,C03,S,1,55,,CARD
NM-004925,24/06/2569 14:47,B03,,1,85,,CARD
NM-004925,24/06/2569 14:47,C02,S,1,45,,CARD
NM-004926,24/06/2569 15:02,B04,,1,75,,QR
NM-004927,24/06/2569 15:03,C04,L,2,75,,CASH
NM-004927,24/06/2569 15:03,B02,,1,50,,CASH
NM-004928,24/06/2569 15:22,T01,M,1,55,,QR
NM-004928,24/06/2569 15:22,B02,,1,50,,QR
NM-004929,24/06/2569 17:06,T04,S,1,50,,QR
NM-004929,24/06/2569 17:06,B03,,1,85,,QR
NM-004930,24/06/2569 17:21,C02,M,1,55,M0443,CASH
NM-004930,24/06/2569 17:21,B01,,1,55,M0443,CASH
NM-004931,24/06/2569 18:00,B03,,1,85,M0641,CARD
NM-004932,24/06/2569 19:43,T02,M,2,70,M0195,CASH
NM-004933,25/06/2569 07:26,C03,M,1,65,M0158,QR
NM-004934,25/06/2569 08:07,T01,M,2,55,,QR
NM-004934,25/06/2569 08:07,B02,,1,50,,QR
NM-004934,25/06/2569 08:07,C02,M,1,55,,QR
NM-004935,25/06/2569 08:13,C03,M,40,65,,CARD
NM-004936,25/06/2569 08:51,C05,S,1,60,,QR
NM-004937,25/06/2569 09:14,T01,L,1,65,,QR
NM-004937,25/06/2569 09:14,B02,,1,50,,QR
NM-004937,25/06/2569 09:14,T05,M,1,60,,QR
NM-004938,25/06/2569 09:47,C06,S,1,65,,QR
NM-004939,25/06/2569 10:09,C02,,1,45,M0198,CASH
NM-004939,25/06/2569 10:09,B01,,1,55,M0198,CASH
NM-004939,25/06/2569 10:09,B01,,1,55,M0198,CASH
NM-004940,25/06/2569 10:16,C02,S,1,45,,QR
NM-004940,25/06/2569 10:16,B01,,1,55,,QR
NM-004941,25/06/2569 11:01,C03,M,1,65,,QR
NM-004941,25/06/2569 11:01,B03,,1,85,,QR
NM-004941,25/06/2569 11:01,T03,L,1,60,,QR
NM-004942,25/06/2569 11:34,C03,M,1,65,M0543,QR
NM-004943,25/06/2569 11:53,T01,M,1,55,M0013,CARD
NM-004943,25/06/2569 11:53,B04,,1,75,M0013,CARD
NM-004943,25/06/2569 11:53,B04,,1,75,M0013,CARD
NM-004944,25/06/2569 11:56,B01,,2,55,,CASH
NM-004945,25/06/2569 12:57,T02,S,2,60,,QR
NM-004946,25/06/2569 13:13,T04,S,1,50,,QR
NM-004947,25/06/2569 13:55,C05,L,1,80,M0234,CARD
NM-004948,25/06/2569 14:24,C04,S,1,55,M0133,CARD
NM-004949,25/06/2569 14:27,T04,S,1,50,M0603,QR
NM-004950,25/06/2569 14:34,T01,L,1,65,,CARD
NM-004950,25/06/2569 14:34,B02,,1,50,,CARD
NM-004951,25/06/2569 14:34,T04,M,1,60,,QR
NM-004952,25/06/2569 14:46,B04,,1,75,,CASH
NM-004952,25/06/2569 14:46,C02,L,1,65,,CASH
NM-004953,25/06/2569 16:02,T03,L,1,60,,CASH
NM-004954,25/06/2569 16:07,C02,M,1,55,M0313,QR
NM-004954,25/06/2569 16:07,B01,,100,55,M0313,QR
NM-004955,25/06/2569 16:10,T02,L,1,80,,QR
NM-004955,25/06/2569 16:10,C02,M,1,55,,QR
NM-004956,25/06/2569 16:14,B04,,2,75,M0629,CASH
NM-004957,25/06/2569 16:35,T02,L,1,80,,QR
NM-004958,25/06/2569 16:48,C05,L,1,,,QR
NM-004958,25/06/2569 16:48,C05,L,1,,,QR
NM-004959,25/06/2569 17:19,T02,L,1,80,,CARD
NM-004959,25/06/2569 17:19,B03,,1,85,,CARD
NM-004960,25/06/2569 18:14,C03,S,3,55,M0591,QR
NM-004960,25/06/2569 18:14,B03,,1,85,M0591,QR
NM-004961,25/06/2569 18:40,C03,S,1,55,,QR
NM-004962,25/06/2569 19:11,T04,M,1,60,,CARD
NM-004962,25/06/2569 19:11,B01,,0,55,,CARD
NM-004963,26/06/2569 07:45,T01,M,1,55,,CARD
NM-004964,26/06/2569 08:44,C02,S,1,,M0646,QR
NM-004965,26/06/2569 08:49,C02,S,1,45,,CASH
NM-004965,26/06/2569 08:49,B01,,1,55,,CASH
NM-004966,26/06/2569 08:53,T05,S,1,50,M0502,QR
NM-004967,26/06/2569 09:25,B01,,1,55,,CARD
NM-004968,26/06/2569 09:40,C06,M,1,75,,QR
NM-004969,26/06/2569 10:07,T03,S,2,40,M0596,CASH
NM-004970,26/06/2569 10:32,C05,S,1,60,M0427,CASH
NM-004971,26/06/2569 11:28,T01,S,1,45,,CASH
NM-004972,26/06/2569 11:50,C01,L,1,65,M0246,QR
NM-004972,26/06/2569 11:50,B02,,1,50,M0246,QR
NM-004973,26/06/2569 12:07,T04,,1,70,,CASH
NM-004973,26/06/2569 12:07,B03,,1,85,,CASH
NM-004974,26/06/2569 13:29,B01,,1,55,,CASH
NM-004975,26/06/2569 13:58,B04,,1,75,,QR
NM-004976,26/06/2569 14:30,C03,S,2,55,M0367,QR
NM-004977,26/06/2569 15:51,C03,M,1,65,,CARD
NM-004977,26/06/2569 15:51,B03,,1,85,,CARD
NM-004977,26/06/2569 15:51,T02,S,1,60,,CARD
NM-004978,26/06/2569 16:44,C06,S,1,65,,QR
NM-004979,26/06/2569 16:55,T03,S,1,40,M0773,CASH
NM-004979,26/06/2569 16:55,T02,L,1,80,M0773,CASH
NM-004980,26/06/2569 17:18,T02,,1,70,M0155,CARD
NM-004981,26/06/2569 17:38,T04,M,1,60,M0779,QR
NM-004982,27/06/2569 07:24,T02,L,1,80,M0427,QR
NM-004982,27/06/2569 07:24,T01,L,1,65,M0427,QR
NM-004983,27/06/2569 07:35,B01,,1,55,,CASH
NM-004984,27/06/2569 08:18,T01,M,1,55,M0632,QR
NM-004984,27/06/2569 08:18,B02,,1,50,M0632,QR
NM-004984,27/06/2569 08:18,T05,S,1,50,M0632,QR
NM-004985,27/06/2569 08:46,B01,,2,55,M0631,QR
NM-004986,27/06/2569 09:53,B02,,1,50,,CARD
NM-004987,27/06/2569 10:21,C02,L,1,65,,QR
NM-004987,27/06/2569 10:21,B01,,1,55,,QR
NM-004988,27/06/2569 10:58,T04,S,1,50,,QR
NM-004988,27/06/2569 10:58,C06,S,1,65,,QR
NM-004989,27/06/2569 11:07,T01,S,1,45,M0249,CASH
NM-004989,27/06/2569 11:07,B01,,1,55,M0249,CASH
NM-004990,27/06/2569 11:08,B02,,2,50,M0012,CASH
NM-004991,27/06/2569 11:10,B04,,1,75,M0156,QR
NM-004991,27/06/2569 11:10,C02,M,1,55,M0156,QR
NM-004992,27/06/2569 11:20,T01,S,1,45,M0130,QR
NM-004993,27/06/2569 11:44,C01,M,1,55,,QR
NM-004993,27/06/2569 11:44,B04,,1,75,,QR
NM-004994,27/06/2569 11:51,C03,S,2,55,,CASH
NM-004995,27/06/2569 11:52,C01,S,1,45,,CASH
NM-004995,27/06/2569 11:52,B04,,1,75,,CASH
NM-004996,27/06/2569 11:57,B02,,1,50,,CASH
NM-004997,27/06/2569 12:13,T01,L,1,65,,QR
NM-004997,27/06/2569 12:13,B02,,1,50,,QR
NM-004998,27/06/2569 12:49,C05,S,1,60,,QR
NM-004999,27/06/2569 13:24,T01,M,1,55,M0808,QR
NM-004999,27/06/2569 13:24,B02,,1,50,M0808,QR
NM-005000,27/06/2569 13:31,T01,M,1,55,,CASH
NM-005000,27/06/2569 13:31,B02,,1,50,,CASH
NM-005001,27/06/2569 13:49,B01,,2,55,M0319,QR
NM-005002,27/06/2569 14:13,C04,L,1,75,,CARD
NM-005003,27/06/2569 14:14,C03,M,1,65,M0268,CASH
NM-005004,27/06/2569 14:42,C01,M,1,55,M0623,QR
NM-005005,27/06/2569 15:00,B02,,1,50,M0637,QR
NM-005006,27/06/2569 15:14,C02,M,1,55,M0205,CASH
NM-005006,27/06/2569 15:14,B01,,1,55,M0205,CASH
NM-005007,27/06/2569 15:17,C03,L,1,75,,QR
NM-005008,27/06/2569 15:37,C05,S,1,60,,QR
NM-005008,27/06/2569 15:37,B02,,1,50,,QR
NM-005009,27/06/2569 15:44,C02,L,1,65,,CARD
NM-005009,27/06/2569 15:44,B01,,1,55,,CARD
NM-005009,27/06/2569 15:44,C04,L,1,,,CARD
NM-005009,27/06/2569 15:44,C04,L,1,,,CARD
NM-005010,27/06/2569 16:21,C03,L,1,75,,QR
NM-005011,27/06/2569 17:19,B02,,2,50,,QR
NM-005012,27/06/2569 18:10,C02,L,1,65,,CASH
NM-005013,27/06/2569 18:20,T03,S,1,40,M0275,CASH
NM-005013,27/06/2569 18:20,B01,,1,55,M0275,CASH
NM-005013,27/06/2569 18:20,T04,L,1,70,M0275,CASH
NM-005014,27/06/2569 18:55,C06,S,1,65,,CARD
NM-005015,27/06/2569 19:29,T02,M,1,70,,QR
NM-005016,28/06/2569 07:32,C06,L,1,85,,CASH
NM-005017,28/06/2569 07:58,T02,M,1,70,M0181,CASH
NM-005018,28/06/2569 08:05,B01,,1,55,,QR
NM-005019,28/06/2569 08:22,C06,M,1,75,,QR
NM-005020,28/06/2569 08:45,B03,,1,8500,M0739,QR
NM-005021,28/06/2569 09:28,C03,S,1,55,M0793,QR
NM-005021,28/06/2569 09:28,B03,,1,85,M0793,QR
NM-005022,28/06/2569 09:33,C06,M,2,75,M0730,QR
NM-005022,28/06/2569 09:33,B04,,1,75,M0730,QR
NM-005023,28/06/2569 10:14,C02,M,1,55,,CARD
NM-005024,28/06/2569 10:30,C06,M,1,75,M0494,QR
NM-005025,28/06/2569 10:35,T05,M,1,60,,QR
NM-005026,28/06/2569 11:24,C02,L,1,65,M0553,CARD
NM-005026,28/06/2569 11:24,B01,,1,55,M0553,CARD
NM-005027,28/06/2569 12:26,T04,L,1,70,M0722,QR
NM-005027,28/06/2569 12:26,B02,,1,50,M0722,QR
NM-005028,28/06/2569 12:28,T04,,1,50,,CASH
NM-005029,28/06/2569 12:33,T02,,1,60,M0171,QR
NM-005030,28/06/2569 13:00,C04,M,1,65,M0396,QR
NM-005031,28/06/2569 13:17,T03,M,1,50,,QR
NM-005032,28/06/2569 13:20,T02,M,3,70,,QR
NM-005032,28/06/2569 13:20,B03,,1,85,,QR
NM-005033,28/06/2569 13:21,B03,,1,85,M0470,CARD
NM-005034,28/06/2569 13:43,B04,,3,75,M0252,CARD
NM-005034,28/06/2569 13:43,T02,M,1,70,M0252,CARD
NM-005035,28/06/2569 13:50,C06,L,1,85,,CASH
NM-005036,28/06/2569 14:19,T04,M,1,60,,QR
NM-005037,28/06/2569 14:39,C03,M,2,65,M0642,CARD
NM-005037,28/06/2569 14:39,B03,,1,85,M0642,CARD
NM-005038,28/06/2569 14:39,C04,M,1,65,,QR
NM-005039,28/06/2569 15:14,T05,M,2,60,,QR
NM-005040,28/06/2569 15:24,T01,L,1,65,,QR
NM-005041,28/06/2569 15:24,T05,M,1,60,,QR
NM-005042,28/06/2569 15:45,T04,M,1,60,,QR
NM-005042,28/06/2569 15:45,T04,M,1,60,,QR
NM-005043,28/06/2569 16:08,T03,S,1,40,,QR
NM-005044,28/06/2569 16:18,C02,S,1,45,,QR
NM-005045,28/06/2569 18:50,C03,M,1,65,M0467,QR
NM-005045,28/06/2569 18:50,B03,,1,85,M0467,QR
NM-005046,29/06/2569 07:47,C04,S,1,55,,CARD
NM-005047,29/06/2569 07:48,C02,S,1,45,,QR
NM-005048,29/06/2569 08:29,C06,S,1,65,,QR
NM-005049,29/06/2569 08:43,T05,M,1,60,,CARD
NM-005049,29/06/2569 08:43,T02,M,1,70,,CARD
NM-005050,29/06/2569 09:23,C03,M,2,65,M0685,CASH
NM-005050,29/06/2569 09:23,B04,,1,75,M0685,CASH
NM-005051,29/06/2569 09:26,C02,M,3,55,,QR
NM-005052,29/06/2569 10:04,C03,M,1,65,,QR
NM-005052,29/06/2569 10:04,C02,L,1,65,,QR
NM-005053,29/06/2569 10:17,C06,S,1,65,M0498,QR
NM-005054,29/06/2569 10:25,C01,S,1,45,,CARD
NM-005055,29/06/2569 10:54,B01,,1,55,,QR
NM-005055,29/06/2569 10:54,C01,S,1,45,,QR
NM-005056,29/06/2569 11:01,B02,,1,50,M0371,QR
NM-005057,29/06/2569 11:35,B04,,1,75,,QR
NM-005058,29/06/2569 11:36,C02,M,3,55,,CARD
NM-005058,29/06/2569 11:36,B01,,1,55,,CARD
NM-005059,29/06/2569 12:15,C01,M,2,55,M9292,CASH
NM-005060,29/06/2569 12:37,T05,L,1,70,,CASH
NM-005061,29/06/2569 12:47,C04,M,1,65,M0730,QR
NM-005062,29/06/2569 13:08,T01,M,3,55,,QR
NM-005062,29/06/2569 13:08,B02,,1,50,,QR
NM-005063,29/06/2569 13:11,C04,L,2,75,M0236,QR
NM-005064,29/06/2569 14:50,C04,M,1,65,,QR
NM-005065,29/06/2569 15:04,T04,L,3,70,,QR
NM-005065,29/06/2569 15:04,B01,,1,55,,QR
NM-005066,29/06/2569 16:04,B01,,1,55,,QR
NM-005067,29/06/2569 16:11,C06,M,1,75,M0012,QR
NM-005068,29/06/2569 17:47,T01,L,1,65,,QR
NM-005069,29/06/2569 17:52,T01,S,1,45,M0412,QR
NM-005069,29/06/2569 17:52,B02,,1,50,M0412,QR
NM-005070,30/06/2569 07:01,C03,M,2,65,M0553,QR
NM-005070,30/06/2569 07:01,B03,,1,85,M0553,QR
NM-005070,30/06/2569 07:01,B04,,1,75,M0553,QR
NM-005071,30/06/2569 07:01,T01,M,1,55,,CASH
NM-005072,30/06/2569 07:10,T02,M,1,70,,QR
NM-005072,30/06/2569 07:10,C06,M,1,75,,QR
NM-005072,30/06/2569 07:10,C06,M,1,75,,QR
NM-005073,30/06/2569 08:11,C03,S,1,55,M0372,CARD
NM-005074,30/06/2569 08:14,B04,,1,75,,CASH
NM-005074,30/06/2569 08:14,C05,M,1,70,,CASH
NM-005075,30/06/2569 08:46,C04,M,1,65,M0171,QR
NM-005076,30/06/2569 10:54,T01,M,1,55,M0009,QR
NM-005077,30/06/2569 11:11,C01,S,2,45,,QR
NM-005077,30/06/2569 11:11,B04,,1,75,,QR
NM-005078,30/06/2569 11:21,C04,M,1,65,M0419,QR
NM-005079,30/06/2569 11:22,B01,,1,55,,QR
NM-005080,30/06/2569 11:55,B03,,1,85,M0407,QR
NM-005081,30/06/2569 12:21,C03,L,3,75,,QR
NM-005081,30/06/2569 12:21,B04,,1,75,,QR
NM-005081,30/06/2569 12:21,T01,L,1,65,,QR
NM-005082,30/06/2569 12:23,C03,M,1,65,M0052,CASH
NM-005082,30/06/2569 12:23,B03,,1,85,M0052,CASH
NM-005083,30/06/2569 12:31,C06,M,1,75,M0173,CARD
NM-005084,30/06/2569 12:39,C03,M,1,65,,QR
NM-005084,30/06/2569 12:39,B03,,1,85,,QR
NM-005085,30/06/2569 12:48,C03,M,2,65,M0718,QR
NM-005086,30/06/2569 13:31,C04,M,1,65,M0464,CASH
NM-005087,30/06/2569 13:51,T01,L,3,65,M0331,QR
NM-005088,30/06/2569 14:07,C03,S,1,55,,QR
NM-005088,30/06/2569 14:07,C03,S,1,55,,QR
NM-005089,30/06/2569 14:08,B01,,1,55,,CASH
NM-005090,30/06/2569 14:13,C06,L,2,85,M0094,QR
NM-005091,30/06/2569 14:26,C05,M,1,70,,CARD
NM-005091,30/06/2569 14:26,B01,,1,55,,CARD
NM-005092,30/06/2569 14:29,T03,L,1,60,,QR
NM-005093,30/06/2569 15:02,T02,M,1,70,,QR
NM-005094,30/06/2569 15:36,T02,M,2,70,M0105,QR
NM-005095,30/06/2569 15:38,C06,S,3,65,,CASH
NM-005096,30/06/2569 16:18,B01,,1,55,,QR
NM-005096,30/06/2569 16:18,C04,S,1,55,,QR
NM-005097,30/06/2569 16:35,C03,M,1,65,M0591,QR
NM-005098,30/06/2569 16:53,T02,M,1,70,M0326,QR
NM-005099,30/06/2569 16:55,T02,S,1,60,M0149,CASH
NM-005100,30/06/2569 17:05,T01,S,1,45,M0537,QR
NM-005100,30/06/2569 17:05,B02,,1,50,M0537,QR
NM-005100,30/06/2569 17:05,T04,M,1,60,M0537,QR
NM-005101,30/06/2569 18:38,T01,M,1,55,M0770,QR
NM-005102,30/06/2569 18:58,T04,M,1,60,M0563,CASH
