branch,receipt_id,line_no,sale_dt,product_id,size,qty,unit_price,member_id,payment
cmu,2026010100001,1,2026-01-01 07:14:00,P13,,1.0,50.0,,qr
cmu,2026010100001,2,2026-01-01 07:14:00,P07,M,1.0,55.0,,qr
cmu,2026010100002,1,2026-01-01 07:59:00,P06,L,1.0,85.0,,cash
cmu,2026010100002,2,2026-01-01 07:59:00,P02,L,1.0,65.0,,cash
cmu,2026010100003,1,2026-01-01 08:45:00,P03,S,3.0,55.0,M0646,qr
cmu,2026010100003,2,2026-01-01 08:45:00,P14,,1.0,85.0,M0646,qr
cmu,2026010100004,1,2026-01-01 09:20:00,P05,M,1.0,70.0,,card
cmu,2026010100005,1,2026-01-01 09:23:00,P03,M,1.0,65.0,,qr
cmu,2026010100006,1,2026-01-01 10:02:00,P02,M,1.0,55.0,M0717,qr
cmu,2026010100007,1,2026-01-01 10:56:00,P07,L,1.0,65.0,,qr
cmu,2026010100007,2,2026-01-01 10:56:00,P13,,1.0,50.0,,qr
cmu,2026010100008,1,2026-01-01 11:14:00,P01,M,3.0,55.0,M0087,qr
cmu,2026010100008,2,2026-01-01 11:14:00,P15,,1.0,75.0,M0087,qr
cmu,2026010100009,1,2026-01-01 11:26:00,P03,M,3.0,65.0,,cash
cmu,2026010100010,1,2026-01-01 12:05:00,P11,M,3.0,60.0,M0570,qr
cmu,2026010100011,1,2026-01-01 13:11:00,P06,M,1.0,75.0,M0466,qr
cmu,2026010100012,1,2026-01-01 13:33:00,P06,M,1.0,75.0,M0241,qr
cmu,2026010100013,1,2026-01-01 14:34:00,P15,,2.0,75.0,M0070,qr
cmu,2026010100014,1,2026-01-01 15:05:00,P01,S,1.0,45.0,M0563,qr
cmu,2026010100015,1,2026-01-01 16:31:00,P11,S,2.0,50.0,,qr
cmu,2026010100015,2,2026-01-01 16:31:00,P12,,1.0,55.0,,qr
cmu,2026010100015,3,2026-01-01 16:31:00,P07,L,1.0,65.0,,qr
cmu,2026010100016,1,2026-01-01 18:12:00,P09,M,1.0,50.0,M0528,qr
cmu,2026010100017,1,2026-01-01 18:46:00,P11,M,1.0,60.0,,qr
cmu,2026010100018,1,2026-01-01 18:47:00,P04,M,1.0,65.0,,qr
cmu,2026010100018,2,2026-01-01 18:47:00,P12,,1.0,55.0,,qr
cmu,2026010200001,1,2026-01-02 07:11:00,P09,M,1.0,50.0,,qr
cmu,2026010200002,1,2026-01-02 07:26:00,P15,,1.0,75.0,M0675,qr
cmu,2026010200003,1,2026-01-02 08:07:00,P02,M,1.0,55.0,,cash
cmu,2026010200003,2,2026-01-02 08:07:00,P12,,1.0,55.0,,cash
cmu,2026010200004,1,2026-01-02 08:31:00,P11,S,1.0,50.0,M0757,cash
cmu,2026010200005,1,2026-01-02 09:55:00,P12,,1.0,55.0,M0639,qr
cmu,2026010200006,1,2026-01-02 10:09:00,P02,L,1.0,65.0,M0148,cash
cmu,2026010200007,1,2026-01-02 10:51:00,P01,S,1.0,45.0,,qr
cmu,2026010200008,1,2026-01-02 11:39:00,P03,M,1.0,65.0,M0608,cash
cmu,2026010200009,1,2026-01-02 12:10:00,P10,M,1.0,60.0,M0385,qr
cmu,2026010200010,1,2026-01-02 12:29:00,P04,S,1.0,55.0,M0024,qr
cmu,2026010200010,2,2026-01-02 12:29:00,P09,L,1.0,60.0,M0024,qr
cmu,2026010200011,1,2026-01-02 12:47:00,P10,S,1.0,50.0,,card
cmu,2026010200012,1,2026-01-02 12:48:00,P08,M,1.0,70.0,,qr
cmu,2026010200013,1,2026-01-02 13:42:00,P02,M,1.0,55.0,M0563,qr
cmu,2026010200013,2,2026-01-02 13:42:00,P14,,1.0,85.0,M0563,qr
cmu,2026010200014,1,2026-01-02 14:05:00,P10,M,3.0,60.0,,qr
cmu,2026010200015,1,2026-01-02 15:01:00,P07,M,1.0,55.0,,cash
cmu,2026010200015,2,2026-01-02 15:01:00,P11,S,1.0,50.0,,cash
cmu,2026010200016,1,2026-01-02 15:23:00,P12,,1.0,55.0,,qr
cmu,2026010200017,1,2026-01-02 15:25:00,P03,M,1.0,65.0,,card
cmu,2026010200017,2,2026-01-02 15:25:00,P14,,1.0,85.0,,card
cmu,2026010200018,1,2026-01-02 15:52:00,P07,M,1.0,55.0,,cash
cmu,2026010200018,2,2026-01-02 15:52:00,P13,,1.0,50.0,,cash
cmu,2026010200019,1,2026-01-02 16:28:00,P05,L,1.0,80.0,,cash
cmu,2026010200020,1,2026-01-02 17:18:00,P06,M,1.0,75.0,M0404,qr
cmu,2026010200020,2,2026-01-02 17:18:00,P13,,1.0,50.0,M0404,qr
cmu,2026010200020,3,2026-01-02 17:18:00,P03,M,1.0,65.0,M0404,qr
cmu,2026010200021,1,2026-01-02 18:21:00,P13,,3.0,50.0,,cash
cmu,2026010200022,1,2026-01-02 19:15:00,P07,M,2.0,55.0,,card
cmu,2026010200023,1,2026-01-02 19:47:00,P08,M,1.0,70.0,M0524,qr
cmu,2026010200023,2,2026-01-02 19:47:00,P14,,1.0,85.0,M0524,qr
cmu,2026010300001,1,2026-01-03 09:50:00,P01,S,1.0,45.0,M0104,cash
cmu,2026010300001,2,2026-01-03 09:50:00,P15,,1.0,75.0,M0104,cash
cmu,2026010300002,1,2026-01-03 09:57:00,P07,M,1.0,55.0,M0547,qr
cmu,2026010300003,1,2026-01-03 10:21:00,P14,,1.0,85.0,,cash
cmu,2026010300003,2,2026-01-03 10:21:00,P13,,1.0,50.0,,cash
cmu,2026010300004,1,2026-01-03 10:41:00,P07,L,1.0,65.0,,qr
cmu,2026010300004,2,2026-01-03 10:41:00,P13,,1.0,50.0,,qr
cmu,2026010300004,3,2026-01-03 10:41:00,P06,L,1.0,85.0,,qr
cmu,2026010300005,1,2026-01-03 11:10:00,P06,M,1.0,75.0,M0321,qr
cmu,2026010300006,1,2026-01-03 11:58:00,P01,S,2.0,45.0,M0609,qr
cmu,2026010300006,2,2026-01-03 11:58:00,P15,,1.0,75.0,M0609,qr
cmu,2026010300007,1,2026-01-03 13:00:00,P13,,1.0,50.0,M0459,qr
cmu,2026010300007,2,2026-01-03 13:00:00,P04,M,1.0,65.0,M0459,qr
cmu,2026010300008,1,2026-01-03 13:42:00,P08,L,1.0,80.0,M0329,qr
cmu,2026010300008,2,2026-01-03 13:42:00,P11,M,1.0,60.0,M0329,qr
cmu,2026010300009,1,2026-01-03 14:05:00,P08,S,1.0,60.0,M0741,cash
cmu,2026010300009,2,2026-01-03 14:05:00,P13,,1.0,50.0,M0741,cash
cmu,2026010300009,3,2026-01-03 14:05:00,P07,L,1.0,65.0,M0741,cash
cmu,2026010300010,1,2026-01-03 14:10:00,P07,L,1.0,65.0,,cash
cmu,2026010300010,2,2026-01-03 14:10:00,P13,,1.0,50.0,,cash
cmu,2026010300011,1,2026-01-03 14:19:00,P03,M,1.0,65.0,M0660,qr
cmu,2026010300012,1,2026-01-03 14:59:00,P12,,3.0,55.0,M0715,qr
cmu,2026010300013,1,2026-01-03 16:21:00,P02,M,2.0,55.0,M0555,qr
cmu,2026010300014,1,2026-01-03 16:24:00,P03,L,3.0,75.0,,cash
cmu,2026010300015,1,2026-01-03 17:13:00,P10,M,1.0,60.0,M0505,qr
cmu,2026010400001,1,2026-01-04 08:47:00,P07,L,2.0,65.0,M0167,qr
cmu,2026010400002,1,2026-01-04 08:51:00,P06,M,1.0,75.0,,cash
cmu,2026010400002,2,2026-01-04 08:51:00,P14,,1.0,85.0,,cash
cmu,2026010400003,1,2026-01-04 09:48:00,P08,L,1.0,80.0,,qr
cmu,2026010400004,1,2026-01-04 11:00:00,P15,,1.0,75.0,M0509,cash
cmu,2026010400005,1,2026-01-04 11:09:00,P04,L,1.0,75.0,M0414,cash
cmu,2026010400006,1,2026-01-04 11:36:00,P06,M,1.0,75.0,M0424,qr
cmu,2026010400007,1,2026-01-04 14:58:00,P14,,3.0,85.0,M0446,cash
cmu,2026010400008,1,2026-01-04 15:40:00,P08,L,1.0,80.0,M0269,qr
cmu,2026010400009,1,2026-01-04 16:31:00,P14,,1.0,85.0,,qr
cmu,2026010400010,1,2026-01-04 18:22:00,P07,S,2.0,45.0,M0159,card
cmu,2026010400010,2,2026-01-04 18:22:00,P13,,1.0,50.0,M0159,card
cmu,2026010400011,1,2026-01-04 19:48:00,P13,,1.0,50.0,,cash
cmu,2026010500001,1,2026-01-05 07:01:00,P12,,1.0,55.0,,cash
cmu,2026010500002,1,2026-01-05 07:45:00,P15,,2.0,75.0,,cash
cmu,2026010500003,1,2026-01-05 07:57:00,P02,S,1.0,45.0,,cash
cmu,2026010500003,2,2026-01-05 07:57:00,P12,,1.0,55.0,,cash
cmu,2026010500003,3,2026-01-05 07:57:00,P08,S,1.0,60.0,,cash
cmu,2026010500004,1,2026-01-05 08:15:00,P12,,1.0,55.0,,qr
cmu,2026010500005,1,2026-01-05 09:19:00,P07,M,1.0,55.0,,qr
cmu,2026010500006,1,2026-01-05 09:27:00,P03,S,1.0,55.0,M0585,qr
cmu,2026010500006,2,2026-01-05 09:27:00,P14,,1.0,85.0,M0585,qr
cmu,2026010500007,1,2026-01-05 09:52:00,P02,M,1.0,55.0,M0128,cash
cmu,2026010500007,2,2026-01-05 09:52:00,P12,,1.0,55.0,M0128,cash
cmu,2026010500008,1,2026-01-05 10:25:00,P05,S,1.0,60.0,,qr
cmu,2026010500008,2,2026-01-05 10:25:00,P11,M,1.0,60.0,,qr
cmu,2026010500009,1,2026-01-05 11:20:00,P01,S,1.0,45.0,M0213,qr
cmu,2026010500010,1,2026-01-05 12:04:00,P02,L,2.0,65.0,M0341,cash
cmu,2026010500010,2,2026-01-05 12:04:00,P12,,1.0,55.0,M0341,cash
cmu,2026010500011,1,2026-01-05 12:11:00,P07,M,3.0,55.0,M0038,cash
cmu,2026010500011,2,2026-01-05 12:11:00,P13,,1.0,50.0,M0038,cash
cmu,2026010500012,1,2026-01-05 12:22:00,P15,,1.0,75.0,,qr
cmu,2026010500012,2,2026-01-05 12:22:00,P07,S,1.0,45.0,,qr
cmu,2026010500013,1,2026-01-05 12:27:00,P12,,1.0,55.0,M0106,qr
cmu,2026010500014,1,2026-01-05 14:09:00,P03,L,2.0,75.0,M0626,cash
cmu,2026010500014,2,2026-01-05 14:09:00,P14,,1.0,85.0,M0626,cash
cmu,2026010500015,1,2026-01-05 14:34:00,P07,S,1.0,45.0,,qr
cmu,2026010500016,1,2026-01-05 15:05:00,P04,S,1.0,55.0,,qr
cmu,2026010500016,2,2026-01-05 15:05:00,P13,,1.0,50.0,,qr
cmu,2026010500017,1,2026-01-05 15:14:00,P06,S,2.0,65.0,M0599,cash
cmu,2026010500018,1,2026-01-05 15:16:00,P04,M,2.0,65.0,M0296,cash
cmu,2026010500019,1,2026-01-05 15:44:00,P03,M,2.0,65.0,M0494,qr
cmu,2026010500020,1,2026-01-05 16:08:00,P07,L,1.0,65.0,,qr
cmu,2026010500021,1,2026-01-05 17:02:00,P08,L,1.0,80.0,M0601,cash
cmu,2026010500022,1,2026-01-05 17:03:00,P09,M,1.0,50.0,,cash
cmu,2026010500023,1,2026-01-05 17:18:00,P05,M,2.0,70.0,M0675,cash
cmu,2026010500024,1,2026-01-05 17:44:00,P02,M,1.0,55.0,,cash
cmu,2026010500024,2,2026-01-05 17:44:00,P03,S,1.0,55.0,,cash
cmu,2026010500025,1,2026-01-05 17:58:00,P08,L,3.0,80.0,,cash
cmu,2026010500026,1,2026-01-05 18:47:00,P07,L,1.0,65.0,M0746,qr
cmu,2026010500026,2,2026-01-05 18:47:00,P13,,1.0,50.0,M0746,qr
cmu,2026010600001,1,2026-01-06 07:47:00,P08,M,1.0,70.0,M0259,cash
cmu,2026010600002,1,2026-01-06 08:07:00,P04,S,1.0,55.0,,qr
cmu,2026010600002,2,2026-01-06 08:07:00,P15,,1.0,75.0,,qr
cmu,2026010600002,3,2026-01-06 08:07:00,P06,M,1.0,75.0,,qr
cmu,2026010600003,1,2026-01-06 08:28:00,P03,M,25.0,65.0,,card
cmu,2026010600004,1,2026-01-06 08:40:00,P05,L,1.0,80.0,,qr
cmu,2026010600005,1,2026-01-06 08:45:00,P06,M,1.0,75.0,,cash
cmu,2026010600006,1,2026-01-06 08:55:00,P03,L,1.0,75.0,M0050,qr
cmu,2026010600006,2,2026-01-06 08:55:00,P14,,1.0,85.0,M0050,qr
cmu,2026010600007,1,2026-01-06 09:25:00,P03,L,1.0,75.0,M0642,qr
cmu,2026010600008,1,2026-01-06 09:54:00,P14,,1.0,85.0,,qr
cmu,2026010600009,1,2026-01-06 10:19:00,P03,M,1.0,65.0,,qr
cmu,2026010600009,2,2026-01-06 10:19:00,P14,,1.0,85.0,,qr
cmu,2026010600010,1,2026-01-06 10:39:00,P14,,1.0,85.0,M0101,qr
cmu,2026010600011,1,2026-01-06 10:43:00,P07,L,1.0,65.0,,qr
cmu,2026010600011,2,2026-01-06 10:43:00,P13,,1.0,50.0,,qr
cmu,2026010600012,1,2026-01-06 11:15:00,P02,S,1.0,45.0,,qr
cmu,2026010600012,2,2026-01-06 11:15:00,P12,,1.0,55.0,,qr
cmu,2026010600013,1,2026-01-06 11:36:00,P04,M,2.0,65.0,,cash
cmu,2026010600014,1,2026-01-06 11:43:00,P03,S,2.0,55.0,M0618,qr
cmu,2026010600015,1,2026-01-06 12:43:00,P10,L,1.0,70.0,M0418,cash
cmu,2026010600016,1,2026-01-06 13:58:00,P11,S,1.0,50.0,M0798,qr
cmu,2026010600017,1,2026-01-06 14:04:00,P02,S,1.0,45.0,M0579,cash
cmu,2026010600017,2,2026-01-06 14:04:00,P12,,1.0,55.0,M0579,cash
cmu,2026010600018,1,2026-01-06 14:06:00,P07,M,1.0,55.0,M0546,cash
cmu,2026010600018,2,2026-01-06 14:06:00,P15,,1.0,75.0,M0546,cash
cmu,2026010600019,1,2026-01-06 14:19:00,P07,M,2.0,55.0,,cash
cmu,2026010600020,1,2026-01-06 15:08:00,P01,M,1.0,55.0,M0528,qr
cmu,2026010600020,2,2026-01-06 15:08:00,P15,,1.0,75.0,M0528,qr
cmu,2026010600021,1,2026-01-06 16:03:00,P11,M,1.0,60.0,M0238,qr
cmu,2026010600022,1,2026-01-06 16:21:00,P09,M,1.0,50.0,,qr
cmu,2026010600022,2,2026-01-06 16:21:00,P14,,1.0,85.0,,qr
cmu,2026010600022,3,2026-01-06 16:21:00,P07,S,1.0,45.0,,qr
cmu,2026010600023,1,2026-01-06 16:33:00,P02,M,1.0,55.0,,qr
cmu,2026010600023,2,2026-01-06 16:33:00,P12,,1.0,55.0,,qr
cmu,2026010600024,1,2026-01-06 18:00:00,P08,S,1.0,60.0,M0529,cash
cmu,2026010600024,2,2026-01-06 18:00:00,P07,S,1.0,45.0,M0529,cash
cmu,2026010700001,1,2026-01-07 08:32:00,P06,M,1.0,75.0,,cash
cmu,2026010700002,1,2026-01-07 08:50:00,P03,L,1.0,75.0,,cash
cmu,2026010700002,2,2026-01-07 08:50:00,P14,,1.0,85.0,,cash
cmu,2026010700003,1,2026-01-07 09:30:00,P06,S,1.0,65.0,,qr
cmu,2026010700003,2,2026-01-07 09:30:00,P07,S,1.0,45.0,,qr
cmu,2026010700004,1,2026-01-07 09:55:00,P09,S,1.0,40.0,,qr
cmu,2026010700005,1,2026-01-07 09:55:00,P02,S,1.0,45.0,M0459,cash
cmu,2026010700006,1,2026-01-07 10:44:00,P02,M,1.0,55.0,,qr
cmu,2026010700007,1,2026-01-07 10:47:00,P03,M,1.0,65.0,,qr
cmu,2026010700008,1,2026-01-07 11:30:00,P12,,1.0,55.0,M0439,qr
cmu,2026010700009,1,2026-01-07 13:08:00,P02,M,1.0,55.0,,qr
cmu,2026010700010,1,2026-01-07 13:38:00,P10,L,1.0,70.0,,cash
cmu,2026010700011,1,2026-01-07 14:03:00,P10,M,1.0,60.0,M0357,qr
cmu,2026010700012,1,2026-01-07 14:15:00,P07,S,1.0,45.0,,qr
cmu,2026010700012,2,2026-01-07 14:15:00,P13,,1.0,50.0,,qr
cmu,2026010700013,1,2026-01-07 14:47:00,P02,L,1.0,65.0,M0678,cash
cmu,2026010700013,2,2026-01-07 14:47:00,P12,,1.0,55.0,M0678,cash
cmu,2026010700014,1,2026-01-07 14:47:00,P02,M,1.0,55.0,M0788,qr
cmu,2026010700015,1,2026-01-07 15:02:00,P12,,1.0,55.0,,cash
cmu,2026010700016,1,2026-01-07 15:53:00,P12,,1.0,55.0,,cash
cmu,2026010800001,1,2026-01-08 07:20:00,P12,,1.0,55.0,M0305,qr
cmu,2026010800002,1,2026-01-08 07:27:00,P11,S,1.0,50.0,,card
cmu,2026010800003,1,2026-01-08 07:58:00,P08,L,3.0,80.0,,cash
cmu,2026010800003,2,2026-01-08 07:58:00,P14,,1.0,85.0,,cash
cmu,2026010800004,1,2026-01-08 08:04:00,P08,S,1.0,60.0,,cash
cmu,2026010800005,1,2026-01-08 08:15:00,P02,M,1.0,55.0,,cash
cmu,2026010800006,1,2026-01-08 08:26:00,P04,L,1.0,75.0,M0522,qr
cmu,2026010800007,1,2026-01-08 09:24:00,P09,M,1.0,50.0,,qr
cmu,2026010800008,1,2026-01-08 09:45:00,P02,M,1.0,55.0,M0787,qr
cmu,2026010800009,1,2026-01-08 10:14:00,P02,S,1.0,45.0,,cash
cmu,2026010800010,1,2026-01-08 10:26:00,P04,M,1.0,65.0,M0670,cash
cmu,2026010800011,1,2026-01-08 10:32:00,P01,M,1.0,55.0,M0557,cash
cmu,2026010800011,2,2026-01-08 10:32:00,P15,,1.0,75.0,M0557,cash
cmu,2026010800012,1,2026-01-08 11:06:00,P06,M,1.0,75.0,,qr
cmu,2026010800013,1,2026-01-08 11:07:00,P07,S,1.0,45.0,,qr
cmu,2026010800013,2,2026-01-08 11:07:00,P13,,1.0,50.0,,qr
cmu,2026010800014,1,2026-01-08 11:08:00,P15,,1.0,75.0,M0183,qr
cmu,2026010800015,1,2026-01-08 11:54:00,P11,M,2.0,60.0,M0769,qr
cmu,2026010800015,2,2026-01-08 11:54:00,P15,,1.0,75.0,M0769,qr
cmu,2026010800016,1,2026-01-08 12:17:00,P15,,1.0,75.0,,qr
cmu,2026010800016,2,2026-01-08 12:17:00,P05,M,1.0,70.0,,qr
cmu,2026010800017,1,2026-01-08 12:18:00,P12,,2.0,55.0,,cash
cmu,2026010800018,1,2026-01-08 12:33:00,P02,L,2.0,65.0,M0713,qr
cmu,2026010800018,2,2026-01-08 12:33:00,P12,,1.0,55.0,M0713,qr
cmu,2026010800019,1,2026-01-08 13:18:00,P10,M,1.0,60.0,,qr
cmu,2026010800020,1,2026-01-08 13:21:00,P12,,1.0,55.0,M0116,qr
cmu,2026010800021,1,2026-01-08 13:38:00,P09,M,2.0,50.0,M0506,qr
cmu,2026010800022,1,2026-01-08 14:07:00,P10,L,1.0,70.0,,qr
cmu,2026010800023,1,2026-01-08 14:15:00,P02,M,1.0,55.0,,cash
cmu,2026010800023,2,2026-01-08 14:15:00,P12,,1.0,55.0,,cash
cmu,2026010800024,1,2026-01-08 14:23:00,P08,L,1.0,80.0,,qr
cmu,2026010800025,1,2026-01-08 15:43:00,P05,S,2.0,60.0,M0599,cash
cmu,2026010800026,1,2026-01-08 15:50:00,P13,,1.0,50.0,M0041,qr
cmu,2026010800027,1,2026-01-08 16:07:00,P08,M,1.0,70.0,M0656,qr
cmu,2026010800027,2,2026-01-08 16:07:00,P12,,1.0,55.0,M0656,qr
cmu,2026010800028,1,2026-01-08 17:31:00,P05,L,1.0,80.0,M0387,qr
cmu,2026010800029,1,2026-01-08 17:46:00,P08,L,2.0,80.0,M0493,qr
cmu,2026010800030,1,2026-01-08 18:03:00,P02,M,3.0,55.0,M0736,qr
cmu,2026010800030,2,2026-01-08 18:03:00,P12,,1.0,55.0,M0736,qr
cmu,2026010800031,1,2026-01-08 18:38:00,P10,M,1.0,60.0,M0555,qr
cmu,2026010800031,2,2026-01-08 18:38:00,P14,,1.0,85.0,M0555,qr
cmu,2026010800032,1,2026-01-08 19:30:00,P05,M,1.0,70.0,M0594,cash
cmu,2026010800032,2,2026-01-08 19:30:00,P08,L,1.0,80.0,M0594,cash
cmu,2026010800033,1,2026-01-08 19:55:00,P06,M,1.0,75.0,M0332,card
cmu,2026010800034,1,2026-01-08 19:59:00,P07,S,1.0,45.0,,cash
cmu,2026010800034,2,2026-01-08 19:59:00,P13,,1.0,50.0,,cash
cmu,2026010900001,1,2026-01-09 08:02:00,P12,,1.0,55.0,,qr
cmu,2026010900002,1,2026-01-09 08:33:00,P05,L,1.0,80.0,,qr
cmu,2026010900003,1,2026-01-09 08:36:00,P03,S,1.0,55.0,M0639,qr
cmu,2026010900003,2,2026-01-09 08:36:00,P14,,1.0,85.0,M0639,qr
cmu,2026010900004,1,2026-01-09 08:36:00,P09,M,1.0,50.0,,qr
cmu,2026010900005,1,2026-01-09 08:46:00,P05,M,1.0,70.0,,card
cmu,2026010900006,1,2026-01-09 09:02:00,P07,S,1.0,45.0,,qr
cmu,2026010900006,2,2026-01-09 09:02:00,P01,M,1.0,55.0,,qr
cmu,2026010900007,1,2026-01-09 09:18:00,P06,S,2.0,65.0,,qr
cmu,2026010900008,1,2026-01-09 09:36:00,P10,L,1.0,70.0,,cash
cmu,2026010900009,1,2026-01-09 09:46:00,P06,L,2.0,85.0,M0719,qr
cmu,2026010900010,1,2026-01-09 09:52:00,P12,,1.0,55.0,M0482,cash
cmu,2026010900010,2,2026-01-09 09:52:00,P04,S,1.0,55.0,M0482,cash
cmu,2026010900011,1,2026-01-09 10:05:00,P12,,1.0,55.0,,qr
cmu,2026010900012,1,2026-01-09 10:28:00,P14,,1.0,85.0,,cash
cmu,2026010900013,1,2026-01-09 10:36:00,P02,M,1.0,55.0,M0586,qr
cmu,2026010900014,1,2026-01-09 12:24:00,P03,S,2.0,55.0,M0341,qr
cmu,2026010900014,2,2026-01-09 12:24:00,P14,,1.0,85.0,M0341,qr
cmu,2026010900015,1,2026-01-09 12:31:00,P11,S,1.0,50.0,,cash
cmu,2026010900016,1,2026-01-09 12:51:00,P11,L,1.0,70.0,,cash
cmu,2026010900017,1,2026-01-09 13:07:00,P07,M,1.0,55.0,,qr
cmu,2026010900018,1,2026-01-09 13:22:00,P02,L,1.0,65.0,M0380,cash
cmu,2026010900019,1,2026-01-09 14:04:00,P01,M,1.0,55.0,,card
cmu,2026010900019,2,2026-01-09 14:04:00,P15,,1.0,75.0,,card
cmu,2026010900020,1,2026-01-09 14:07:00,P15,,1.0,75.0,M0380,cash
cmu,2026010900021,1,2026-01-09 14:37:00,P12,,1.0,55.0,M0750,cash
cmu,2026010900022,1,2026-01-09 14:43:00,P07,S,1.0,45.0,,qr
cmu,2026010900022,2,2026-01-09 14:43:00,P13,,1.0,50.0,,qr
cmu,2026010900023,1,2026-01-09 14:48:00,P05,S,1.0,60.0,,qr
cmu,2026010900024,1,2026-01-09 14:51:00,P02,L,1.0,65.0,M0066,cash
cmu,2026010900025,1,2026-01-09 15:05:00,P07,M,3.0,55.0,M0458,cash
cmu,2026010900026,1,2026-01-09 15:06:00,P07,M,1.0,55.0,M0179,qr
cmu,2026010900026,2,2026-01-09 15:06:00,P12,,1.0,55.0,M0179,qr
cmu,2026010900027,1,2026-01-09 15:27:00,P11,L,3.0,70.0,,qr
cmu,2026010900028,1,2026-01-09 15:40:00,P01,L,2.0,65.0,,qr
cmu,2026010900028,2,2026-01-09 15:40:00,P15,,1.0,75.0,,qr
cmu,2026010900029,1,2026-01-09 15:52:00,P04,M,1.0,65.0,,cash
cmu,2026010900030,1,2026-01-09 16:27:00,P05,S,2.0,60.0,,qr
cmu,2026010900030,2,2026-01-09 16:27:00,P15,,1.0,75.0,,qr
cmu,2026010900031,1,2026-01-09 16:27:00,P08,S,2.0,60.0,,qr
cmu,2026010900031,2,2026-01-09 16:27:00,P07,S,1.0,45.0,,qr
cmu,2026010900032,1,2026-01-09 16:46:00,P03,L,1.0,75.0,,cash
cmu,2026010900033,1,2026-01-09 16:49:00,P05,M,2.0,70.0,,card
cmu,2026010900034,1,2026-01-09 17:04:00,P15,,1.0,75.0,M0238,qr
cmu,2026010900035,1,2026-01-09 17:07:00,P11,L,1.0,70.0,,qr
cmu,2026010900036,1,2026-01-09 18:18:00,P10,S,1.0,50.0,,qr
cmu,2026011000001,1,2026-01-10 08:35:00,P12,,1.0,55.0,M0230,qr
cmu,2026011000002,1,2026-01-10 11:25:00,P05,S,1.0,60.0,M0290,qr
cmu,2026011000003,1,2026-01-10 14:16:00,P02,L,1.0,65.0,M0461,qr
cmu,2026011000004,1,2026-01-10 14:34:00,P06,L,2.0,85.0,M0456,cash
cmu,2026011000005,1,2026-01-10 15:41:00,P11,S,1.0,50.0,,cash
cmu,2026011000005,2,2026-01-10 15:41:00,P15,,1.0,75.0,,cash
cmu,2026011000006,1,2026-01-10 16:45:00,P04,L,1.0,75.0,M0547,qr
cmu,2026011000006,2,2026-01-10 16:45:00,P14,,1.0,85.0,M0547,qr
cmu,2026011000007,1,2026-01-10 16:49:00,P04,S,1.0,55.0,,qr
cmu,2026011000008,1,2026-01-10 17:19:00,P07,L,1.0,65.0,,cash
cmu,2026011000009,1,2026-01-10 17:36:00,P07,M,1.0,55.0,,cash
cmu,2026011100001,1,2026-01-11 07:36:00,P09,L,1.0,60.0,,cash
cmu,2026011100002,1,2026-01-11 09:01:00,P11,S,1.0,50.0,M0626,qr
cmu,2026011100003,1,2026-01-11 09:17:00,P07,M,1.0,55.0,M0677,qr
cmu,2026011100003,2,2026-01-11 09:17:00,P13,,1.0,50.0,M0677,qr
cmu,2026011100003,3,2026-01-11 09:17:00,P05,M,1.0,70.0,M0677,qr
cmu,2026011100004,1,2026-01-11 13:21:00,P08,L,1.0,80.0,M0499,qr
cmu,2026011100005,1,2026-01-11 13:52:00,P15,,1.0,75.0,,qr
cmu,2026011100006,1,2026-01-11 15:05:00,P15,,1.0,75.0,,cash
cmu,2026011100007,1,2026-01-11 15:18:00,P07,L,1.0,65.0,M0561,cash
cmu,2026011100008,1,2026-01-11 18:18:00,P10,L,1.0,70.0,,qr
cmu,2026011100009,1,2026-01-11 19:26:00,P09,M,1.0,50.0,M0086,qr
cmu,2026011200001,1,2026-01-12 07:45:00,P07,S,2.0,45.0,,qr
cmu,2026011200001,2,2026-01-12 07:45:00,P13,,1.0,50.0,,qr
cmu,2026011200002,1,2026-01-12 07:45:00,P05,S,1.0,60.0,,cash
cmu,2026011200003,1,2026-01-12 07:46:00,P03,M,1.0,65.0,M0146,qr
cmu,2026011200004,1,2026-01-12 07:55:00,P03,L,3.0,75.0,M0483,qr
cmu,2026011200004,2,2026-01-12 07:55:00,P14,,1.0,85.0,M0483,qr
cmu,2026011200004,3,2026-01-12 07:55:00,P08,L,1.0,80.0,M0483,qr
cmu,2026011200005,1,2026-01-12 08:19:00,P10,L,1.0,70.0,,cash
cmu,2026011200006,1,2026-01-12 08:24:00,P10,S,1.0,50.0,,qr
cmu,2026011200007,1,2026-01-12 08:43:00,P08,M,1.0,70.0,,cash
cmu,2026011200008,1,2026-01-12 09:32:00,P01,L,1.0,65.0,M0798,qr
cmu,2026011200008,2,2026-01-12 09:32:00,P15,,1.0,75.0,M0798,qr
cmu,2026011200009,1,2026-01-12 10:00:00,P12,,1.0,55.0,M0726,qr
cmu,2026011200010,1,2026-01-12 10:01:00,P15,,1.0,75.0,,qr
cmu,2026011200011,1,2026-01-12 10:04:00,P13,,1.0,50.0,,qr
cmu,2026011200012,1,2026-01-12 10:42:00,P03,L,1.0,75.0,,qr
cmu,2026011200013,1,2026-01-12 10:55:00,P03,M,1.0,65.0,M0421,qr
cmu,2026011200013,2,2026-01-12 10:55:00,P14,,1.0,85.0,M0421,qr
cmu,2026011200014,1,2026-01-12 12:04:00,P03,M,1.0,65.0,M0066,qr
cmu,2026011200014,2,2026-01-12 12:04:00,P14,,1.0,85.0,M0066,qr
cmu,2026011200014,3,2026-01-12 12:04:00,P10,M,1.0,60.0,M0066,qr
cmu,2026011200015,1,2026-01-12 12:06:00,P04,L,2.0,75.0,M0533,qr
cmu,2026011200016,1,2026-01-12 12:12:00,P05,M,2.0,70.0,M0601,qr
cmu,2026011200016,2,2026-01-12 12:12:00,P14,,1.0,85.0,M0601,qr
cmu,2026011200017,1,2026-01-12 12:14:00,P15,,1.0,75.0,,cash
cmu,2026011200018,1,2026-01-12 12:32:00,P04,M,1.0,65.0,M0188,qr
cmu,2026011200018,2,2026-01-12 12:32:00,P12,,1.0,55.0,M0188,qr
cmu,2026011200019,1,2026-01-12 12:37:00,P15,,1.0,75.0,,qr
cmu,2026011200020,1,2026-01-12 14:38:00,P08,M,1.0,70.0,,qr
cmu,2026011200021,1,2026-01-12 15:00:00,P07,M,1.0,55.0,,cash
cmu,2026011200021,2,2026-01-12 15:00:00,P13,,1.0,50.0,,cash
cmu,2026011200022,1,2026-01-12 15:27:00,P02,L,1.0,65.0,M0773,qr
cmu,2026011200023,1,2026-01-12 16:12:00,P10,M,1.0,60.0,M0435,qr
cmu,2026011200023,2,2026-01-12 16:12:00,P06,S,1.0,65.0,M0435,qr
cmu,2026011200024,1,2026-01-12 16:52:00,P03,L,1.0,75.0,,cash
cmu,2026011200024,2,2026-01-12 16:52:00,P14,,1.0,85.0,,cash
cmu,2026011200025,1,2026-01-12 18:49:00,P06,M,1.0,75.0,,cash
cmu,2026011200026,1,2026-01-12 19:03:00,P06,S,1.0,65.0,,qr
cmu,2026011200027,1,2026-01-12 19:14:00,P10,L,1.0,70.0,M0230,qr
cmu,2026011200028,1,2026-01-12 19:14:00,P12,,1.0,55.0,M0233,cash
cmu,2026011200029,1,2026-01-12 19:56:00,P13,,1.0,50.0,M0083,cash
cmu,2026011300001,1,2026-01-13 07:31:00,P04,L,1.0,75.0,,card
cmu,2026011300002,1,2026-01-13 08:39:00,P06,L,1.0,85.0,M0773,qr
cmu,2026011300002,2,2026-01-13 08:39:00,P04,L,1.0,75.0,M0773,qr
cmu,2026011300003,1,2026-01-13 08:58:00,P13,,1.0,50.0,M0743,qr
cmu,2026011300004,1,2026-01-13 09:29:00,P07,M,1.0,55.0,,cash
cmu,2026011300005,1,2026-01-13 09:41:00,P04,M,1.0,65.0,,cash
cmu,2026011300006,1,2026-01-13 09:41:00,P06,M,1.0,75.0,,qr
cmu,2026011300007,1,2026-01-13 09:48:00,P15,,2.0,75.0,,qr
cmu,2026011300008,1,2026-01-13 09:54:00,P04,M,2.0,65.0,,qr
cmu,2026011300008,2,2026-01-13 09:54:00,P11,M,1.0,60.0,,qr
cmu,2026011300009,1,2026-01-13 09:57:00,P15,,1.0,75.0,M0748,card
cmu,2026011300010,1,2026-01-13 10:36:00,P03,L,1.0,75.0,,qr
cmu,2026011300011,1,2026-01-13 11:20:00,P06,S,1.0,65.0,M0742,cash
cmu,2026011300011,2,2026-01-13 11:20:00,P13,,1.0,50.0,M0742,cash
cmu,2026011300012,1,2026-01-13 11:27:00,P08,M,1.0,70.0,,cash
cmu,2026011300012,2,2026-01-13 11:27:00,P03,M,1.0,65.0,,cash
cmu,2026011300013,1,2026-01-13 12:25:00,P03,M,2.0,65.0,M0656,cash
cmu,2026011300014,1,2026-01-13 12:28:00,P13,,1.0,50.0,,qr
cmu,2026011300015,1,2026-01-13 12:32:00,P12,,3.0,55.0,M0670,qr
cmu,2026011300015,2,2026-01-13 12:32:00,P02,S,1.0,45.0,M0670,qr
cmu,2026011300016,1,2026-01-13 12:44:00,P14,,1.0,85.0,,qr
cmu,2026011300017,1,2026-01-13 14:39:00,P03,S,1.0,55.0,,cash
cmu,2026011300017,2,2026-01-13 14:39:00,P14,,1.0,85.0,,cash
cmu,2026011300018,1,2026-01-13 15:59:00,P11,S,1.0,50.0,,qr
cmu,2026011300019,1,2026-01-13 16:32:00,P04,L,2.0,75.0,,qr
cmu,2026011300020,1,2026-01-13 17:08:00,P07,S,1.0,45.0,M0683,qr
cmu,2026011300020,2,2026-01-13 17:08:00,P03,L,1.0,75.0,M0683,qr
cmu,2026011300021,1,2026-01-13 17:43:00,P09,S,1.0,40.0,M0505,cash
cmu,2026011300021,2,2026-01-13 17:43:00,P15,,1.0,75.0,M0505,cash
cmu,2026011300022,1,2026-01-13 18:05:00,P11,M,1.0,60.0,M0178,qr
cmu,2026011300023,1,2026-01-13 19:04:00,P08,M,1.0,70.0,,qr
cmu,2026011400001,1,2026-01-14 07:47:00,P13,,2.0,50.0,M0377,qr
cmu,2026011400002,1,2026-01-14 08:39:00,P14,,1.0,85.0,,cash
cmu,2026011400003,1,2026-01-14 09:07:00,P04,M,1.0,65.0,,qr
cmu,2026011400004,1,2026-01-14 09:38:00,P08,M,2.0,70.0,M0272,qr
cmu,2026011400005,1,2026-01-14 09:56:00,P02,M,1.0,55.0,,qr
cmu,2026011400005,2,2026-01-14 09:56:00,P09,L,1.0,60.0,,qr
cmu,2026011400006,1,2026-01-14 10:09:00,P12,,1.0,55.0,M0683,cash
cmu,2026011400007,1,2026-01-14 11:56:00,P03,M,2.0,65.0,M0289,qr
cmu,2026011400008,1,2026-01-14 12:00:00,P03,S,1.0,55.0,,qr
cmu,2026011400009,1,2026-01-14 12:20:00,P09,M,1.0,50.0,M0043,qr
cmu,2026011400010,1,2026-01-14 12:40:00,P11,M,2.0,60.0,M0563,qr
cmu,2026011400010,2,2026-01-14 12:40:00,P15,,1.0,75.0,M0563,qr
cmu,2026011400011,1,2026-01-14 13:00:00,P12,,1.0,55.0,M0525,card
cmu,2026011400012,1,2026-01-14 13:14:00,P06,M,1.0,75.0,,cash
cmu,2026011400013,1,2026-01-14 13:45:00,P09,S,1.0,40.0,,qr
cmu,2026011400013,2,2026-01-14 13:45:00,P10,S,1.0,50.0,,qr
cmu,2026011400014,1,2026-01-14 14:03:00,P11,S,1.0,50.0,,qr
cmu,2026011400015,1,2026-01-14 14:16:00,P03,L,1.0,75.0,,cash
cmu,2026011400015,2,2026-01-14 14:16:00,P14,,1.0,85.0,,cash
cmu,2026011400016,1,2026-01-14 14:34:00,P13,,1.0,50.0,,qr
cmu,2026011400017,1,2026-01-14 14:53:00,P02,M,1.0,55.0,,qr
cmu,2026011400017,2,2026-01-14 14:53:00,P12,,1.0,55.0,,qr
cmu,2026011400018,1,2026-01-14 14:58:00,P14,,2.0,85.0,M0368,cash
cmu,2026011400019,1,2026-01-14 15:18:00,P04,S,1.0,55.0,M0116,qr
cmu,2026011400019,2,2026-01-14 15:18:00,P12,,1.0,55.0,M0116,qr
cmu,2026011400020,1,2026-01-14 15:20:00,P15,,1.0,75.0,M0783,qr
cmu,2026011400021,1,2026-01-14 16:00:00,P11,M,3.0,60.0,M0183,qr
cmu,2026011400022,1,2026-01-14 16:06:00,P07,L,2.0,65.0,M0341,qr
cmu,2026011400023,1,2026-01-14 16:31:00,P08,S,1.0,60.0,M0241,cash
cmu,2026011400024,1,2026-01-14 16:45:00,P06,M,1.0,75.0,M0766,cash
cmu,2026011400025,1,2026-01-14 16:47:00,P04,M,1.0,65.0,,cash
cmu,2026011400026,1,2026-01-14 16:51:00,P02,S,1.0,45.0,,qr
cmu,2026011400026,2,2026-01-14 16:51:00,P12,,1.0,55.0,,qr
cmu,2026011400027,1,2026-01-14 17:51:00,P12,,1.0,55.0,M0736,qr
cmu,2026011400028,1,2026-01-14 18:08:00,P03,M,1.0,65.0,,cash
cmu,2026011500001,1,2026-01-15 08:09:00,P03,S,3.0,55.0,,qr
cmu,2026011500001,2,2026-01-15 08:09:00,P14,,1.0,85.0,,qr
cmu,2026011500002,1,2026-01-15 08:12:00,P07,M,1.0,55.0,M0607,qr
cmu,2026011500002,2,2026-01-15 08:12:00,P13,,1.0,50.0,M0607,qr
cmu,2026011500003,1,2026-01-15 08:52:00,P03,M,1.0,65.0,M0374,cash
cmu,2026011500003,2,2026-01-15 08:52:00,P15,,1.0,75.0,M0374,cash
cmu,2026011500004,1,2026-01-15 09:35:00,P06,M,1.0,75.0,M0630,qr
cmu,2026011500004,2,2026-01-15 09:35:00,P03,S,1.0,55.0,M0630,qr
cmu,2026011500005,1,2026-01-15 09:46:00,P02,L,1.0,65.0,M0212,qr
cmu,2026011500005,2,2026-01-15 09:46:00,P12,,1.0,55.0,M0212,qr
cmu,2026011500006,1,2026-01-15 09:57:00,P02,L,1.0,65.0,M0143,cash
cmu,2026011500006,2,2026-01-15 09:57:00,P12,,1.0,55.0,M0143,cash
cmu,2026011500007,1,2026-01-15 10:22:00,P06,M,1.0,75.0,,cash
cmu,2026011500008,1,2026-01-15 10:46:00,P03,S,1.0,55.0,,cash
cmu,2026011500008,2,2026-01-15 10:46:00,P14,,1.0,85.0,,cash
cmu,2026011500009,1,2026-01-15 11:14:00,P03,M,1.0,65.0,M0550,qr
cmu,2026011500010,1,2026-01-15 11:41:00,P03,M,1.0,65.0,,cash
cmu,2026011500011,1,2026-01-15 15:03:00,P11,M,1.0,60.0,,qr
cmu,2026011500012,1,2026-01-15 15:06:00,P02,M,2.0,55.0,M0377,qr
cmu,2026011500012,2,2026-01-15 15:06:00,P12,,1.0,55.0,M0377,qr
cmu,2026011500013,1,2026-01-15 15:08:00,P09,M,1.0,50.0,,qr
cmu,2026011500014,1,2026-01-15 15:24:00,P10,L,1.0,70.0,,cash
cmu,2026011500014,2,2026-01-15 15:24:00,P12,,1.0,55.0,,cash
cmu,2026011500015,1,2026-01-15 16:11:00,P07,S,1.0,45.0,,qr
cmu,2026011500015,2,2026-01-15 16:11:00,P13,,1.0,50.0,,qr
cmu,2026011500016,1,2026-01-15 17:13:00,P12,,1.0,55.0,M0126,qr
cmu,2026011500017,1,2026-01-15 19:06:00,P09,M,1.0,50.0,M0742,qr
cmu,2026011500018,1,2026-01-15 19:06:00,P06,L,3.0,85.0,,qr
cmu,2026011600001,1,2026-01-16 07:16:00,P06,S,1.0,65.0,M0222,cash
cmu,2026011600002,1,2026-01-16 07:42:00,P03,M,3.0,65.0,,qr
cmu,2026011600002,2,2026-01-16 07:42:00,P14,,1.0,85.0,,qr
cmu,2026011600003,1,2026-01-16 08:02:00,P03,M,2.0,65.0,M0414,cash
cmu,2026011600003,2,2026-01-16 08:02:00,P13,,1.0,50.0,M0414,cash
cmu,2026011600004,1,2026-01-16 08:15:00,P05,M,1.0,70.0,,cash
cmu,2026011600004,2,2026-01-16 08:15:00,P15,,1.0,75.0,,cash
cmu,2026011600005,1,2026-01-16 08:37:00,P15,,1.0,75.0,M0705,qr
cmu,2026011600006,1,2026-01-16 09:31:00,P12,,1.0,55.0,,qr
cmu,2026011600007,1,2026-01-16 09:49:00,P09,L,2.0,60.0,,qr
cmu,2026011600007,2,2026-01-16 09:49:00,P06,M,1.0,75.0,,qr
cmu,2026011600008,1,2026-01-16 10:40:00,P03,M,1.0,65.0,M0357,qr
cmu,2026011600008,2,2026-01-16 10:40:00,P13,,1.0,50.0,M0357,qr
cmu,2026011600008,3,2026-01-16 10:40:00,P06,L,1.0,85.0,M0357,qr
cmu,2026011600009,1,2026-01-16 11:07:00,P07,L,1.0,65.0,,cash
cmu,2026011600010,1,2026-01-16 11:51:00,P02,L,1.0,65.0,,qr
cmu,2026011600011,1,2026-01-16 12:54:00,P08,S,2.0,60.0,,cash
cmu,2026011600012,1,2026-01-16 12:55:00,P07,M,1.0,55.0,,qr
cmu,2026011600013,1,2026-01-16 13:57:00,P07,M,1.0,55.0,,qr
cmu,2026011600014,1,2026-01-16 14:07:00,P12,,2.0,55.0,,qr
cmu,2026011600015,1,2026-01-16 14:23:00,P09,M,3.0,50.0,,qr
cmu,2026011600016,1,2026-01-16 14:36:00,P12,,1.0,55.0,,cash
cmu,2026011600017,1,2026-01-16 14:46:00,P02,M,1.0,55.0,M0077,qr
cmu,2026011600017,2,2026-01-16 14:46:00,P12,,1.0,55.0,M0077,qr
cmu,2026011600018,1,2026-01-16 15:01:00,P09,L,1.0,60.0,,qr
cmu,2026011600019,1,2026-01-16 15:06:00,P14,,1.0,85.0,M0630,qr
cmu,2026011600020,1,2026-01-16 15:12:00,P12,,1.0,55.0,,cash
cmu,2026011600021,1,2026-01-16 15:16:00,P12,,1.0,55.0,M0179,qr
cmu,2026011600022,1,2026-01-16 15:56:00,P08,M,1.0,70.0,,cash
cmu,2026011600022,2,2026-01-16 15:56:00,P05,L,1.0,80.0,,cash
cmu,2026011600023,1,2026-01-16 16:10:00,P10,L,1.0,70.0,M0098,qr
cmu,2026011600024,1,2026-01-16 16:22:00,P15,,1.0,75.0,,qr
cmu,2026011600025,1,2026-01-16 16:29:00,P04,L,3.0,75.0,M0763,cash
cmu,2026011600025,2,2026-01-16 16:29:00,P12,,1.0,55.0,M0763,cash
cmu,2026011600025,3,2026-01-16 16:29:00,P07,M,1.0,55.0,M0763,cash
cmu,2026011600026,1,2026-01-16 17:41:00,P09,M,1.0,50.0,,cash
cmu,2026011600026,2,2026-01-16 17:41:00,P14,,1.0,85.0,,cash
cmu,2026011600027,1,2026-01-16 19:09:00,P01,L,1.0,65.0,M0093,qr
cmu,2026011600027,2,2026-01-16 19:09:00,P15,,1.0,75.0,M0093,qr
cmu,2026011700001,1,2026-01-17 08:15:00,P06,M,1.0,75.0,,cash
cmu,2026011700002,1,2026-01-17 10:11:00,P12,,1.0,55.0,,cash
cmu,2026011700003,1,2026-01-17 10:12:00,P02,M,2.0,55.0,M0682,cash
cmu,2026011700004,1,2026-01-17 12:46:00,P14,,1.0,85.0,M0539,qr
cmu,2026011700005,1,2026-01-17 12:46:00,P10,M,2.0,60.0,,qr
cmu,2026011700006,1,2026-01-17 12:58:00,P13,,1.0,50.0,M0517,qr
cmu,2026011700006,2,2026-01-17 12:58:00,P09,M,1.0,50.0,M0517,qr
cmu,2026011700007,1,2026-01-17 14:22:00,P02,L,1.0,65.0,M0100,qr
cmu,2026011700008,1,2026-01-17 14:52:00,P08,M,1.0,70.0,,qr
cmu,2026011700009,1,2026-01-17 15:31:00,P03,L,1.0,75.0,M0469,cash
cmu,2026011700009,2,2026-01-17 15:31:00,P14,,1.0,85.0,M0469,cash
cmu,2026011700009,3,2026-01-17 15:31:00,P09,M,1.0,50.0,M0469,cash
cmu,2026011700010,1,2026-01-17 17:24:00,P15,,1.0,75.0,,cash
cmu,2026011700011,1,2026-01-17 19:03:00,P10,S,1.0,50.0,M0479,qr
cmu,2026011800001,1,2026-01-18 07:55:00,P10,M,1.0,60.0,M0267,qr
cmu,2026011800001,2,2026-01-18 07:55:00,P15,,1.0,75.0,M0267,qr
cmu,2026011800002,1,2026-01-18 09:19:00,P09,L,2.0,60.0,,cash
cmu,2026011800003,1,2026-01-18 09:43:00,P01,S,2.0,45.0,M0632,qr
cmu,2026011800003,2,2026-01-18 09:43:00,P10,L,1.0,70.0,M0632,qr
cmu,2026011800004,1,2026-01-18 09:45:00,P07,M,1.0,55.0,,qr
cmu,2026011800005,1,2026-01-18 12:14:00,P15,,1.0,75.0,M0595,cash
cmu,2026011800006,1,2026-01-18 13:44:00,P15,,1.0,75.0,M0632,cash
cmu,2026011800006,2,2026-01-18 13:44:00,P12,,1.0,55.0,M0632,cash
cmu,2026011800007,1,2026-01-18 13:55:00,P06,S,1.0,65.0,,qr
cmu,2026011800008,1,2026-01-18 15:29:00,P08,S,1.0,60.0,M0087,qr
cmu,2026011800008,2,2026-01-18 15:29:00,P15,,1.0,75.0,M0087,qr
cmu,2026011800009,1,2026-01-18 16:29:00,P11,L,1.0,70.0,M0482,qr
cmu,2026011800010,1,2026-01-18 17:19:00,P12,,2.0,55.0,,cash
cmu,2026011800011,1,2026-01-18 19:05:00,P05,S,2.0,60.0,,qr
cmu,2026011800012,1,2026-01-18 19:07:00,P11,M,2.0,60.0,M0029,card
cmu,2026011800012,2,2026-01-18 19:07:00,P15,,1.0,75.0,M0029,card
cmu,2026011800012,3,2026-01-18 19:07:00,P12,,1.0,55.0,M0029,card
cmu,2026011900001,1,2026-01-19 08:26:00,P03,L,1.0,75.0,,cash
cmu,2026011900001,2,2026-01-19 08:26:00,P14,,1.0,85.0,,cash
cmu,2026011900001,3,2026-01-19 08:26:00,P02,S,1.0,45.0,,cash
cmu,2026011900002,1,2026-01-19 08:32:00,P14,,1.0,85.0,M0711,qr
cmu,2026011900003,1,2026-01-19 09:05:00,P10,S,1.0,50.0,,cash
cmu,2026011900004,1,2026-01-19 09:10:00,P09,M,1.0,50.0,,cash
cmu,2026011900004,2,2026-01-19 09:10:00,P13,,1.0,50.0,,cash
cmu,2026011900005,1,2026-01-19 09:10:00,P07,S,1.0,45.0,,cash
cmu,2026011900005,2,2026-01-19 09:10:00,P13,,1.0,50.0,,cash
cmu,2026011900006,1,2026-01-19 09:19:00,P02,M,33.0,55.0,,card
cmu,2026011900007,1,2026-01-19 09:24:00,P06,M,1.0,75.0,,cash
cmu,2026011900008,1,2026-01-19 09:29:00,P05,M,1.0,70.0,M0053,qr
cmu,2026011900009,1,2026-01-19 09:40:00,P04,M,2.0,65.0,,qr
cmu,2026011900010,1,2026-01-19 09:43:00,P03,M,1.0,65.0,M0332,qr
cmu,2026011900010,2,2026-01-19 09:43:00,P14,,1.0,85.0,M0332,qr
cmu,2026011900011,1,2026-01-19 10:10:00,P15,,1.0,75.0,M0749,qr
cmu,2026011900012,1,2026-01-19 10:29:00,P01,L,1.0,65.0,,cash
cmu,2026011900013,1,2026-01-19 11:05:00,P12,,1.0,55.0,M0595,qr
cmu,2026011900013,2,2026-01-19 11:05:00,P06,L,1.0,85.0,M0595,qr
cmu,2026011900014,1,2026-01-19 11:34:00,P03,M,2.0,65.0,,qr
cmu,2026011900015,1,2026-01-19 11:42:00,P02,M,1.0,55.0,,cash
cmu,2026011900016,1,2026-01-19 11:43:00,P05,M,1.0,70.0,M0293,cash
cmu,2026011900017,1,2026-01-19 11:58:00,P03,S,2.0,55.0,M0429,qr
cmu,2026011900018,1,2026-01-19 12:09:00,P06,M,1.0,75.0,,qr
cmu,2026011900019,1,2026-01-19 12:18:00,P03,S,1.0,55.0,,cash
cmu,2026011900020,1,2026-01-19 13:44:00,P12,,1.0,55.0,M0415,qr
cmu,2026011900021,1,2026-01-19 13:48:00,P03,L,1.0,75.0,M0597,qr
cmu,2026011900021,2,2026-01-19 13:48:00,P14,,1.0,85.0,M0597,qr
cmu,2026011900022,1,2026-01-19 13:59:00,P03,M,1.0,65.0,M0340,cash
cmu,2026011900022,2,2026-01-19 13:59:00,P14,,1.0,85.0,M0340,cash
cmu,2026011900023,1,2026-01-19 14:19:00,P13,,2.0,50.0,M0614,cash
cmu,2026011900024,1,2026-01-19 15:00:00,P09,M,1.0,50.0,,qr
cmu,2026011900025,1,2026-01-19 15:42:00,P08,M,1.0,70.0,M0355,qr
cmu,2026011900025,2,2026-01-19 15:42:00,P07,S,1.0,45.0,M0355,qr
cmu,2026011900026,1,2026-01-19 16:41:00,P03,M,1.0,65.0,M0447,qr
cmu,2026011900026,2,2026-01-19 16:41:00,P14,,1.0,85.0,M0447,qr
cmu,2026011900027,1,2026-01-19 19:22:00,P10,M,1.0,60.0,M0258,qr
cmu,2026012000001,1,2026-01-20 07:41:00,P04,S,3.0,55.0,,qr
cmu,2026012000002,1,2026-01-20 07:47:00,P08,M,2.0,70.0,M0507,cash
cmu,2026012000002,2,2026-01-20 07:47:00,P13,,1.0,50.0,M0507,cash
cmu,2026012000003,1,2026-01-20 07:48:00,P03,S,1.0,55.0,,cash
cmu,2026012000004,1,2026-01-20 08:18:00,P04,L,1.0,75.0,,qr
cmu,2026012000005,1,2026-01-20 08:42:00,P03,M,1.0,65.0,,qr
cmu,2026012000005,2,2026-01-20 08:42:00,P14,,1.0,85.0,,qr
cmu,2026012000006,1,2026-01-20 08:46:00,P03,M,3.0,65.0,,cash
cmu,2026012000006,2,2026-01-20 08:46:00,P14,,1.0,85.0,,cash
cmu,2026012000007,1,2026-01-20 08:47:00,P12,,1.0,55.0,,cash
cmu,2026012000007,2,2026-01-20 08:47:00,P03,S,1.0,55.0,,cash
cmu,2026012000008,1,2026-01-20 09:01:00,P12,,1.0,55.0,M0340,cash
cmu,2026012000009,1,2026-01-20 09:05:00,P03,M,1.0,65.0,,cash
cmu,2026012000009,2,2026-01-20 09:05:00,P14,,1.0,85.0,,cash
cmu,2026012000010,1,2026-01-20 09:07:00,P10,L,1.0,70.0,,qr
cmu,2026012000011,1,2026-01-20 09:43:00,P05,M,1.0,70.0,M0213,card
cmu,2026012000011,2,2026-01-20 09:43:00,P12,,1.0,55.0,M0213,card
cmu,2026012000012,1,2026-01-20 09:44:00,P04,S,1.0,55.0,M0703,cash
cmu,2026012000013,1,2026-01-20 09:45:00,P11,M,1.0,60.0,M0080,qr
cmu,2026012000014,1,2026-01-20 09:53:00,P05,L,1.0,80.0,,qr
cmu,2026012000015,1,2026-01-20 10:15:00,P05,S,1.0,60.0,,qr
cmu,2026012000016,1,2026-01-20 10:29:00,P14,,3.0,85.0,,cash
cmu,2026012000017,1,2026-01-20 10:47:00,P02,M,1.0,55.0,M0232,qr
cmu,2026012000017,2,2026-01-20 10:47:00,P12,,1.0,55.0,M0232,qr
cmu,2026012000018,1,2026-01-20 10:55:00,P06,S,1.0,65.0,M0218,qr
cmu,2026012000018,2,2026-01-20 10:55:00,P15,,1.0,75.0,M0218,qr
cmu,2026012000018,3,2026-01-20 10:55:00,P02,L,1.0,65.0,M0218,qr
cmu,2026012000019,1,2026-01-20 12:35:00,P10,M,2.0,60.0,M0179,qr
cmu,2026012000020,1,2026-01-20 12:38:00,P12,,1.0,55.0,M0485,cash
cmu,2026012000021,1,2026-01-20 12:47:00,P08,M,1.0,70.0,,qr
cmu,2026012000022,1,2026-01-20 13:22:00,P05,M,1.0,70.0,M0050,qr
cmu,2026012000023,1,2026-01-20 14:00:00,P08,S,1.0,60.0,M0559,qr
cmu,2026012000024,1,2026-01-20 14:12:00,P01,S,2.0,45.0,,card
cmu,2026012000024,2,2026-01-20 14:12:00,P15,,1.0,75.0,,card
cmu,2026012000025,1,2026-01-20 14:35:00,P13,,1.0,50.0,,qr
cmu,2026012000025,2,2026-01-20 14:35:00,P10,M,1.0,60.0,,qr
cmu,2026012000026,1,2026-01-20 15:19:00,P10,S,3.0,50.0,,cash
cmu,2026012000026,2,2026-01-20 15:19:00,P08,M,1.0,70.0,,cash
cmu,2026012000027,1,2026-01-20 15:32:00,P07,M,1.0,55.0,M0555,qr
cmu,2026012000028,1,2026-01-20 15:35:00,P08,S,1.0,60.0,,cash
cmu,2026012000029,1,2026-01-20 16:13:00,P02,M,1.0,55.0,M0404,qr
cmu,2026012000029,2,2026-01-20 16:13:00,P12,,1.0,55.0,M0404,qr
cmu,2026012000030,1,2026-01-20 18:05:00,P02,L,2.0,65.0,,cash
cmu,2026012100001,1,2026-01-21 07:46:00,P03,S,2.0,55.0,,qr
cmu,2026012100002,1,2026-01-21 08:15:00,P05,S,1.0,60.0,,qr
cmu,2026012100003,1,2026-01-21 08:28:00,P14,,2.0,85.0,M0403,cash
cmu,2026012100004,1,2026-01-21 08:34:00,P05,L,1.0,80.0,M0743,card
cmu,2026012100004,2,2026-01-21 08:34:00,P13,,1.0,50.0,M0743,card
cmu,2026012100004,3,2026-01-21 08:34:00,P15,,1.0,75.0,M0743,card
cmu,2026012100005,1,2026-01-21 08:47:00,P10,M,3.0,60.0,M0556,qr
cmu,2026012100005,2,2026-01-21 08:47:00,P02,M,1.0,55.0,M0556,qr
cmu,2026012100006,1,2026-01-21 09:15:00,P03,M,1.0,65.0,M0453,qr
cmu,2026012100006,2,2026-01-21 09:15:00,P14,,1.0,85.0,M0453,qr
cmu,2026012100007,1,2026-01-21 09:16:00,P05,L,1.0,80.0,M0542,qr
cmu,2026012100008,1,2026-01-21 09:32:00,P04,L,1.0,75.0,,cash
cmu,2026012100008,2,2026-01-21 09:32:00,P14,,1.0,85.0,,cash
cmu,2026012100009,1,2026-01-21 09:37:00,P02,S,1.0,45.0,M0305,qr
cmu,2026012100009,2,2026-01-21 09:37:00,P12,,1.0,55.0,M0305,qr
cmu,2026012100009,3,2026-01-21 09:37:00,P03,M,1.0,65.0,M0305,qr
cmu,2026012100010,1,2026-01-21 09:56:00,P04,S,3.0,55.0,M0073,qr
cmu,2026012100010,2,2026-01-21 09:56:00,P07,M,1.0,55.0,M0073,qr
cmu,2026012100011,1,2026-01-21 11:57:00,P08,M,1.0,70.0,,qr
cmu,2026012100012,1,2026-01-21 12:29:00,P08,L,1.0,80.0,,qr
cmu,2026012100013,1,2026-01-21 12:48:00,P01,M,1.0,55.0,,cash
cmu,2026012100014,1,2026-01-21 14:43:00,P02,S,1.0,45.0,,qr
cmu,2026012100014,2,2026-01-21 14:43:00,P12,,1.0,55.0,,qr
cmu,2026012100015,1,2026-01-21 14:46:00,P04,S,1.0,55.0,M0418,qr
cmu,2026012100016,1,2026-01-21 14:50:00,P06,S,1.0,65.0,,qr
cmu,2026012100017,1,2026-01-21 14:54:00,P10,M,1.0,60.0,M0736,qr
cmu,2026012100017,2,2026-01-21 14:54:00,P08,S,1.0,60.0,M0736,qr
cmu,2026012100018,1,2026-01-21 15:20:00,P14,,2.0,85.0,,qr
cmu,2026012100019,1,2026-01-21 15:38:00,P06,M,1.0,75.0,M0125,qr
cmu,2026012100019,2,2026-01-21 15:38:00,P14,,1.0,85.0,M0125,qr
cmu,2026012100020,1,2026-01-21 15:42:00,P12,,1.0,55.0,,qr
cmu,2026012100021,1,2026-01-21 16:14:00,P08,L,2.0,80.0,,qr
cmu,2026012100021,2,2026-01-21 16:14:00,P15,,1.0,75.0,,qr
cmu,2026012100022,1,2026-01-21 16:16:00,P08,M,1.0,70.0,M0743,cash
cmu,2026012200001,1,2026-01-22 07:04:00,P03,M,1.0,65.0,M0509,cash
cmu,2026012200002,1,2026-01-22 07:39:00,P03,S,1.0,55.0,M0349,qr
cmu,2026012200003,1,2026-01-22 09:13:00,P01,S,3.0,45.0,M0492,qr
cmu,2026012200004,1,2026-01-22 10:16:00,P11,L,1.0,70.0,,qr
cmu,2026012200005,1,2026-01-22 10:23:00,P13,,1.0,50.0,M0363,qr
cmu,2026012200006,1,2026-01-22 10:50:00,P03,M,1.0,65.0,M0126,qr
cmu,2026012200006,2,2026-01-22 10:50:00,P14,,1.0,85.0,M0126,qr
cmu,2026012200006,3,2026-01-22 10:50:00,P02,M,1.0,55.0,M0126,qr
cmu,2026012200007,1,2026-01-22 10:52:00,P05,M,1.0,70.0,M0218,qr
cmu,2026012200008,1,2026-01-22 11:01:00,P04,M,1.0,65.0,,qr
cmu,2026012200009,1,2026-01-22 11:04:00,P01,M,2.0,55.0,,cash
cmu,2026012200009,2,2026-01-22 11:04:00,P15,,1.0,75.0,,cash
cmu,2026012200010,1,2026-01-22 11:53:00,P02,M,2.0,55.0,M0428,qr
cmu,2026012200011,1,2026-01-22 12:01:00,P01,S,1.0,45.0,M0517,qr
cmu,2026012200012,1,2026-01-22 12:19:00,P01,L,1.0,65.0,M0479,cash
cmu,2026012200012,2,2026-01-22 12:19:00,P15,,1.0,75.0,M0479,cash
cmu,2026012200013,1,2026-01-22 14:26:00,P07,M,1.0,55.0,M0341,qr
cmu,2026012200013,2,2026-01-22 14:26:00,P13,,1.0,50.0,M0341,qr
cmu,2026012200014,1,2026-01-22 15:09:00,P13,,1.0,50.0,,cash
cmu,2026012200015,1,2026-01-22 15:09:00,P03,M,1.0,65.0,M0218,cash
cmu,2026012200016,1,2026-01-22 15:15:00,P12,,1.0,55.0,,card
cmu,2026012200016,2,2026-01-22 15:15:00,P06,M,1.0,75.0,,card
cmu,2026012200017,1,2026-01-22 15:18:00,P01,M,1.0,55.0,M0583,cash
cmu,2026012200017,2,2026-01-22 15:18:00,P15,,1.0,75.0,M0583,cash
cmu,2026012200018,1,2026-01-22 15:26:00,P12,,1.0,55.0,,cash
cmu,2026012200019,1,2026-01-22 15:45:00,P11,L,1.0,70.0,M0301,qr
cmu,2026012200019,2,2026-01-22 15:45:00,P08,S,1.0,60.0,M0301,qr
cmu,2026012200020,1,2026-01-22 16:02:00,P14,,3.0,85.0,,qr
cmu,2026012200021,1,2026-01-22 16:30:00,P07,S,1.0,45.0,M0400,qr
cmu,2026012200022,1,2026-01-22 16:40:00,P10,M,1.0,60.0,,qr
cmu,2026012200023,1,2026-01-22 16:41:00,P08,L,1.0,80.0,,qr
cmu,2026012200023,2,2026-01-22 16:41:00,P15,,1.0,75.0,,qr
cmu,2026012200024,1,2026-01-22 16:50:00,P09,S,1.0,40.0,M0670,qr
cmu,2026012200025,1,2026-01-22 17:03:00,P07,L,1.0,65.0,M0349,qr
cmu,2026012200025,2,2026-01-22 17:03:00,P13,,1.0,50.0,M0349,qr
cmu,2026012200026,1,2026-01-22 18:27:00,P08,L,1.0,80.0,M0101,cash
cmu,2026012200026,2,2026-01-22 18:27:00,P15,,1.0,75.0,M0101,cash
cmu,2026012200027,1,2026-01-22 18:49:00,P07,M,1.0,55.0,M0703,qr
cmu,2026012200027,2,2026-01-22 18:49:00,P13,,1.0,50.0,M0703,qr
cmu,2026012200028,1,2026-01-22 18:54:00,P10,L,1.0,70.0,M0559,cash
cmu,2026012200029,1,2026-01-22 18:55:00,P11,L,1.0,70.0,,qr
cmu,2026012200030,1,2026-01-22 19:19:00,P06,M,1.0,75.0,M0723,qr
cmu,2026012200030,2,2026-01-22 19:19:00,P13,,1.0,50.0,M0723,qr
cmu,2026012200031,1,2026-01-22 19:20:00,P08,M,1.0,70.0,M0621,qr
cmu,2026012300001,1,2026-01-23 07:09:00,P11,L,1.0,70.0,,card
cmu,2026012300002,1,2026-01-23 08:29:00,P07,M,1.0,55.0,M0687,qr
cmu,2026012300003,1,2026-01-23 08:30:00,P02,S,1.0,45.0,M0257,qr
cmu,2026012300004,1,2026-01-23 09:11:00,P02,L,1.0,65.0,M0402,cash
cmu,2026012300005,1,2026-01-23 09:25:00,P05,L,2.0,80.0,M0800,cash
cmu,2026012300005,2,2026-01-23 09:25:00,P02,M,1.0,55.0,M0800,cash
cmu,2026012300006,1,2026-01-23 10:25:00,P03,M,2.0,65.0,,qr
cmu,2026012300007,1,2026-01-23 10:52:00,P04,L,1.0,75.0,M0322,qr
cmu,2026012300008,1,2026-01-23 11:04:00,P03,M,1.0,65.0,,qr
cmu,2026012300009,1,2026-01-23 11:18:00,P10,S,1.0,50.0,M0414,qr
cmu,2026012300010,1,2026-01-23 11:19:00,P14,,1.0,85.0,M0599,cash
cmu,2026012300011,1,2026-01-23 11:46:00,P02,S,1.0,45.0,M0125,qr
cmu,2026012300011,2,2026-01-23 11:46:00,P12,,1.0,55.0,M0125,qr
cmu,2026012300011,3,2026-01-23 11:46:00,P13,,1.0,50.0,M0125,qr
cmu,2026012300012,1,2026-01-23 12:32:00,P06,M,2.0,75.0,,qr
cmu,2026012300013,1,2026-01-23 12:47:00,P06,L,2.0,85.0,,cash
cmu,2026012300014,1,2026-01-23 13:02:00,P03,M,1.0,65.0,M0506,cash
cmu,2026012300014,2,2026-01-23 13:02:00,P14,,1.0,85.0,M0506,cash
cmu,2026012300015,1,2026-01-23 13:45:00,P09,M,1.0,50.0,M0695,cash
cmu,2026012300016,1,2026-01-23 14:31:00,P08,M,3.0,70.0,,cash
cmu,2026012300017,1,2026-01-23 15:28:00,P02,L,1.0,65.0,,qr
cmu,2026012300017,2,2026-01-23 15:28:00,P12,,1.0,55.0,,qr
cmu,2026012300018,1,2026-01-23 15:36:00,P10,L,1.0,70.0,,qr
cmu,2026012300019,1,2026-01-23 16:11:00,P01,M,3.0,55.0,M0041,qr
cmu,2026012300019,2,2026-01-23 16:11:00,P15,,1.0,75.0,M0041,qr
cmu,2026012300020,1,2026-01-23 16:18:00,P03,M,1.0,65.0,M0414,qr
cmu,2026012300021,1,2026-01-23 16:27:00,P05,M,1.0,70.0,M0491,qr
cmu,2026012300022,1,2026-01-23 17:14:00,P15,,1.0,75.0,,qr
cmu,2026012400001,1,2026-01-24 08:25:00,P04,M,1.0,65.0,,qr
cmu,2026012400002,1,2026-01-24 09:11:00,P07,M,1.0,55.0,,cash
cmu,2026012400002,2,2026-01-24 09:11:00,P01,M,1.0,55.0,,cash
cmu,2026012400003,1,2026-01-24 10:25:00,P08,M,1.0,70.0,M0433,cash
cmu,2026012400004,1,2026-01-24 11:00:00,P04,M,1.0,65.0,M0403,cash
cmu,2026012400005,1,2026-01-24 11:42:00,P09,L,1.0,60.0,,cash
cmu,2026012400006,1,2026-01-24 14:25:00,P07,M,1.0,55.0,M0724,qr
cmu,2026012400006,2,2026-01-24 14:25:00,P13,,1.0,50.0,M0724,qr
cmu,2026012400007,1,2026-01-24 14:57:00,P07,M,2.0,55.0,M0298,cash
cmu,2026012400007,2,2026-01-24 14:57:00,P13,,1.0,50.0,M0298,cash
cmu,2026012400008,1,2026-01-24 15:03:00,P12,,1.0,55.0,M0066,qr
cmu,2026012400009,1,2026-01-24 15:55:00,P13,,3.0,50.0,,qr
cmu,2026012500001,1,2026-01-25 08:55:00,P04,M,1.0,65.0,M0142,qr
cmu,2026012500001,2,2026-01-25 08:55:00,P12,,1.0,55.0,M0142,qr
cmu,2026012500002,1,2026-01-25 09:27:00,P02,S,2.0,45.0,M0422,cash
cmu,2026012500002,2,2026-01-25 09:27:00,P12,,1.0,55.0,M0422,cash
cmu,2026012500003,1,2026-01-25 10:09:00,P02,M,2.0,55.0,M0146,qr
cmu,2026012500003,2,2026-01-25 10:09:00,P12,,1.0,55.0,M0146,qr
cmu,2026012500004,1,2026-01-25 10:13:00,P02,M,2.0,55.0,,qr
cmu,2026012500004,2,2026-01-25 10:13:00,P12,,1.0,55.0,,qr
cmu,2026012500005,1,2026-01-25 10:23:00,P13,,1.0,50.0,M0086,qr
cmu,2026012500006,1,2026-01-25 13:52:00,P08,M,1.0,70.0,M0396,qr
cmu,2026012500007,1,2026-01-25 14:02:00,P12,,1.0,55.0,,qr
cmu,2026012500008,1,2026-01-25 14:08:00,P07,M,1.0,55.0,,cash
cmu,2026012500009,1,2026-01-25 15:57:00,P10,S,1.0,50.0,,qr
cmu,2026012500009,2,2026-01-25 15:57:00,P14,,1.0,85.0,,qr
cmu,2026012500010,1,2026-01-25 15:58:00,P08,S,1.0,60.0,M0536,qr
cmu,2026012500011,1,2026-01-25 17:54:00,P02,S,1.0,45.0,M0424,qr
cmu,2026012600001,1,2026-01-26 08:12:00,P06,M,1.0,75.0,M0459,qr
cmu,2026012600001,2,2026-01-26 08:12:00,P02,L,1.0,65.0,M0459,qr
cmu,2026012600002,1,2026-01-26 08:41:00,P07,M,2.0,55.0,,cash
cmu,2026012600002,2,2026-01-26 08:41:00,P13,,1.0,50.0,,cash
cmu,2026012600003,1,2026-01-26 08:50:00,P02,M,1.0,55.0,,qr
cmu,2026012600003,2,2026-01-26 08:50:00,P12,,1.0,55.0,,qr
cmu,2026012600004,1,2026-01-26 09:24:00,P12,,1.0,55.0,M0648,cash
cmu,2026012600005,1,2026-01-26 09:26:00,P15,,1.0,75.0,,cash
cmu,2026012600005,2,2026-01-26 09:26:00,P12,,1.0,55.0,,cash
cmu,2026012600006,1,2026-01-26 09:44:00,P09,M,1.0,50.0,,cash
cmu,2026012600007,1,2026-01-26 09:50:00,P13,,1.0,50.0,M0598,qr
cmu,2026012600008,1,2026-01-26 10:16:00,P01,M,1.0,55.0,,qr
cmu,2026012600008,2,2026-01-26 10:16:00,P15,,1.0,75.0,,qr
cmu,2026012600009,1,2026-01-26 10:58:00,P06,L,1.0,85.0,M0572,qr
cmu,2026012600010,1,2026-01-26 11:14:00,P09,S,1.0,40.0,,qr
cmu,2026012600011,1,2026-01-26 11:46:00,P05,S,1.0,60.0,,cash
cmu,2026012600011,2,2026-01-26 11:46:00,P15,,1.0,75.0,,cash
cmu,2026012600012,1,2026-01-26 11:46:00,P03,S,1.0,55.0,,qr
cmu,2026012600012,2,2026-01-26 11:46:00,P14,,1.0,85.0,,qr
cmu,2026012600013,1,2026-01-26 13:05:00,P11,M,1.0,60.0,M0418,cash
cmu,2026012600014,1,2026-01-26 13:13:00,P02,L,1.0,65.0,M0176,cash
cmu,2026012600014,2,2026-01-26 13:13:00,P12,,1.0,55.0,M0176,cash
cmu,2026012600015,1,2026-01-26 13:22:00,P08,L,2.0,80.0,M0215,cash
cmu,2026012600016,1,2026-01-26 13:52:00,P09,M,1.0,50.0,M0697,qr
cmu,2026012600017,1,2026-01-26 14:28:00,P04,M,1.0,65.0,,cash
cmu,2026012600018,1,2026-01-26 14:52:00,P07,M,1.0,55.0,M0170,qr
cmu,2026012600019,1,2026-01-26 15:40:00,P07,M,1.0,55.0,M0696,qr
cmu,2026012600020,1,2026-01-26 16:01:00,P04,M,1.0,65.0,M0646,cash
cmu,2026012600021,1,2026-01-26 16:13:00,P07,M,1.0,55.0,,qr
cmu,2026012600021,2,2026-01-26 16:13:00,P13,,1.0,50.0,,qr
cmu,2026012600022,1,2026-01-26 16:24:00,P11,L,1.0,70.0,,qr
cmu,2026012600023,1,2026-01-26 16:25:00,P13,,1.0,50.0,,qr
cmu,2026012600024,1,2026-01-26 16:27:00,P03,M,1.0,65.0,M0385,cash
cmu,2026012600025,1,2026-01-26 17:36:00,P05,M,1.0,70.0,M0710,qr
cmu,2026012600026,1,2026-01-26 17:46:00,P07,S,1.0,45.0,M0054,qr
cmu,2026012600026,2,2026-01-26 17:46:00,P13,,1.0,50.0,M0054,qr
cmu,2026012600026,3,2026-01-26 17:46:00,P03,M,1.0,65.0,M0054,qr
cmu,2026012600027,1,2026-01-26 17:55:00,P01,L,1.0,65.0,,qr
cmu,2026012600028,1,2026-01-26 18:05:00,P10,S,1.0,50.0,,qr
cmu,2026012600029,1,2026-01-26 18:20:00,P07,L,1.0,65.0,M0695,qr
cmu,2026012600030,1,2026-01-26 18:52:00,P03,S,1.0,55.0,,cash
cmu,2026012600030,2,2026-01-26 18:52:00,P14,,1.0,85.0,,cash
cmu,2026012600031,1,2026-01-26 19:55:00,P11,L,2.0,70.0,,qr
cmu,2026012700001,1,2026-01-27 07:09:00,P07,M,1.0,55.0,,qr
cmu,2026012700001,2,2026-01-27 07:09:00,P13,,1.0,50.0,,qr
cmu,2026012700002,1,2026-01-27 08:40:00,P03,M,1.0,65.0,,cash
cmu,2026012700003,1,2026-01-27 08:54:00,P07,S,1.0,45.0,M0160,cash
cmu,2026012700004,1,2026-01-27 08:56:00,P05,M,1.0,70.0,M0269,cash
cmu,2026012700004,2,2026-01-27 08:56:00,P15,,1.0,75.0,M0269,cash
cmu,2026012700005,1,2026-01-27 10:25:00,P03,M,3.0,65.0,,cash
cmu,2026012700005,2,2026-01-27 10:25:00,P08,L,1.0,80.0,,cash
cmu,2026012700006,1,2026-01-27 10:54:00,P02,L,1.0,65.0,,qr
cmu,2026012700006,2,2026-01-27 10:54:00,P12,,1.0,55.0,,qr
cmu,2026012700007,1,2026-01-27 11:19:00,P06,S,1.0,65.0,,cash
cmu,2026012700007,2,2026-01-27 11:19:00,P12,,1.0,55.0,,cash
cmu,2026012700008,1,2026-01-27 11:26:00,P03,S,1.0,55.0,M0335,cash
cmu,2026012700009,1,2026-01-27 11:46:00,P03,M,1.0,65.0,M0678,cash
cmu,2026012700010,1,2026-01-27 12:37:00,P12,,1.0,55.0,M0297,qr
cmu,2026012700010,2,2026-01-27 12:37:00,P08,L,1.0,80.0,M0297,qr
cmu,2026012700011,1,2026-01-27 12:42:00,P09,M,1.0,50.0,M0736,cash
cmu,2026012700012,1,2026-01-27 13:01:00,P05,M,1.0,70.0,,qr
cmu,2026012700013,1,2026-01-27 14:35:00,P08,L,1.0,80.0,M0794,cash
cmu,2026012700014,1,2026-01-27 14:54:00,P13,,1.0,50.0,M0449,card
cmu,2026012700015,1,2026-01-27 15:33:00,P06,M,1.0,75.0,,cash
cmu,2026012700016,1,2026-01-27 15:48:00,P03,M,1.0,65.0,,qr
cmu,2026012700017,1,2026-01-27 16:00:00,P08,M,1.0,70.0,M0575,qr
cmu,2026012700018,1,2026-01-27 16:08:00,P10,S,1.0,50.0,,cash
cmu,2026012700018,2,2026-01-27 16:08:00,P12,,1.0,55.0,,cash
cmu,2026012700018,3,2026-01-27 16:08:00,P07,L,1.0,65.0,,cash
cmu,2026012700019,1,2026-01-27 16:12:00,P11,M,1.0,60.0,M0206,cash
cmu,2026012700019,2,2026-01-27 16:12:00,P10,S,1.0,50.0,M0206,cash
cmu,2026012700020,1,2026-01-27 16:33:00,P08,M,1.0,70.0,,card
cmu,2026012700021,1,2026-01-27 16:38:00,P03,L,2.0,75.0,,qr
cmu,2026012700021,2,2026-01-27 16:38:00,P12,,1.0,55.0,,qr
cmu,2026012700022,1,2026-01-27 16:50:00,P03,L,1.0,75.0,M0710,card
cmu,2026012700023,1,2026-01-27 17:19:00,P11,M,1.0,60.0,,qr
cmu,2026012700024,1,2026-01-27 17:20:00,P09,L,1.0,60.0,,cash
cmu,2026012700025,1,2026-01-27 18:14:00,P07,M,2.0,55.0,,cash
cmu,2026012700026,1,2026-01-27 18:28:00,P10,M,1.0,60.0,,qr
cmu,2026012700026,2,2026-01-27 18:28:00,P07,M,1.0,55.0,,qr
cmu,2026012700027,1,2026-01-27 18:51:00,P08,M,1.0,70.0,M0559,qr
cmu,2026012700028,1,2026-01-27 18:59:00,P08,M,1.0,70.0,,cash
cmu,2026012800001,1,2026-01-28 07:26:00,P02,L,1.0,65.0,M0146,cash
cmu,2026012800001,2,2026-01-28 07:26:00,P05,M,1.0,70.0,M0146,cash
cmu,2026012800002,1,2026-01-28 07:34:00,P08,M,1.0,70.0,M0312,cash
cmu,2026012800002,2,2026-01-28 07:34:00,P12,,1.0,55.0,M0312,cash
cmu,2026012800003,1,2026-01-28 08:20:00,P04,M,1.0,65.0,,qr
cmu,2026012800004,1,2026-01-28 08:39:00,P04,L,2.0,75.0,,card
cmu,2026012800005,1,2026-01-28 08:45:00,P05,M,2.0,70.0,,qr
cmu,2026012800006,1,2026-01-28 09:20:00,P11,S,1.0,50.0,,card
cmu,2026012800007,1,2026-01-28 09:23:00,P03,S,1.0,55.0,M0635,cash
cmu,2026012800008,1,2026-01-28 09:34:00,P04,L,1.0,75.0,,cash
cmu,2026012800008,2,2026-01-28 09:34:00,P12,,1.0,55.0,,cash
cmu,2026012800009,1,2026-01-28 10:48:00,P13,,1.0,50.0,,qr
cmu,2026012800010,1,2026-01-28 10:52:00,P04,S,1.0,55.0,,cash
cmu,2026012800011,1,2026-01-28 11:14:00,P06,M,1.0,75.0,M0200,qr
cmu,2026012800012,1,2026-01-28 11:19:00,P09,L,1.0,60.0,,qr
cmu,2026012800012,2,2026-01-28 11:19:00,P13,,1.0,50.0,,qr
cmu,2026012800013,1,2026-01-28 11:32:00,P07,M,1.0,55.0,,qr
cmu,2026012800013,2,2026-01-28 11:32:00,P13,,1.0,50.0,,qr
cmu,2026012800014,1,2026-01-28 11:49:00,P08,M,2.0,70.0,,qr
cmu,2026012800015,1,2026-01-28 12:50:00,P08,L,2.0,80.0,,qr
cmu,2026012800016,1,2026-01-28 13:50:00,P10,S,1.0,50.0,,card
cmu,2026012800017,1,2026-01-28 14:24:00,P01,S,1.0,45.0,M0202,qr
cmu,2026012800018,1,2026-01-28 14:32:00,P02,S,1.0,45.0,,qr
cmu,2026012800019,1,2026-01-28 15:20:00,P12,,2.0,55.0,,qr
cmu,2026012800020,1,2026-01-28 17:31:00,P07,S,1.0,45.0,M0446,cash
cmu,2026012800020,2,2026-01-28 17:31:00,P13,,1.0,50.0,M0446,cash
cmu,2026012800021,1,2026-01-28 17:45:00,P06,M,1.0,75.0,,qr
cmu,2026012800022,1,2026-01-28 17:53:00,P06,S,2.0,65.0,,card
cmu,2026012800023,1,2026-01-28 18:58:00,P06,M,1.0,75.0,,cash
cmu,2026012800024,1,2026-01-28 19:22:00,P08,M,1.0,70.0,,cash
cmu,2026012900001,1,2026-01-29 07:56:00,P03,S,1.0,55.0,,cash
cmu,2026012900001,2,2026-01-29 07:56:00,P14,,1.0,85.0,,cash
cmu,2026012900002,1,2026-01-29 08:09:00,P10,L,1.0,70.0,,qr
cmu,2026012900002,2,2026-01-29 08:09:00,P03,M,1.0,65.0,,qr
cmu,2026012900003,1,2026-01-29 08:32:00,P14,,1.0,85.0,M0594,qr
cmu,2026012900003,2,2026-01-29 08:32:00,P02,S,1.0,45.0,M0594,qr
cmu,2026012900004,1,2026-01-29 08:46:00,P11,S,2.0,50.0,,card
cmu,2026012900005,1,2026-01-29 09:06:00,P02,M,1.0,55.0,,cash
cmu,2026012900005,2,2026-01-29 09:06:00,P15,,1.0,75.0,,cash
cmu,2026012900006,1,2026-01-29 09:18:00,P02,M,1.0,55.0,M0151,qr
cmu,2026012900007,1,2026-01-29 09:26:00,P03,L,1.0,75.0,M0622,qr
cmu,2026012900007,2,2026-01-29 09:26:00,P14,,1.0,85.0,M0622,qr
cmu,2026012900008,1,2026-01-29 09:30:00,P02,S,1.0,45.0,,qr
cmu,2026012900009,1,2026-01-29 09:36:00,P12,,1.0,55.0,,cash
cmu,2026012900009,2,2026-01-29 09:36:00,P03,L,1.0,75.0,,cash
cmu,2026012900010,1,2026-01-29 10:19:00,P03,M,1.0,65.0,,cash
cmu,2026012900011,1,2026-01-29 10:37:00,P07,S,1.0,45.0,M0648,qr
cmu,2026012900011,2,2026-01-29 10:37:00,P13,,1.0,50.0,M0648,qr
cmu,2026012900012,1,2026-01-29 10:52:00,P03,S,1.0,55.0,M0527,qr
cmu,2026012900013,1,2026-01-29 11:14:00,P02,S,2.0,45.0,,qr
cmu,2026012900013,2,2026-01-29 11:14:00,P12,,1.0,55.0,,qr
cmu,2026012900014,1,2026-01-29 11:21:00,P06,M,2.0,75.0,M0783,qr
cmu,2026012900015,1,2026-01-29 11:23:00,P04,M,1.0,65.0,,cash
cmu,2026012900016,1,2026-01-29 11:29:00,P08,L,1.0,80.0,,qr
cmu,2026012900017,1,2026-01-29 11:47:00,P01,M,1.0,55.0,M0512,qr
cmu,2026012900017,2,2026-01-29 11:47:00,P15,,1.0,75.0,M0512,qr
cmu,2026012900018,1,2026-01-29 11:56:00,P02,S,1.0,45.0,M0062,qr
cmu,2026012900018,2,2026-01-29 11:56:00,P12,,1.0,55.0,M0062,qr
cmu,2026012900019,1,2026-01-29 12:33:00,P12,,1.0,55.0,M0525,qr
cmu,2026012900020,1,2026-01-29 12:47:00,P07,M,1.0,55.0,,qr
cmu,2026012900020,2,2026-01-29 12:47:00,P02,L,1.0,65.0,,qr
cmu,2026012900021,1,2026-01-29 13:24:00,P07,S,1.0,45.0,M0581,cash
cmu,2026012900022,1,2026-01-29 13:39:00,P11,M,1.0,60.0,M0222,cash
cmu,2026012900023,1,2026-01-29 13:56:00,P07,L,1.0,65.0,,qr
cmu,2026012900024,1,2026-01-29 14:05:00,P03,M,1.0,65.0,M0658,qr
cmu,2026012900025,1,2026-01-29 14:27:00,P07,M,1.0,55.0,,qr
cmu,2026012900026,1,2026-01-29 14:52:00,P02,M,1.0,55.0,,card
cmu,2026012900026,2,2026-01-29 14:52:00,P12,,1.0,55.0,,card
cmu,2026012900027,1,2026-01-29 15:36:00,P05,S,1.0,60.0,M0232,qr
cmu,2026012900028,1,2026-01-29 15:59:00,P10,M,1.0,60.0,M0008,qr
cmu,2026012900029,1,2026-01-29 16:30:00,P05,M,1.0,70.0,M0606,card
cmu,2026012900030,1,2026-01-29 17:23:00,P13,,1.0,50.0,M0422,qr
cmu,2026013000001,1,2026-01-30 07:04:00,P02,M,1.0,55.0,M0761,qr
cmu,2026013000002,1,2026-01-30 07:48:00,P03,M,1.0,65.0,M0682,cash
cmu,2026013000002,2,2026-01-30 07:48:00,P14,,1.0,85.0,M0682,cash
cmu,2026013000003,1,2026-01-30 08:09:00,P12,,1.0,55.0,,qr
cmu,2026013000004,1,2026-01-30 08:27:00,P03,L,3.0,75.0,,qr
cmu,2026013000005,1,2026-01-30 09:12:00,P02,L,1.0,65.0,,qr
cmu,2026013000005,2,2026-01-30 09:12:00,P12,,1.0,55.0,,qr
cmu,2026013000005,3,2026-01-30 09:12:00,P08,M,1.0,70.0,,qr
cmu,2026013000006,1,2026-01-30 09:18:00,P03,M,1.0,65.0,,qr
cmu,2026013000007,1,2026-01-30 09:59:00,P15,,1.0,75.0,M0479,cash
cmu,2026013000008,1,2026-01-30 11:36:00,P04,L,1.0,75.0,,qr
cmu,2026013000009,1,2026-01-30 12:05:00,P02,S,1.0,45.0,M0608,qr
cmu,2026013000010,1,2026-01-30 12:12:00,P09,M,1.0,50.0,M0701,card
cmu,2026013000011,1,2026-01-30 12:49:00,P07,M,1.0,55.0,,qr
cmu,2026013000011,2,2026-01-30 12:49:00,P13,,1.0,50.0,,qr
cmu,2026013000012,1,2026-01-30 13:14:00,P08,M,1.0,70.0,M0600,cash
cmu,2026013000013,1,2026-01-30 13:15:00,P02,M,3.0,55.0,,cash
cmu,2026013000013,2,2026-01-30 13:15:00,P12,,1.0,55.0,,cash
cmu,2026013000014,1,2026-01-30 13:53:00,P02,M,1.0,55.0,M0232,qr
cmu,2026013000014,2,2026-01-30 13:53:00,P06,M,1.0,75.0,M0232,qr
cmu,2026013000015,1,2026-01-30 14:02:00,P04,M,2.0,65.0,M0402,qr
cmu,2026013000015,2,2026-01-30 14:02:00,P07,M,1.0,55.0,M0402,qr
cmu,2026013000016,1,2026-01-30 14:14:00,P03,S,1.0,55.0,M0403,card
cmu,2026013000016,2,2026-01-30 14:14:00,P15,,1.0,75.0,M0403,card
cmu,2026013000017,1,2026-01-30 14:56:00,P03,M,1.0,65.0,,cash
cmu,2026013000018,1,2026-01-30 15:32:00,P09,L,1.0,60.0,,cash
cmu,2026013000019,1,2026-01-30 15:56:00,P07,S,1.0,45.0,M0639,qr
cmu,2026013000020,1,2026-01-30 16:51:00,P06,L,1.0,85.0,,cash
cmu,2026013000021,1,2026-01-30 17:21:00,P09,S,1.0,40.0,,cash
cmu,2026013000022,1,2026-01-30 18:28:00,P06,M,1.0,75.0,M0534,cash
cmu,2026013000023,1,2026-01-30 18:34:00,P12,,1.0,55.0,,qr
cmu,2026013000023,2,2026-01-30 18:34:00,P03,M,1.0,65.0,,qr
cmu,2026013000024,1,2026-01-30 18:55:00,P07,M,2.0,55.0,,qr
cmu,2026013000025,1,2026-01-30 18:56:00,P12,,1.0,55.0,M0617,cash
cmu,2026013100001,1,2026-01-31 08:16:00,P14,,2.0,85.0,M0241,cash
cmu,2026013100001,2,2026-01-31 08:16:00,P15,,1.0,75.0,M0241,cash
cmu,2026013100002,1,2026-01-31 09:13:00,P03,M,1.0,65.0,M0503,qr
cmu,2026013100003,1,2026-01-31 09:56:00,P03,S,1.0,55.0,M0606,cash
cmu,2026013100003,2,2026-01-31 09:56:00,P14,,1.0,85.0,M0606,cash
cmu,2026013100004,1,2026-01-31 10:45:00,P01,L,1.0,65.0,M0695,qr
cmu,2026013100004,2,2026-01-31 10:45:00,P13,,1.0,50.0,M0695,qr
cmu,2026013100005,1,2026-01-31 12:06:00,P08,M,1.0,70.0,,qr
cmu,2026013100006,1,2026-01-31 13:16:00,P10,L,1.0,70.0,M0109,qr
cmu,2026013100007,1,2026-01-31 14:26:00,P07,M,1.0,55.0,M0646,cash
cmu,2026013100008,1,2026-01-31 15:07:00,P13,,1.0,50.0,,qr
cmu,2026013100009,1,2026-01-31 15:26:00,P08,S,2.0,60.0,,qr
cmu,2026013100009,2,2026-01-31 15:26:00,P03,M,1.0,65.0,,qr
cmu,2026013100010,1,2026-01-31 15:33:00,P04,M,1.0,65.0,M0550,card
cmu,2026013100010,2,2026-01-31 15:33:00,P12,,1.0,55.0,M0550,card
cmu,2026013100011,1,2026-01-31 16:47:00,P10,M,1.0,60.0,,cash
cmu,2026013100012,1,2026-01-31 17:59:00,P03,M,1.0,65.0,,qr
cmu,2026013100012,2,2026-01-31 17:59:00,P14,,1.0,85.0,,qr
cmu,2026013100013,1,2026-01-31 18:42:00,P08,L,1.0,80.0,,qr
cmu,2026020100001,1,2026-02-01 07:35:00,P02,S,1.0,45.0,,qr
cmu,2026020100002,1,2026-02-01 08:06:00,P07,M,1.0,55.0,M0460,cash
cmu,2026020100002,2,2026-02-01 08:06:00,P02,M,1.0,55.0,M0460,cash
cmu,2026020100003,1,2026-02-01 08:12:00,P12,,1.0,55.0,M0329,qr
cmu,2026020100004,1,2026-02-01 10:27:00,P07,M,1.0,55.0,,card
cmu,2026020100005,1,2026-02-01 11:18:00,P09,S,1.0,40.0,,qr
cmu,2026020100006,1,2026-02-01 11:47:00,P13,,1.0,50.0,,qr
cmu,2026020100007,1,2026-02-01 14:20:00,P04,S,1.0,55.0,,qr
cmu,2026020100008,1,2026-02-01 18:11:00,P03,S,1.0,55.0,M0029,cash
cmu,2026020100008,2,2026-02-01 18:11:00,P14,,1.0,85.0,M0029,cash
cmu,2026020200001,1,2026-02-02 07:25:00,P12,,2.0,55.0,M0227,qr
cmu,2026020200002,1,2026-02-02 07:32:00,P13,,2.0,50.0,,cash
cmu,2026020200003,1,2026-02-02 07:41:00,P15,,1.0,75.0,,cash
cmu,2026020200004,1,2026-02-02 08:38:00,P09,M,2.0,50.0,M0456,cash
cmu,2026020200005,1,2026-02-02 08:39:00,P05,S,1.0,60.0,,cash
cmu,2026020200006,1,2026-02-02 08:57:00,P15,,1.0,75.0,M0394,qr
cmu,2026020200007,1,2026-02-02 09:02:00,P10,L,1.0,70.0,,card
cmu,2026020200008,1,2026-02-02 09:06:00,P12,,1.0,55.0,,cash
cmu,2026020200009,1,2026-02-02 09:28:00,P03,M,1.0,65.0,M0456,qr
cmu,2026020200009,2,2026-02-02 09:28:00,P14,,1.0,85.0,M0456,qr
cmu,2026020200010,1,2026-02-02 09:30:00,P02,M,1.0,55.0,,qr
cmu,2026020200010,2,2026-02-02 09:30:00,P12,,1.0,55.0,,qr
cmu,2026020200011,1,2026-02-02 09:33:00,P03,L,2.0,75.0,M0218,qr
cmu,2026020200012,1,2026-02-02 09:34:00,P03,M,1.0,65.0,M0780,cash
cmu,2026020200012,2,2026-02-02 09:34:00,P14,,1.0,85.0,M0780,cash
cmu,2026020200013,1,2026-02-02 09:37:00,P12,,1.0,55.0,M0041,cash
cmu,2026020200014,1,2026-02-02 09:43:00,P12,,1.0,55.0,,qr
cmu,2026020200015,1,2026-02-02 10:06:00,P08,M,1.0,70.0,M0707,qr
cmu,2026020200016,1,2026-02-02 10:27:00,P02,S,1.0,45.0,M0239,qr
cmu,2026020200016,2,2026-02-02 10:27:00,P12,,1.0,55.0,M0239,qr
cmu,2026020200017,1,2026-02-02 13:01:00,P09,L,1.0,60.0,,cash
cmu,2026020200018,1,2026-02-02 14:08:00,P01,S,1.0,45.0,M0170,cash
cmu,2026020200018,2,2026-02-02 14:08:00,P05,M,1.0,70.0,M0170,cash
cmu,2026020200019,1,2026-02-02 14:42:00,P10,S,1.0,50.0,M0613,cash
cmu,2026020200020,1,2026-02-02 14:44:00,P06,M,1.0,75.0,M0272,cash
cmu,2026020200021,1,2026-02-02 14:45:00,P15,,1.0,75.0,,qr
cmu,2026020200022,1,2026-02-02 14:55:00,P13,,1.0,50.0,,cash
cmu,2026020200023,1,2026-02-02 15:35:00,P04,L,1.0,75.0,M0502,cash
cmu,2026020200023,2,2026-02-02 15:35:00,P13,,1.0,50.0,M0502,cash
cmu,2026020200023,3,2026-02-02 15:35:00,P12,,1.0,55.0,M0502,cash
cmu,2026020200024,1,2026-02-02 15:35:00,P06,L,1.0,85.0,M0329,qr
cmu,2026020200024,2,2026-02-02 15:35:00,P14,,1.0,85.0,M0329,qr
cmu,2026020200025,1,2026-02-02 15:36:00,P02,S,2.0,45.0,,qr
cmu,2026020200026,1,2026-02-02 16:00:00,P07,S,2.0,45.0,,qr
cmu,2026020200026,2,2026-02-02 16:00:00,P13,,1.0,50.0,,qr
cmu,2026020200027,1,2026-02-02 17:24:00,P07,S,2.0,45.0,M0701,qr
cmu,2026020200028,1,2026-02-02 17:50:00,P14,,1.0,85.0,,qr
cmu,2026020200029,1,2026-02-02 18:06:00,P07,L,1.0,65.0,,qr
cmu,2026020200029,2,2026-02-02 18:06:00,P13,,1.0,50.0,,qr
cmu,2026020200030,1,2026-02-02 18:32:00,P08,M,2.0,70.0,M0558,cash
cmu,2026020200030,2,2026-02-02 18:32:00,P07,M,1.0,55.0,M0558,cash
cmu,2026020200031,1,2026-02-02 18:37:00,P12,,1.0,55.0,,cash
cmu,2026020300001,1,2026-02-03 07:41:00,P07,M,2.0,55.0,,cash
cmu,2026020300001,2,2026-02-03 07:41:00,P13,,1.0,50.0,,cash
cmu,2026020300002,1,2026-02-03 08:09:00,P05,S,1.0,60.0,M0126,qr
cmu,2026020300003,1,2026-02-03 08:24:00,P05,M,2.0,70.0,M0606,qr
cmu,2026020300004,1,2026-02-03 08:26:00,P03,S,1.0,55.0,,cash
cmu,2026020300005,1,2026-02-03 08:26:00,P09,L,1.0,60.0,M0556,cash
cmu,2026020300006,1,2026-02-03 08:48:00,P05,M,1.0,70.0,M0047,qr
cmu,2026020300007,1,2026-02-03 09:01:00,P01,M,1.0,55.0,M0070,cash
cmu,2026020300007,2,2026-02-03 09:01:00,P15,,1.0,75.0,M0070,cash
cmu,2026020300008,1,2026-02-03 09:32:00,P09,L,1.0,60.0,M0064,card
cmu,2026020300009,1,2026-02-03 09:35:00,P15,,1.0,75.0,,qr
cmu,2026020300010,1,2026-02-03 09:51:00,P02,S,1.0,45.0,,cash
cmu,2026020300011,1,2026-02-03 09:57:00,P03,S,1.0,55.0,,cash
cmu,2026020300012,1,2026-02-03 11:10:00,P06,L,1.0,85.0,,qr
cmu,2026020300013,1,2026-02-03 11:11:00,P02,M,1.0,55.0,,qr
cmu,2026020300014,1,2026-02-03 11:15:00,P06,S,1.0,65.0,,qr
cmu,2026020300015,1,2026-02-03 13:17:00,P11,M,1.0,60.0,M0170,qr
cmu,2026020300015,2,2026-02-03 13:17:00,P12,,1.0,55.0,M0170,qr
cmu,2026020300016,1,2026-02-03 14:40:00,P06,L,1.0,85.0,M0267,qr
cmu,2026020300017,1,2026-02-03 15:05:00,P02,S,1.0,45.0,,qr
cmu,2026020300018,1,2026-02-03 16:05:00,P08,M,1.0,70.0,,cash
cmu,2026020300018,2,2026-02-03 16:05:00,P15,,1.0,75.0,,cash
cmu,2026020300019,1,2026-02-03 16:40:00,P03,M,1.0,65.0,M0626,card
cmu,2026020300019,2,2026-02-03 16:40:00,P14,,1.0,85.0,M0626,card
cmu,2026020300020,1,2026-02-03 18:40:00,P10,M,1.0,60.0,M0512,cash
cmu,2026020400001,1,2026-02-04 07:15:00,P03,M,2.0,65.0,,card
cmu,2026020400001,2,2026-02-04 07:15:00,P14,,1.0,85.0,,card
cmu,2026020400002,1,2026-02-04 08:15:00,P03,S,1.0,55.0,M0220,cash
cmu,2026020400003,1,2026-02-04 08:20:00,P04,M,2.0,65.0,,cash
cmu,2026020400004,1,2026-02-04 08:21:00,P03,M,1.0,65.0,,qr
cmu,2026020400005,1,2026-02-04 08:31:00,P02,L,1.0,65.0,M0160,qr
cmu,2026020400005,2,2026-02-04 08:31:00,P12,,1.0,55.0,M0160,qr
cmu,2026020400006,1,2026-02-04 08:34:00,P14,,1.0,85.0,,qr
cmu,2026020400007,1,2026-02-04 08:39:00,P07,L,1.0,65.0,M0659,qr
cmu,2026020400008,1,2026-02-04 08:47:00,P06,M,1.0,75.0,,cash
cmu,2026020400009,1,2026-02-04 08:49:00,P09,M,2.0,50.0,M0498,qr
cmu,2026020400010,1,2026-02-04 09:35:00,P07,M,1.0,55.0,,qr
cmu,2026020400010,2,2026-02-04 09:35:00,P13,,1.0,50.0,,qr
cmu,2026020400011,1,2026-02-04 09:44:00,P01,L,1.0,65.0,M0229,cash
cmu,2026020400011,2,2026-02-04 09:44:00,P15,,1.0,75.0,M0229,cash
cmu,2026020400012,1,2026-02-04 10:23:00,P02,L,1.0,65.0,,qr
cmu,2026020400012,2,2026-02-04 10:23:00,P12,,1.0,55.0,,qr
cmu,2026020400013,1,2026-02-04 10:24:00,P06,L,2.0,85.0,M0080,qr
cmu,2026020400014,1,2026-02-04 10:53:00,P15,,1.0,75.0,M0450,qr
cmu,2026020400015,1,2026-02-04 11:53:00,P06,M,1.0,75.0,M0160,qr
cmu,2026020400016,1,2026-02-04 11:57:00,P14,,2.0,85.0,,cash
cmu,2026020400017,1,2026-02-04 12:02:00,P08,S,1.0,60.0,,qr
cmu,2026020400018,1,2026-02-04 12:22:00,P01,L,1.0,65.0,M0740,qr
cmu,2026020400018,2,2026-02-04 12:22:00,P15,,1.0,75.0,M0740,qr
cmu,2026020400019,1,2026-02-04 12:35:00,P01,M,1.0,55.0,,qr
cmu,2026020400020,1,2026-02-04 12:39:00,P04,S,1.0,55.0,,cash
cmu,2026020400021,1,2026-02-04 12:39:00,P07,M,3.0,55.0,,qr
cmu,2026020400022,1,2026-02-04 13:50:00,P10,S,1.0,50.0,M0701,qr
cmu,2026020400023,1,2026-02-04 14:04:00,P14,,2.0,85.0,M0273,cash
cmu,2026020400024,1,2026-02-04 14:07:00,P09,S,1.0,40.0,M0361,cash
cmu,2026020400025,1,2026-02-04 14:38:00,P13,,1.0,50.0,,qr
cmu,2026020400026,1,2026-02-04 14:55:00,P15,,1.0,75.0,,qr
cmu,2026020400027,1,2026-02-04 15:04:00,P08,L,1.0,80.0,M0741,cash
cmu,2026020400027,2,2026-02-04 15:04:00,P13,,1.0,50.0,M0741,cash
cmu,2026020400027,3,2026-02-04 15:04:00,P07,S,1.0,45.0,M0741,cash
cmu,2026020400028,1,2026-02-04 15:13:00,P08,L,1.0,80.0,M0688,qr
cmu,2026020400028,2,2026-02-04 15:13:00,P12,,1.0,55.0,M0688,qr
cmu,2026020400029,1,2026-02-04 15:20:00,P09,M,1.0,50.0,,qr
cmu,2026020400030,1,2026-02-04 15:22:00,P14,,2.0,85.0,M0212,qr
cmu,2026020400031,1,2026-02-04 15:26:00,P07,M,3.0,55.0,M0458,qr
cmu,2026020400032,1,2026-02-04 15:36:00,P15,,2.0,75.0,,cash
cmu,2026020400033,1,2026-02-04 15:42:00,P13,,1.0,50.0,,cash
cmu,2026020400034,1,2026-02-04 15:53:00,P02,M,1.0,55.0,M0284,cash
cmu,2026020400035,1,2026-02-04 16:00:00,P07,S,1.0,45.0,,qr
cmu,2026020400036,1,2026-02-04 16:20:00,P12,,1.0,55.0,M0698,cash
cmu,2026020400037,1,2026-02-04 17:17:00,P07,S,1.0,45.0,M0167,cash
cmu,2026020400037,2,2026-02-04 17:17:00,P13,,1.0,50.0,M0167,cash
cmu,2026020400038,1,2026-02-04 17:40:00,P09,M,1.0,50.0,M0180,qr
cmu,2026020400038,2,2026-02-04 17:40:00,P13,,1.0,50.0,M0180,qr
cmu,2026020400039,1,2026-02-04 18:51:00,P12,,1.0,55.0,,qr
cmu,2026020500001,1,2026-02-05 07:55:00,P02,L,1.0,65.0,M0232,card
cmu,2026020500002,1,2026-02-05 08:37:00,P03,M,1.0,65.0,,qr
cmu,2026020500002,2,2026-02-05 08:37:00,P14,,1.0,85.0,,qr
cmu,2026020500003,1,2026-02-05 09:16:00,P03,L,1.0,75.0,M0357,qr
cmu,2026020500003,2,2026-02-05 09:16:00,P14,,1.0,85.0,M0357,qr
cmu,2026020500004,1,2026-02-05 09:16:00,P15,,1.0,75.0,M0093,qr
cmu,2026020500004,2,2026-02-05 09:16:00,P09,M,1.0,50.0,M0093,qr
cmu,2026020500005,1,2026-02-05 09:25:00,P03,S,1.0,55.0,,qr
cmu,2026020500005,2,2026-02-05 09:25:00,P14,,1.0,85.0,,qr
cmu,2026020500006,1,2026-02-05 09:39:00,P13,,3.0,50.0,,qr
cmu,2026020500007,1,2026-02-05 10:05:00,P03,M,1.0,65.0,M0116,cash
cmu,2026020500008,1,2026-02-05 11:02:00,P08,L,1.0,80.0,M0625,qr
cmu,2026020500009,1,2026-02-05 11:30:00,P11,M,3.0,60.0,,card
cmu,2026020500009,2,2026-02-05 11:30:00,P02,S,1.0,45.0,,card
cmu,2026020500010,1,2026-02-05 11:51:00,P10,M,1.0,60.0,M0418,cash
cmu,2026020500010,2,2026-02-05 11:51:00,P14,,1.0,85.0,M0418,cash
cmu,2026020500011,1,2026-02-05 12:00:00,P14,,1.0,85.0,M0128,qr
cmu,2026020500012,1,2026-02-05 12:53:00,P04,L,1.0,75.0,,cash
cmu,2026020500013,1,2026-02-05 12:54:00,P11,L,1.0,70.0,,card
cmu,2026020500014,1,2026-02-05 13:12:00,P06,M,1.0,75.0,,qr
cmu,2026020500014,2,2026-02-05 13:12:00,P12,,1.0,55.0,,qr
cmu,2026020500015,1,2026-02-05 13:17:00,P04,S,1.0,55.0,,qr
cmu,2026020500016,1,2026-02-05 13:34:00,P12,,1.0,55.0,,qr
cmu,2026020500016,2,2026-02-05 13:34:00,P11,L,1.0,70.0,,qr
cmu,2026020500017,1,2026-02-05 14:06:00,P09,S,2.0,40.0,M0241,cash
cmu,2026020500018,1,2026-02-05 14:46:00,P12,,1.0,55.0,,cash
cmu,2026020500019,1,2026-02-05 15:02:00,P10,M,1.0,60.0,,qr
cmu,2026020500020,1,2026-02-05 15:09:00,P08,M,1.0,70.0,M0227,qr
cmu,2026020500021,1,2026-02-05 15:32:00,P06,M,1.0,75.0,,qr
cmu,2026020500022,1,2026-02-05 15:36:00,P15,,1.0,75.0,,cash
cmu,2026020500023,1,2026-02-05 17:05:00,P08,L,2.0,80.0,,cash
cmu,2026020500024,1,2026-02-05 18:20:00,P07,L,1.0,65.0,M0357,qr
cmu,2026020500024,2,2026-02-05 18:20:00,P13,,1.0,50.0,M0357,qr
cmu,2026020500025,1,2026-02-05 18:36:00,P02,S,1.0,45.0,,cash
cmu,2026020500026,1,2026-02-05 19:13:00,P08,L,1.0,80.0,M0045,qr
cmu,2026020600001,1,2026-02-06 07:19:00,P02,M,1.0,55.0,,card
cmu,2026020600002,1,2026-02-06 07:36:00,P02,S,1.0,45.0,,cash
cmu,2026020600002,2,2026-02-06 07:36:00,P12,,1.0,55.0,,cash
cmu,2026020600003,1,2026-02-06 07:53:00,P03,S,1.0,55.0,,cash
cmu,2026020600003,2,2026-02-06 07:53:00,P14,,1.0,85.0,,cash
cmu,2026020600004,1,2026-02-06 07:56:00,P08,L,1.0,80.0,,cash
cmu,2026020600004,2,2026-02-06 07:56:00,P10,M,1.0,60.0,,cash
cmu,2026020600005,1,2026-02-06 08:14:00,P03,S,1.0,55.0,,qr
cmu,2026020600005,2,2026-02-06 08:14:00,P14,,1.0,85.0,,qr
cmu,2026020600006,1,2026-02-06 08:22:00,P10,M,1.0,60.0,M0011,qr
cmu,2026020600007,1,2026-02-06 09:51:00,P07,L,1.0,65.0,,qr
cmu,2026020600008,1,2026-02-06 09:57:00,P04,M,1.0,65.0,M0524,cash
cmu,2026020600009,1,2026-02-06 10:13:00,P03,L,3.0,75.0,M0572,qr
cmu,2026020600009,2,2026-02-06 10:13:00,P14,,1.0,85.0,M0572,qr
cmu,2026020600010,1,2026-02-06 10:16:00,P01,M,1.0,55.0,M0713,cash
cmu,2026020600011,1,2026-02-06 10:20:00,P05,S,1.0,60.0,,qr
cmu,2026020600012,1,2026-02-06 10:49:00,P06,M,1.0,75.0,,qr
cmu,2026020600013,1,2026-02-06 11:04:00,P08,L,1.0,80.0,,qr
cmu,2026020600014,1,2026-02-06 12:42:00,P14,,1.0,85.0,M0220,qr
cmu,2026020600015,1,2026-02-06 12:48:00,P10,S,1.0,50.0,M0736,cash
cmu,2026020600015,2,2026-02-06 12:48:00,P14,,1.0,85.0,M0736,cash
cmu,2026020600016,1,2026-02-06 12:53:00,P10,M,1.0,60.0,M0466,cash
cmu,2026020600017,1,2026-02-06 13:52:00,P10,L,2.0,70.0,,qr
cmu,2026020600018,1,2026-02-06 14:12:00,P07,M,1.0,55.0,,cash
cmu,2026020600019,1,2026-02-06 14:25:00,P01,L,1.0,65.0,M0658,qr
cmu,2026020600019,2,2026-02-06 14:25:00,P15,,1.0,75.0,M0658,qr
cmu,2026020600020,1,2026-02-06 14:41:00,P05,M,1.0,70.0,M0094,qr
cmu,2026020600020,2,2026-02-06 14:41:00,P12,,1.0,55.0,M0094,qr
cmu,2026020600021,1,2026-02-06 14:48:00,P12,,1.0,55.0,M0188,cash
cmu,2026020600022,1,2026-02-06 15:01:00,P09,M,1.0,50.0,,cash
cmu,2026020600023,1,2026-02-06 15:05:00,P11,M,2.0,60.0,M0188,qr
cmu,2026020600024,1,2026-02-06 15:20:00,P06,M,1.0,75.0,M0622,qr
cmu,2026020600025,1,2026-02-06 15:22:00,P08,M,1.0,70.0,M0506,qr
cmu,2026020600025,2,2026-02-06 15:22:00,P14,,1.0,85.0,M0506,qr
cmu,2026020600026,1,2026-02-06 15:49:00,P10,M,3.0,60.0,M0401,cash
cmu,2026020600026,2,2026-02-06 15:49:00,P06,L,1.0,85.0,M0401,cash
cmu,2026020600027,1,2026-02-06 15:50:00,P09,M,2.0,50.0,,qr
cmu,2026020600028,1,2026-02-06 17:40:00,P03,M,2.0,65.0,M0122,cash
cmu,2026020700001,1,2026-02-07 08:49:00,P07,M,1.0,55.0,,card
cmu,2026020700001,2,2026-02-07 08:49:00,P13,,1.0,50.0,,card
cmu,2026020700002,1,2026-02-07 08:53:00,P07,L,1.0,65.0,M0461,qr
cmu,2026020700002,2,2026-02-07 08:53:00,P13,,1.0,50.0,M0461,qr
cmu,2026020700003,1,2026-02-07 12:07:00,P03,L,1.0,75.0,M0589,card
cmu,2026020700003,2,2026-02-07 12:07:00,P14,,1.0,85.0,M0589,card
cmu,2026020700004,1,2026-02-07 15:01:00,P02,L,3.0,65.0,,cash
cmu,2026020700004,2,2026-02-07 15:01:00,P12,,1.0,55.0,,cash
cmu,2026020700004,3,2026-02-07 15:01:00,P03,M,1.0,65.0,,cash
cmu,2026020700005,1,2026-02-07 15:34:00,P03,M,2.0,65.0,,qr
cmu,2026020700006,1,2026-02-07 16:18:00,P03,M,1.0,65.0,M0275,cash
cmu,2026020700006,2,2026-02-07 16:18:00,P14,,1.0,85.0,M0275,cash
cmu,2026020700007,1,2026-02-07 16:32:00,P08,M,1.0,70.0,M0100,qr
cmu,2026020700007,2,2026-02-07 16:32:00,P14,,1.0,85.0,M0100,qr
cmu,2026020700008,1,2026-02-07 16:41:00,P14,,1.0,85.0,M0711,qr
cmu,2026020700009,1,2026-02-07 16:42:00,P04,M,1.0,65.0,,cash
cmu,2026020700010,1,2026-02-07 17:09:00,P13,,1.0,50.0,M0646,qr
cmu,2026020700011,1,2026-02-07 18:44:00,P13,,1.0,50.0,,cash
cmu,2026020800001,1,2026-02-08 07:13:00,P01,M,1.0,55.0,,cash
cmu,2026020800001,2,2026-02-08 07:13:00,P15,,1.0,75.0,,cash
cmu,2026020800002,1,2026-02-08 09:24:00,P07,S,1.0,45.0,M0663,qr
cmu,2026020800003,1,2026-02-08 10:25:00,P05,M,2.0,70.0,M0387,qr
cmu,2026020800004,1,2026-02-08 10:29:00,P10,L,1.0,70.0,,qr
cmu,2026020800005,1,2026-02-08 10:29:00,P08,S,1.0,60.0,M0134,qr
cmu,2026020800005,2,2026-02-08 10:29:00,P06,L,1.0,85.0,M0134,qr
cmu,2026020800006,1,2026-02-08 10:52:00,P07,L,1.0,65.0,,cash
cmu,2026020800007,1,2026-02-08 11:18:00,P10,M,1.0,60.0,M0062,cash
cmu,2026020800007,2,2026-02-08 11:18:00,P14,,1.0,85.0,M0062,cash
cmu,2026020800007,3,2026-02-08 11:18:00,P08,M,1.0,70.0,M0062,cash
cmu,2026020800008,1,2026-02-08 12:21:00,P04,L,1.0,75.0,M0738,cash
cmu,2026020800009,1,2026-02-08 14:30:00,P14,,2.0,85.0,,cash
cmu,2026020800010,1,2026-02-08 16:38:00,P02,S,1.0,45.0,,qr
cmu,2026020800010,2,2026-02-08 16:38:00,P12,,1.0,55.0,,qr
cmu,2026020800011,1,2026-02-08 17:48:00,P10,M,1.0,60.0,M0769,cash
cmu,2026020900001,1,2026-02-09 07:56:00,P05,M,1.0,70.0,M0113,card
cmu,2026020900001,2,2026-02-09 07:56:00,P09,M,1.0,50.0,M0113,card
cmu,2026020900002,1,2026-02-09 08:08:00,P12,,1.0,55.0,M0493,cash
cmu,2026020900003,1,2026-02-09 08:11:00,P01,M,3.0,55.0,,cash
cmu,2026020900003,2,2026-02-09 08:11:00,P15,,1.0,75.0,,cash
cmu,2026020900004,1,2026-02-09 08:35:00,P12,,1.0,55.0,,qr
cmu,2026020900005,1,2026-02-09 08:41:00,P03,L,2.0,75.0,,cash
cmu,2026020900006,1,2026-02-09 09:23:00,P05,M,3.0,70.0,M0707,qr
cmu,2026020900006,2,2026-02-09 09:23:00,P14,,1.0,85.0,M0707,qr
cmu,2026020900007,1,2026-02-09 09:34:00,P08,M,2.0,70.0,M0536,qr
cmu,2026020900008,1,2026-02-09 10:10:00,P15,,1.0,75.0,M0374,cash
cmu,2026020900008,2,2026-02-09 10:10:00,P12,,1.0,55.0,M0374,cash
cmu,2026020900009,1,2026-02-09 10:11:00,P11,S,1.0,50.0,,qr
cmu,2026020900010,1,2026-02-09 12:06:00,P02,M,2.0,55.0,,qr
cmu,2026020900010,2,2026-02-09 12:06:00,P12,,1.0,55.0,,qr
cmu,2026020900011,1,2026-02-09 12:34:00,P02,S,1.0,45.0,,cash
cmu,2026020900011,2,2026-02-09 12:34:00,P12,,1.0,55.0,,cash
cmu,2026020900011,3,2026-02-09 12:34:00,P06,M,1.0,75.0,,cash
cmu,2026020900012,1,2026-02-09 12:36:00,P15,,1.0,75.0,,card
cmu,2026020900013,1,2026-02-09 13:21:00,P04,L,3.0,75.0,M0643,qr
cmu,2026020900013,2,2026-02-09 13:21:00,P14,,1.0,85.0,M0643,qr
cmu,2026020900014,1,2026-02-09 14:41:00,P03,L,1.0,75.0,,qr
cmu,2026020900014,2,2026-02-09 14:41:00,P15,,1.0,75.0,,qr
cmu,2026020900015,1,2026-02-09 14:43:00,P10,L,2.0,70.0,,qr
cmu,2026020900016,1,2026-02-09 14:57:00,P06,M,1.0,75.0,M0705,qr
cmu,2026020900017,1,2026-02-09 15:28:00,P08,S,1.0,60.0,M0159,card
cmu,2026020900018,1,2026-02-09 15:47:00,P13,,1.0,50.0,M0654,qr
cmu,2026020900019,1,2026-02-09 16:06:00,P11,S,1.0,50.0,,qr
cmu,2026020900020,1,2026-02-09 16:12:00,P03,S,1.0,55.0,,card
cmu,2026020900021,1,2026-02-09 16:19:00,P05,M,1.0,70.0,M0601,cash
cmu,2026020900022,1,2026-02-09 16:38:00,P09,M,1.0,50.0,,qr
cmu,2026020900023,1,2026-02-09 16:51:00,P08,L,1.0,80.0,M0137,qr
cmu,2026020900024,1,2026-02-09 17:08:00,P13,,1.0,50.0,M0423,cash
cmu,2026020900025,1,2026-02-09 18:17:00,P07,L,1.0,65.0,M0346,qr
cmu,2026020900026,1,2026-02-09 19:15:00,P08,M,1.0,70.0,M0272,qr
cmu,2026020900027,1,2026-02-09 19:40:00,P04,S,1.0,55.0,,cash
cmu,2026021000001,1,2026-02-10 07:06:00,P03,M,1.0,65.0,M0670,cash
cmu,2026021000001,2,2026-02-10 07:06:00,P14,,1.0,85.0,M0670,cash
cmu,2026021000002,1,2026-02-10 07:21:00,P07,M,2.0,55.0,M0150,qr
cmu,2026021000003,1,2026-02-10 08:35:00,P02,L,1.0,65.0,,cash
cmu,2026021000004,1,2026-02-10 08:39:00,P10,M,1.0,60.0,M0404,qr
cmu,2026021000005,1,2026-02-10 10:07:00,P03,S,2.0,55.0,,card
cmu,2026021000006,1,2026-02-10 10:26:00,P04,L,1.0,75.0,M0485,qr
cmu,2026021000006,2,2026-02-10 10:26:00,P15,,1.0,75.0,M0485,qr
cmu,2026021000007,1,2026-02-10 11:06:00,P13,,1.0,50.0,,qr
cmu,2026021000008,1,2026-02-10 11:14:00,P07,M,1.0,55.0,M0769,qr
cmu,2026021000009,1,2026-02-10 11:18:00,P06,S,1.0,65.0,M0001,qr
cmu,2026021000009,2,2026-02-10 11:18:00,P03,M,1.0,65.0,M0001,qr
cmu,2026021000010,1,2026-02-10 13:18:00,P04,M,1.0,65.0,,qr
cmu,2026021000011,1,2026-02-10 13:35:00,P04,L,3.0,75.0,,qr
cmu,2026021000012,1,2026-02-10 13:44:00,P13,,1.0,50.0,M0609,qr
cmu,2026021000012,2,2026-02-10 13:44:00,P09,S,1.0,40.0,M0609,qr
cmu,2026021000013,1,2026-02-10 14:05:00,P10,M,1.0,60.0,,qr
cmu,2026021000014,1,2026-02-10 14:33:00,P13,,1.0,50.0,M0169,qr
cmu,2026021000015,1,2026-02-10 15:10:00,P08,M,1.0,70.0,M0088,cash
cmu,2026021000016,1,2026-02-10 15:28:00,P05,M,1.0,70.0,,qr
cmu,2026021000017,1,2026-02-10 15:37:00,P08,S,1.0,60.0,M0402,qr
cmu,2026021000018,1,2026-02-10 15:38:00,P02,L,1.0,65.0,,qr
cmu,2026021000018,2,2026-02-10 15:38:00,P12,,1.0,55.0,,qr
cmu,2026021000018,3,2026-02-10 15:38:00,P04,M,1.0,65.0,,qr
cmu,2026021000019,1,2026-02-10 16:11:00,P10,M,1.0,60.0,M0798,card
cmu,2026021000020,1,2026-02-10 16:43:00,P14,,1.0,85.0,,qr
cmu,2026021000021,1,2026-02-10 16:46:00,P04,S,1.0,55.0,M0446,qr
cmu,2026021000022,1,2026-02-10 17:22:00,P10,L,1.0,70.0,,cash
cmu,2026021000023,1,2026-02-10 18:00:00,P13,,3.0,50.0,M0259,qr
cmu,2026021000024,1,2026-02-10 19:29:00,P03,S,1.0,55.0,,qr
cmu,2026021100001,1,2026-02-11 07:14:00,P03,M,1.0,65.0,,qr
cmu,2026021100002,1,2026-02-11 07:30:00,P03,L,1.0,75.0,M0037,qr
cmu,2026021100002,2,2026-02-11 07:30:00,P05,L,1.0,80.0,M0037,qr
cmu,2026021100003,1,2026-02-11 07:47:00,P15,,1.0,75.0,,qr
cmu,2026021100003,2,2026-02-11 07:47:00,P03,L,1.0,75.0,,qr
cmu,2026021100004,1,2026-02-11 08:15:00,P12,,2.0,55.0,,qr
cmu,2026021100004,2,2026-02-11 08:15:00,P02,M,1.0,55.0,,qr
cmu,2026021100005,1,2026-02-11 08:30:00,P13,,1.0,50.0,,qr
cmu,2026021100005,2,2026-02-11 08:30:00,P06,M,1.0,75.0,,qr
cmu,2026021100006,1,2026-02-11 09:13:00,P05,S,1.0,60.0,,qr
cmu,2026021100006,2,2026-02-11 09:13:00,P13,,1.0,50.0,,qr
cmu,2026021100007,1,2026-02-11 09:59:00,P02,M,1.0,55.0,M0337,qr
cmu,2026021100007,2,2026-02-11 09:59:00,P15,,1.0,75.0,M0337,qr
cmu,2026021100008,1,2026-02-11 11:05:00,P07,L,1.0,65.0,,qr
cmu,2026021100009,1,2026-02-11 11:10:00,P04,S,2.0,55.0,,qr
cmu,2026021100010,1,2026-02-11 11:46:00,P12,,1.0,55.0,,cash
cmu,2026021100011,1,2026-02-11 11:59:00,P11,M,1.0,60.0,M0170,qr
cmu,2026021100011,2,2026-02-11 11:59:00,P07,M,1.0,55.0,M0170,qr
cmu,2026021100012,1,2026-02-11 12:37:00,P07,M,2.0,55.0,M0443,cash
cmu,2026021100012,2,2026-02-11 12:37:00,P13,,1.0,50.0,M0443,cash
cmu,2026021100013,1,2026-02-11 13:49:00,P07,M,1.0,55.0,M0556,qr
cmu,2026021100013,2,2026-02-11 13:49:00,P13,,1.0,50.0,M0556,qr
cmu,2026021100013,3,2026-02-11 13:49:00,P11,L,1.0,70.0,M0556,qr
cmu,2026021100014,1,2026-02-11 14:18:00,P15,,1.0,75.0,M0460,cash
cmu,2026021100015,1,2026-02-11 14:29:00,P13,,2.0,50.0,M0435,card
cmu,2026021100016,1,2026-02-11 14:43:00,P11,M,1.0,60.0,,cash
cmu,2026021100017,1,2026-02-11 15:09:00,P11,M,1.0,60.0,M0241,qr
cmu,2026021100018,1,2026-02-11 15:26:00,P13,,3.0,50.0,M0350,qr
cmu,2026021100019,1,2026-02-11 15:47:00,P13,,1.0,50.0,,cash
cmu,2026021100020,1,2026-02-11 15:55:00,P04,L,1.0,75.0,M0556,qr
cmu,2026021100020,2,2026-02-11 15:55:00,P13,,1.0,50.0,M0556,qr
cmu,2026021100021,1,2026-02-11 16:08:00,P12,,1.0,55.0,M0635,qr
cmu,2026021100022,1,2026-02-11 16:52:00,P08,L,1.0,80.0,M0025,qr
cmu,2026021100023,1,2026-02-11 17:49:00,P01,S,1.0,45.0,M0356,qr
cmu,2026021100023,2,2026-02-11 17:49:00,P15,,1.0,75.0,M0356,qr
cmu,2026021100024,1,2026-02-11 19:27:00,P12,,1.0,55.0,,qr
cmu,2026021200001,1,2026-02-12 07:22:00,P07,M,2.0,55.0,,qr
cmu,2026021200001,2,2026-02-12 07:22:00,P13,,1.0,50.0,,qr
cmu,2026021200002,1,2026-02-12 08:02:00,P06,M,1.0,75.0,M0037,cash
cmu,2026021200002,2,2026-02-12 08:02:00,P04,M,1.0,65.0,M0037,cash
cmu,2026021200003,1,2026-02-12 08:09:00,P06,S,1.0,65.0,M0625,cash
cmu,2026021200004,1,2026-02-12 08:10:00,P02,M,1.0,55.0,,qr
cmu,2026021200004,2,2026-02-12 08:10:00,P12,,1.0,55.0,,qr
cmu,2026021200005,1,2026-02-12 08:20:00,P01,S,2.0,45.0,M0676,qr
cmu,2026021200005,2,2026-02-12 08:20:00,P15,,1.0,75.0,M0676,qr
cmu,2026021200006,1,2026-02-12 08:26:00,P04,L,1.0,75.0,,qr
cmu,2026021200007,1,2026-02-12 08:50:00,P03,M,1.0,65.0,M0750,qr
cmu,2026021200008,1,2026-02-12 09:05:00,P07,M,1.0,55.0,,cash
cmu,2026021200009,1,2026-02-12 09:10:00,P03,M,1.0,65.0,,cash
cmu,2026021200010,1,2026-02-12 09:36:00,P12,,1.0,55.0,,cash
cmu,2026021200011,1,2026-02-12 09:50:00,P03,M,2.0,65.0,,qr
cmu,2026021200011,2,2026-02-12 09:50:00,P15,,1.0,75.0,,qr
cmu,2026021200012,1,2026-02-12 09:53:00,P15,,1.0,75.0,M0699,cash
cmu,2026021200013,1,2026-02-12 09:56:00,P06,M,3.0,75.0,,cash
cmu,2026021200014,1,2026-02-12 10:06:00,P08,S,1.0,60.0,,qr
cmu,2026021200015,1,2026-02-12 10:09:00,P14,,1.0,85.0,M0206,qr
cmu,2026021200016,1,2026-02-12 10:37:00,P08,L,1.0,80.0,M0589,cash
cmu,2026021200016,2,2026-02-12 10:37:00,P15,,1.0,75.0,M0589,cash
cmu,2026021200017,1,2026-02-12 10:48:00,P15,,1.0,75.0,M0420,cash
cmu,2026021200018,1,2026-02-12 11:37:00,P03,M,2.0,65.0,,qr
cmu,2026021200018,2,2026-02-12 11:37:00,P14,,1.0,85.0,,qr
cmu,2026021200019,1,2026-02-12 13:12:00,P14,,1.0,85.0,M0539,qr
cmu,2026021200020,1,2026-02-12 14:08:00,P07,L,1.0,65.0,M0601,qr
cmu,2026021200020,2,2026-02-12 14:08:00,P13,,1.0,50.0,M0601,qr
cmu,2026021200020,3,2026-02-12 14:08:00,P03,S,1.0,55.0,M0601,qr
cmu,2026021200021,1,2026-02-12 14:23:00,P08,M,1.0,70.0,M0494,cash
cmu,2026021200022,1,2026-02-12 14:24:00,P15,,1.0,75.0,,cash
cmu,2026021200023,1,2026-02-12 14:35:00,P04,M,1.0,65.0,,qr
cmu,2026021200024,1,2026-02-12 15:12:00,P05,S,1.0,60.0,,qr
cmu,2026021200024,2,2026-02-12 15:12:00,P08,M,1.0,70.0,,qr
cmu,2026021200025,1,2026-02-12 15:30:00,P11,S,2.0,50.0,,qr
cmu,2026021200025,2,2026-02-12 15:30:00,P07,L,1.0,65.0,,qr
cmu,2026021200026,1,2026-02-12 15:58:00,P06,M,1.0,75.0,,cash
cmu,2026021200026,2,2026-02-12 15:58:00,P14,,1.0,85.0,,cash
cmu,2026021300001,1,2026-02-13 07:24:00,P04,M,1.0,65.0,M0656,card
cmu,2026021300002,1,2026-02-13 07:37:00,P08,S,2.0,60.0,M0150,qr
cmu,2026021300003,1,2026-02-13 07:48:00,P03,S,1.0,55.0,M0316,qr
cmu,2026021300004,1,2026-02-13 08:04:00,P05,M,1.0,70.0,,qr
cmu,2026021300004,2,2026-02-13 08:04:00,P02,M,1.0,55.0,,qr
cmu,2026021300005,1,2026-02-13 08:05:00,P05,M,1.0,70.0,M0585,qr
cmu,2026021300006,1,2026-02-13 08:07:00,P08,S,1.0,60.0,,qr
cmu,2026021300007,1,2026-02-13 08:26:00,P08,M,1.0,70.0,M0524,qr
cmu,2026021300007,2,2026-02-13 08:26:00,P15,,1.0,75.0,M0524,qr
cmu,2026021300008,1,2026-02-13 08:40:00,P08,L,1.0,80.0,,qr
cmu,2026021300009,1,2026-02-13 09:19:00,P06,M,2.0,75.0,,cash
cmu,2026021300010,1,2026-02-13 09:22:00,P03,M,1.0,65.0,M0732,qr
cmu,2026021300010,2,2026-02-13 09:22:00,P14,,1.0,85.0,M0732,qr
cmu,2026021300011,1,2026-02-13 09:32:00,P02,S,1.0,45.0,M0630,qr
cmu,2026021300011,2,2026-02-13 09:32:00,P12,,1.0,55.0,M0630,qr
cmu,2026021300011,3,2026-02-13 09:32:00,P06,S,1.0,65.0,M0630,qr
cmu,2026021300012,1,2026-02-13 10:21:00,P04,M,1.0,65.0,,cash
cmu,2026021300013,1,2026-02-13 10:21:00,P12,,1.0,55.0,M0192,cash
cmu,2026021300014,1,2026-02-13 11:35:00,P14,,1.0,85.0,,qr
cmu,2026021300014,2,2026-02-13 11:35:00,P03,S,1.0,55.0,,qr
cmu,2026021300015,1,2026-02-13 12:18:00,P06,M,1.0,75.0,M0579,qr
cmu,2026021300016,1,2026-02-13 13:03:00,P03,M,1.0,65.0,M0799,qr
cmu,2026021300017,1,2026-02-13 13:46:00,P03,M,1.0,65.0,,qr
cmu,2026021300018,1,2026-02-13 14:34:00,P09,L,1.0,60.0,,qr
cmu,2026021300019,1,2026-02-13 14:46:00,P09,S,1.0,40.0,M0142,qr
cmu,2026021300019,2,2026-02-13 14:46:00,P11,S,1.0,50.0,M0142,qr
cmu,2026021300020,1,2026-02-13 14:57:00,P11,M,1.0,60.0,M0688,qr
cmu,2026021300020,2,2026-02-13 14:57:00,P14,,1.0,85.0,M0688,qr
cmu,2026021300021,1,2026-02-13 15:18:00,P06,M,1.0,75.0,,card
cmu,2026021300021,2,2026-02-13 15:18:00,P14,,1.0,85.0,,card
cmu,2026021300021,3,2026-02-13 15:18:00,P03,L,1.0,75.0,,card
cmu,2026021300022,1,2026-02-13 15:39:00,P10,S,1.0,50.0,M0581,cash
cmu,2026021300023,1,2026-02-13 15:52:00,P03,S,1.0,55.0,M0070,qr
cmu,2026021300023,2,2026-02-13 15:52:00,P14,,1.0,85.0,M0070,qr
cmu,2026021300024,1,2026-02-13 16:14:00,P07,L,2.0,65.0,,qr
cmu,2026021300024,2,2026-02-13 16:14:00,P13,,1.0,50.0,,qr
cmu,2026021300025,1,2026-02-13 19:11:00,P02,M,1.0,55.0,,qr
cmu,2026021300026,1,2026-02-13 19:36:00,P08,S,1.0,60.0,,cash
cmu,2026021300027,1,2026-02-13 19:43:00,P13,,2.0,50.0,,cash
cmu,2026021400001,1,2026-02-14 08:24:00,P06,M,1.0,75.0,M0798,qr
cmu,2026021400002,1,2026-02-14 09:01:00,P05,M,1.0,70.0,M0050,qr
cmu,2026021400003,1,2026-02-14 09:03:00,P05,M,1.0,70.0,M0777,qr
cmu,2026021400003,2,2026-02-14 09:03:00,P15,,1.0,75.0,M0777,qr
cmu,2026021400004,1,2026-02-14 09:32:00,P06,M,1.0,75.0,,cash
cmu,2026021400004,2,2026-02-14 09:32:00,P12,,1.0,55.0,,cash
cmu,2026021400005,1,2026-02-14 10:31:00,P08,M,1.0,70.0,M0622,cash
cmu,2026021400006,1,2026-02-14 12:38:00,P10,M,1.0,60.0,M0798,qr
cmu,2026021400007,1,2026-02-14 14:45:00,P12,,1.0,55.0,,cash
cmu,2026021400008,1,2026-02-14 16:15:00,P03,S,1.0,55.0,M0499,qr
cmu,2026021400008,2,2026-02-14 16:15:00,P14,,1.0,85.0,M0499,qr
cmu,2026021400009,1,2026-02-14 19:49:00,P02,L,2.0,65.0,M0220,qr
cmu,2026021500001,1,2026-02-15 07:09:00,P08,M,1.0,70.0,,cash
cmu,2026021500001,2,2026-02-15 07:09:00,P12,,1.0,55.0,,cash
cmu,2026021500002,1,2026-02-15 07:15:00,P03,S,1.0,55.0,,cash
cmu,2026021500003,1,2026-02-15 07:38:00,P03,M,1.0,65.0,,qr
cmu,2026021500003,2,2026-02-15 07:38:00,P14,,1.0,85.0,,qr
cmu,2026021500004,1,2026-02-15 08:01:00,P03,L,1.0,75.0,,qr
cmu,2026021500004,2,2026-02-15 08:01:00,P02,M,1.0,55.0,,qr
cmu,2026021500005,1,2026-02-15 08:18:00,P02,M,1.0,55.0,M0373,qr
cmu,2026021500005,2,2026-02-15 08:18:00,P15,,1.0,75.0,M0373,qr
cmu,2026021500006,1,2026-02-15 08:22:00,P14,,1.0,85.0,M0510,cash
cmu,2026021500007,1,2026-02-15 08:26:00,P06,S,1.0,65.0,M0492,qr
cmu,2026021500008,1,2026-02-15 09:02:00,P11,M,1.0,60.0,M0220,qr
cmu,2026021500009,1,2026-02-15 09:20:00,P06,M,1.0,75.0,,card
cmu,2026021500009,2,2026-02-15 09:20:00,P03,M,1.0,65.0,,card
cmu,2026021500010,1,2026-02-15 09:46:00,P03,S,3.0,55.0,M0337,qr
cmu,2026021500011,1,2026-02-15 10:05:00,P01,L,1.0,65.0,,cash
cmu,2026021500012,1,2026-02-15 14:56:00,P12,,1.0,55.0,M0503,cash
cmu,2026021500013,1,2026-02-15 14:59:00,P12,,2.0,55.0,,qr
cmu,2026021500013,2,2026-02-15 14:59:00,P09,M,1.0,50.0,,qr
cmu,2026021500014,1,2026-02-15 15:08:00,P02,L,1.0,65.0,,qr
cmu,2026021500014,2,2026-02-15 15:08:00,P12,,1.0,55.0,,qr
cmu,2026021500015,1,2026-02-15 16:19:00,P11,M,1.0,60.0,,cash
cmu,2026021500015,2,2026-02-15 16:19:00,P08,S,1.0,60.0,,cash
cmu,2026021500016,1,2026-02-15 17:04:00,P15,,1.0,75.0,,cash
cmu,2026021500017,1,2026-02-15 17:16:00,P07,S,2.0,45.0,M0761,qr
cmu,2026021500017,2,2026-02-15 17:16:00,P13,,1.0,50.0,M0761,qr
cmu,2026021500018,1,2026-02-15 17:53:00,P10,L,1.0,70.0,,qr
cmu,2026021500019,1,2026-02-15 18:48:00,P06,L,1.0,85.0,,cash
cmu,2026021500019,2,2026-02-15 18:48:00,P13,,1.0,50.0,,cash
cmu,2026021500020,1,2026-02-15 19:47:00,P02,M,3.0,55.0,M0477,qr
cmu,2026021500020,2,2026-02-15 19:47:00,P12,,1.0,55.0,M0477,qr
cmu,2026021600001,1,2026-02-16 08:13:00,P04,M,1.0,65.0,,cash
cmu,2026021600001,2,2026-02-16 08:13:00,P15,,1.0,75.0,,cash
cmu,2026021600002,1,2026-02-16 08:43:00,P03,L,1.0,75.0,,cash
cmu,2026021600003,1,2026-02-16 08:45:00,P06,M,1.0,75.0,M0031,qr
cmu,2026021600004,1,2026-02-16 09:09:00,P03,L,1.0,75.0,M0357,cash
cmu,2026021600004,2,2026-02-16 09:09:00,P14,,1.0,85.0,M0357,cash
cmu,2026021600005,1,2026-02-16 09:38:00,P01,M,1.0,55.0,,cash
cmu,2026021600006,1,2026-02-16 09:46:00,P04,M,1.0,65.0,M0396,qr
cmu,2026021600007,1,2026-02-16 09:48:00,P12,,3.0,55.0,M0114,qr
cmu,2026021600008,1,2026-02-16 09:51:00,P03,L,1.0,75.0,M0456,qr
cmu,2026021600008,2,2026-02-16 09:51:00,P14,,1.0,85.0,M0456,qr
cmu,2026021600009,1,2026-02-16 10:07:00,P07,L,2.0,65.0,M0613,qr
cmu,2026021600009,2,2026-02-16 10:07:00,P13,,1.0,50.0,M0613,qr
cmu,2026021600010,1,2026-02-16 10:35:00,P03,S,1.0,55.0,M0403,cash
cmu,2026021600010,2,2026-02-16 10:35:00,P12,,1.0,55.0,M0403,cash
cmu,2026021600010,3,2026-02-16 10:35:00,P02,L,1.0,65.0,M0403,cash
cmu,2026021600011,1,2026-02-16 10:48:00,P05,S,1.0,60.0,M0222,qr
cmu,2026021600012,1,2026-02-16 11:00:00,P04,M,1.0,65.0,M0424,cash
cmu,2026021600013,1,2026-02-16 11:26:00,P02,M,1.0,55.0,,cash
cmu,2026021600013,2,2026-02-16 11:26:00,P14,,1.0,85.0,,cash
cmu,2026021600014,1,2026-02-16 11:37:00,P02,S,1.0,45.0,,cash
cmu,2026021600014,2,2026-02-16 11:37:00,P12,,1.0,55.0,,cash
cmu,2026021600015,1,2026-02-16 11:45:00,P07,L,3.0,65.0,M0673,qr
cmu,2026021600015,2,2026-02-16 11:45:00,P13,,1.0,50.0,M0673,qr
cmu,2026021600016,1,2026-02-16 11:46:00,P07,M,1.0,55.0,M0374,qr
cmu,2026021600017,1,2026-02-16 11:51:00,P14,,1.0,85.0,,qr
cmu,2026021600018,1,2026-02-16 12:07:00,P09,S,1.0,40.0,,qr
cmu,2026021600019,1,2026-02-16 12:55:00,P07,S,1.0,45.0,M0346,qr
cmu,2026021600020,1,2026-02-16 13:11:00,P03,M,3.0,65.0,,qr
cmu,2026021600020,2,2026-02-16 13:11:00,P14,,1.0,85.0,,qr
cmu,2026021600021,1,2026-02-16 14:02:00,P02,M,2.0,55.0,,qr
cmu,2026021600021,2,2026-02-16 14:02:00,P12,,1.0,55.0,,qr
cmu,2026021600022,1,2026-02-16 14:08:00,P11,S,2.0,50.0,M0093,cash
cmu,2026021600023,1,2026-02-16 14:34:00,P12,,1.0,55.0,,qr
cmu,2026021600024,1,2026-02-16 14:53:00,P08,S,1.0,60.0,M0141,qr
cmu,2026021600025,1,2026-02-16 16:06:00,P06,M,1.0,75.0,M0210,qr
cmu,2026021600026,1,2026-02-16 16:21:00,P11,L,2.0,70.0,M0215,cash
cmu,2026021600027,1,2026-02-16 16:24:00,P03,L,1.0,75.0,,qr
cmu,2026021600027,2,2026-02-16 16:24:00,P14,,1.0,85.0,,qr
cmu,2026021600028,1,2026-02-16 16:56:00,P11,M,2.0,60.0,M0333,cash
cmu,2026021600028,2,2026-02-16 16:56:00,P14,,1.0,85.0,M0333,cash
cmu,2026021600029,1,2026-02-16 17:13:00,P09,S,2.0,40.0,,cash
cmu,2026021600030,1,2026-02-16 17:34:00,P12,,1.0,55.0,M0379,qr
cmu,2026021600031,1,2026-02-16 18:42:00,P10,M,1.0,60.0,,qr
cmu,2026021600031,2,2026-02-16 18:42:00,P13,,1.0,50.0,,qr
cmu,2026021600031,3,2026-02-16 18:42:00,P08,M,1.0,70.0,,qr
cmu,2026021600032,1,2026-02-16 18:45:00,P10,L,2.0,70.0,M0656,qr
cmu,2026021700001,1,2026-02-17 07:41:00,P09,L,1.0,60.0,M0540,qr
cmu,2026021700002,1,2026-02-17 07:49:00,P06,S,1.0,65.0,,qr
cmu,2026021700003,1,2026-02-17 08:18:00,P02,M,1.0,55.0,M0459,qr
cmu,2026021700004,1,2026-02-17 08:24:00,P13,,3.0,50.0,,card
cmu,2026021700005,1,2026-02-17 08:36:00,P02,S,1.0,45.0,,cash
cmu,2026021700006,1,2026-02-17 08:50:00,P12,,1.0,55.0,,cash
cmu,2026021700006,2,2026-02-17 08:50:00,P03,L,1.0,75.0,,cash
cmu,2026021700007,1,2026-02-17 08:58:00,P08,M,1.0,70.0,M0678,qr
cmu,2026021700007,2,2026-02-17 08:58:00,P04,L,1.0,75.0,M0678,qr
cmu,2026021700008,1,2026-02-17 09:06:00,P08,M,3.0,70.0,M0459,qr
cmu,2026021700008,2,2026-02-17 09:06:00,P12,,1.0,55.0,M0459,qr
cmu,2026021700009,1,2026-02-17 09:14:00,P03,M,1.0,65.0,M0579,qr
cmu,2026021700009,2,2026-02-17 09:14:00,P14,,1.0,85.0,M0579,qr
cmu,2026021700010,1,2026-02-17 09:25:00,P02,M,2.0,55.0,,card
cmu,2026021700011,1,2026-02-17 09:28:00,P06,S,1.0,65.0,,cash
cmu,2026021700011,2,2026-02-17 09:28:00,P12,,1.0,55.0,,cash
cmu,2026021700012,1,2026-02-17 10:13:00,P07,L,1.0,65.0,,cash
cmu,2026021700012,2,2026-02-17 10:13:00,P13,,1.0,50.0,,cash
cmu,2026021700013,1,2026-02-17 10:21:00,P03,L,1.0,75.0,M0743,cash
cmu,2026021700013,2,2026-02-17 10:21:00,P14,,1.0,85.0,M0743,cash
cmu,2026021700013,3,2026-02-17 10:21:00,P15,,1.0,75.0,M0743,cash
cmu,2026021700014,1,2026-02-17 11:50:00,P02,M,1.0,55.0,M0669,card
cmu,2026021700014,2,2026-02-17 11:50:00,P01,L,1.0,65.0,M0669,card
cmu,2026021700015,1,2026-02-17 12:19:00,P05,S,1.0,60.0,M0761,card
cmu,2026021700016,1,2026-02-17 12:22:00,P13,,1.0,50.0,,qr
cmu,2026021700016,2,2026-02-17 12:22:00,P07,L,1.0,65.0,,qr
cmu,2026021700017,1,2026-02-17 13:09:00,P12,,2.0,55.0,,cash
cmu,2026021700018,1,2026-02-17 13:59:00,P03,S,1.0,55.0,,qr
cmu,2026021700019,1,2026-02-17 14:04:00,P12,,1.0,55.0,,qr
cmu,2026021700020,1,2026-02-17 14:15:00,P12,,1.0,55.0,M0754,qr
cmu,2026021700021,1,2026-02-17 14:41:00,P02,M,1.0,55.0,,qr
cmu,2026021700022,1,2026-02-17 14:55:00,P11,M,1.0,60.0,M0150,qr
cmu,2026021700023,1,2026-02-17 14:59:00,P08,M,1.0,70.0,M0529,qr
cmu,2026021700024,1,2026-02-17 15:01:00,P12,,1.0,55.0,,qr
cmu,2026021700025,1,2026-02-17 15:15:00,P08,M,1.0,70.0,,qr
cmu,2026021700026,1,2026-02-17 15:23:00,P03,L,2.0,75.0,M0483,qr
cmu,2026021700026,2,2026-02-17 15:23:00,P08,M,1.0,70.0,M0483,qr
cmu,2026021700027,1,2026-02-17 15:33:00,P02,M,1.0,55.0,M0028,qr
cmu,2026021700027,2,2026-02-17 15:33:00,P12,,1.0,55.0,M0028,qr
cmu,2026021700028,1,2026-02-17 15:45:00,P05,S,2.0,60.0,M0177,card
cmu,2026021700029,1,2026-02-17 15:48:00,P11,M,2.0,60.0,,qr
cmu,2026021700030,1,2026-02-17 16:00:00,P05,S,2.0,60.0,,qr
cmu,2026021700031,1,2026-02-17 16:15:00,P15,,2.0,75.0,,qr
cmu,2026021700032,1,2026-02-17 16:54:00,P08,S,1.0,60.0,M0083,qr
cmu,2026021700033,1,2026-02-17 17:21:00,P10,M,1.0,60.0,M0087,cash
cmu,2026021700033,2,2026-02-17 17:21:00,P04,L,1.0,75.0,M0087,cash
cmu,2026021700034,1,2026-02-17 18:21:00,P11,L,1.0,70.0,,qr
cmu,2026021700035,1,2026-02-17 18:42:00,P03,M,1.0,65.0,M0005,qr
cmu,2026021700036,1,2026-02-17 19:55:00,P09,L,1.0,60.0,M0374,qr
cmu,2026021700036,2,2026-02-17 19:55:00,P15,,1.0,75.0,M0374,qr
cmu,2026021800001,1,2026-02-18 07:20:00,P02,L,1.0,65.0,M0015,qr
cmu,2026021800001,2,2026-02-18 07:20:00,P12,,1.0,55.0,M0015,qr
cmu,2026021800001,3,2026-02-18 07:20:00,P03,M,1.0,65.0,M0015,qr
cmu,2026021800002,1,2026-02-18 08:11:00,P03,S,1.0,55.0,,qr
cmu,2026021800002,2,2026-02-18 08:11:00,P14,,1.0,85.0,,qr
cmu,2026021800003,1,2026-02-18 08:12:00,P01,L,1.0,65.0,M0128,cash
cmu,2026021800003,2,2026-02-18 08:12:00,P15,,1.0,75.0,M0128,cash
cmu,2026021800003,3,2026-02-18 08:12:00,P04,L,1.0,75.0,M0128,cash
cmu,2026021800004,1,2026-02-18 08:47:00,P05,M,1.0,70.0,M0469,cash
cmu,2026021800005,1,2026-02-18 09:08:00,P11,M,2.0,60.0,M0087,qr
cmu,2026021800006,1,2026-02-18 09:08:00,P15,,3.0,75.0,,cash
cmu,2026021800007,1,2026-02-18 09:12:00,P07,L,1.0,65.0,,qr
cmu,2026021800007,2,2026-02-18 09:12:00,P03,L,1.0,75.0,,qr
cmu,2026021800008,1,2026-02-18 09:41:00,P07,M,3.0,55.0,M0715,qr
cmu,2026021800008,2,2026-02-18 09:41:00,P13,,1.0,50.0,M0715,qr
cmu,2026021800009,1,2026-02-18 10:14:00,P03,M,1.0,65.0,,qr
cmu,2026021800009,2,2026-02-18 10:14:00,P05,S,1.0,60.0,,qr
cmu,2026021800010,1,2026-02-18 10:48:00,P10,M,1.0,60.0,,qr
cmu,2026021800010,2,2026-02-18 10:48:00,P05,L,1.0,80.0,,qr
cmu,2026021800011,1,2026-02-18 11:04:00,P07,L,1.0,65.0,,qr
cmu,2026021800012,1,2026-02-18 11:43:00,P08,L,1.0,80.0,M0297,qr
cmu,2026021800013,1,2026-02-18 13:06:00,P14,,1.0,85.0,M0128,qr
cmu,2026021800014,1,2026-02-18 13:47:00,P04,L,1.0,75.0,M0101,cash
cmu,2026021800015,1,2026-02-18 14:23:00,P06,S,1.0,65.0,M0719,card
cmu,2026021800016,1,2026-02-18 14:41:00,P03,M,1.0,65.0,M0707,qr
cmu,2026021800016,2,2026-02-18 14:41:00,P11,S,1.0,50.0,M0707,qr
cmu,2026021800017,1,2026-02-18 15:04:00,P05,M,1.0,70.0,,qr
cmu,2026021800017,2,2026-02-18 15:04:00,P12,,1.0,55.0,,qr
cmu,2026021800017,3,2026-02-18 15:04:00,P08,S,1.0,60.0,,qr
cmu,2026021800018,1,2026-02-18 15:13:00,P03,M,1.0,65.0,,qr
cmu,2026021800019,1,2026-02-18 15:27:00,P07,L,2.0,65.0,,cash
cmu,2026021800019,2,2026-02-18 15:27:00,P13,,1.0,50.0,,cash
cmu,2026021800019,3,2026-02-18 15:27:00,P09,M,1.0,50.0,,cash
cmu,2026021800020,1,2026-02-18 15:33:00,P07,M,1.0,55.0,,qr
cmu,2026021800020,2,2026-02-18 15:33:00,P13,,1.0,50.0,,qr
cmu,2026021800021,1,2026-02-18 15:33:00,P14,,1.0,85.0,,cash
cmu,2026021800022,1,2026-02-18 16:05:00,P07,S,1.0,45.0,M0696,qr
cmu,2026021800022,2,2026-02-18 16:05:00,P13,,1.0,50.0,M0696,qr
cmu,2026021800023,1,2026-02-18 16:51:00,P02,M,2.0,55.0,,cash
cmu,2026021800024,1,2026-02-18 17:39:00,P03,M,1.0,65.0,,qr
cmu,2026021800025,1,2026-02-18 18:10:00,P15,,1.0,75.0,,cash
cmu,2026021900001,1,2026-02-19 07:46:00,P03,S,1.0,55.0,,cash
cmu,2026021900001,2,2026-02-19 07:46:00,P14,,1.0,85.0,,cash
cmu,2026021900002,1,2026-02-19 07:50:00,P09,M,1.0,50.0,M0187,qr
cmu,2026021900003,1,2026-02-19 08:37:00,P06,M,1.0,75.0,M0485,qr
cmu,2026021900003,2,2026-02-19 08:37:00,P04,S,1.0,55.0,M0485,qr
cmu,2026021900004,1,2026-02-19 08:41:00,P02,M,3.0,55.0,,qr
cmu,2026021900005,1,2026-02-19 09:00:00,P15,,1.0,75.0,M0509,qr
cmu,2026021900006,1,2026-02-19 09:12:00,P08,M,1.0,70.0,,qr
cmu,2026021900007,1,2026-02-19 09:27:00,P04,L,1.0,75.0,M0374,cash
cmu,2026021900007,2,2026-02-19 09:27:00,P06,M,1.0,75.0,M0374,cash
cmu,2026021900008,1,2026-02-19 09:53:00,P15,,1.0,75.0,,qr
cmu,2026021900009,1,2026-02-19 10:31:00,P12,,1.0,55.0,M0476,qr
cmu,2026021900010,1,2026-02-19 10:34:00,P03,S,1.0,55.0,M0683,qr
cmu,2026021900010,2,2026-02-19 10:34:00,P14,,1.0,85.0,M0683,qr
cmu,2026021900011,1,2026-02-19 10:53:00,P02,L,1.0,65.0,M0134,qr
cmu,2026021900012,1,2026-02-19 11:20:00,P03,M,2.0,65.0,,qr
cmu,2026021900012,2,2026-02-19 11:20:00,P14,,1.0,85.0,,qr
cmu,2026021900013,1,2026-02-19 11:28:00,P12,,1.0,55.0,M0525,qr
cmu,2026021900014,1,2026-02-19 11:39:00,P02,S,1.0,45.0,M0241,cash
cmu,2026021900014,2,2026-02-19 11:39:00,P12,,1.0,55.0,M0241,cash
cmu,2026021900015,1,2026-02-19 12:25:00,P03,L,2.0,75.0,,cash
cmu,2026021900015,2,2026-02-19 12:25:00,P14,,1.0,85.0,,cash
cmu,2026021900016,1,2026-02-19 12:45:00,P02,M,1.0,55.0,,cash
cmu,2026021900017,1,2026-02-19 13:34:00,P13,,2.0,50.0,,cash
cmu,2026021900018,1,2026-02-19 14:09:00,P03,M,1.0,65.0,,cash
cmu,2026021900018,2,2026-02-19 14:09:00,P14,,1.0,85.0,,cash
cmu,2026021900019,1,2026-02-19 14:47:00,P02,M,1.0,55.0,M0340,cash
cmu,2026021900020,1,2026-02-19 15:19:00,P04,S,1.0,55.0,M0297,cash
cmu,2026021900021,1,2026-02-19 15:27:00,P01,M,1.0,55.0,M0781,cash
cmu,2026021900021,2,2026-02-19 15:27:00,P15,,1.0,75.0,M0781,cash
cmu,2026021900022,1,2026-02-19 15:58:00,P12,,2.0,55.0,,qr
cmu,2026021900023,1,2026-02-19 16:07:00,P07,L,1.0,65.0,,qr
cmu,2026021900023,2,2026-02-19 16:07:00,P15,,1.0,75.0,,qr
cmu,2026021900024,1,2026-02-19 16:19:00,P12,,1.0,55.0,,qr
cmu,2026021900024,2,2026-02-19 16:19:00,P11,L,1.0,70.0,,qr
cmu,2026021900025,1,2026-02-19 16:45:00,P04,M,1.0,65.0,M0199,qr
cmu,2026021900025,2,2026-02-19 16:45:00,P13,,1.0,50.0,M0199,qr
cmu,2026021900025,3,2026-02-19 16:45:00,P03,S,1.0,55.0,M0199,qr
cmu,2026021900026,1,2026-02-19 17:08:00,P04,S,1.0,55.0,M0200,qr
cmu,2026021900027,1,2026-02-19 17:20:00,P05,S,2.0,60.0,M0238,qr
cmu,2026021900028,1,2026-02-19 18:23:00,P02,M,1.0,55.0,,cash
cmu,2026021900029,1,2026-02-19 18:49:00,P03,S,1.0,55.0,,qr
cmu,2026021900029,2,2026-02-19 18:49:00,P14,,1.0,85.0,,qr
cmu,2026021900029,3,2026-02-19 18:49:00,P01,S,1.0,45.0,,qr
cmu,2026021900030,1,2026-02-19 19:48:00,P08,S,1.0,60.0,M0700,cash
cmu,2026022000001,1,2026-02-20 07:08:00,P04,M,1.0,65.0,,qr
cmu,2026022000002,1,2026-02-20 07:54:00,P11,L,1.0,70.0,,qr
cmu,2026022000003,1,2026-02-20 09:07:00,P01,S,1.0,45.0,M0625,qr
cmu,2026022000003,2,2026-02-20 09:07:00,P15,,1.0,75.0,M0625,qr
cmu,2026022000004,1,2026-02-20 09:15:00,P11,S,1.0,50.0,M0284,qr
cmu,2026022000004,2,2026-02-20 09:15:00,P14,,1.0,85.0,M0284,qr
cmu,2026022000005,1,2026-02-20 09:30:00,P03,L,1.0,75.0,M0001,qr
cmu,2026022000005,2,2026-02-20 09:30:00,P14,,1.0,85.0,M0001,qr
cmu,2026022000006,1,2026-02-20 09:34:00,P07,L,1.0,65.0,,cash
cmu,2026022000006,2,2026-02-20 09:34:00,P13,,1.0,50.0,,cash
cmu,2026022000007,1,2026-02-20 09:40:00,P14,,1.0,85.0,,qr
cmu,2026022000008,1,2026-02-20 09:46:00,P04,L,1.0,75.0,M0483,qr
cmu,2026022000008,2,2026-02-20 09:46:00,P14,,1.0,85.0,M0483,qr
cmu,2026022000009,1,2026-02-20 09:54:00,P11,M,1.0,60.0,,qr
cmu,2026022000009,2,2026-02-20 09:54:00,P15,,1.0,75.0,,qr
cmu,2026022000010,1,2026-02-20 10:00:00,P08,M,2.0,70.0,M0282,qr
cmu,2026022000011,1,2026-02-20 10:17:00,P02,L,1.0,65.0,M0738,qr
cmu,2026022000012,1,2026-02-20 10:36:00,P04,M,1.0,65.0,,qr
cmu,2026022000013,1,2026-02-20 11:13:00,P05,L,1.0,80.0,,cash
cmu,2026022000013,2,2026-02-20 11:13:00,P14,,1.0,85.0,,cash
cmu,2026022000014,1,2026-02-20 11:24:00,P01,L,1.0,65.0,M0678,qr
cmu,2026022000015,1,2026-02-20 12:16:00,P05,M,1.0,70.0,M0128,qr
cmu,2026022000015,2,2026-02-20 12:16:00,P13,,1.0,50.0,M0128,qr
cmu,2026022000016,1,2026-02-20 13:12:00,P06,L,1.0,85.0,M0400,cash
cmu,2026022000017,1,2026-02-20 14:34:00,P07,M,1.0,55.0,M0726,qr
cmu,2026022000018,1,2026-02-20 15:30:00,P02,L,1.0,65.0,,cash
cmu,2026022000019,1,2026-02-20 15:50:00,P04,M,1.0,65.0,,cash
cmu,2026022000019,2,2026-02-20 15:50:00,P15,,1.0,75.0,,cash
cmu,2026022000020,1,2026-02-20 15:59:00,P07,M,1.0,55.0,,cash
cmu,2026022000020,2,2026-02-20 15:59:00,P13,,1.0,50.0,,cash
cmu,2026022000021,1,2026-02-20 16:18:00,P06,M,1.0,75.0,M0693,cash
cmu,2026022000022,1,2026-02-20 16:29:00,P05,S,1.0,60.0,,qr
cmu,2026022000023,1,2026-02-20 17:00:00,P10,M,1.0,60.0,,qr
cmu,2026022000023,2,2026-02-20 17:00:00,P03,S,1.0,55.0,,qr
cmu,2026022000024,1,2026-02-20 18:19:00,P03,L,1.0,75.0,,cash
cmu,2026022000025,1,2026-02-20 18:23:00,P10,M,1.0,60.0,,qr
cmu,2026022000025,2,2026-02-20 18:23:00,P07,M,1.0,55.0,,qr
cmu,2026022000026,1,2026-02-20 18:51:00,P03,M,1.0,65.0,,cash
cmu,2026022000027,1,2026-02-20 19:02:00,P15,,1.0,75.0,M0719,qr
cmu,2026022000028,1,2026-02-20 19:15:00,P08,S,2.0,60.0,,qr
cmu,2026022000029,1,2026-02-20 19:33:00,P13,,1.0,50.0,M0711,cash
cmu,2026022100001,1,2026-02-21 07:16:00,P04,M,3.0,65.0,M0630,qr
cmu,2026022100002,1,2026-02-21 08:35:00,P12,,1.0,55.0,M0778,cash
cmu,2026022100003,1,2026-02-21 08:59:00,P08,S,2.0,60.0,,card
cmu,2026022100004,1,2026-02-21 09:47:00,P03,S,1.0,55.0,M0447,qr
cmu,2026022100005,1,2026-02-21 09:54:00,P03,L,1.0,75.0,M0192,qr
cmu,2026022100005,2,2026-02-21 09:54:00,P14,,1.0,85.0,M0192,qr
cmu,2026022100006,1,2026-02-21 10:07:00,P06,L,1.0,85.0,,qr
cmu,2026022100007,1,2026-02-21 10:34:00,P12,,2.0,55.0,,qr
cmu,2026022100008,1,2026-02-21 11:01:00,P10,S,1.0,50.0,M0733,qr
cmu,2026022100009,1,2026-02-21 11:10:00,P13,,1.0,50.0,,cash
cmu,2026022100010,1,2026-02-21 11:34:00,P14,,1.0,85.0,,cash
cmu,2026022100011,1,2026-02-21 12:29:00,P02,L,1.0,65.0,M0368,cash
cmu,2026022100012,1,2026-02-21 14:53:00,P05,L,1.0,80.0,,qr
cmu,2026022100012,2,2026-02-21 14:53:00,P07,S,1.0,45.0,,qr
cmu,2026022100013,1,2026-02-21 15:32:00,P12,,1.0,55.0,M0337,qr
cmu,2026022100014,1,2026-02-21 19:56:00,P10,M,1.0,60.0,,cash
cmu,2026022100014,2,2026-02-21 19:56:00,P14,,1.0,85.0,,cash
cmu,2026022200001,1,2026-02-22 08:34:00,P02,S,1.0,45.0,,qr
cmu,2026022200001,2,2026-02-22 08:34:00,P12,,1.0,55.0,,qr
cmu,2026022200002,1,2026-02-22 09:06:00,P05,M,2.0,70.0,M0763,cash
cmu,2026022200003,1,2026-02-22 11:09:00,P09,S,1.0,40.0,M0723,cash
cmu,2026022200003,2,2026-02-22 11:09:00,P14,,1.0,85.0,M0723,cash
cmu,2026022200004,1,2026-02-22 11:54:00,P09,M,2.0,50.0,M0509,qr
cmu,2026022200005,1,2026-02-22 13:33:00,P06,L,1.0,85.0,M0616,cash
cmu,2026022200006,1,2026-02-22 14:07:00,P07,M,1.0,55.0,M0666,qr
cmu,2026022200007,1,2026-02-22 15:37:00,P09,L,1.0,60.0,M0579,cash
cmu,2026022200008,1,2026-02-22 19:25:00,P07,M,1.0,55.0,,qr
cmu,2026022300001,1,2026-02-23 08:12:00,P06,S,1.0,65.0,,cash
cmu,2026022300002,1,2026-02-23 08:42:00,P05,M,2.0,70.0,M0175,qr
cmu,2026022300003,1,2026-02-23 08:51:00,P03,M,1.0,65.0,M0658,cash
cmu,2026022300003,2,2026-02-23 08:51:00,P14,,1.0,85.0,M0658,cash
cmu,2026022300004,1,2026-02-23 09:02:00,P14,,1.0,85.0,M0201,qr
cmu,2026022300005,1,2026-02-23 09:09:00,P03,L,1.0,75.0,,qr
cmu,2026022300006,1,2026-02-23 09:18:00,P12,,1.0,55.0,M0377,qr
cmu,2026022300007,1,2026-02-23 09:21:00,P08,S,1.0,60.0,,cash
cmu,2026022300008,1,2026-02-23 09:32:00,P03,M,1.0,65.0,,qr
cmu,2026022300009,1,2026-02-23 09:59:00,P03,S,3.0,55.0,,qr
cmu,2026022300009,2,2026-02-23 09:59:00,P05,M,1.0,70.0,,qr
cmu,2026022300010,1,2026-02-23 10:22:00,P02,M,1.0,55.0,M0494,qr
cmu,2026022300010,2,2026-02-23 10:22:00,P12,,1.0,55.0,M0494,qr
cmu,2026022300011,1,2026-02-23 11:41:00,P09,S,1.0,40.0,M0663,card
cmu,2026022300012,1,2026-02-23 12:18:00,P03,L,1.0,75.0,,qr
cmu,2026022300013,1,2026-02-23 12:28:00,P13,,1.0,50.0,M0658,qr
cmu,2026022300014,1,2026-02-23 12:29:00,P08,M,1.0,70.0,M0525,cash
cmu,2026022300015,1,2026-02-23 12:55:00,P03,L,1.0,75.0,M0615,cash
cmu,2026022300016,1,2026-02-23 14:14:00,P03,M,2.0,65.0,,cash
cmu,2026022300016,2,2026-02-23 14:14:00,P14,,1.0,85.0,,cash
cmu,2026022300017,1,2026-02-23 14:34:00,P01,M,1.0,55.0,M0128,qr
cmu,2026022300017,2,2026-02-23 14:34:00,P15,,1.0,75.0,M0128,qr
cmu,2026022300018,1,2026-02-23 14:36:00,P12,,1.0,55.0,M0639,cash
cmu,2026022300019,1,2026-02-23 15:27:00,P15,,1.0,75.0,,cash
cmu,2026022300020,1,2026-02-23 15:58:00,P08,M,1.0,70.0,,qr
cmu,2026022300021,1,2026-02-23 16:00:00,P10,S,3.0,50.0,M0725,cash
cmu,2026022300022,1,2026-02-23 16:09:00,P05,M,2.0,70.0,M0466,qr
cmu,2026022300023,1,2026-02-23 16:45:00,P14,,1.0,85.0,M0506,qr
cmu,2026022300024,1,2026-02-23 18:52:00,P12,,1.0,55.0,M0302,qr
cmu,2026022300025,1,2026-02-23 19:40:00,P08,S,1.0,60.0,,cash
cmu,2026022400001,1,2026-02-24 07:09:00,P04,M,2.0,65.0,M0159,qr
cmu,2026022400002,1,2026-02-24 07:40:00,P06,M,2.0,75.0,M0384,cash
cmu,2026022400003,1,2026-02-24 07:44:00,P07,M,2.0,55.0,,qr
cmu,2026022400004,1,2026-02-24 07:47:00,P02,L,3.0,65.0,M0752,qr
cmu,2026022400005,1,2026-02-24 08:05:00,P05,M,2.0,70.0,M0150,cash
cmu,2026022400005,2,2026-02-24 08:05:00,P12,,1.0,55.0,M0150,cash
cmu,2026022400005,3,2026-02-24 08:05:00,P09,M,1.0,50.0,M0150,cash
cmu,2026022400006,1,2026-02-24 08:09:00,P03,M,1.0,65.0,,qr
cmu,2026022400006,2,2026-02-24 08:09:00,P14,,1.0,85.0,,qr
cmu,2026022400007,1,2026-02-24 09:03:00,P01,L,1.0,65.0,,qr
cmu,2026022400007,2,2026-02-24 09:03:00,P15,,1.0,75.0,,qr
cmu,2026022400008,1,2026-02-24 10:09:00,P07,L,2.0,65.0,,qr
cmu,2026022400009,1,2026-02-24 10:21:00,P08,M,2.0,70.0,M0374,cash
cmu,2026022400010,1,2026-02-24 10:33:00,P08,M,1.0,70.0,,qr
cmu,2026022400011,1,2026-02-24 10:42:00,P03,L,1.0,75.0,,cash
cmu,2026022400012,1,2026-02-24 10:43:00,P01,M,1.0,55.0,M0070,qr
cmu,2026022400012,2,2026-02-24 10:43:00,P13,,1.0,50.0,M0070,qr
cmu,2026022400013,1,2026-02-24 10:47:00,P01,M,3.0,55.0,,qr
cmu,2026022400014,1,2026-02-24 10:59:00,P02,M,1.0,55.0,M0754,qr
cmu,2026022400015,1,2026-02-24 11:02:00,P12,,1.0,55.0,,cash
cmu,2026022400015,2,2026-02-24 11:02:00,P03,S,1.0,55.0,,cash
cmu,2026022400016,1,2026-02-24 11:10:00,P12,,1.0,55.0,M0370,cash
cmu,2026022400017,1,2026-02-24 11:24:00,P01,M,1.0,55.0,,qr
cmu,2026022400017,2,2026-02-24 11:24:00,P15,,1.0,75.0,,qr
cmu,2026022400018,1,2026-02-24 11:34:00,P07,M,2.0,55.0,M0192,qr
cmu,2026022400019,1,2026-02-24 11:49:00,P02,L,1.0,65.0,M0482,qr
cmu,2026022400019,2,2026-02-24 11:49:00,P12,,1.0,55.0,M0482,qr
cmu,2026022400020,1,2026-02-24 12:12:00,P06,M,2.0,75.0,M0373,cash
cmu,2026022400020,2,2026-02-24 12:12:00,P13,,1.0,50.0,M0373,cash
cmu,2026022400021,1,2026-02-24 13:38:00,P03,M,1.0,65.0,,qr
cmu,2026022400021,2,2026-02-24 13:38:00,P14,,1.0,85.0,,qr
cmu,2026022400022,1,2026-02-24 14:17:00,P04,M,1.0,65.0,,cash
cmu,2026022400023,1,2026-02-24 14:26:00,P05,M,1.0,70.0,M0435,card
cmu,2026022400024,1,2026-02-24 15:10:00,P07,M,1.0,55.0,M0769,cash
cmu,2026022400024,2,2026-02-24 15:10:00,P13,,1.0,50.0,M0769,cash
cmu,2026022400025,1,2026-02-24 15:24:00,P01,M,1.0,55.0,,qr
cmu,2026022400026,1,2026-02-24 15:24:00,P05,S,1.0,60.0,M0137,qr
cmu,2026022400026,2,2026-02-24 15:24:00,P02,M,1.0,55.0,M0137,qr
cmu,2026022400027,1,2026-02-24 15:29:00,P07,S,1.0,45.0,M0697,qr
cmu,2026022400028,1,2026-02-24 15:31:00,P14,,2.0,85.0,,qr
cmu,2026022400028,2,2026-02-24 15:31:00,P15,,1.0,75.0,,qr
cmu,2026022400029,1,2026-02-24 15:32:00,P06,M,1.0,75.0,M0426,cash
cmu,2026022400030,1,2026-02-24 16:45:00,P08,S,1.0,60.0,M0794,qr
cmu,2026022400031,1,2026-02-24 16:49:00,P09,M,1.0,50.0,M0222,qr
cmu,2026022400032,1,2026-02-24 17:00:00,P13,,2.0,50.0,,qr
cmu,2026022400032,2,2026-02-24 17:00:00,P03,M,1.0,65.0,,qr
cmu,2026022400033,1,2026-02-24 17:20:00,P09,L,1.0,60.0,,card
cmu,2026022400034,1,2026-02-24 17:35:00,P06,M,3.0,75.0,M0116,qr
cmu,2026022400035,1,2026-02-24 18:10:00,P05,L,1.0,80.0,,qr
cmu,2026022400036,1,2026-02-24 19:07:00,P04,M,1.0,65.0,M0669,qr
cmu,2026022500001,1,2026-02-25 07:06:00,P03,M,3.0,65.0,M0512,qr
cmu,2026022500002,1,2026-02-25 08:10:00,P01,M,1.0,55.0,M0377,cash
cmu,2026022500003,1,2026-02-25 08:39:00,P03,L,1.0,75.0,M0179,cash
cmu,2026022500004,1,2026-02-25 08:41:00,P07,M,1.0,55.0,,cash
cmu,2026022500005,1,2026-02-25 08:52:00,P04,L,1.0,75.0,M0579,qr
cmu,2026022500006,1,2026-02-25 09:09:00,P10,S,1.0,50.0,,cash
cmu,2026022500007,1,2026-02-25 09:30:00,P15,,1.0,75.0,M0581,qr
cmu,2026022500008,1,2026-02-25 09:40:00,P04,L,2.0,75.0,M0522,cash
cmu,2026022500009,1,2026-02-25 10:05:00,P03,S,2.0,55.0,M0635,card
cmu,2026022500009,2,2026-02-25 10:05:00,P14,,1.0,85.0,M0635,card
cmu,2026022500010,1,2026-02-25 11:00:00,P03,S,1.0,55.0,M0626,qr
cmu,2026022500010,2,2026-02-25 11:00:00,P14,,1.0,85.0,M0626,qr
cmu,2026022500011,1,2026-02-25 11:10:00,P07,M,1.0,55.0,M0519,qr
cmu,2026022500012,1,2026-02-25 11:18:00,P07,S,1.0,45.0,,qr
cmu,2026022500013,1,2026-02-25 12:41:00,P10,M,1.0,60.0,,card
cmu,2026022500013,2,2026-02-25 12:41:00,P15,,1.0,75.0,,card
cmu,2026022500014,1,2026-02-25 13:02:00,P07,S,1.0,45.0,,cash
cmu,2026022500014,2,2026-02-25 13:02:00,P13,,1.0,50.0,,cash
cmu,2026022500015,1,2026-02-25 14:03:00,P13,,1.0,50.0,,qr
cmu,2026022500016,1,2026-02-25 14:43:00,P04,M,1.0,65.0,M0545,qr
cmu,2026022500016,2,2026-02-25 14:43:00,P10,L,1.0,70.0,M0545,qr
cmu,2026022500017,1,2026-02-25 14:48:00,P03,S,1.0,55.0,,qr
cmu,2026022500017,2,2026-02-25 14:48:00,P14,,1.0,85.0,,qr
cmu,2026022500018,1,2026-02-25 15:28:00,P08,S,2.0,60.0,M0104,cash
cmu,2026022500019,1,2026-02-25 16:11:00,P09,M,1.0,50.0,M0210,qr
cmu,2026022500020,1,2026-02-25 16:53:00,P10,M,3.0,60.0,M0703,qr
cmu,2026022600001,1,2026-02-26 07:43:00,P02,L,1.0,65.0,,qr
cmu,2026022600002,1,2026-02-26 07:53:00,P07,L,1.0,65.0,,qr
cmu,2026022600002,2,2026-02-26 07:53:00,P13,,1.0,50.0,,qr
cmu,2026022600003,1,2026-02-26 08:12:00,P10,L,1.0,70.0,M0658,qr
cmu,2026022600004,1,2026-02-26 08:19:00,P02,S,1.0,45.0,,cash
cmu,2026022600004,2,2026-02-26 08:19:00,P12,,1.0,55.0,,cash
cmu,2026022600005,1,2026-02-26 08:53:00,P01,M,1.0,55.0,M0476,cash
cmu,2026022600005,2,2026-02-26 08:53:00,P13,,1.0,50.0,M0476,cash
cmu,2026022600006,1,2026-02-26 09:02:00,P02,S,1.0,45.0,M0625,qr
cmu,2026022600006,2,2026-02-26 09:02:00,P12,,1.0,55.0,M0625,qr
cmu,2026022600007,1,2026-02-26 09:05:00,P07,L,2.0,65.0,M0380,cash
cmu,2026022600007,2,2026-02-26 09:05:00,P12,,1.0,55.0,M0380,cash
cmu,2026022600008,1,2026-02-26 09:14:00,P07,M,1.0,55.0,,qr
cmu,2026022600008,2,2026-02-26 09:14:00,P13,,1.0,50.0,,qr
cmu,2026022600009,1,2026-02-26 09:22:00,P02,M,1.0,55.0,M0570,cash
cmu,2026022600009,2,2026-02-26 09:22:00,P12,,1.0,55.0,M0570,cash
cmu,2026022600010,1,2026-02-26 09:43:00,P07,L,1.0,65.0,M0384,qr
cmu,2026022600010,2,2026-02-26 09:43:00,P13,,1.0,50.0,M0384,qr
cmu,2026022600011,1,2026-02-26 09:47:00,P06,M,1.0,75.0,M0134,qr
cmu,2026022600012,1,2026-02-26 10:09:00,P03,S,1.0,55.0,,qr
cmu,2026022600013,1,2026-02-26 11:03:00,P02,M,1.0,55.0,M0299,qr
cmu,2026022600013,2,2026-02-26 11:03:00,P12,,1.0,55.0,M0299,qr
cmu,2026022600013,3,2026-02-26 11:03:00,P07,L,1.0,65.0,M0299,qr
cmu,2026022600014,1,2026-02-26 12:24:00,P02,M,1.0,55.0,,qr
cmu,2026022600014,2,2026-02-26 12:24:00,P12,,1.0,55.0,,qr
cmu,2026022600015,1,2026-02-26 14:57:00,P10,S,1.0,50.0,,qr
cmu,2026022600016,1,2026-02-26 15:26:00,P14,,1.0,85.0,M0576,cash
cmu,2026022600017,1,2026-02-26 16:02:00,P02,M,1.0,55.0,,qr
cmu,2026022600017,2,2026-02-26 16:02:00,P03,L,1.0,75.0,,qr
cmu,2026022600018,1,2026-02-26 17:25:00,P03,L,1.0,75.0,M0178,qr
cmu,2026022600018,2,2026-02-26 17:25:00,P13,,1.0,50.0,M0178,qr
cmu,2026022700001,1,2026-02-27 07:10:00,P03,M,1.0,65.0,M0724,qr
cmu,2026022700001,2,2026-02-27 07:10:00,P14,,1.0,85.0,M0724,qr
cmu,2026022700002,1,2026-02-27 08:19:00,P08,S,1.0,60.0,,qr
cmu,2026022700002,2,2026-02-27 08:19:00,P12,,1.0,55.0,,qr
cmu,2026022700003,1,2026-02-27 08:37:00,P07,S,3.0,45.0,M0357,qr
cmu,2026022700004,1,2026-02-27 08:57:00,P02,M,1.0,55.0,M0763,cash
cmu,2026022700005,1,2026-02-27 08:58:00,P02,S,1.0,45.0,M0066,cash
cmu,2026022700006,1,2026-02-27 09:03:00,P15,,1.0,75.0,M0426,qr
cmu,2026022700007,1,2026-02-27 09:09:00,P06,M,1.0,75.0,,qr
cmu,2026022700008,1,2026-02-27 09:13:00,P07,M,1.0,55.0,,cash
cmu,2026022700008,2,2026-02-27 09:13:00,P04,M,1.0,65.0,,cash
cmu,2026022700009,1,2026-02-27 09:28:00,P11,M,1.0,60.0,M0267,cash
cmu,2026022700010,1,2026-02-27 10:06:00,P01,L,1.0,65.0,,cash
cmu,2026022700010,2,2026-02-27 10:06:00,P13,,1.0,50.0,,cash
cmu,2026022700011,1,2026-02-27 10:18:00,P05,S,1.0,60.0,M0736,cash
cmu,2026022700012,1,2026-02-27 11:05:00,P03,M,2.0,65.0,M0596,qr
cmu,2026022700012,2,2026-02-27 11:05:00,P04,S,1.0,55.0,M0596,qr
cmu,2026022700013,1,2026-02-27 11:30:00,P02,S,1.0,45.0,M0557,cash
cmu,2026022700013,2,2026-02-27 11:30:00,P12,,1.0,55.0,M0557,cash
cmu,2026022700014,1,2026-02-27 13:01:00,P12,,1.0,55.0,M0742,cash
cmu,2026022700015,1,2026-02-27 13:21:00,P08,S,2.0,60.0,M0711,qr
cmu,2026022700015,2,2026-02-27 13:21:00,P12,,1.0,55.0,M0711,qr
cmu,2026022700016,1,2026-02-27 13:29:00,P10,M,1.0,60.0,M0418,qr
cmu,2026022700017,1,2026-02-27 13:47:00,P12,,1.0,55.0,,cash
cmu,2026022700018,1,2026-02-27 14:02:00,P03,M,1.0,65.0,,card
cmu,2026022700018,2,2026-02-27 14:02:00,P14,,1.0,85.0,,card
cmu,2026022700019,1,2026-02-27 14:06:00,P04,L,1.0,75.0,,cash
cmu,2026022700020,1,2026-02-27 14:08:00,P09,S,1.0,40.0,,cash
cmu,2026022700021,1,2026-02-27 14:32:00,P03,M,1.0,65.0,,cash
cmu,2026022700022,1,2026-02-27 14:37:00,P11,L,1.0,70.0,,qr
cmu,2026022700023,1,2026-02-27 15:14:00,P02,S,1.0,45.0,M0482,cash
cmu,2026022700023,2,2026-02-27 15:14:00,P12,,1.0,55.0,M0482,cash
cmu,2026022700024,1,2026-02-27 15:37:00,P03,M,1.0,65.0,,cash
cmu,2026022700025,1,2026-02-27 16:24:00,P14,,2.0,85.0,M0370,qr
cmu,2026022700025,2,2026-02-27 16:24:00,P12,,1.0,55.0,M0370,qr
cmu,2026022700026,1,2026-02-27 17:04:00,P08,S,1.0,60.0,,qr
cmu,2026022700027,1,2026-02-27 17:32:00,P05,M,1.0,70.0,,qr
cmu,2026022800001,1,2026-02-28 08:34:00,P06,M,1.0,75.0,,cash
cmu,2026022800001,2,2026-02-28 08:34:00,P02,S,1.0,45.0,,cash
cmu,2026022800002,1,2026-02-28 09:17:00,P13,,1.0,50.0,M0222,cash
cmu,2026022800002,2,2026-02-28 09:17:00,P09,M,1.0,50.0,M0222,cash
cmu,2026022800003,1,2026-02-28 09:37:00,P05,M,1.0,70.0,M0435,qr
cmu,2026022800004,1,2026-02-28 09:52:00,P02,S,1.0,45.0,M0494,cash
cmu,2026022800004,2,2026-02-28 09:52:00,P12,,1.0,55.0,M0494,cash
cmu,2026022800005,1,2026-02-28 13:55:00,P06,L,1.0,85.0,M0576,qr
cmu,2026022800006,1,2026-02-28 13:56:00,P08,L,2.0,80.0,M0346,qr
cmu,2026022800007,1,2026-02-28 15:39:00,P08,M,1.0,70.0,M0186,qr
cmu,2026022800008,1,2026-02-28 18:08:00,P07,S,3.0,45.0,,qr
cmu,2026030100001,1,2026-03-01 07:52:00,P15,,1.0,75.0,M0528,qr
cmu,2026030100002,1,2026-03-01 08:12:00,P03,S,1.0,55.0,,qr
cmu,2026030100003,1,2026-03-01 08:34:00,P05,L,1.0,80.0,,cash
cmu,2026030100004,1,2026-03-01 08:42:00,P09,M,1.0,50.0,,cash
cmu,2026030100005,1,2026-03-01 09:05:00,P05,L,1.0,80.0,,qr
cmu,2026030100006,1,2026-03-01 09:12:00,P08,M,1.0,70.0,M0740,cash
cmu,2026030100007,1,2026-03-01 10:21:00,P07,M,1.0,55.0,M0293,qr
cmu,2026030100007,2,2026-03-01 10:21:00,P13,,1.0,50.0,M0293,qr
cmu,2026030100008,1,2026-03-01 11:35:00,P06,S,1.0,65.0,M0751,qr
cmu,2026030100008,2,2026-03-01 11:35:00,P14,,1.0,85.0,M0751,qr
cmu,2026030100008,3,2026-03-01 11:35:00,P01,S,1.0,45.0,M0751,qr
cmu,2026030100009,1,2026-03-01 14:02:00,P13,,1.0,50.0,,qr
cmu,2026030100009,2,2026-03-01 14:02:00,P03,M,1.0,65.0,,qr
cmu,2026030100010,1,2026-03-01 14:12:00,P12,,1.0,55.0,M0158,qr
cmu,2026030100011,1,2026-03-01 14:30:00,P08,L,2.0,80.0,M0109,qr
cmu,2026030100012,1,2026-03-01 14:47:00,P13,,1.0,50.0,,cash
cmu,2026030200001,1,2026-03-02 07:28:00,P05,M,2.0,70.0,,cash
cmu,2026030200002,1,2026-03-02 07:29:00,P02,S,1.0,45.0,M0705,qr
cmu,2026030200003,1,2026-03-02 07:44:00,P02,S,2.0,45.0,M0539,cash
cmu,2026030200003,2,2026-03-02 07:44:00,P14,,1.0,85.0,M0539,cash
cmu,2026030200004,1,2026-03-02 07:49:00,P03,S,1.0,55.0,M0601,qr
cmu,2026030200004,2,2026-03-02 07:49:00,P14,,1.0,85.0,M0601,qr
cmu,2026030200005,1,2026-03-02 07:56:00,P01,S,1.0,45.0,,qr
cmu,2026030200006,1,2026-03-02 08:13:00,P08,S,1.0,60.0,M0370,qr
cmu,2026030200007,1,2026-03-02 08:15:00,P07,M,2.0,55.0,,qr
cmu,2026030200007,2,2026-03-02 08:15:00,P13,,1.0,50.0,,qr
cmu,2026030200008,1,2026-03-02 08:25:00,P05,M,1.0,70.0,,qr
cmu,2026030200009,1,2026-03-02 08:29:00,P03,L,2.0,75.0,,qr
cmu,2026030200009,2,2026-03-02 08:29:00,P14,,1.0,85.0,,qr
cmu,2026030200010,1,2026-03-02 08:48:00,P02,M,1.0,55.0,,qr
cmu,2026030200011,1,2026-03-02 09:08:00,P04,M,2.0,65.0,,cash
cmu,2026030200012,1,2026-03-02 10:06:00,P03,M,2.0,65.0,M0497,qr
cmu,2026030200012,2,2026-03-02 10:06:00,P14,,1.0,85.0,M0497,qr
cmu,2026030200013,1,2026-03-02 10:14:00,P02,M,1.0,55.0,M0450,qr
cmu,2026030200014,1,2026-03-02 10:45:00,P03,S,1.0,55.0,M0240,qr
cmu,2026030200015,1,2026-03-02 14:01:00,P06,M,1.0,75.0,M0497,qr
cmu,2026030200015,2,2026-03-02 14:01:00,P12,,1.0,55.0,M0497,qr
cmu,2026030200016,1,2026-03-02 14:07:00,P03,S,1.0,55.0,M0546,cash
cmu,2026030200016,2,2026-03-02 14:07:00,P14,,1.0,85.0,M0546,cash
cmu,2026030200017,1,2026-03-02 14:24:00,P12,,1.0,55.0,,qr
cmu,2026030200018,1,2026-03-02 14:38:00,P15,,1.0,75.0,M0261,qr
cmu,2026030200019,1,2026-03-02 14:59:00,P07,S,1.0,45.0,M0116,qr
cmu,2026030200020,1,2026-03-02 15:16:00,P14,,1.0,85.0,,qr
cmu,2026030200021,1,2026-03-02 15:18:00,P10,L,1.0,70.0,M0239,qr
cmu,2026030200022,1,2026-03-02 15:34:00,P12,,1.0,55.0,M0334,qr
cmu,2026030200023,1,2026-03-02 16:17:00,P02,S,1.0,45.0,M0400,qr
cmu,2026030200023,2,2026-03-02 16:17:00,P04,S,1.0,55.0,M0400,qr
cmu,2026030200024,1,2026-03-02 17:52:00,P15,,1.0,75.0,M0763,qr
cmu,2026030200025,1,2026-03-02 18:28:00,P08,M,1.0,70.0,,cash
cmu,2026030200026,1,2026-03-02 19:06:00,P12,,1.0,55.0,,qr
cmu,2026030300001,1,2026-03-03 08:34:00,P10,S,1.0,50.0,M0109,card
cmu,2026030300001,2,2026-03-03 08:34:00,P13,,1.0,50.0,M0109,card
cmu,2026030300001,3,2026-03-03 08:34:00,P01,M,1.0,55.0,M0109,card
cmu,2026030300002,1,2026-03-03 10:45:00,P03,M,1.0,65.0,,qr
cmu,2026030300002,2,2026-03-03 10:45:00,P14,,1.0,85.0,,qr
cmu,2026030300003,1,2026-03-03 10:56:00,P06,M,1.0,75.0,,cash
cmu,2026030300004,1,2026-03-03 12:02:00,P13,,1.0,50.0,,qr
cmu,2026030300005,1,2026-03-03 14:32:00,P11,M,1.0,60.0,,cash
cmu,2026030300005,2,2026-03-03 14:32:00,P06,M,1.0,75.0,,cash
cmu,2026030300006,1,2026-03-03 14:35:00,P09,S,1.0,40.0,M0754,qr
cmu,2026030300006,2,2026-03-03 14:35:00,P11,S,1.0,50.0,M0754,qr
cmu,2026030300007,1,2026-03-03 14:36:00,P10,S,1.0,50.0,,cash
cmu,2026030300007,2,2026-03-03 14:36:00,P12,,1.0,55.0,,cash
cmu,2026030300008,1,2026-03-03 15:50:00,P07,S,2.0,45.0,M0282,qr
cmu,2026030300009,1,2026-03-03 16:48:00,P13,,1.0,50.0,,qr
cmu,2026030300010,1,2026-03-03 16:51:00,P02,M,1.0,55.0,M0606,cash
cmu,2026030300010,2,2026-03-03 16:51:00,P15,,1.0,75.0,M0606,cash
cmu,2026030400001,1,2026-03-04 07:10:00,P12,,1.0,55.0,,qr
cmu,2026030400002,1,2026-03-04 07:45:00,P01,M,1.0,55.0,,qr
cmu,2026030400002,2,2026-03-04 07:45:00,P06,M,1.0,75.0,,qr
cmu,2026030400003,1,2026-03-04 08:11:00,P02,L,2.0,65.0,,cash
cmu,2026030400004,1,2026-03-04 08:25:00,P06,M,2.0,75.0,M0650,cash
cmu,2026030400004,2,2026-03-04 08:25:00,P12,,1.0,55.0,M0650,cash
cmu,2026030400005,1,2026-03-04 08:30:00,P02,S,1.0,45.0,,qr
cmu,2026030400005,2,2026-03-04 08:30:00,P12,,1.0,55.0,,qr
cmu,2026030400006,1,2026-03-04 08:32:00,P03,L,1.0,75.0,,cash
cmu,2026030400006,2,2026-03-04 08:32:00,P14,,1.0,85.0,,cash
cmu,2026030400007,1,2026-03-04 09:38:00,P07,M,1.0,55.0,,qr
cmu,2026030400007,2,2026-03-04 09:38:00,P13,,1.0,50.0,,qr
cmu,2026030400008,1,2026-03-04 10:15:00,P02,L,1.0,65.0,,card
cmu,2026030400008,2,2026-03-04 10:15:00,P12,,1.0,55.0,,card
cmu,2026030400009,1,2026-03-04 10:42:00,P13,,1.0,50.0,M0104,qr
cmu,2026030400010,1,2026-03-04 10:42:00,P04,M,1.0,65.0,M0428,cash
cmu,2026030400011,1,2026-03-04 11:47:00,P03,M,2.0,65.0,,cash
cmu,2026030400011,2,2026-03-04 11:47:00,P14,,1.0,85.0,,cash
cmu,2026030400012,1,2026-03-04 12:06:00,P03,M,1.0,65.0,,cash
cmu,2026030400013,1,2026-03-04 12:08:00,P07,S,1.0,45.0,M0764,qr
cmu,2026030400014,1,2026-03-04 12:52:00,P09,L,1.0,60.0,M0169,qr
cmu,2026030400015,1,2026-03-04 13:43:00,P06,S,1.0,65.0,M0213,cash
cmu,2026030400016,1,2026-03-04 14:02:00,P12,,1.0,55.0,M0151,qr
cmu,2026030400017,1,2026-03-04 14:23:00,P09,S,1.0,40.0,,qr
cmu,2026030400018,1,2026-03-04 14:25:00,P08,L,1.0,80.0,,qr
cmu,2026030400019,1,2026-03-04 14:48:00,P07,S,1.0,45.0,,cash
cmu,2026030400019,2,2026-03-04 14:48:00,P13,,1.0,50.0,,cash
cmu,2026030400020,1,2026-03-04 16:17:00,P03,M,1.0,65.0,M0559,card
cmu,2026030400020,2,2026-03-04 16:17:00,P14,,1.0,85.0,M0559,card
cmu,2026030400021,1,2026-03-04 16:19:00,P08,L,1.0,80.0,,qr
cmu,2026030400022,1,2026-03-04 17:31:00,P10,M,1.0,60.0,,cash
cmu,2026030400023,1,2026-03-04 18:11:00,P11,S,1.0,50.0,M0200,cash
cmu,2026030500001,1,2026-03-05 07:14:00,P14,,1.0,85.0,M0476,cash
cmu,2026030500002,1,2026-03-05 07:48:00,P05,L,1.0,80.0,,qr
cmu,2026030500003,1,2026-03-05 09:02:00,P13,,2.0,50.0,,qr
cmu,2026030500004,1,2026-03-05 09:51:00,P09,M,2.0,50.0,,cash
cmu,2026030500004,2,2026-03-05 09:51:00,P03,S,1.0,55.0,,cash
cmu,2026030500005,1,2026-03-05 10:00:00,P07,L,2.0,65.0,M0045,qr
cmu,2026030500005,2,2026-03-05 10:00:00,P14,,1.0,85.0,M0045,qr
cmu,2026030500006,1,2026-03-05 10:17:00,P07,L,1.0,65.0,,card
cmu,2026030500007,1,2026-03-05 11:48:00,P13,,2.0,50.0,M0677,qr
cmu,2026030500008,1,2026-03-05 12:20:00,P04,M,1.0,65.0,,qr
cmu,2026030500009,1,2026-03-05 12:33:00,P10,M,1.0,60.0,M0210,cash
cmu,2026030500010,1,2026-03-05 14:00:00,P07,M,1.0,55.0,M0599,qr
cmu,2026030500010,2,2026-03-05 14:00:00,P13,,1.0,50.0,M0599,qr
cmu,2026030500011,1,2026-03-05 14:05:00,P12,,1.0,55.0,M0149,cash
cmu,2026030500012,1,2026-03-05 14:06:00,P03,M,1.0,65.0,M0337,cash
cmu,2026030500012,2,2026-03-05 14:06:00,P14,,1.0,85.0,M0337,cash
cmu,2026030500013,1,2026-03-05 14:10:00,P07,S,1.0,45.0,M0200,cash
cmu,2026030500014,1,2026-03-05 14:23:00,P01,S,1.0,45.0,M0305,qr
cmu,2026030500015,1,2026-03-05 15:32:00,P08,S,1.0,60.0,,cash
cmu,2026030500016,1,2026-03-05 15:37:00,P10,S,2.0,50.0,,cash
cmu,2026030500016,2,2026-03-05 15:37:00,P05,M,1.0,70.0,,cash
cmu,2026030500017,1,2026-03-05 15:49:00,P12,,1.0,55.0,,qr
cmu,2026030500018,1,2026-03-05 16:16:00,P14,,1.0,85.0,M0746,qr
cmu,2026030500019,1,2026-03-05 16:51:00,P03,M,1.0,65.0,,cash
cmu,2026030600001,1,2026-03-06 07:20:00,P07,L,1.0,65.0,M0456,qr
cmu,2026030600001,2,2026-03-06 07:20:00,P13,,1.0,50.0,M0456,qr
cmu,2026030600002,1,2026-03-06 08:10:00,P02,M,1.0,55.0,,card
cmu,2026030600002,2,2026-03-06 08:10:00,P12,,1.0,55.0,,card
cmu,2026030600002,3,2026-03-06 08:10:00,P01,M,1.0,55.0,,card
cmu,2026030600003,1,2026-03-06 08:20:00,P10,M,1.0,60.0,,cash
cmu,2026030600004,1,2026-03-06 08:41:00,P05,M,2.0,70.0,,cash
cmu,2026030600004,2,2026-03-06 08:41:00,P14,,1.0,85.0,,cash
cmu,2026030600005,1,2026-03-06 08:55:00,P01,M,1.0,55.0,M0602,qr
cmu,2026030600005,2,2026-03-06 08:55:00,P15,,1.0,75.0,M0602,qr
cmu,2026030600005,3,2026-03-06 08:55:00,P06,L,1.0,85.0,M0602,qr
cmu,2026030600006,1,2026-03-06 09:46:00,P02,M,1.0,55.0,,qr
cmu,2026030600007,1,2026-03-06 10:12:00,P03,M,1.0,65.0,M0783,qr
cmu,2026030600008,1,2026-03-06 10:13:00,P01,M,1.0,55.0,M0763,qr
cmu,2026030600009,1,2026-03-06 10:24:00,P12,,1.0,55.0,,qr
cmu,2026030600009,2,2026-03-06 10:24:00,P02,S,1.0,45.0,,qr
cmu,2026030600010,1,2026-03-06 10:26:00,P02,S,1.0,45.0,,cash
cmu,2026030600011,1,2026-03-06 10:55:00,P10,L,3.0,70.0,M0240,qr
cmu,2026030600011,2,2026-03-06 10:55:00,P13,,1.0,50.0,M0240,qr
cmu,2026030600012,1,2026-03-06 11:16:00,P08,M,1.0,70.0,M0787,card
cmu,2026030600012,2,2026-03-06 11:16:00,P12,,1.0,55.0,M0787,card
cmu,2026030600013,1,2026-03-06 11:28:00,P02,L,2.0,65.0,,qr
cmu,2026030600013,2,2026-03-06 11:28:00,P12,,1.0,55.0,,qr
cmu,2026030600014,1,2026-03-06 11:54:00,P02,L,1.0,65.0,,cash
cmu,2026030600014,2,2026-03-06 11:54:00,P12,,1.0,55.0,,cash
cmu,2026030600015,1,2026-03-06 12:00:00,P13,,2.0,50.0,M0098,qr
cmu,2026030600016,1,2026-03-06 12:06:00,P06,S,2.0,65.0,,qr
cmu,2026030600017,1,2026-03-06 12:39:00,P10,M,1.0,60.0,,cash
cmu,2026030600018,1,2026-03-06 12:45:00,P07,S,1.0,45.0,,qr
cmu,2026030600018,2,2026-03-06 12:45:00,P13,,1.0,50.0,,qr
cmu,2026030600019,1,2026-03-06 13:32:00,P08,M,1.0,70.0,,card
cmu,2026030600020,1,2026-03-06 13:35:00,P10,M,1.0,60.0,,cash
cmu,2026030600021,1,2026-03-06 13:59:00,P05,M,1.0,70.0,M0482,qr
cmu,2026030600022,1,2026-03-06 14:55:00,P05,M,1.0,70.0,,cash
cmu,2026030600023,1,2026-03-06 15:49:00,P03,L,1.0,75.0,M0157,qr
cmu,2026030600023,2,2026-03-06 15:49:00,P14,,1.0,85.0,M0157,qr
cmu,2026030600024,1,2026-03-06 15:58:00,P15,,1.0,75.0,,qr
cmu,2026030600025,1,2026-03-06 16:24:00,P07,M,1.0,55.0,M0528,card
cmu,2026030600026,1,2026-03-06 16:32:00,P07,S,1.0,45.0,,qr
cmu,2026030600027,1,2026-03-06 16:51:00,P07,M,1.0,55.0,,qr
cmu,2026030600027,2,2026-03-06 16:51:00,P12,,1.0,55.0,,qr
cmu,2026030600028,1,2026-03-06 17:10:00,P01,M,1.0,55.0,,card
cmu,2026030600028,2,2026-03-06 17:10:00,P15,,1.0,75.0,,card
cmu,2026030600029,1,2026-03-06 18:05:00,P07,S,1.0,45.0,M0030,qr
cmu,2026030600029,2,2026-03-06 18:05:00,P13,,1.0,50.0,M0030,qr
cmu,2026030600030,1,2026-03-06 18:43:00,P07,L,1.0,65.0,M0789,cash
cmu,2026030600030,2,2026-03-06 18:43:00,P13,,1.0,50.0,M0789,cash
cmu,2026030700001,1,2026-03-07 08:38:00,P13,,2.0,50.0,M0130,qr
cmu,2026030700002,1,2026-03-07 09:58:00,P02,M,1.0,55.0,M0087,cash
cmu,2026030700002,2,2026-03-07 09:58:00,P15,,1.0,75.0,M0087,cash
cmu,2026030700003,1,2026-03-07 10:16:00,P05,M,2.0,70.0,,qr
cmu,2026030700004,1,2026-03-07 11:21:00,P13,,1.0,50.0,,qr
cmu,2026030700005,1,2026-03-07 11:40:00,P01,L,1.0,65.0,,qr
cmu,2026030700005,2,2026-03-07 11:40:00,P06,M,1.0,75.0,,qr
cmu,2026030700006,1,2026-03-07 14:26:00,P09,L,1.0,60.0,M0570,qr
cmu,2026030700006,2,2026-03-07 14:26:00,P07,L,1.0,65.0,M0570,qr
cmu,2026030700007,1,2026-03-07 15:20:00,P03,L,2.0,75.0,,qr
cmu,2026030700007,2,2026-03-07 15:20:00,P14,,1.0,85.0,,qr
cmu,2026030700008,1,2026-03-07 15:47:00,P10,S,1.0,50.0,M0683,cash
cmu,2026030700009,1,2026-03-07 15:51:00,P07,M,1.0,55.0,M0461,qr
cmu,2026030700009,2,2026-03-07 15:51:00,P13,,1.0,50.0,M0461,qr
cmu,2026030700010,1,2026-03-07 16:20:00,P12,,1.0,55.0,M0080,cash
cmu,2026030700011,1,2026-03-07 16:58:00,P10,L,1.0,70.0,,cash
cmu,2026030800001,1,2026-03-08 09:42:00,P08,S,1.0,60.0,M0479,qr
cmu,2026030800001,2,2026-03-08 09:42:00,P03,M,1.0,65.0,M0479,qr
cmu,2026030800002,1,2026-03-08 10:06:00,P06,M,1.0,75.0,,qr
cmu,2026030800002,2,2026-03-08 10:06:00,P14,,1.0,85.0,,qr
cmu,2026030800003,1,2026-03-08 11:20:00,P08,S,1.0,60.0,M0134,qr
cmu,2026030800004,1,2026-03-08 11:33:00,P06,L,1.0,85.0,M0622,qr
cmu,2026030800004,2,2026-03-08 11:33:00,P13,,1.0,50.0,M0622,qr
cmu,2026030800005,1,2026-03-08 14:55:00,P10,S,1.0,50.0,,cash
cmu,2026030800006,1,2026-03-08 15:44:00,P09,M,1.0,50.0,M0272,qr
cmu,2026030800007,1,2026-03-08 15:44:00,P13,,1.0,50.0,M0469,qr
cmu,2026030800007,2,2026-03-08 15:44:00,P04,M,1.0,65.0,M0469,qr
cmu,2026030800008,1,2026-03-08 16:12:00,P02,M,1.0,55.0,M0753,qr
cmu,2026030800008,2,2026-03-08 16:12:00,P12,,1.0,55.0,M0753,qr
cmu,2026030800008,3,2026-03-08 16:12:00,P14,,1.0,85.0,M0753,qr
cmu,2026030800009,1,2026-03-08 19:02:00,P05,S,1.0,60.0,M0295,qr
cmu,2026030800010,1,2026-03-08 19:17:00,P13,,2.0,50.0,,cash
cmu,2026030900001,1,2026-03-09 07:26:00,P03,M,1.0,65.0,M0758,cash
cmu,2026030900001,2,2026-03-09 07:26:00,P15,,1.0,75.0,M0758,cash
cmu,2026030900002,1,2026-03-09 08:30:00,P08,M,3.0,70.0,,qr
cmu,2026030900003,1,2026-03-09 08:30:00,P01,L,1.0,65.0,M0761,cash
cmu,2026030900003,2,2026-03-09 08:30:00,P15,,1.0,75.0,M0761,cash
cmu,2026030900004,1,2026-03-09 09:04:00,P03,L,1.0,75.0,M0440,cash
cmu,2026030900005,1,2026-03-09 09:22:00,P07,S,1.0,45.0,M0088,qr
cmu,2026030900005,2,2026-03-09 09:22:00,P09,L,1.0,60.0,M0088,qr
cmu,2026030900006,1,2026-03-09 09:51:00,P12,,1.0,55.0,,cash
cmu,2026030900007,1,2026-03-09 09:58:00,P01,M,2.0,55.0,,qr
cmu,2026030900007,2,2026-03-09 09:58:00,P15,,1.0,75.0,,qr
cmu,2026030900007,3,2026-03-09 09:58:00,P04,L,1.0,75.0,,qr
cmu,2026030900008,1,2026-03-09 10:03:00,P03,M,1.0,65.0,M0068,qr
cmu,2026030900008,2,2026-03-09 10:03:00,P14,,1.0,85.0,M0068,qr
cmu,2026030900009,1,2026-03-09 10:18:00,P08,L,1.0,80.0,,cash
cmu,2026030900010,1,2026-03-09 11:26:00,P10,L,1.0,70.0,M0736,qr
cmu,2026030900011,1,2026-03-09 11:37:00,P02,M,1.0,55.0,M0109,cash
cmu,2026030900012,1,2026-03-09 11:59:00,P07,M,1.0,55.0,,qr
cmu,2026030900013,1,2026-03-09 12:06:00,P12,,1.0,55.0,,qr
cmu,2026030900014,1,2026-03-09 12:40:00,P07,M,1.0,55.0,,cash
cmu,2026030900014,2,2026-03-09 12:40:00,P13,,1.0,50.0,,cash
cmu,2026030900015,1,2026-03-09 13:19:00,P12,,2.0,55.0,M0797,cash
cmu,2026030900016,1,2026-03-09 13:30:00,P10,M,1.0,60.0,,qr
cmu,2026030900017,1,2026-03-09 13:34:00,P03,L,1.0,75.0,M0663,qr
cmu,2026030900018,1,2026-03-09 13:34:00,P03,L,1.0,75.0,,qr
cmu,2026030900018,2,2026-03-09 13:34:00,P15,,1.0,75.0,,qr
cmu,2026030900019,1,2026-03-09 13:54:00,P15,,2.0,75.0,M0494,card
cmu,2026030900020,1,2026-03-09 14:47:00,P13,,1.0,50.0,M0349,qr
cmu,2026030900021,1,2026-03-09 15:32:00,P06,M,1.0,75.0,M0661,qr
cmu,2026030900022,1,2026-03-09 15:53:00,P05,S,1.0,60.0,,qr
cmu,2026030900023,1,2026-03-09 16:11:00,P10,S,1.0,50.0,M0273,cash
cmu,2026030900024,1,2026-03-09 16:24:00,P02,L,1.0,65.0,,qr
cmu,2026030900024,2,2026-03-09 16:24:00,P12,,1.0,55.0,,qr
cmu,2026030900025,1,2026-03-09 16:49:00,P11,M,1.0,60.0,M0380,qr
cmu,2026030900026,1,2026-03-09 16:51:00,P07,L,1.0,65.0,,qr
cmu,2026030900027,1,2026-03-09 16:56:00,P03,M,1.0,65.0,,cash
cmu,2026030900027,2,2026-03-09 16:56:00,P04,S,1.0,55.0,,cash
cmu,2026030900028,1,2026-03-09 17:10:00,P03,M,1.0,65.0,M0643,cash
cmu,2026030900029,1,2026-03-09 18:17:00,P02,M,1.0,55.0,,qr
cmu,2026030900030,1,2026-03-09 18:42:00,P13,,1.0,50.0,M0755,qr
cmu,2026030900031,1,2026-03-09 19:58:00,P10,M,1.0,60.0,M0485,qr
cmu,2026031000001,1,2026-03-10 07:53:00,P04,M,1.0,65.0,,cash
cmu,2026031000002,1,2026-03-10 07:54:00,P08,M,1.0,70.0,M0005,qr
cmu,2026031000003,1,2026-03-10 07:57:00,P03,L,1.0,75.0,M0659,qr
cmu,2026031000003,2,2026-03-10 07:57:00,P14,,1.0,85.0,M0659,qr
cmu,2026031000004,1,2026-03-10 09:11:00,P05,L,1.0,80.0,,qr
cmu,2026031000004,2,2026-03-10 09:11:00,P14,,1.0,85.0,,qr
cmu,2026031000005,1,2026-03-10 09:17:00,P02,M,1.0,55.0,M0082,card
cmu,2026031000006,1,2026-03-10 09:22:00,P03,M,1.0,65.0,M0585,qr
cmu,2026031000006,2,2026-03-10 09:22:00,P02,S,1.0,45.0,M0585,qr
cmu,2026031000007,1,2026-03-10 09:26:00,P12,,2.0,55.0,,qr
cmu,2026031000008,1,2026-03-10 09:33:00,P01,M,1.0,55.0,,qr
cmu,2026031000009,1,2026-03-10 09:43:00,P11,S,2.0,50.0,M0568,qr
cmu,2026031000009,2,2026-03-10 09:43:00,P14,,1.0,85.0,M0568,qr
cmu,2026031000010,1,2026-03-10 10:03:00,P04,L,1.0,75.0,,qr
cmu,2026031000011,1,2026-03-10 10:33:00,P08,L,1.0,80.0,,qr
cmu,2026031000012,1,2026-03-10 11:38:00,P04,M,1.0,65.0,M0306,cash
cmu,2026031000013,1,2026-03-10 12:26:00,P07,M,1.0,55.0,,qr
cmu,2026031000014,1,2026-03-10 13:17:00,P02,M,1.0,55.0,M0005,cash
cmu,2026031000014,2,2026-03-10 13:17:00,P12,,1.0,55.0,M0005,cash
cmu,2026031000015,1,2026-03-10 14:16:00,P12,,1.0,55.0,M0738,qr
cmu,2026031000016,1,2026-03-10 14:53:00,P08,M,1.0,70.0,,qr
cmu,2026031000017,1,2026-03-10 15:10:00,P10,S,1.0,50.0,,qr
cmu,2026031000017,2,2026-03-10 15:10:00,P14,,1.0,85.0,,qr
cmu,2026031000017,3,2026-03-10 15:10:00,P08,M,1.0,70.0,,qr
cmu,2026031000018,1,2026-03-10 15:40:00,P10,M,1.0,60.0,M0727,qr
cmu,2026031000019,1,2026-03-10 15:42:00,P14,,2.0,85.0,,card
cmu,2026031000020,1,2026-03-10 15:53:00,P08,M,1.0,70.0,M0536,qr
cmu,2026031000021,1,2026-03-10 16:30:00,P08,M,3.0,70.0,M0563,qr
cmu,2026031000022,1,2026-03-10 16:34:00,P03,M,1.0,65.0,M0773,cash
cmu,2026031000022,2,2026-03-10 16:34:00,P14,,1.0,85.0,M0773,cash
cmu,2026031000023,1,2026-03-10 16:53:00,P14,,2.0,85.0,M0517,qr
cmu,2026031000024,1,2026-03-10 17:24:00,P09,M,1.0,50.0,,card
cmu,2026031000025,1,2026-03-10 17:55:00,P03,M,1.0,65.0,M0465,qr
cmu,2026031000026,1,2026-03-10 18:01:00,P06,M,1.0,75.0,,card
cmu,2026031000027,1,2026-03-10 18:15:00,P07,S,1.0,45.0,M0346,qr
cmu,2026031000027,2,2026-03-10 18:15:00,P13,,1.0,50.0,M0346,qr
cmu,2026031000028,1,2026-03-10 18:30:00,P03,L,1.0,75.0,M0005,qr
cmu,2026031000028,2,2026-03-10 18:30:00,P14,,1.0,85.0,M0005,qr
cmu,2026031000029,1,2026-03-10 18:42:00,P09,M,2.0,50.0,,card
cmu,2026031100001,1,2026-03-11 08:35:00,P06,M,1.0,75.0,,cash
cmu,2026031100001,2,2026-03-11 08:35:00,P14,,1.0,85.0,,cash
cmu,2026031100002,1,2026-03-11 08:38:00,P01,S,1.0,45.0,M0169,qr
cmu,2026031100003,1,2026-03-11 09:08:00,P08,M,1.0,70.0,M0639,qr
cmu,2026031100004,1,2026-03-11 10:06:00,P03,M,2.0,65.0,,card
cmu,2026031100004,2,2026-03-11 10:06:00,P14,,1.0,85.0,,card
cmu,2026031100005,1,2026-03-11 10:21:00,P06,M,1.0,75.0,,qr
cmu,2026031100006,1,2026-03-11 10:29:00,P05,M,1.0,70.0,,qr
cmu,2026031100006,2,2026-03-11 10:29:00,P07,S,1.0,45.0,,qr
cmu,2026031100007,1,2026-03-11 10:39:00,P02,S,1.0,45.0,M0788,qr
cmu,2026031100007,2,2026-03-11 10:39:00,P06,L,1.0,85.0,M0788,qr
cmu,2026031100008,1,2026-03-11 11:00:00,P07,M,1.0,55.0,M0423,cash
cmu,2026031100009,1,2026-03-11 11:31:00,P01,M,1.0,55.0,M0047,cash
cmu,2026031100010,1,2026-03-11 11:53:00,P13,,1.0,50.0,M0298,qr
cmu,2026031100010,2,2026-03-11 11:53:00,P02,S,1.0,45.0,M0298,qr
cmu,2026031100011,1,2026-03-11 11:54:00,P03,M,1.0,65.0,M0273,qr
cmu,2026031100011,2,2026-03-11 11:54:00,P06,M,1.0,75.0,M0273,qr
cmu,2026031100012,1,2026-03-11 13:42:00,P01,M,1.0,55.0,,qr
cmu,2026031100012,2,2026-03-11 13:42:00,P15,,1.0,75.0,,qr
cmu,2026031100012,3,2026-03-11 13:42:00,P03,M,1.0,65.0,,qr
cmu,2026031100013,1,2026-03-11 13:43:00,P06,L,1.0,85.0,,qr
cmu,2026031100014,1,2026-03-11 14:09:00,P09,M,1.0,50.0,M0661,qr
cmu,2026031100015,1,2026-03-11 14:16:00,P08,S,1.0,60.0,,qr
cmu,2026031100016,1,2026-03-11 14:21:00,P13,,1.0,50.0,M0224,qr
cmu,2026031100017,1,2026-03-11 14:27:00,P10,S,1.0,50.0,M0425,qr
cmu,2026031100018,1,2026-03-11 14:41:00,P05,S,1.0,60.0,M0670,cash
cmu,2026031100019,1,2026-03-11 14:44:00,P01,S,1.0,45.0,,qr
cmu,2026031100019,2,2026-03-11 14:44:00,P15,,1.0,75.0,,qr
cmu,2026031100020,1,2026-03-11 15:29:00,P13,,1.0,50.0,M0503,qr
cmu,2026031100021,1,2026-03-11 15:31:00,P12,,2.0,55.0,M0218,qr
cmu,2026031100021,2,2026-03-11 15:31:00,P03,S,1.0,55.0,M0218,qr
cmu,2026031100022,1,2026-03-11 15:59:00,P08,M,2.0,70.0,,qr
cmu,2026031100023,1,2026-03-11 16:08:00,P01,M,1.0,55.0,,qr
cmu,2026031100023,2,2026-03-11 16:08:00,P15,,1.0,75.0,,qr
cmu,2026031100024,1,2026-03-11 16:21:00,P13,,1.0,50.0,,cash
cmu,2026031100025,1,2026-03-11 16:58:00,P04,S,2.0,55.0,,qr
cmu,2026031100025,2,2026-03-11 16:58:00,P13,,1.0,50.0,,qr
cmu,2026031100026,1,2026-03-11 18:33:00,P05,M,3.0,70.0,M0615,cash
cmu,2026031100027,1,2026-03-11 18:48:00,P12,,1.0,55.0,,cash
cmu,2026031100028,1,2026-03-11 18:50:00,P09,M,1.0,50.0,,qr
cmu,2026031100028,2,2026-03-11 18:50:00,P12,,1.0,55.0,,qr
cmu,2026031100029,1,2026-03-11 19:24:00,P13,,1.0,50.0,M0293,qr
cmu,2026031100030,1,2026-03-11 19:43:00,P12,,1.0,55.0,,qr
cmu,2026031200001,1,2026-03-12 07:07:00,P02,S,2.0,45.0,M0122,qr
cmu,2026031200002,1,2026-03-12 07:18:00,P03,S,1.0,55.0,M0083,cash
cmu,2026031200002,2,2026-03-12 07:18:00,P14,,1.0,85.0,M0083,cash
cmu,2026031200003,1,2026-03-12 07:52:00,P12,,1.0,55.0,,cash
cmu,2026031200004,1,2026-03-12 08:28:00,P11,M,1.0,60.0,M0179,cash
cmu,2026031200005,1,2026-03-12 08:34:00,P03,M,1.0,65.0,,qr
cmu,2026031200006,1,2026-03-12 09:52:00,P03,S,1.0,55.0,M0446,qr
cmu,2026031200007,1,2026-03-12 09:57:00,P02,M,1.0,55.0,M0230,cash
cmu,2026031200007,2,2026-03-12 09:57:00,P15,,1.0,75.0,M0230,cash
cmu,2026031200008,1,2026-03-12 09:57:00,P08,L,1.0,80.0,,qr
cmu,2026031200009,1,2026-03-12 10:19:00,P05,M,1.0,70.0,,cash
cmu,2026031200009,2,2026-03-12 10:19:00,P14,,1.0,85.0,,cash
cmu,2026031200010,1,2026-03-12 10:42:00,P10,L,2.0,70.0,M0656,qr
cmu,2026031200011,1,2026-03-12 12:05:00,P13,,2.0,50.0,M0187,qr
cmu,2026031200012,1,2026-03-12 13:31:00,P02,M,1.0,55.0,M0525,qr
cmu,2026031200013,1,2026-03-12 13:50:00,P03,M,2.0,65.0,M0512,qr
cmu,2026031200014,1,2026-03-12 14:49:00,P07,M,3.0,55.0,M0136,cash
cmu,2026031200015,1,2026-03-12 14:50:00,P08,M,2.0,70.0,,qr
cmu,2026031200016,1,2026-03-12 14:57:00,P07,M,1.0,55.0,M0715,qr
cmu,2026031200016,2,2026-03-12 14:57:00,P13,,1.0,50.0,M0715,qr
cmu,2026031200017,1,2026-03-12 15:01:00,P11,S,1.0,50.0,M0192,qr
cmu,2026031200018,1,2026-03-12 15:26:00,P03,S,1.0,55.0,M0285,qr
cmu,2026031200019,1,2026-03-12 16:02:00,P03,M,1.0,65.0,M0061,cash
cmu,2026031200020,1,2026-03-12 16:27:00,P07,L,1.0,65.0,,card
cmu,2026031200020,2,2026-03-12 16:27:00,P13,,1.0,50.0,,card
cmu,2026031200021,1,2026-03-12 17:09:00,P08,M,1.0,70.0,,qr
cmu,2026031300001,1,2026-03-13 08:18:00,P04,S,1.0,55.0,,card
cmu,2026031300001,2,2026-03-13 08:18:00,P03,M,1.0,65.0,,card
cmu,2026031300002,1,2026-03-13 08:19:00,P04,L,2.0,75.0,M0311,cash
cmu,2026031300003,1,2026-03-13 08:28:00,P04,S,1.0,55.0,M0370,qr
cmu,2026031300004,1,2026-03-13 08:29:00,P01,M,1.0,55.0,M0517,qr
cmu,2026031300004,2,2026-03-13 08:29:00,P15,,1.0,75.0,M0517,qr
cmu,2026031300005,1,2026-03-13 08:41:00,P04,M,1.0,65.0,M0110,qr
cmu,2026031300005,2,2026-03-13 08:41:00,P02,M,1.0,55.0,M0110,qr
cmu,2026031300006,1,2026-03-13 08:43:00,P06,M,1.0,75.0,,cash
cmu,2026031300006,2,2026-03-13 08:43:00,P07,L,1.0,65.0,,cash
cmu,2026031300007,1,2026-03-13 09:14:00,P02,L,1.0,65.0,,cash
cmu,2026031300007,2,2026-03-13 09:14:00,P12,,1.0,55.0,,cash
cmu,2026031300008,1,2026-03-13 09:15:00,P15,,1.0,75.0,,cash
cmu,2026031300009,1,2026-03-13 09:19:00,P02,L,1.0,65.0,,qr
cmu,2026031300010,1,2026-03-13 09:20:00,P04,M,1.0,65.0,M0061,qr
cmu,2026031300011,1,2026-03-13 09:40:00,P01,L,2.0,65.0,,qr
cmu,2026031300011,2,2026-03-13 09:40:00,P15,,1.0,75.0,,qr
cmu,2026031300011,3,2026-03-13 09:40:00,P12,,1.0,55.0,,qr
cmu,2026031300012,1,2026-03-13 10:50:00,P06,M,1.0,75.0,,cash
cmu,2026031300013,1,2026-03-13 11:59:00,P05,S,1.0,60.0,,qr
cmu,2026031300014,1,2026-03-13 12:13:00,P02,M,3.0,55.0,,qr
cmu,2026031300015,1,2026-03-13 12:35:00,P15,,1.0,75.0,,cash
cmu,2026031300016,1,2026-03-13 13:14:00,P05,M,2.0,70.0,,qr
cmu,2026031300017,1,2026-03-13 13:26:00,P08,M,1.0,70.0,,cash
cmu,2026031300018,1,2026-03-13 13:28:00,P02,M,1.0,55.0,,qr
cmu,2026031300018,2,2026-03-13 13:28:00,P12,,1.0,55.0,,qr
cmu,2026031300019,1,2026-03-13 13:29:00,P08,S,1.0,60.0,M0213,cash
cmu,2026031300019,2,2026-03-13 13:29:00,P13,,1.0,50.0,M0213,cash
cmu,2026031300020,1,2026-03-13 14:06:00,P09,M,1.0,50.0,M0528,qr
cmu,2026031300021,1,2026-03-13 14:30:00,P13,,1.0,50.0,,qr
cmu,2026031300022,1,2026-03-13 15:02:00,P04,M,2.0,65.0,,qr
cmu,2026031300023,1,2026-03-13 16:02:00,P15,,1.0,75.0,,qr
cmu,2026031300024,1,2026-03-13 16:23:00,P05,S,2.0,60.0,M0591,cash
cmu,2026031300025,1,2026-03-13 16:48:00,P10,M,1.0,60.0,M0724,cash
cmu,2026031300026,1,2026-03-13 18:16:00,P08,M,1.0,70.0,M0037,cash
cmu,2026031300027,1,2026-03-13 19:04:00,P02,M,1.0,55.0,,qr
cmu,2026031300027,2,2026-03-13 19:04:00,P08,L,1.0,80.0,,qr
cmu,2026031300028,1,2026-03-13 19:56:00,P10,S,1.0,50.0,,qr
cmu,2026031300028,2,2026-03-13 19:56:00,P14,,1.0,85.0,,qr
cmu,2026031400001,1,2026-03-14 09:55:00,P13,,1.0,50.0,,qr
cmu,2026031400002,1,2026-03-14 10:05:00,P14,,3.0,85.0,,qr
cmu,2026031400003,1,2026-03-14 10:05:00,P03,M,1.0,65.0,,cash
cmu,2026031400004,1,2026-03-14 12:01:00,P13,,1.0,50.0,,qr
cmu,2026031400005,1,2026-03-14 13:41:00,P03,M,1.0,65.0,,cash
cmu,2026031400005,2,2026-03-14 13:41:00,P02,L,1.0,65.0,,cash
cmu,2026031400006,1,2026-03-14 14:02:00,P12,,1.0,55.0,,qr
cmu,2026031400007,1,2026-03-14 14:25:00,P08,M,1.0,70.0,M0302,card
cmu,2026031400008,1,2026-03-14 15:58:00,P11,M,1.0,60.0,,card
cmu,2026031400009,1,2026-03-14 18:27:00,P03,M,1.0,65.0,M0448,cash
cmu,2026031400009,2,2026-03-14 18:27:00,P14,,1.0,85.0,M0448,cash
cmu,2026031400010,1,2026-03-14 18:40:00,P14,,2.0,85.0,M0015,cash
cmu,2026031400011,1,2026-03-14 19:13:00,P09,M,1.0,50.0,,qr
cmu,2026031500001,1,2026-03-15 08:14:00,P02,M,1.0,55.0,,qr
cmu,2026031500001,2,2026-03-15 08:14:00,P12,,1.0,55.0,,qr
cmu,2026031500002,1,2026-03-15 09:57:00,P02,S,1.0,45.0,M0028,card
cmu,2026031500003,1,2026-03-15 10:33:00,P11,M,2.0,60.0,M0746,qr
cmu,2026031500003,2,2026-03-15 10:33:00,P13,,1.0,50.0,M0746,qr
cmu,2026031500004,1,2026-03-15 13:13:00,P03,L,1.0,75.0,,qr
cmu,2026031500005,1,2026-03-15 16:14:00,P11,M,1.0,60.0,M0435,cash
cmu,2026031500006,1,2026-03-15 16:40:00,P03,L,3.0,75.0,M0652,cash
cmu,2026031500006,2,2026-03-15 16:40:00,P14,,1.0,85.0,M0652,cash
cmu,2026031500007,1,2026-03-15 18:04:00,P14,,1.0,85.0,M0220,cash
cmu,2026031600001,1,2026-03-16 07:20:00,P10,M,3.0,60.0,M0028,cash
cmu,2026031600002,1,2026-03-16 07:33:00,P12,,1.0,55.0,,qr
cmu,2026031600003,1,2026-03-16 09:01:00,P06,M,1.0,75.0,M0557,qr
cmu,2026031600004,1,2026-03-16 09:06:00,P03,M,1.0,65.0,,qr
cmu,2026031600004,2,2026-03-16 09:06:00,P14,,1.0,85.0,,qr
cmu,2026031600005,1,2026-03-16 09:06:00,P15,,1.0,75.0,M0029,cash
cmu,2026031600005,2,2026-03-16 09:06:00,P08,S,1.0,60.0,M0029,cash
cmu,2026031600006,1,2026-03-16 09:35:00,P03,M,1.0,65.0,M0373,cash
cmu,2026031600007,1,2026-03-16 09:42:00,P06,L,1.0,85.0,M0436,cash
cmu,2026031600007,2,2026-03-16 09:42:00,P12,,1.0,55.0,M0436,cash
cmu,2026031600008,1,2026-03-16 10:24:00,P05,S,1.0,60.0,,qr
cmu,2026031600009,1,2026-03-16 10:25:00,P14,,2.0,85.0,,qr
cmu,2026031600010,1,2026-03-16 10:28:00,P02,M,1.0,55.0,,qr
cmu,2026031600010,2,2026-03-16 10:28:00,P12,,1.0,55.0,,qr
cmu,2026031600011,1,2026-03-16 10:43:00,P14,,1.0,85.0,,qr
cmu,2026031600012,1,2026-03-16 11:22:00,P06,M,1.0,75.0,,qr
cmu,2026031600012,2,2026-03-16 11:22:00,P05,M,1.0,70.0,,qr
cmu,2026031600013,1,2026-03-16 11:23:00,P14,,3.0,85.0,,cash
cmu,2026031600014,1,2026-03-16 12:06:00,P03,L,1.0,75.0,M0752,cash
cmu,2026031600015,1,2026-03-16 13:00:00,P02,M,1.0,55.0,M0668,cash
cmu,2026031600015,2,2026-03-16 13:00:00,P12,,1.0,55.0,M0668,cash
cmu,2026031600016,1,2026-03-16 14:17:00,P02,S,1.0,45.0,,qr
cmu,2026031600017,1,2026-03-16 14:40:00,P11,M,1.0,60.0,,cash
cmu,2026031600018,1,2026-03-16 14:46:00,P03,S,3.0,55.0,M0506,qr
cmu,2026031600019,1,2026-03-16 15:18:00,P11,S,1.0,50.0,M0608,cash
cmu,2026031600020,1,2026-03-16 15:28:00,P07,S,1.0,45.0,,qr
cmu,2026031600020,2,2026-03-16 15:28:00,P13,,1.0,50.0,,qr
cmu,2026031600021,1,2026-03-16 15:41:00,P03,S,1.0,55.0,,cash
cmu,2026031600021,2,2026-03-16 15:41:00,P14,,1.0,85.0,,cash
cmu,2026031600022,1,2026-03-16 16:44:00,P07,S,1.0,45.0,M0126,qr
cmu,2026031600022,2,2026-03-16 16:44:00,P13,,1.0,50.0,M0126,qr
cmu,2026031600023,1,2026-03-16 18:03:00,P07,M,1.0,55.0,,qr
cmu,2026031600023,2,2026-03-16 18:03:00,P13,,1.0,50.0,,qr
cmu,2026031600024,1,2026-03-16 18:20:00,P07,S,1.0,45.0,M0073,qr
cmu,2026031600025,1,2026-03-16 18:47:00,P12,,1.0,55.0,M0104,qr
cmu,2026031600026,1,2026-03-16 19:06:00,P06,L,1.0,85.0,M0213,qr
cmu,2026031700001,1,2026-03-17 07:19:00,P02,M,1.0,55.0,M0243,cash
cmu,2026031700001,2,2026-03-17 07:19:00,P12,,1.0,55.0,M0243,cash
cmu,2026031700002,1,2026-03-17 08:21:00,P02,S,1.0,45.0,M0599,cash
cmu,2026031700003,1,2026-03-17 08:27:00,P04,L,1.0,75.0,,qr
cmu,2026031700003,2,2026-03-17 08:27:00,P14,,1.0,85.0,,qr
cmu,2026031700004,1,2026-03-17 08:28:00,P04,M,1.0,65.0,M0701,cash
cmu,2026031700005,1,2026-03-17 08:58:00,P03,M,1.0,65.0,,cash
cmu,2026031700005,2,2026-03-17 08:58:00,P14,,1.0,85.0,,cash
cmu,2026031700006,1,2026-03-17 09:01:00,P12,,1.0,55.0,M0309,qr
cmu,2026031700006,2,2026-03-17 09:01:00,P13,,1.0,50.0,M0309,qr
cmu,2026031700007,1,2026-03-17 09:20:00,P15,,1.0,75.0,,qr
cmu,2026031700008,1,2026-03-17 10:35:00,P09,M,3.0,50.0,,cash
cmu,2026031700009,1,2026-03-17 10:42:00,P07,S,1.0,45.0,M0619,qr
cmu,2026031700009,2,2026-03-17 10:42:00,P13,,1.0,50.0,M0619,qr
cmu,2026031700009,3,2026-03-17 10:42:00,P02,L,1.0,65.0,M0619,qr
cmu,2026031700010,1,2026-03-17 11:06:00,P12,,1.0,55.0,M0621,qr
cmu,2026031700011,1,2026-03-17 11:08:00,P04,M,1.0,65.0,M0125,qr
cmu,2026031700012,1,2026-03-17 11:35:00,P05,L,1.0,80.0,,qr
cmu,2026031700012,2,2026-03-17 11:35:00,P04,M,1.0,65.0,,qr
cmu,2026031700013,1,2026-03-17 13:41:00,P14,,1.0,85.0,,qr
cmu,2026031700014,1,2026-03-17 13:49:00,P12,,1.0,55.0,,cash
cmu,2026031700015,1,2026-03-17 14:02:00,P07,L,1.0,65.0,,qr
cmu,2026031700015,2,2026-03-17 14:02:00,P10,M,1.0,60.0,,qr
cmu,2026031700016,1,2026-03-17 15:13:00,P12,,3.0,55.0,,qr
cmu,2026031700017,1,2026-03-17 15:38:00,P02,S,1.0,45.0,,qr
cmu,2026031700017,2,2026-03-17 15:38:00,P12,,1.0,55.0,,qr
cmu,2026031700018,1,2026-03-17 16:02:00,P08,M,1.0,70.0,M0599,qr
cmu,2026031700019,1,2026-03-17 16:10:00,P01,L,1.0,65.0,M0676,qr
cmu,2026031700019,2,2026-03-17 16:10:00,P15,,1.0,75.0,M0676,qr
cmu,2026031700020,1,2026-03-17 16:28:00,P04,M,1.0,65.0,M0518,qr
cmu,2026031700021,1,2026-03-17 16:37:00,P14,,1.0,85.0,M0677,qr
cmu,2026031700022,1,2026-03-17 16:58:00,P12,,1.0,55.0,,qr
cmu,2026031700023,1,2026-03-17 18:42:00,P07,M,1.0,55.0,M0009,qr
cmu,2026031700024,1,2026-03-17 18:59:00,P08,L,1.0,80.0,,cash
cmu,2026031700025,1,2026-03-17 19:26:00,P10,S,1.0,50.0,,cash
cmu,2026031700026,1,2026-03-17 19:47:00,P05,S,1.0,60.0,M0585,qr
cmu,2026031700026,2,2026-03-17 19:47:00,P03,M,1.0,65.0,M0585,qr
cmu,2026031700027,1,2026-03-17 19:59:00,P07,M,1.0,55.0,,qr
cmu,2026031700027,2,2026-03-17 19:59:00,P13,,1.0,50.0,,qr
cmu,2026031800001,1,2026-03-18 07:37:00,P08,S,2.0,60.0,M0582,qr
cmu,2026031800002,1,2026-03-18 07:44:00,P11,S,1.0,50.0,M0555,qr
cmu,2026031800003,1,2026-03-18 08:13:00,P03,S,2.0,55.0,,cash
cmu,2026031800003,2,2026-03-18 08:13:00,P14,,1.0,85.0,,cash
cmu,2026031800004,1,2026-03-18 08:57:00,P04,M,1.0,65.0,,qr
cmu,2026031800005,1,2026-03-18 09:11:00,P02,L,1.0,65.0,M0013,qr
cmu,2026031800005,2,2026-03-18 09:11:00,P04,M,1.0,65.0,M0013,qr
cmu,2026031800006,1,2026-03-18 09:42:00,P02,M,2.0,55.0,M0581,qr
cmu,2026031800006,2,2026-03-18 09:42:00,P12,,1.0,55.0,M0581,qr
cmu,2026031800007,1,2026-03-18 10:46:00,P01,L,1.0,65.0,M0645,card
cmu,2026031800007,2,2026-03-18 10:46:00,P14,,1.0,85.0,M0645,card
cmu,2026031800008,1,2026-03-18 11:17:00,P02,M,1.0,55.0,M0699,qr
cmu,2026031800008,2,2026-03-18 11:17:00,P12,,1.0,55.0,M0699,qr
cmu,2026031800009,1,2026-03-18 12:15:00,P10,M,1.0,60.0,,qr
cmu,2026031800009,2,2026-03-18 12:15:00,P12,,1.0,55.0,,qr
cmu,2026031800010,1,2026-03-18 12:40:00,P04,S,1.0,55.0,,cash
cmu,2026031800011,1,2026-03-18 14:57:00,P08,M,1.0,70.0,M0557,qr
cmu,2026031800012,1,2026-03-18 15:32:00,P07,L,1.0,65.0,M0047,cash
cmu,2026031800012,2,2026-03-18 15:32:00,P13,,1.0,50.0,M0047,cash
cmu,2026031800013,1,2026-03-18 18:02:00,P08,M,1.0,70.0,M0277,qr
cmu,2026031800014,1,2026-03-18 19:19:00,P08,L,1.0,80.0,,cash
cmu,2026031800014,2,2026-03-18 19:19:00,P12,,1.0,55.0,,cash
cmu,2026031800014,3,2026-03-18 19:19:00,P11,S,1.0,50.0,,cash
cmu,2026031800015,1,2026-03-18 19:40:00,P08,S,1.0,60.0,,qr
cmu,2026031900001,1,2026-03-19 08:31:00,P07,M,1.0,55.0,M0281,qr
cmu,2026031900002,1,2026-03-19 08:43:00,P09,M,2.0,50.0,M0630,qr
cmu,2026031900003,1,2026-03-19 09:15:00,P14,,1.0,85.0,,card
cmu,2026031900004,1,2026-03-19 09:21:00,P03,S,2.0,55.0,M0334,qr
cmu,2026031900005,1,2026-03-19 09:28:00,P03,M,1.0,65.0,M0297,qr
cmu,2026031900005,2,2026-03-19 09:28:00,P14,,1.0,85.0,M0297,qr
cmu,2026031900006,1,2026-03-19 09:35:00,P04,L,1.0,75.0,,qr
cmu,2026031900007,1,2026-03-19 09:49:00,P06,L,1.0,85.0,,cash
cmu,2026031900008,1,2026-03-19 10:00:00,P14,,1.0,85.0,M0585,cash
cmu,2026031900009,1,2026-03-19 10:05:00,P06,L,1.0,85.0,M0599,qr
cmu,2026031900009,2,2026-03-19 10:05:00,P08,L,1.0,80.0,M0599,qr
cmu,2026031900010,1,2026-03-19 11:08:00,P03,L,1.0,75.0,,cash
cmu,2026031900011,1,2026-03-19 11:23:00,P02,S,1.0,45.0,,qr
cmu,2026031900011,2,2026-03-19 11:23:00,P12,,1.0,55.0,,qr
cmu,2026031900012,1,2026-03-19 11:31:00,P04,S,1.0,55.0,M0001,qr
cmu,2026031900013,1,2026-03-19 12:39:00,P10,M,1.0,60.0,,qr
cmu,2026031900014,1,2026-03-19 13:38:00,P03,L,2.0,75.0,M0175,cash
cmu,2026031900014,2,2026-03-19 13:38:00,P14,,1.0,85.0,M0175,cash
cmu,2026031900015,1,2026-03-19 14:28:00,P04,M,2.0,65.0,,qr
cmu,2026031900016,1,2026-03-19 14:49:00,P12,,2.0,55.0,M0388,qr
cmu,2026031900017,1,2026-03-19 14:57:00,P05,M,1.0,70.0,M0116,qr
cmu,2026031900018,1,2026-03-19 15:01:00,P04,M,1.0,65.0,M0296,cash
cmu,2026031900018,2,2026-03-19 15:01:00,P07,S,1.0,45.0,M0296,cash
cmu,2026031900019,1,2026-03-19 15:30:00,P12,,1.0,55.0,,qr
cmu,2026031900020,1,2026-03-19 15:46:00,P02,M,1.0,55.0,M0050,qr
cmu,2026031900020,2,2026-03-19 15:46:00,P12,,1.0,55.0,M0050,qr
cmu,2026031900021,1,2026-03-19 15:49:00,P02,L,1.0,65.0,,cash
cmu,2026031900021,2,2026-03-19 15:49:00,P15,,1.0,75.0,,cash
cmu,2026031900022,1,2026-03-19 15:51:00,P07,M,2.0,55.0,M0663,cash
cmu,2026031900023,1,2026-03-19 15:51:00,P15,,1.0,75.0,M0007,qr
cmu,2026031900024,1,2026-03-19 16:04:00,P13,,1.0,50.0,,qr
cmu,2026031900025,1,2026-03-19 16:41:00,P03,L,1.0,75.0,M0632,qr
cmu,2026031900025,2,2026-03-19 16:41:00,P14,,1.0,85.0,M0632,qr
cmu,2026031900026,1,2026-03-19 17:04:00,P15,,1.0,75.0,M0469,cash
cmu,2026031900027,1,2026-03-19 17:07:00,P03,M,1.0,65.0,,qr
cmu,2026031900027,2,2026-03-19 17:07:00,P14,,1.0,85.0,,qr
cmu,2026031900028,1,2026-03-19 17:41:00,P03,M,1.0,65.0,,cash
cmu,2026031900029,1,2026-03-19 17:45:00,P10,M,2.0,60.0,,cash
cmu,2026031900029,2,2026-03-19 17:45:00,P07,L,1.0,65.0,,cash
cmu,2026031900030,1,2026-03-19 17:46:00,P08,S,1.0,60.0,M0727,qr
cmu,2026031900030,2,2026-03-19 17:46:00,P14,,1.0,85.0,M0727,qr
cmu,2026031900031,1,2026-03-19 17:57:00,P03,L,1.0,75.0,M0517,cash
cmu,2026031900031,2,2026-03-19 17:57:00,P14,,1.0,85.0,M0517,cash
cmu,2026031900032,1,2026-03-19 18:56:00,P10,L,1.0,70.0,,qr
cmu,2026031900032,2,2026-03-19 18:56:00,P15,,1.0,75.0,,qr
cmu,2026032000001,1,2026-03-20 07:04:00,P02,M,1.0,55.0,M0476,qr
cmu,2026032000002,1,2026-03-20 07:07:00,P05,L,2.0,80.0,,qr
cmu,2026032000003,1,2026-03-20 07:11:00,P03,L,1.0,75.0,M0656,qr
cmu,2026032000004,1,2026-03-20 08:17:00,P08,M,1.0,70.0,,cash
cmu,2026032000005,1,2026-03-20 08:54:00,P13,,1.0,50.0,M0050,qr
cmu,2026032000006,1,2026-03-20 09:20:00,P03,L,2.0,75.0,M0423,qr
cmu,2026032000006,2,2026-03-20 09:20:00,P14,,1.0,85.0,M0423,qr
cmu,2026032000007,1,2026-03-20 09:27:00,P11,L,1.0,70.0,M0561,qr
cmu,2026032000008,1,2026-03-20 09:46:00,P13,,1.0,50.0,,qr
cmu,2026032000009,1,2026-03-20 09:49:00,P02,S,1.0,45.0,,cash
cmu,2026032000009,2,2026-03-20 09:49:00,P12,,1.0,55.0,,cash
cmu,2026032000010,1,2026-03-20 10:21:00,P07,L,1.0,65.0,M0061,cash
cmu,2026032000010,2,2026-03-20 10:21:00,P13,,1.0,50.0,M0061,cash
cmu,2026032000011,1,2026-03-20 10:52:00,P09,L,3.0,60.0,,card
cmu,2026032000012,1,2026-03-20 11:29:00,P05,S,1.0,60.0,M0127,qr
cmu,2026032000013,1,2026-03-20 12:20:00,P08,M,1.0,70.0,,cash
cmu,2026032000014,1,2026-03-20 13:49:00,P02,S,1.0,45.0,,card
cmu,2026032000015,1,2026-03-20 13:56:00,P02,L,1.0,65.0,,qr
cmu,2026032000015,2,2026-03-20 13:56:00,P12,,1.0,55.0,,qr
cmu,2026032000016,1,2026-03-20 14:03:00,P13,,1.0,50.0,,qr
cmu,2026032000017,1,2026-03-20 14:08:00,P07,M,1.0,55.0,M0746,cash
cmu,2026032000018,1,2026-03-20 14:19:00,P14,,1.0,85.0,,qr
cmu,2026032000019,1,2026-03-20 14:20:00,P08,M,2.0,70.0,,qr
cmu,2026032000020,1,2026-03-20 14:21:00,P01,M,1.0,55.0,M0453,qr
cmu,2026032000021,1,2026-03-20 14:22:00,P05,M,2.0,70.0,,qr
cmu,2026032000022,1,2026-03-20 15:36:00,P07,M,1.0,55.0,M0592,qr
cmu,2026032000022,2,2026-03-20 15:36:00,P13,,1.0,50.0,M0592,qr
cmu,2026032000023,1,2026-03-20 15:44:00,P03,M,2.0,65.0,,card
cmu,2026032000024,1,2026-03-20 16:07:00,P02,M,1.0,55.0,M0017,card
cmu,2026032000024,2,2026-03-20 16:07:00,P12,,1.0,55.0,M0017,card
cmu,2026032000025,1,2026-03-20 17:54:00,P09,L,1.0,60.0,,cash
cmu,2026032000025,2,2026-03-20 17:54:00,P03,L,1.0,75.0,,cash
cmu,2026032000026,1,2026-03-20 18:53:00,P07,L,1.0,65.0,M0724,qr
cmu,2026032000026,2,2026-03-20 18:53:00,P13,,1.0,50.0,M0724,qr
cmu,2026032000026,3,2026-03-20 18:53:00,P02,S,1.0,45.0,M0724,qr
cmu,2026032100001,1,2026-03-21 07:37:00,P07,L,1.0,65.0,,qr
cmu,2026032100001,2,2026-03-21 07:37:00,P13,,1.0,50.0,,qr
cmu,2026032100001,3,2026-03-21 07:37:00,P12,,1.0,55.0,,qr
cmu,2026032100002,1,2026-03-21 12:15:00,P07,M,2.0,55.0,,qr
cmu,2026032100003,1,2026-03-21 15:46:00,P03,M,1.0,65.0,M0758,cash
cmu,2026032100003,2,2026-03-21 15:46:00,P14,,1.0,85.0,M0758,cash
cmu,2026032100003,3,2026-03-21 15:46:00,P02,M,1.0,55.0,M0758,cash
cmu,2026032200001,1,2026-03-22 09:04:00,P01,S,1.0,45.0,M0054,qr
cmu,2026032200001,2,2026-03-22 09:04:00,P15,,1.0,75.0,M0054,qr
cmu,2026032200002,1,2026-03-22 09:57:00,P15,,1.0,75.0,,qr
cmu,2026032200003,1,2026-03-22 16:26:00,P02,L,1.0,65.0,M0355,qr
cmu,2026032200003,2,2026-03-22 16:26:00,P12,,1.0,55.0,M0355,qr
cmu,2026032200004,1,2026-03-22 18:10:00,P05,M,1.0,70.0,,qr
cmu,2026032300001,1,2026-03-23 08:44:00,P09,M,1.0,50.0,,cash
cmu,2026032300002,1,2026-03-23 11:57:00,P05,M,1.0,70.0,M0752,qr
cmu,2026032300003,1,2026-03-23 14:42:00,P09,M,1.0,50.0,,cash
cmu,2026032300004,1,2026-03-23 19:31:00,P09,M,1.0,50.0,,qr
cmu,2026032400001,1,2026-03-24 07:56:00,P13,,1.0,50.0,M0290,qr
cmu,2026032400002,1,2026-03-24 08:08:00,P02,S,3.0,45.0,M0246,cash
cmu,2026032400002,2,2026-03-24 08:08:00,P03,S,1.0,55.0,M0246,cash
cmu,2026032400003,1,2026-03-24 08:35:00,P15,,2.0,75.0,,qr
cmu,2026032400003,2,2026-03-24 08:35:00,P02,L,1.0,65.0,,qr
cmu,2026032400004,1,2026-03-24 09:27:00,P05,L,1.0,80.0,M0077,qr
cmu,2026032400005,1,2026-03-24 09:27:00,P08,M,2.0,70.0,M0453,qr
cmu,2026032400006,1,2026-03-24 09:36:00,P05,M,2.0,70.0,,qr
cmu,2026032400007,1,2026-03-24 09:56:00,P04,M,3.0,65.0,M0334,cash
cmu,2026032400007,2,2026-03-24 09:56:00,P02,M,1.0,55.0,M0334,cash
cmu,2026032400008,1,2026-03-24 10:23:00,P02,M,1.0,55.0,M0607,cash
cmu,2026032400008,2,2026-03-24 10:23:00,P12,,1.0,55.0,M0607,cash
cmu,2026032400009,1,2026-03-24 11:49:00,P14,,1.0,85.0,M0277,cash
cmu,2026032400010,1,2026-03-24 12:42:00,P12,,1.0,55.0,,cash
cmu,2026032400011,1,2026-03-24 13:31:00,P04,S,1.0,55.0,,qr
cmu,2026032400012,1,2026-03-24 14:52:00,P05,L,1.0,80.0,M0507,qr
cmu,2026032400012,2,2026-03-24 14:52:00,P08,M,1.0,70.0,M0507,qr
cmu,2026032400013,1,2026-03-24 15:41:00,P08,M,1.0,70.0,M0734,qr
cmu,2026032400014,1,2026-03-24 16:28:00,P07,M,2.0,55.0,,qr
cmu,2026032400015,1,2026-03-24 16:36:00,P08,M,3.0,70.0,,card
cmu,2026032400015,2,2026-03-24 16:36:00,P14,,1.0,85.0,,card
cmu,2026032400016,1,2026-03-24 18:55:00,P07,S,1.0,45.0,,qr
cmu,2026032400016,2,2026-03-24 18:55:00,P13,,1.0,50.0,,qr
cmu,2026032500001,1,2026-03-25 08:03:00,P07,M,1.0,55.0,M0404,qr
cmu,2026032500002,1,2026-03-25 10:32:00,P07,M,1.0,55.0,M0254,cash
cmu,2026032500003,1,2026-03-25 11:33:00,P10,L,1.0,70.0,,cash
cmu,2026032500004,1,2026-03-25 14:08:00,P04,S,1.0,55.0,,cash
cmu,2026032500005,1,2026-03-25 14:09:00,P05,L,1.0,80.0,M0028,qr
cmu,2026032500006,1,2026-03-25 15:37:00,P02,S,1.0,45.0,M0114,qr
cmu,2026032500006,2,2026-03-25 15:37:00,P12,,1.0,55.0,M0114,qr
cmu,2026032500007,1,2026-03-25 18:08:00,P12,,2.0,55.0,M0476,qr
cmu,2026032500008,1,2026-03-25 18:16:00,P08,M,1.0,70.0,,qr
cmu,2026032600001,1,2026-03-26 09:05:00,P02,M,1.0,55.0,M0114,qr
cmu,2026032600001,2,2026-03-26 09:05:00,P12,,1.0,55.0,M0114,qr
cmu,2026032600001,3,2026-03-26 09:05:00,P09,M,1.0,50.0,M0114,qr
cmu,2026032600002,1,2026-03-26 09:59:00,P10,S,1.0,50.0,M0370,qr
cmu,2026032600003,1,2026-03-26 10:08:00,P02,M,2.0,55.0,M0064,cash
cmu,2026032600004,1,2026-03-26 10:16:00,P03,L,1.0,75.0,M0163,qr
cmu,2026032600004,2,2026-03-26 10:16:00,P14,,1.0,85.0,M0163,qr
cmu,2026032600005,1,2026-03-26 14:00:00,P10,M,1.0,60.0,,cash
cmu,2026032600006,1,2026-03-26 18:51:00,P08,M,1.0,70.0,,qr
cmu,2026032700001,1,2026-03-27 10:09:00,P12,,1.0,55.0,M0691,qr
cmu,2026032700002,1,2026-03-27 12:48:00,P05,M,1.0,70.0,M0229,cash
cmu,2026032700002,2,2026-03-27 12:48:00,P02,S,1.0,45.0,M0229,cash
cmu,2026032700003,1,2026-03-27 18:11:00,P10,S,1.0,50.0,M0721,qr
cmu,2026032700004,1,2026-03-27 19:15:00,P07,M,1.0,55.0,M0093,cash
cmu,2026032800001,1,2026-03-28 10:42:00,P07,M,2.0,55.0,M0211,qr
cmu,2026032800001,2,2026-03-28 10:42:00,P13,,1.0,50.0,M0211,qr
cmu,2026032800002,1,2026-03-28 11:56:00,P04,L,3.0,75.0,,cash
cmu,2026032800003,1,2026-03-28 12:18:00,P02,L,3.0,65.0,M0127,qr
cmu,2026032800003,2,2026-03-28 12:18:00,P12,,1.0,55.0,M0127,qr
cmu,2026033000001,1,2026-03-30 07:40:00,P11,S,1.0,50.0,M0200,cash
cmu,2026033000001,2,2026-03-30 07:40:00,P05,M,1.0,70.0,M0200,cash
cmu,2026033000002,1,2026-03-30 11:31:00,P01,L,1.0,65.0,M0087,cash
cmu,2026033000002,2,2026-03-30 11:31:00,P15,,1.0,75.0,M0087,cash
cmu,2026033000003,1,2026-03-30 12:23:00,P10,M,1.0,60.0,,cash
cmu,2026033000004,1,2026-03-30 15:05:00,P11,M,1.0,60.0,,qr
cmu,2026033000005,1,2026-03-30 15:19:00,P02,M,1.0,55.0,,cash
cmu,2026033000006,1,2026-03-30 16:33:00,P07,S,2.0,45.0,M0557,cash
cmu,2026033000006,2,2026-03-30 16:33:00,P14,,1.0,85.0,M0557,cash
cmu,2026033000007,1,2026-03-30 17:42:00,P15,,1.0,75.0,,qr
cmu,2026033000008,1,2026-03-30 18:18:00,P08,M,1.0,70.0,M0134,qr
cmu,2026033100001,1,2026-03-31 08:48:00,P02,M,1.0,55.0,,cash
cmu,2026033100001,2,2026-03-31 08:48:00,P12,,1.0,55.0,,cash
cmu,2026033100002,1,2026-03-31 09:05:00,P04,S,1.0,55.0,M0695,cash
cmu,2026033100002,2,2026-03-31 09:05:00,P15,,1.0,75.0,M0695,cash
cmu,2026033100003,1,2026-03-31 09:34:00,P07,M,1.0,55.0,M0528,qr
cmu,2026033100004,1,2026-03-31 10:34:00,P03,S,1.0,55.0,,qr
cmu,2026033100005,1,2026-03-31 12:46:00,P13,,1.0,50.0,,qr
cmu,2026033100006,1,2026-03-31 14:03:00,P15,,3.0,75.0,,qr
cmu,2026033100007,1,2026-03-31 14:15:00,P11,M,1.0,60.0,M0126,qr
cmu,2026033100008,1,2026-03-31 14:52:00,P12,,1.0,55.0,M0305,qr
cmu,2026033100009,1,2026-03-31 14:55:00,P08,L,1.0,80.0,M0039,qr
cmu,2026033100009,2,2026-03-31 14:55:00,P05,M,1.0,70.0,M0039,qr
cmu,2026033100010,1,2026-03-31 15:40:00,P12,,1.0,55.0,M0114,qr
cmu,2026033100011,1,2026-03-31 15:41:00,P07,M,1.0,55.0,,cash
cmu,2026033100012,1,2026-03-31 15:46:00,P11,S,1.0,50.0,,cash
cmu,2026040100001,1,2026-04-01 07:39:00,P09,M,1.0,50.0,,qr
cmu,2026040100002,1,2026-04-01 09:47:00,P09,M,1.0,50.0,M0581,card
cmu,2026040100003,1,2026-04-01 10:43:00,P12,,1.0,55.0,,cash
cmu,2026040100004,1,2026-04-01 10:54:00,P08,S,3.0,60.0,M0766,qr
cmu,2026040100005,1,2026-04-01 14:29:00,P03,M,2.0,65.0,,qr
cmu,2026040100005,2,2026-04-01 14:29:00,P14,,1.0,85.0,,qr
cmu,2026040100006,1,2026-04-01 15:50:00,P03,S,1.0,55.0,,qr
cmu,2026040200001,1,2026-04-02 07:28:00,P11,S,1.0,50.0,M0031,qr
cmu,2026040200002,1,2026-04-02 07:34:00,P14,,1.0,85.0,M0229,cash
cmu,2026040200003,1,2026-04-02 09:37:00,P12,,1.0,55.0,M0073,cash
cmu,2026040200004,1,2026-04-02 10:55:00,P04,M,1.0,65.0,M0499,qr
cmu,2026040200005,1,2026-04-02 11:49:00,P05,M,1.0,70.0,M0637,card
cmu,2026040200006,1,2026-04-02 12:05:00,P06,M,2.0,75.0,M0458,qr
cmu,2026040200007,1,2026-04-02 13:28:00,P01,S,1.0,45.0,,cash
cmu,2026040200007,2,2026-04-02 13:28:00,P15,,1.0,75.0,,cash
cmu,2026040200008,1,2026-04-02 13:32:00,P07,M,1.0,55.0,,qr
cmu,2026040200008,2,2026-04-02 13:32:00,P13,,1.0,50.0,,qr
cmu,2026040200009,1,2026-04-02 14:57:00,P06,S,1.0,65.0,,card
cmu,2026040200010,1,2026-04-02 15:19:00,P10,S,2.0,50.0,M0187,qr
cmu,2026040200011,1,2026-04-02 16:45:00,P08,M,1.0,70.0,,qr
cmu,2026040200011,2,2026-04-02 16:45:00,P12,,1.0,55.0,,qr
cmu,2026040300001,1,2026-04-03 08:45:00,P02,S,1.0,45.0,,qr
cmu,2026040300002,1,2026-04-03 10:31:00,P01,M,1.0,55.0,,qr
cmu,2026040300003,1,2026-04-03 12:13:00,P04,M,3.0,65.0,,cash
cmu,2026040300003,2,2026-04-03 12:13:00,P07,M,1.0,55.0,,cash
cmu,2026040300004,1,2026-04-03 16:39:00,P04,M,2.0,65.0,M0218,cash
cmu,2026040300004,2,2026-04-03 16:39:00,P15,,1.0,75.0,M0218,cash
cmu,2026040300005,1,2026-04-03 18:46:00,P03,M,1.0,65.0,M0259,cash
cmu,2026040300005,2,2026-04-03 18:46:00,P12,,1.0,55.0,M0259,cash
cmu,2026040300006,1,2026-04-03 19:18:00,P09,S,1.0,40.0,M0117,qr
cmu,2026040300007,1,2026-04-03 19:20:00,P12,,3.0,55.0,M0267,qr
cmu,2026040500001,1,2026-04-05 09:18:00,P09,L,1.0,60.0,M0414,qr
cmu,2026040500002,1,2026-04-05 10:04:00,P11,L,1.0,70.0,M0595,cash
cmu,2026040500003,1,2026-04-05 11:03:00,P03,M,1.0,65.0,M0357,cash
cmu,2026040500003,2,2026-04-05 11:03:00,P09,M,1.0,50.0,M0357,cash
cmu,2026040500004,1,2026-04-05 11:15:00,P06,L,1.0,85.0,,qr
cmu,2026040500005,1,2026-04-05 12:11:00,P08,M,1.0,70.0,,card
cmu,2026040500005,2,2026-04-05 12:11:00,P12,,1.0,55.0,,card
cmu,2026040500006,1,2026-04-05 13:24:00,P13,,1.0,50.0,,qr
cmu,2026040500007,1,2026-04-05 18:33:00,P15,,1.0,75.0,,qr
cmu,2026040500008,1,2026-04-05 19:06:00,P08,M,1.0,70.0,,cash
cmu,2026040500008,2,2026-04-05 19:06:00,P12,,1.0,55.0,,cash
cmu,2026040600001,1,2026-04-06 08:30:00,P03,M,3.0,65.0,M0689,qr
cmu,2026040600001,2,2026-04-06 08:30:00,P14,,1.0,85.0,M0689,qr
cmu,2026040600002,1,2026-04-06 15:36:00,P09,L,3.0,60.0,M0213,cash
cmu,2026040600002,2,2026-04-06 15:36:00,P15,,1.0,75.0,M0213,cash
cmu,2026040600003,1,2026-04-06 15:50:00,P02,M,1.0,55.0,M0341,cash
cmu,2026040600003,2,2026-04-06 15:50:00,P03,M,1.0,65.0,M0341,cash
cmu,2026040600004,1,2026-04-06 18:03:00,P08,M,2.0,70.0,,qr
cmu,2026040600004,2,2026-04-06 18:03:00,P02,L,1.0,65.0,,qr
cmu,2026040700001,1,2026-04-07 09:43:00,P09,L,1.0,60.0,M0439,cash
cmu,2026040700001,2,2026-04-07 09:43:00,P15,,1.0,75.0,M0439,cash
cmu,2026040700002,1,2026-04-07 09:54:00,P07,S,1.0,45.0,,qr
cmu,2026040700003,1,2026-04-07 10:41:00,P02,L,1.0,65.0,M0092,qr
cmu,2026040700003,2,2026-04-07 10:41:00,P12,,1.0,55.0,M0092,qr
cmu,2026040700004,1,2026-04-07 10:52:00,P13,,1.0,50.0,M0349,qr
cmu,2026040700005,1,2026-04-07 11:53:00,P12,,2.0,55.0,M0053,qr
cmu,2026040700006,1,2026-04-07 14:33:00,P03,M,1.0,65.0,,qr
cmu,2026040700006,2,2026-04-07 14:33:00,P15,,1.0,75.0,,qr
cmu,2026040700007,1,2026-04-07 18:30:00,P15,,2.0,75.0,,qr
cmu,2026040700008,1,2026-04-07 18:57:00,P12,,2.0,55.0,M0218,card
cmu,2026040700008,2,2026-04-07 18:57:00,P13,,1.0,50.0,M0218,card
cmu,2026040700009,1,2026-04-07 19:11:00,P07,L,1.0,65.0,,cash
cmu,2026040700010,1,2026-04-07 19:26:00,P14,,1.0,85.0,,qr
cmu,2026040800001,1,2026-04-08 07:48:00,P02,M,1.0,55.0,,qr
cmu,2026040800001,2,2026-04-08 07:48:00,P15,,1.0,75.0,,qr
cmu,2026040800001,3,2026-04-08 07:48:00,P03,M,1.0,65.0,,qr
cmu,2026040800002,1,2026-04-08 08:28:00,P07,M,1.0,55.0,M0368,cash
cmu,2026040800002,2,2026-04-08 08:28:00,P13,,1.0,50.0,M0368,cash
cmu,2026040800003,1,2026-04-08 10:08:00,P01,S,1.0,45.0,,qr
cmu,2026040800003,2,2026-04-08 10:08:00,P15,,1.0,75.0,,qr
cmu,2026040800004,1,2026-04-08 11:12:00,P02,M,1.0,55.0,M0625,cash
cmu,2026040800004,2,2026-04-08 11:12:00,P12,,1.0,55.0,M0625,cash
cmu,2026040800005,1,2026-04-08 13:07:00,P03,L,1.0,75.0,,qr
cmu,2026040800006,1,2026-04-08 14:27:00,P01,M,2.0,55.0,,qr
cmu,2026040800006,2,2026-04-08 14:27:00,P15,,1.0,75.0,,qr
cmu,2026040800006,3,2026-04-08 14:27:00,P07,L,1.0,65.0,,qr
cmu,2026040800007,1,2026-04-08 15:20:00,P12,,1.0,55.0,M0492,qr
cmu,2026040800007,2,2026-04-08 15:20:00,P10,M,1.0,60.0,M0492,qr
cmu,2026040800008,1,2026-04-08 15:53:00,P02,S,1.0,45.0,,cash
cmu,2026040800008,2,2026-04-08 15:53:00,P12,,1.0,55.0,,cash
cmu,2026040800009,1,2026-04-08 17:14:00,P15,,1.0,75.0,M0384,qr
cmu,2026040800010,1,2026-04-08 17:45:00,P05,L,1.0,80.0,,cash
cmu,2026040800010,2,2026-04-08 17:45:00,P06,L,1.0,85.0,,cash
cmu,2026040900001,1,2026-04-09 07:04:00,P01,M,1.0,55.0,M0290,qr
cmu,2026040900001,2,2026-04-09 07:04:00,P15,,1.0,75.0,M0290,qr
cmu,2026040900002,1,2026-04-09 09:56:00,P02,M,1.0,55.0,,cash
cmu,2026040900002,2,2026-04-09 09:56:00,P12,,1.0,55.0,,cash
cmu,2026040900003,1,2026-04-09 12:02:00,P05,L,1.0,80.0,M0218,qr
cmu,2026040900004,1,2026-04-09 12:22:00,P12,,1.0,55.0,M0508,cash
cmu,2026040900005,1,2026-04-09 13:33:00,P09,M,2.0,50.0,,qr
cmu,2026040900006,1,2026-04-09 16:19:00,P15,,1.0,75.0,,qr
cmu,2026040900007,1,2026-04-09 17:35:00,P05,S,1.0,60.0,M0382,cash
cmu,2026041000001,1,2026-04-10 09:50:00,P03,M,1.0,65.0,,qr
cmu,2026041000001,2,2026-04-10 09:50:00,P14,,1.0,85.0,,qr
cmu,2026041000001,3,2026-04-10 09:50:00,P11,L,1.0,70.0,,qr
cmu,2026041000002,1,2026-04-10 10:52:00,P10,S,1.0,50.0,M0254,cash
cmu,2026041000002,2,2026-04-10 10:52:00,P15,,1.0,75.0,M0254,cash
cmu,2026041000003,1,2026-04-10 11:44:00,P07,M,2.0,55.0,M0170,qr
cmu,2026041000003,2,2026-04-10 11:44:00,P13,,1.0,50.0,M0170,qr
cmu,2026041000004,1,2026-04-10 12:12:00,P10,L,1.0,70.0,,qr
cmu,2026041000005,1,2026-04-10 14:07:00,P02,M,2.0,55.0,,qr
cmu,2026041000005,2,2026-04-10 14:07:00,P12,,1.0,55.0,,qr
cmu,2026041000006,1,2026-04-10 14:20:00,P04,M,1.0,65.0,M0673,qr
cmu,2026041000006,2,2026-04-10 14:20:00,P15,,1.0,75.0,M0673,qr
cmu,2026041000007,1,2026-04-10 18:47:00,P11,S,1.0,50.0,M0379,cash
cmu,2026041100001,1,2026-04-11 13:24:00,P03,M,1.0,65.0,M0037,qr
cmu,2026041200001,1,2026-04-12 07:33:00,P07,M,2.0,55.0,,cash
cmu,2026041200002,1,2026-04-12 09:33:00,P05,M,1.0,70.0,M0249,cash
cmu,2026041200002,2,2026-04-12 09:33:00,P02,S,1.0,45.0,M0249,cash
cmu,2026041200003,1,2026-04-12 11:58:00,P03,S,1.0,55.0,M0621,cash
cmu,2026041200004,1,2026-04-12 15:16:00,P07,S,1.0,45.0,,qr
cmu,2026041200005,1,2026-04-12 17:43:00,P07,M,1.0,55.0,,qr
cmu,2026041200005,2,2026-04-12 17:43:00,P13,,1.0,50.0,,qr
cmu,2026041200006,1,2026-04-12 18:15:00,P07,M,2.0,55.0,M0697,cash
cmu,2026041200006,2,2026-04-12 18:15:00,P08,L,1.0,80.0,M0697,cash
cmu,2026041300001,1,2026-04-13 07:56:00,P02,M,1.0,55.0,M0752,qr
cmu,2026041300001,2,2026-04-13 07:56:00,P12,,1.0,55.0,M0752,qr
cmu,2026041300002,1,2026-04-13 08:10:00,P05,M,1.0,70.0,M0329,cash
cmu,2026041300003,1,2026-04-13 14:17:00,P11,S,1.0,50.0,M0321,qr
cmu,2026041300003,2,2026-04-13 14:17:00,P15,,1.0,75.0,M0321,qr
cmu,2026041300004,1,2026-04-13 16:51:00,P04,L,1.0,75.0,M0663,cash
cmu,2026041300005,1,2026-04-13 18:55:00,P03,L,1.0,75.0,,qr
cmu,2026041500001,1,2026-04-15 09:00:00,P04,M,1.0,65.0,M0645,qr
cmu,2026041500001,2,2026-04-15 09:00:00,P14,,1.0,85.0,M0645,qr
cmu,2026041500002,1,2026-04-15 11:09:00,P11,L,1.0,70.0,,qr
cmu,2026041600001,1,2026-04-16 07:27:00,P07,M,1.0,55.0,M0421,cash
cmu,2026041600002,1,2026-04-16 08:23:00,P05,S,1.0,60.0,M0718,cash
cmu,2026041600002,2,2026-04-16 08:23:00,P12,,1.0,55.0,M0718,cash
cmu,2026041600003,1,2026-04-16 08:35:00,P10,M,1.0,60.0,,qr
cmu,2026041600004,1,2026-04-16 09:44:00,P04,M,1.0,65.0,M0302,cash
cmu,2026041600005,1,2026-04-16 09:47:00,P02,S,2.0,45.0,,qr
cmu,2026041600005,2,2026-04-16 09:47:00,P12,,1.0,55.0,,qr
cmu,2026041600006,1,2026-04-16 10:21:00,P03,M,1.0,65.0,M0485,qr
cmu,2026041600006,2,2026-04-16 10:21:00,P14,,1.0,85.0,M0485,qr
cmu,2026041600007,1,2026-04-16 10:55:00,P10,M,1.0,60.0,M0626,qr
cmu,2026041600008,1,2026-04-16 15:21:00,P07,M,1.0,55.0,,qr
cmu,2026041700001,1,2026-04-17 08:47:00,P08,M,1.0,70.0,M0281,cash
cmu,2026041700002,1,2026-04-17 09:06:00,P07,M,1.0,55.0,M0505,qr
cmu,2026041700002,2,2026-04-17 09:06:00,P02,L,1.0,65.0,M0505,qr
cmu,2026041700003,1,2026-04-17 09:16:00,P02,L,3.0,65.0,,card
cmu,2026041700003,2,2026-04-17 09:16:00,P12,,1.0,55.0,,card
cmu,2026041700004,1,2026-04-17 09:30:00,P03,L,1.0,75.0,,qr
cmu,2026041700004,2,2026-04-17 09:30:00,P14,,1.0,85.0,,qr
cmu,2026041700005,1,2026-04-17 09:39:00,P03,L,1.0,75.0,M0618,qr
cmu,2026041700005,2,2026-04-17 09:39:00,P14,,1.0,85.0,M0618,qr
cmu,2026041700006,1,2026-04-17 09:40:00,P10,S,2.0,50.0,M0608,cash
cmu,2026041700007,1,2026-04-17 10:44:00,P04,L,3.0,75.0,,cash
cmu,2026041700008,1,2026-04-17 11:51:00,P08,M,2.0,70.0,M0267,cash
cmu,2026041700009,1,2026-04-17 12:05:00,P07,S,1.0,45.0,M0402,qr
cmu,2026041700009,2,2026-04-17 12:05:00,P14,,1.0,85.0,M0402,qr
cmu,2026041700010,1,2026-04-17 14:48:00,P14,,1.0,85.0,M0643,qr
cmu,2026041700011,1,2026-04-17 15:00:00,P07,M,2.0,55.0,M0615,qr
cmu,2026041700012,1,2026-04-17 15:35:00,P06,M,1.0,75.0,,qr
cmu,2026041700013,1,2026-04-17 17:46:00,P02,L,1.0,65.0,,cash
cmu,2026041700013,2,2026-04-17 17:46:00,P13,,1.0,50.0,,cash
cmu,2026041700014,1,2026-04-17 18:05:00,P01,M,1.0,55.0,,cash
cmu,2026041700014,2,2026-04-17 18:05:00,P12,,1.0,55.0,,cash
cmu,2026041800001,1,2026-04-18 08:18:00,P01,L,1.0,65.0,,qr
cmu,2026041800001,2,2026-04-18 08:18:00,P06,M,1.0,75.0,,qr
cmu,2026041800002,1,2026-04-18 08:53:00,P03,M,2.0,65.0,,cash
cmu,2026041800003,1,2026-04-18 18:06:00,P09,M,1.0,50.0,M0379,qr
cmu,2026041900001,1,2026-04-19 07:24:00,P03,M,1.0,65.0,,cash
cmu,2026041900001,2,2026-04-19 07:24:00,P14,,1.0,85.0,,cash
cmu,2026041900002,1,2026-04-19 12:30:00,P07,S,1.0,45.0,M0733,cash
cmu,2026041900002,2,2026-04-19 12:30:00,P13,,1.0,50.0,M0733,cash
cmu,2026041900003,1,2026-04-19 13:35:00,P10,S,1.0,50.0,M0038,cash
cmu,2026041900004,1,2026-04-19 14:13:00,P02,S,1.0,45.0,,cash
cmu,2026041900004,2,2026-04-19 14:13:00,P12,,1.0,55.0,,cash
cmu,2026041900005,1,2026-04-19 14:17:00,P07,M,2.0,55.0,,qr
cmu,2026042000001,1,2026-04-20 08:28:00,P09,S,1.0,40.0,M0087,qr
cmu,2026042000002,1,2026-04-20 09:58:00,P07,M,1.0,55.0,M0582,cash
cmu,2026042000003,1,2026-04-20 11:43:00,P07,S,1.0,45.0,,qr
cmu,2026042000004,1,2026-04-20 11:48:00,P01,M,1.0,55.0,,cash
cmu,2026042000004,2,2026-04-20 11:48:00,P15,,1.0,75.0,,cash
cmu,2026042000005,1,2026-04-20 12:13:00,P05,M,1.0,70.0,,qr
cmu,2026042000006,1,2026-04-20 12:36:00,P15,,1.0,75.0,,cash
cmu,2026042000007,1,2026-04-20 14:38:00,P06,M,1.0,75.0,M0087,cash
cmu,2026042000008,1,2026-04-20 14:52:00,P04,S,1.0,55.0,,qr
cmu,2026042000009,1,2026-04-20 16:15:00,P07,M,1.0,55.0,M0230,qr
cmu,2026042000010,1,2026-04-20 18:25:00,P12,,1.0,55.0,M0440,qr
cmu,2026042100001,1,2026-04-21 07:34:00,P13,,1.0,50.0,,qr
cmu,2026042100002,1,2026-04-21 08:28:00,P07,S,2.0,45.0,,cash
cmu,2026042100002,2,2026-04-21 08:28:00,P13,,1.0,50.0,,cash
cmu,2026042100003,1,2026-04-21 09:10:00,P02,L,1.0,65.0,,cash
cmu,2026042100003,2,2026-04-21 09:10:00,P12,,1.0,55.0,,cash
cmu,2026042100004,1,2026-04-21 10:44:00,P04,M,2.0,65.0,,card
cmu,2026042100004,2,2026-04-21 10:44:00,P06,M,1.0,75.0,,card
cmu,2026042100005,1,2026-04-21 10:48:00,P04,L,1.0,75.0,,qr
cmu,2026042100005,2,2026-04-21 10:48:00,P02,S,1.0,45.0,,qr
cmu,2026042100006,1,2026-04-21 11:42:00,P02,M,1.0,55.0,,qr
cmu,2026042100007,1,2026-04-21 12:40:00,P09,M,1.0,50.0,,qr
cmu,2026042100007,2,2026-04-21 12:40:00,P12,,1.0,55.0,,qr
cmu,2026042100008,1,2026-04-21 13:15:00,P12,,1.0,55.0,M0581,qr
cmu,2026042100009,1,2026-04-21 13:53:00,P12,,3.0,55.0,,cash
cmu,2026042100010,1,2026-04-21 14:29:00,P02,M,2.0,55.0,M0069,cash
cmu,2026042100010,2,2026-04-21 14:29:00,P12,,1.0,55.0,M0069,cash
cmu,2026042100011,1,2026-04-21 15:18:00,P08,M,2.0,70.0,,cash
cmu,2026042200001,1,2026-04-22 07:01:00,P12,,1.0,55.0,M0656,cash
cmu,2026042200002,1,2026-04-22 08:00:00,P05,L,1.0,80.0,M0494,qr
cmu,2026042200003,1,2026-04-22 08:22:00,P04,M,2.0,65.0,M0269,qr
cmu,2026042200004,1,2026-04-22 09:22:00,P08,S,1.0,60.0,M0459,qr
cmu,2026042200005,1,2026-04-22 09:41:00,P07,S,1.0,45.0,,qr
cmu,2026042200005,2,2026-04-22 09:41:00,P13,,1.0,50.0,,qr
cmu,2026042200006,1,2026-04-22 09:48:00,P02,M,1.0,55.0,M0232,qr
cmu,2026042200007,1,2026-04-22 09:55:00,P04,M,1.0,65.0,,qr
cmu,2026042200007,2,2026-04-22 09:55:00,P14,,1.0,85.0,,qr
cmu,2026042200008,1,2026-04-22 10:21:00,P04,S,1.0,55.0,,qr
cmu,2026042200008,2,2026-04-22 10:21:00,P13,,1.0,50.0,,qr
cmu,2026042200009,1,2026-04-22 11:44:00,P08,M,2.0,70.0,,cash
cmu,2026042200009,2,2026-04-22 11:44:00,P12,,1.0,55.0,,cash
cmu,2026042200010,1,2026-04-22 13:10:00,P10,L,2.0,70.0,M0179,qr
cmu,2026042200011,1,2026-04-22 16:31:00,P07,S,1.0,45.0,,qr
cmu,2026042200011,2,2026-04-22 16:31:00,P13,,1.0,50.0,,qr
cmu,2026042200012,1,2026-04-22 18:27:00,P07,L,1.0,65.0,M0589,qr
cmu,2026042200013,1,2026-04-22 18:35:00,P12,,1.0,55.0,M0324,cash
cmu,2026042200014,1,2026-04-22 19:40:00,P08,M,1.0,70.0,M0293,qr
cmu,2026042300001,1,2026-04-23 07:12:00,P04,M,1.0,65.0,,qr
cmu,2026042300002,1,2026-04-23 07:21:00,P02,M,1.0,55.0,M0519,qr
cmu,2026042300002,2,2026-04-23 07:21:00,P12,,1.0,55.0,M0519,qr
cmu,2026042300003,1,2026-04-23 08:05:00,P12,,1.0,55.0,M0783,qr
cmu,2026042300004,1,2026-04-23 08:13:00,P02,L,1.0,65.0,M0305,qr
cmu,2026042300005,1,2026-04-23 09:59:00,P03,S,1.0,55.0,M0663,cash
cmu,2026042300005,2,2026-04-23 09:59:00,P14,,1.0,85.0,M0663,cash
cmu,2026042300006,1,2026-04-23 10:03:00,P03,M,1.0,65.0,,qr
cmu,2026042300007,1,2026-04-23 10:44:00,P14,,1.0,85.0,M0384,cash
cmu,2026042300008,1,2026-04-23 10:57:00,P09,L,1.0,60.0,,qr
cmu,2026042300009,1,2026-04-23 12:30:00,P03,L,2.0,75.0,,qr
cmu,2026042300009,2,2026-04-23 12:30:00,P13,,1.0,50.0,,qr
cmu,2026042300010,1,2026-04-23 12:48:00,P08,M,1.0,70.0,,qr
cmu,2026042300011,1,2026-04-23 13:30:00,P01,M,1.0,55.0,M0294,qr
cmu,2026042300011,2,2026-04-23 13:30:00,P15,,1.0,75.0,M0294,qr
cmu,2026042300012,1,2026-04-23 14:15:00,P02,M,1.0,55.0,,qr
cmu,2026042300012,2,2026-04-23 14:15:00,P12,,1.0,55.0,,qr
cmu,2026042300013,1,2026-04-23 14:49:00,P07,M,2.0,55.0,M0612,cash
cmu,2026042300014,1,2026-04-23 14:57:00,P03,M,1.0,65.0,,qr
cmu,2026042300015,1,2026-04-23 16:27:00,P08,M,1.0,70.0,M0237,card
cmu,2026042300016,1,2026-04-23 17:49:00,P03,S,1.0,55.0,M0036,cash
cmu,2026042400001,1,2026-04-24 08:38:00,P12,,1.0,55.0,,cash
cmu,2026042400002,1,2026-04-24 09:27:00,P03,S,1.0,55.0,M0477,qr
cmu,2026042400003,1,2026-04-24 10:43:00,P12,,1.0,55.0,,cash
cmu,2026042400004,1,2026-04-24 14:00:00,P14,,1.0,85.0,,qr
cmu,2026042400005,1,2026-04-24 16:38:00,P05,M,3.0,70.0,M0612,cash
cmu,2026042600001,1,2026-04-26 09:51:00,P02,M,1.0,55.0,,cash
cmu,2026042600001,2,2026-04-26 09:51:00,P12,,1.0,55.0,,cash
cmu,2026042600002,1,2026-04-26 10:31:00,P03,L,1.0,75.0,M0341,cash
cmu,2026042600002,2,2026-04-26 10:31:00,P14,,1.0,85.0,M0341,cash
cmu,2026042600003,1,2026-04-26 17:01:00,P08,S,1.0,60.0,M0594,qr
cmu,2026042700001,1,2026-04-27 07:00:00,P02,L,1.0,65.0,M0688,cash
cmu,2026042700002,1,2026-04-27 08:18:00,P02,S,1.0,45.0,,cash
cmu,2026042700002,2,2026-04-27 08:18:00,P12,,1.0,55.0,,cash
cmu,2026042700003,1,2026-04-27 09:26:00,P12,,1.0,55.0,M0646,qr
cmu,2026042700004,1,2026-04-27 10:44:00,P08,M,1.0,70.0,M0723,cash
cmu,2026042700005,1,2026-04-27 13:34:00,P01,S,1.0,45.0,,qr
cmu,2026042700005,2,2026-04-27 13:34:00,P15,,1.0,75.0,,qr
cmu,2026042700006,1,2026-04-27 13:37:00,P02,M,1.0,55.0,M0529,cash
cmu,2026042700006,2,2026-04-27 13:37:00,P12,,1.0,55.0,M0529,cash
cmu,2026042700007,1,2026-04-27 14:58:00,P10,M,1.0,60.0,M0742,qr
cmu,2026042700008,1,2026-04-27 15:13:00,P07,S,2.0,45.0,M0482,cash
cmu,2026042700008,2,2026-04-27 15:13:00,P13,,1.0,50.0,M0482,cash
cmu,2026042700009,1,2026-04-27 15:45:00,P01,M,1.0,55.0,M0524,qr
cmu,2026042700009,2,2026-04-27 15:45:00,P15,,1.0,75.0,M0524,qr
cmu,2026042700010,1,2026-04-27 16:23:00,P04,S,1.0,55.0,M0024,cash
cmu,2026042800001,1,2026-04-28 07:04:00,P08,M,1.0,70.0,,cash
cmu,2026042800001,2,2026-04-28 07:04:00,P12,,1.0,55.0,,cash
cmu,2026042800002,1,2026-04-28 09:13:00,P05,S,1.0,60.0,M0657,cash
cmu,2026042800003,1,2026-04-28 09:34:00,P06,M,3.0,75.0,M0261,cash
cmu,2026042800004,1,2026-04-28 09:44:00,P15,,1.0,75.0,M0442,cash
cmu,2026042800005,1,2026-04-28 10:33:00,P07,L,1.0,65.0,M0458,cash
cmu,2026042800005,2,2026-04-28 10:33:00,P13,,1.0,50.0,M0458,cash
cmu,2026042800006,1,2026-04-28 11:13:00,P11,S,1.0,50.0,,qr
cmu,2026042800007,1,2026-04-28 11:43:00,P04,M,1.0,65.0,,cash
cmu,2026042800008,1,2026-04-28 12:28:00,P09,L,1.0,60.0,,qr
cmu,2026042800009,1,2026-04-28 13:44:00,P10,M,1.0,60.0,M0269,cash
cmu,2026042800010,1,2026-04-28 14:20:00,P14,,1.0,85.0,,qr
cmu,2026042800011,1,2026-04-28 16:59:00,P05,L,1.0,80.0,,qr
cmu,2026042800012,1,2026-04-28 18:40:00,P04,M,2.0,65.0,M0435,qr
cmu,2026042800012,2,2026-04-28 18:40:00,P08,M,1.0,70.0,M0435,qr
cmu,2026042900001,1,2026-04-29 10:52:00,P03,S,1.0,55.0,,qr
cmu,2026042900002,1,2026-04-29 11:33:00,P07,M,1.0,55.0,,qr
cmu,2026042900002,2,2026-04-29 11:33:00,P13,,1.0,50.0,,qr
cmu,2026042900003,1,2026-04-29 13:05:00,P15,,1.0,75.0,M0789,qr
cmu,2026042900004,1,2026-04-29 13:37:00,P09,M,1.0,50.0,,qr
cmu,2026042900005,1,2026-04-29 14:08:00,P08,S,1.0,60.0,M0098,qr
cmu,2026042900006,1,2026-04-29 14:47:00,P07,M,1.0,55.0,M0726,qr
cmu,2026042900006,2,2026-04-29 14:47:00,P13,,1.0,50.0,M0726,qr
cmu,2026042900007,1,2026-04-29 17:47:00,P08,M,1.0,70.0,,cash
cmu,2026043000001,1,2026-04-30 07:34:00,P09,S,1.0,40.0,M0444,cash
cmu,2026043000002,1,2026-04-30 08:54:00,P06,S,1.0,65.0,M0273,qr
cmu,2026043000002,2,2026-04-30 08:54:00,P14,,1.0,85.0,M0273,qr
cmu,2026043000002,3,2026-04-30 08:54:00,P05,L,1.0,80.0,M0273,qr
cmu,2026043000003,1,2026-04-30 09:23:00,P02,L,1.0,65.0,M0384,qr
cmu,2026043000003,2,2026-04-30 09:23:00,P12,,1.0,55.0,M0384,qr
cmu,2026043000004,1,2026-04-30 09:51:00,P08,M,1.0,70.0,M0052,qr
cmu,2026043000005,1,2026-04-30 10:21:00,P14,,1.0,85.0,M0232,qr
cmu,2026043000006,1,2026-04-30 11:54:00,P03,M,1.0,65.0,,qr
cmu,2026043000006,2,2026-04-30 11:54:00,P14,,1.0,85.0,,qr
cmu,2026043000007,1,2026-04-30 12:12:00,P10,M,2.0,60.0,,qr
cmu,2026043000008,1,2026-04-30 15:24:00,P13,,1.0,50.0,,cash
cmu,2026043000009,1,2026-04-30 16:31:00,P05,M,1.0,70.0,,cash
cmu,2026043000009,2,2026-04-30 16:31:00,P10,M,1.0,60.0,,cash
cmu,2026043000010,1,2026-04-30 17:40:00,P12,,2.0,55.0,,qr
cmu,2026050100001,1,2026-05-01 10:38:00,P14,,1.0,85.0,,qr
cmu,2026050100002,1,2026-05-01 18:18:00,P02,L,1.0,65.0,M0724,qr
cmu,2026050100002,2,2026-05-01 18:18:00,P12,,1.0,55.0,M0724,qr
cmu,2026050200001,1,2026-05-02 16:23:00,P11,L,1.0,70.0,M0547,qr
cmu,2026050200001,2,2026-05-02 16:23:00,P04,S,1.0,55.0,M0547,qr
cmu,2026050200002,1,2026-05-02 16:35:00,P09,M,1.0,50.0,,cash
cmu,2026050300001,1,2026-05-03 09:43:00,P03,S,1.0,55.0,M0402,qr
cmu,2026050300001,2,2026-05-03 09:43:00,P15,,1.0,75.0,M0402,qr
cmu,2026050300002,1,2026-05-03 15:04:00,P05,S,1.0,60.0,M0420,qr
cmu,2026050300003,1,2026-05-03 15:13:00,P09,S,1.0,40.0,M0113,qr
cmu,2026050300004,1,2026-05-03 15:37:00,P07,S,1.0,45.0,,cash
cmu,2026050400001,1,2026-05-04 14:56:00,P06,S,1.0,65.0,M0160,qr
cmu,2026050400001,2,2026-05-04 14:56:00,P15,,1.0,75.0,M0160,qr
cmu,2026050400002,1,2026-05-04 15:43:00,P02,L,1.0,65.0,M0613,cash
cmu,2026050400002,2,2026-05-04 15:43:00,P07,L,1.0,65.0,M0613,cash
cmu,2026050400003,1,2026-05-04 16:52:00,P05,M,1.0,70.0,,cash
cmu,2026050400003,2,2026-05-04 16:52:00,P02,S,1.0,45.0,,cash
cmu,2026050400004,1,2026-05-04 19:51:00,P02,S,2.0,45.0,M0222,cash
cmu,2026050400004,2,2026-05-04 19:51:00,P12,,1.0,55.0,M0222,cash
cmu,2026050500001,1,2026-05-05 08:04:00,P09,S,1.0,40.0,,qr
cmu,2026050500002,1,2026-05-05 09:04:00,P01,L,1.0,65.0,,card
cmu,2026050500003,1,2026-05-05 09:25:00,P04,M,1.0,65.0,M0110,cash
cmu,2026050500003,2,2026-05-05 09:25:00,P13,,1.0,50.0,M0110,cash
cmu,2026050500004,1,2026-05-05 10:08:00,P06,M,1.0,75.0,,card
cmu,2026050500005,1,2026-05-05 14:52:00,P14,,1.0,85.0,M0400,qr
cmu,2026050500006,1,2026-05-05 14:55:00,P06,S,1.0,65.0,M0206,qr
cmu,2026050500007,1,2026-05-05 16:07:00,P15,,2.0,75.0,,qr
cmu,2026050600001,1,2026-05-06 07:34:00,P02,S,1.0,45.0,M0306,qr
cmu,2026050600002,1,2026-05-06 08:25:00,P02,M,1.0,55.0,,qr
cmu,2026050600003,1,2026-05-06 08:30:00,P01,S,1.0,45.0,,cash
cmu,2026050600003,2,2026-05-06 08:30:00,P15,,1.0,75.0,,cash
cmu,2026050600004,1,2026-05-06 08:35:00,P03,M,1.0,65.0,M0087,cash
cmu,2026050600005,1,2026-05-06 10:11:00,P12,,1.0,55.0,,cash
cmu,2026050600005,2,2026-05-06 10:11:00,P13,,1.0,50.0,,cash
cmu,2026050600006,1,2026-05-06 10:29:00,P04,M,1.0,65.0,M0719,qr
cmu,2026050600007,1,2026-05-06 10:57:00,P02,S,1.0,45.0,M0053,qr
cmu,2026050600008,1,2026-05-06 11:35:00,P13,,2.0,50.0,M0646,cash
cmu,2026050600009,1,2026-05-06 12:54:00,P07,M,3.0,55.0,,qr
cmu,2026050600010,1,2026-05-06 13:13:00,P15,,1.0,75.0,,qr
cmu,2026050600011,1,2026-05-06 14:18:00,P12,,3.0,55.0,,qr
cmu,2026050600012,1,2026-05-06 15:27:00,P08,M,1.0,70.0,M0512,qr
cmu,2026050600013,1,2026-05-06 15:30:00,P05,L,1.0,80.0,,qr
cmu,2026050600014,1,2026-05-06 15:32:00,P11,M,1.0,60.0,,qr
cmu,2026050600015,1,2026-05-06 16:08:00,P10,S,3.0,50.0,,qr
cmu,2026050600016,1,2026-05-06 17:23:00,P11,L,1.0,70.0,M0476,cash
cmu,2026050700001,1,2026-05-07 07:27:00,P04,M,1.0,65.0,,qr
cmu,2026050700002,1,2026-05-07 09:12:00,P02,M,1.0,55.0,,cash
cmu,2026050700002,2,2026-05-07 09:12:00,P12,,1.0,55.0,,cash
cmu,2026050700002,3,2026-05-07 09:12:00,P15,,1.0,75.0,,cash
cmu,2026050700003,1,2026-05-07 09:12:00,P03,L,1.0,75.0,,cash
cmu,2026050700003,2,2026-05-07 09:12:00,P14,,1.0,85.0,,cash
cmu,2026050700004,1,2026-05-07 10:09:00,P10,S,1.0,50.0,,cash
cmu,2026050700005,1,2026-05-07 10:24:00,P08,L,1.0,80.0,,qr
cmu,2026050700006,1,2026-05-07 11:00:00,P03,M,1.0,65.0,M0100,qr
cmu,2026050700007,1,2026-05-07 11:03:00,P06,L,1.0,85.0,,cash
cmu,2026050700007,2,2026-05-07 11:03:00,P04,L,1.0,75.0,,cash
cmu,2026050700008,1,2026-05-07 11:25:00,P15,,1.0,75.0,,cash
cmu,2026050700009,1,2026-05-07 12:32:00,P15,,1.0,75.0,,cash
cmu,2026050700009,2,2026-05-07 12:32:00,P06,L,1.0,85.0,,cash
cmu,2026050800001,1,2026-05-08 10:25:00,P03,S,2.0,55.0,,cash
cmu,2026050800002,1,2026-05-08 10:25:00,P02,M,3.0,55.0,M0016,cash
cmu,2026050800002,2,2026-05-08 10:25:00,P12,,1.0,55.0,M0016,cash
cmu,2026050800003,1,2026-05-08 10:30:00,P02,M,1.0,55.0,,card
cmu,2026050800003,2,2026-05-08 10:30:00,P12,,1.0,55.0,,card
cmu,2026050800004,1,2026-05-08 10:43:00,P03,L,2.0,75.0,M0583,card
cmu,2026050800004,2,2026-05-08 10:43:00,P13,,1.0,50.0,M0583,card
cmu,2026050800005,1,2026-05-08 10:58:00,P04,S,1.0,55.0,M0663,cash
cmu,2026050800005,2,2026-05-08 10:58:00,P05,M,1.0,70.0,M0663,cash
cmu,2026050800006,1,2026-05-08 13:07:00,P15,,1.0,75.0,M0086,qr
cmu,2026050800007,1,2026-05-08 14:24:00,P04,M,1.0,65.0,,cash
cmu,2026050800008,1,2026-05-08 16:30:00,P03,L,1.0,75.0,M0599,qr
cmu,2026050800008,2,2026-05-08 16:30:00,P14,,1.0,85.0,M0599,qr
cmu,2026050800009,1,2026-05-08 17:36:00,P10,M,1.0,60.0,M0660,cash
cmu,2026050900001,1,2026-05-09 07:17:00,P12,,1.0,55.0,M0165,qr
cmu,2026050900002,1,2026-05-09 09:20:00,P03,M,1.0,65.0,M0525,cash
cmu,2026050900002,2,2026-05-09 09:20:00,P14,,1.0,85.0,M0525,cash
cmu,2026050900003,1,2026-05-09 14:27:00,P04,M,1.0,65.0,M0661,qr
cmu,2026050900004,1,2026-05-09 15:15:00,P12,,1.0,55.0,,qr
cmu,2026050900004,2,2026-05-09 15:15:00,P09,S,1.0,40.0,,qr
cmu,2026050900005,1,2026-05-09 17:45:00,P07,M,1.0,55.0,M0586,qr
cmu,2026050900005,2,2026-05-09 17:45:00,P13,,1.0,50.0,M0586,qr
cmu,2026050900006,1,2026-05-09 17:46:00,P08,M,1.0,70.0,M0230,qr
cmu,2026050900006,2,2026-05-09 17:46:00,P11,M,1.0,60.0,M0230,qr
cmu,2026051000001,1,2026-05-10 07:47:00,P05,L,1.0,80.0,,qr
cmu,2026051000002,1,2026-05-10 09:07:00,P02,M,1.0,55.0,M0061,cash
cmu,2026051000002,2,2026-05-10 09:07:00,P12,,1.0,55.0,M0061,cash
cmu,2026051000003,1,2026-05-10 10:53:00,P06,L,1.0,85.0,M0321,qr
cmu,2026051000003,2,2026-05-10 10:53:00,P13,,1.0,50.0,M0321,qr
cmu,2026051100001,1,2026-05-11 07:04:00,P05,L,1.0,80.0,M0072,qr
cmu,2026051100001,2,2026-05-11 07:04:00,P03,M,1.0,65.0,M0072,qr
cmu,2026051100002,1,2026-05-11 09:43:00,P07,S,3.0,45.0,,qr
cmu,2026051100002,2,2026-05-11 09:43:00,P06,S,1.0,65.0,,qr
cmu,2026051100003,1,2026-05-11 10:16:00,P02,M,1.0,55.0,M0021,qr
cmu,2026051100003,2,2026-05-11 10:16:00,P12,,1.0,55.0,M0021,qr
cmu,2026051100003,3,2026-05-11 10:16:00,P13,,1.0,50.0,M0021,qr
cmu,2026051100004,1,2026-05-11 10:21:00,P05,M,1.0,70.0,M0005,qr
cmu,2026051100004,2,2026-05-11 10:21:00,P13,,1.0,50.0,M0005,qr
cmu,2026051100005,1,2026-05-11 10:30:00,P13,,1.0,50.0,,qr
cmu,2026051100006,1,2026-05-11 10:39:00,P03,M,2.0,65.0,M0090,cash
cmu,2026051100006,2,2026-05-11 10:39:00,P14,,1.0,85.0,M0090,cash
cmu,2026051100007,1,2026-05-11 11:08:00,P01,S,1.0,45.0,M0025,qr
cmu,2026051100008,1,2026-05-11 13:44:00,P08,L,1.0,80.0,M0269,cash
cmu,2026051100008,2,2026-05-11 13:44:00,P03,L,1.0,75.0,M0269,cash
cmu,2026051100009,1,2026-05-11 16:36:00,P02,M,1.0,55.0,,qr
cmu,2026051100010,1,2026-05-11 16:45:00,P12,,1.0,55.0,,qr
cmu,2026051100010,2,2026-05-11 16:45:00,P03,S,1.0,55.0,,qr
cmu,2026051100011,1,2026-05-11 16:51:00,P12,,1.0,55.0,M0083,qr
cmu,2026051100012,1,2026-05-11 17:01:00,P04,M,1.0,65.0,,cash
cmu,2026051100013,1,2026-05-11 17:33:00,P02,M,1.0,55.0,M0214,cash
cmu,2026051100014,1,2026-05-11 18:26:00,P08,M,1.0,70.0,,card
cmu,2026051200001,1,2026-05-12 07:11:00,P13,,1.0,50.0,M0649,qr
cmu,2026051200002,1,2026-05-12 08:17:00,P08,M,1.0,70.0,,card
cmu,2026051200003,1,2026-05-12 10:15:00,P03,M,2.0,65.0,M0128,qr
cmu,2026051200003,2,2026-05-12 10:15:00,P14,,1.0,85.0,M0128,qr
cmu,2026051200004,1,2026-05-12 10:15:00,P09,L,1.0,60.0,,qr
cmu,2026051200004,2,2026-05-12 10:15:00,P02,M,1.0,55.0,,qr
cmu,2026051200005,1,2026-05-12 11:16:00,P04,L,1.0,75.0,M0377,qr
cmu,2026051200006,1,2026-05-12 14:20:00,P08,L,1.0,80.0,,qr
cmu,2026051200007,1,2026-05-12 14:33:00,P09,L,1.0,60.0,,cash
cmu,2026051200007,2,2026-05-12 14:33:00,P10,L,1.0,70.0,,cash
cmu,2026051200008,1,2026-05-12 16:14:00,P11,L,3.0,70.0,M0565,qr
cmu,2026051200009,1,2026-05-12 18:59:00,P08,S,1.0,60.0,M0321,card
cmu,2026051300001,1,2026-05-13 07:13:00,P03,M,1.0,65.0,M0602,qr
cmu,2026051300002,1,2026-05-13 08:13:00,P03,L,1.0,75.0,,cash
cmu,2026051300002,2,2026-05-13 08:13:00,P14,,1.0,85.0,,cash
cmu,2026051300003,1,2026-05-13 08:31:00,P08,S,1.0,60.0,,qr
cmu,2026051300003,2,2026-05-13 08:31:00,P13,,1.0,50.0,,qr
cmu,2026051300004,1,2026-05-13 09:44:00,P03,L,1.0,75.0,,qr
cmu,2026051300004,2,2026-05-13 09:44:00,P14,,1.0,85.0,,qr
cmu,2026051300005,1,2026-05-13 10:18:00,P01,S,1.0,45.0,,qr
cmu,2026051300005,2,2026-05-13 10:18:00,P15,,1.0,75.0,,qr
cmu,2026051300005,3,2026-05-13 10:18:00,P14,,1.0,85.0,,qr
cmu,2026051300006,1,2026-05-13 11:05:00,P08,S,1.0,60.0,,card
cmu,2026051300007,1,2026-05-13 14:33:00,P08,L,2.0,80.0,M0546,qr
cmu,2026051300007,2,2026-05-13 14:33:00,P10,L,1.0,70.0,M0546,qr
cmu,2026051300008,1,2026-05-13 15:33:00,P08,M,1.0,70.0,,cash
cmu,2026051300008,2,2026-05-13 15:33:00,P15,,1.0,75.0,,cash
cmu,2026051300009,1,2026-05-13 15:39:00,P03,M,1.0,65.0,M0064,cash
cmu,2026051300009,2,2026-05-13 15:39:00,P14,,1.0,85.0,M0064,cash
cmu,2026051300010,1,2026-05-13 16:35:00,P14,,1.0,85.0,M0216,qr
cmu,2026051300011,1,2026-05-13 17:02:00,P10,M,1.0,60.0,,qr
cmu,2026051300012,1,2026-05-13 19:42:00,P11,L,1.0,70.0,M0476,cash
cmu,2026051300012,2,2026-05-13 19:42:00,P15,,1.0,75.0,M0476,cash
cmu,2026051400001,1,2026-05-14 07:05:00,P02,M,1.0,55.0,,qr
cmu,2026051400001,2,2026-05-14 07:05:00,P03,M,1.0,65.0,,qr
cmu,2026051400002,1,2026-05-14 07:31:00,P09,M,1.0,50.0,,qr
cmu,2026051400002,2,2026-05-14 07:31:00,P14,,1.0,85.0,,qr
cmu,2026051400003,1,2026-05-14 11:49:00,P03,L,2.0,75.0,,cash
cmu,2026051400004,1,2026-05-14 15:35:00,P07,S,1.0,45.0,M0466,cash
cmu,2026051400005,1,2026-05-14 17:41:00,P13,,1.0,50.0,,qr
cmu,2026051400006,1,2026-05-14 17:57:00,P06,M,1.0,75.0,,qr
cmu,2026051400006,2,2026-05-14 17:57:00,P14,,1.0,85.0,,qr
cmu,2026051500001,1,2026-05-15 09:01:00,P05,L,2.0,80.0,M0018,cash
cmu,2026051500002,1,2026-05-15 09:27:00,P09,M,1.0,50.0,M0556,qr
cmu,2026051500003,1,2026-05-15 09:46:00,P03,M,1.0,65.0,,cash
cmu,2026051500004,1,2026-05-15 10:28:00,P02,S,1.0,45.0,,qr
cmu,2026051500005,1,2026-05-15 10:31:00,P03,L,3.0,75.0,,qr
cmu,2026051500005,2,2026-05-15 10:31:00,P14,,1.0,85.0,,qr
cmu,2026051500006,1,2026-05-15 10:49:00,P05,S,1.0,60.0,,card
cmu,2026051500006,2,2026-05-15 10:49:00,P12,,1.0,55.0,,card
cmu,2026051500007,1,2026-05-15 11:27:00,P09,L,1.0,60.0,,qr
cmu,2026051500008,1,2026-05-15 11:56:00,P02,M,1.0,55.0,,cash
cmu,2026051500008,2,2026-05-15 11:56:00,P12,,1.0,55.0,,cash
cmu,2026051500008,3,2026-05-15 11:56:00,P01,L,1.0,65.0,,cash
cmu,2026051500009,1,2026-05-15 15:35:00,P02,L,1.0,65.0,M0379,cash
cmu,2026051500009,2,2026-05-15 15:35:00,P12,,1.0,55.0,M0379,cash
cmu,2026051500010,1,2026-05-15 17:33:00,P02,M,1.0,55.0,,card
cmu,2026051500010,2,2026-05-15 17:33:00,P12,,1.0,55.0,,card
cmu,2026051600001,1,2026-05-16 10:00:00,P04,M,3.0,65.0,,qr
cmu,2026051600002,1,2026-05-16 11:42:00,P02,M,1.0,55.0,M0414,qr
cmu,2026051600002,2,2026-05-16 11:42:00,P12,,1.0,55.0,M0414,qr
cmu,2026051600003,1,2026-05-16 14:46:00,P06,M,1.0,75.0,,qr
cmu,2026051600003,2,2026-05-16 14:46:00,P15,,1.0,75.0,,qr
cmu,2026051600004,1,2026-05-16 14:55:00,P09,M,2.0,50.0,,qr
cmu,2026051600004,2,2026-05-16 14:55:00,P14,,1.0,85.0,,qr
cmu,2026051600005,1,2026-05-16 15:56:00,P03,S,2.0,55.0,,cash
cmu,2026051600006,1,2026-05-16 18:43:00,P08,M,1.0,70.0,,qr
cmu,2026051700001,1,2026-05-17 11:12:00,P12,,1.0,55.0,M0482,qr
cmu,2026051700002,1,2026-05-17 11:32:00,P14,,2.0,85.0,,cash
cmu,2026051700003,1,2026-05-17 12:29:00,P03,L,1.0,75.0,,qr
cmu,2026051700004,1,2026-05-17 13:13:00,P13,,2.0,50.0,,qr
cmu,2026051700005,1,2026-05-17 17:06:00,P08,S,2.0,60.0,M0609,qr
cmu,2026051700006,1,2026-05-17 18:03:00,P13,,1.0,50.0,M0670,cash
cmu,2026051800001,1,2026-05-18 09:42:00,P09,M,1.0,50.0,,qr
cmu,2026051800002,1,2026-05-18 11:16:00,P02,S,1.0,45.0,M0108,qr
cmu,2026051800002,2,2026-05-18 11:16:00,P12,,1.0,55.0,M0108,qr
cmu,2026051800003,1,2026-05-18 11:36:00,P12,,1.0,55.0,M0180,qr
cmu,2026051800004,1,2026-05-18 14:18:00,P10,M,1.0,60.0,M0271,cash
cmu,2026051800005,1,2026-05-18 14:59:00,P12,,1.0,55.0,,qr
cmu,2026051900001,1,2026-05-19 08:03:00,P03,M,30.0,65.0,,card
cmu,2026051900002,1,2026-05-19 08:58:00,P08,L,2.0,80.0,M0001,qr
cmu,2026051900003,1,2026-05-19 09:03:00,P05,S,1.0,60.0,,cash
cmu,2026051900004,1,2026-05-19 09:34:00,P14,,1.0,85.0,M0794,cash
cmu,2026051900005,1,2026-05-19 11:01:00,P02,M,1.0,55.0,M0038,qr
cmu,2026051900006,1,2026-05-19 11:08:00,P05,M,1.0,70.0,M0550,qr
cmu,2026051900007,1,2026-05-19 11:57:00,P02,M,2.0,55.0,M0555,cash
cmu,2026051900007,2,2026-05-19 11:57:00,P12,,1.0,55.0,M0555,cash
cmu,2026051900008,1,2026-05-19 15:21:00,P08,M,1.0,70.0,M0738,qr
cmu,2026051900009,1,2026-05-19 15:39:00,P10,M,1.0,60.0,,qr
cmu,2026051900009,2,2026-05-19 15:39:00,P01,L,1.0,65.0,,qr
cmu,2026052000001,1,2026-05-20 08:25:00,P14,,2.0,85.0,M0710,cash
cmu,2026052000002,1,2026-05-20 08:42:00,P01,L,1.0,65.0,M0604,qr
cmu,2026052000002,2,2026-05-20 08:42:00,P15,,1.0,75.0,M0604,qr
cmu,2026052000003,1,2026-05-20 09:18:00,P13,,2.0,50.0,M0746,qr
cmu,2026052000004,1,2026-05-20 11:41:00,P13,,2.0,50.0,M0519,qr
cmu,2026052000005,1,2026-05-20 12:28:00,P05,S,1.0,60.0,M0276,card
cmu,2026052000006,1,2026-05-20 12:52:00,P13,,1.0,50.0,,qr
cmu,2026052000007,1,2026-05-20 12:58:00,P07,L,1.0,65.0,M0654,qr
cmu,2026052000008,1,2026-05-20 13:40:00,P07,L,1.0,65.0,,qr
cmu,2026052000008,2,2026-05-20 13:40:00,P13,,1.0,50.0,,qr
cmu,2026052000009,1,2026-05-20 14:17:00,P05,L,1.0,80.0,,qr
cmu,2026052000010,1,2026-05-20 14:24:00,P12,,1.0,55.0,M0683,cash
cmu,2026052000010,2,2026-05-20 14:24:00,P03,L,1.0,75.0,M0683,cash
cmu,2026052000011,1,2026-05-20 15:51:00,P03,M,1.0,65.0,M0414,qr
cmu,2026052000012,1,2026-05-20 15:58:00,P10,L,1.0,70.0,M0212,cash
cmu,2026052000013,1,2026-05-20 16:17:00,P04,L,1.0,75.0,,cash
cmu,2026052000014,1,2026-05-20 16:43:00,P04,M,1.0,65.0,M0081,qr
cmu,2026052000015,1,2026-05-20 18:35:00,P13,,1.0,50.0,M0379,qr
cmu,2026052000016,1,2026-05-20 19:59:00,P13,,1.0,50.0,M0297,cash
cmu,2026052100001,1,2026-05-21 07:22:00,P07,M,1.0,55.0,M0666,cash
cmu,2026052100001,2,2026-05-21 07:22:00,P13,,1.0,50.0,M0666,cash
cmu,2026052100002,1,2026-05-21 09:17:00,P03,M,1.0,65.0,,cash
cmu,2026052100002,2,2026-05-21 09:17:00,P14,,1.0,85.0,,cash
cmu,2026052100003,1,2026-05-21 09:46:00,P04,M,1.0,65.0,,cash
cmu,2026052100004,1,2026-05-21 12:39:00,P12,,1.0,55.0,M0080,qr
cmu,2026052100005,1,2026-05-21 14:19:00,P13,,3.0,50.0,,qr
cmu,2026052100006,1,2026-05-21 14:53:00,P02,S,1.0,45.0,M0435,cash
cmu,2026052100007,1,2026-05-21 15:11:00,P08,M,1.0,70.0,M0238,qr
cmu,2026052100007,2,2026-05-21 15:11:00,P12,,1.0,55.0,M0238,qr
cmu,2026052100008,1,2026-05-21 15:27:00,P08,M,1.0,70.0,M0458,cash
cmu,2026052100008,2,2026-05-21 15:27:00,P05,L,1.0,80.0,M0458,cash
cmu,2026052100009,1,2026-05-21 16:04:00,P04,L,2.0,75.0,,cash
cmu,2026052200001,1,2026-05-22 10:52:00,P06,L,1.0,85.0,,qr
cmu,2026052200002,1,2026-05-22 14:52:00,P06,L,1.0,85.0,M0691,qr
cmu,2026052200002,2,2026-05-22 14:52:00,P15,,1.0,75.0,M0691,qr
cmu,2026052200003,1,2026-05-22 18:37:00,P08,M,1.0,70.0,,qr
cmu,2026052200003,2,2026-05-22 18:37:00,P14,,1.0,85.0,,qr
cmu,2026052300001,1,2026-05-23 08:00:00,P06,M,1.0,75.0,M0290,qr
cmu,2026052300002,1,2026-05-23 13:20:00,P14,,1.0,85.0,,cash
cmu,2026052300003,1,2026-05-23 13:51:00,P03,M,1.0,65.0,M0125,qr
cmu,2026052300003,2,2026-05-23 13:51:00,P14,,1.0,85.0,M0125,qr
cmu,2026052400001,1,2026-05-24 09:56:00,P03,S,1.0,55.0,M0643,cash
cmu,2026052400002,1,2026-05-24 09:59:00,P08,M,1.0,70.0,M0146,qr
cmu,2026052400002,2,2026-05-24 09:59:00,P14,,1.0,85.0,M0146,qr
cmu,2026052400003,1,2026-05-24 11:42:00,P01,L,1.0,65.0,,qr
cmu,2026052400003,2,2026-05-24 11:42:00,P12,,1.0,55.0,,qr
cmu,2026052400004,1,2026-05-24 14:12:00,P10,M,1.0,60.0,M0705,card
cmu,2026052400004,2,2026-05-24 14:12:00,P08,S,1.0,60.0,M0705,card
cmu,2026052400005,1,2026-05-24 16:10:00,P14,,1.0,85.0,,qr
cmu,2026052500001,1,2026-05-25 08:04:00,P03,S,1.0,55.0,,cash
cmu,2026052500001,2,2026-05-25 08:04:00,P14,,1.0,85.0,,cash
cmu,2026052500001,3,2026-05-25 08:04:00,P07,L,1.0,65.0,,cash
cmu,2026052500002,1,2026-05-25 08:05:00,P09,S,1.0,40.0,M0745,qr
cmu,2026052500003,1,2026-05-25 13:31:00,P06,M,1.0,75.0,M0507,cash
cmu,2026052500004,1,2026-05-25 14:28:00,P01,M,2.0,55.0,,card
cmu,2026052500004,2,2026-05-25 14:28:00,P15,,1.0,75.0,,card
cmu,2026052500005,1,2026-05-25 15:05:00,P08,M,1.0,70.0,M0556,qr
cmu,2026052500005,2,2026-05-25 15:05:00,P02,L,1.0,65.0,M0556,qr
cmu,2026052500006,1,2026-05-25 16:02:00,P09,L,1.0,60.0,,qr
cmu,2026052500007,1,2026-05-25 16:30:00,P12,,1.0,55.0,M0656,qr
cmu,2026052500008,1,2026-05-25 18:31:00,P14,,1.0,85.0,,cash
cmu,2026052600001,1,2026-05-26 07:07:00,P04,S,1.0,55.0,M0582,qr
cmu,2026052600002,1,2026-05-26 08:12:00,P10,S,1.0,50.0,,cash
cmu,2026052600003,1,2026-05-26 09:02:00,P11,M,3.0,60.0,,qr
cmu,2026052600004,1,2026-05-26 10:17:00,P07,M,1.0,55.0,M0736,qr
cmu,2026052600004,2,2026-05-26 10:17:00,P13,,1.0,50.0,M0736,qr
cmu,2026052600005,1,2026-05-26 10:53:00,P07,M,1.0,55.0,M0206,cash
cmu,2026052600006,1,2026-05-26 11:18:00,P05,M,1.0,70.0,M0297,cash
cmu,2026052600006,2,2026-05-26 11:18:00,P03,L,1.0,75.0,M0297,cash
cmu,2026052600007,1,2026-05-26 11:30:00,P03,L,1.0,75.0,,qr
cmu,2026052600008,1,2026-05-26 12:40:00,P14,,1.0,85.0,,qr
cmu,2026052600009,1,2026-05-26 12:45:00,P01,M,2.0,55.0,M0648,cash
cmu,2026052600010,1,2026-05-26 13:16:00,P15,,1.0,75.0,,cash
cmu,2026052600011,1,2026-05-26 14:02:00,P12,,1.0,55.0,,cash
cmu,2026052600012,1,2026-05-26 16:07:00,P15,,1.0,75.0,,card
cmu,2026052600013,1,2026-05-26 16:24:00,P09,M,1.0,50.0,,cash
cmu,2026052600013,2,2026-05-26 16:24:00,P15,,1.0,75.0,,cash
cmu,2026052700001,1,2026-05-27 07:36:00,P06,M,1.0,75.0,M0646,qr
cmu,2026052700002,1,2026-05-27 08:05:00,P04,S,1.0,55.0,,cash
cmu,2026052700002,2,2026-05-27 08:05:00,P07,M,1.0,55.0,,cash
cmu,2026052700003,1,2026-05-27 10:53:00,P02,M,1.0,55.0,,qr
cmu,2026052700003,2,2026-05-27 10:53:00,P12,,1.0,55.0,,qr
cmu,2026052700004,1,2026-05-27 11:08:00,P03,M,1.0,65.0,,qr
cmu,2026052700004,2,2026-05-27 11:08:00,P14,,1.0,85.0,,qr
cmu,2026052700005,1,2026-05-27 11:11:00,P04,M,1.0,65.0,M0142,cash
cmu,2026052700006,1,2026-05-27 12:30:00,P10,M,3.0,60.0,,cash
cmu,2026052700006,2,2026-05-27 12:30:00,P13,,1.0,50.0,,cash
cmu,2026052700007,1,2026-05-27 17:43:00,P06,M,1.0,75.0,,qr
cmu,2026052700008,1,2026-05-27 18:42:00,P14,,2.0,85.0,,qr
cmu,2026052800001,1,2026-05-28 08:18:00,P06,M,1.0,75.0,,qr
cmu,2026052800002,1,2026-05-28 08:21:00,P06,M,1.0,75.0,M0693,cash
cmu,2026052800002,2,2026-05-28 08:21:00,P14,,1.0,85.0,M0693,cash
cmu,2026052800003,1,2026-05-28 10:52:00,P10,M,1.0,60.0,M0645,card
cmu,2026052800004,1,2026-05-28 10:53:00,P03,L,1.0,75.0,,qr
cmu,2026052800004,2,2026-05-28 10:53:00,P14,,1.0,85.0,,qr
cmu,2026052800005,1,2026-05-28 11:47:00,P10,M,1.0,60.0,M0550,cash
cmu,2026052800006,1,2026-05-28 13:30:00,P15,,1.0,75.0,M0506,cash
cmu,2026052800006,2,2026-05-28 13:30:00,P08,S,1.0,60.0,M0506,cash
cmu,2026052800007,1,2026-05-28 14:47:00,P15,,1.0,75.0,M0084,qr
cmu,2026052800008,1,2026-05-28 15:53:00,P08,L,1.0,80.0,,card
cmu,2026052800008,2,2026-05-28 15:53:00,P12,,1.0,55.0,,card
cmu,2026052800009,1,2026-05-28 19:13:00,P07,L,1.0,65.0,,qr
cmu,2026052800009,2,2026-05-28 19:13:00,P13,,1.0,50.0,,qr
cmu,2026052800010,1,2026-05-28 19:20:00,P07,S,1.0,45.0,,qr
cmu,2026052800010,2,2026-05-28 19:20:00,P14,,1.0,85.0,,qr
cmu,2026052900001,1,2026-05-29 08:37:00,P05,L,1.0,80.0,M0526,cash
cmu,2026052900002,1,2026-05-29 09:12:00,P07,S,1.0,45.0,,qr
cmu,2026052900002,2,2026-05-29 09:12:00,P13,,1.0,50.0,,qr
cmu,2026052900003,1,2026-05-29 09:34:00,P02,S,2.0,45.0,M0755,cash
cmu,2026052900004,1,2026-05-29 10:10:00,P10,M,2.0,60.0,M0696,cash
cmu,2026052900005,1,2026-05-29 10:28:00,P03,M,2.0,65.0,M0128,card
cmu,2026052900006,1,2026-05-29 10:51:00,P02,M,1.0,55.0,,qr
cmu,2026052900006,2,2026-05-29 10:51:00,P12,,1.0,55.0,,qr
cmu,2026052900007,1,2026-05-29 12:11:00,P11,M,1.0,60.0,,qr
cmu,2026052900008,1,2026-05-29 13:04:00,P06,M,1.0,75.0,M0630,cash
cmu,2026052900009,1,2026-05-29 16:57:00,P13,,1.0,50.0,,cash
cmu,2026053000001,1,2026-05-30 10:03:00,P02,S,1.0,45.0,M0180,cash
cmu,2026053000001,2,2026-05-30 10:03:00,P12,,1.0,55.0,M0180,cash
cmu,2026053000002,1,2026-05-30 10:41:00,P03,S,1.0,55.0,,qr
cmu,2026053000002,2,2026-05-30 10:41:00,P14,,1.0,85.0,,qr
cmu,2026053100001,1,2026-05-31 12:21:00,P07,L,1.0,65.0,M0526,cash
cmu,2026060100001,1,2026-06-01 07:10:00,P07,S,2.0,45.0,,cash
cmu,2026060100002,1,2026-06-01 07:15:00,P08,M,1.0,70.0,M0225,cash
cmu,2026060100003,1,2026-06-01 08:59:00,P12,,1.0,55.0,M0017,qr
cmu,2026060100004,1,2026-06-01 09:03:00,P07,M,2.0,55.0,M0528,qr
cmu,2026060100005,1,2026-06-01 09:17:00,P02,M,2.0,55.0,M0563,qr
cmu,2026060100005,2,2026-06-01 09:17:00,P12,,1.0,55.0,M0563,qr
cmu,2026060100006,1,2026-06-01 10:13:00,P07,L,2.0,65.0,,cash
cmu,2026060100007,1,2026-06-01 12:34:00,P10,M,1.0,60.0,,qr
cmu,2026060100008,1,2026-06-01 15:09:00,P02,M,3.0,55.0,,cash
cmu,2026060100008,2,2026-06-01 15:09:00,P07,L,1.0,65.0,,cash
cmu,2026060100009,1,2026-06-01 16:06:00,P12,,1.0,55.0,M0700,cash
cmu,2026060100010,1,2026-06-01 17:35:00,P10,S,1.0,50.0,M0346,qr
cmu,2026060200001,1,2026-06-02 07:19:00,P12,,1.0,55.0,,cash
cmu,2026060200002,1,2026-06-02 07:35:00,P13,,2.0,50.0,,cash
cmu,2026060200003,1,2026-06-02 08:13:00,P03,M,1.0,65.0,M0758,qr
cmu,2026060200004,1,2026-06-02 08:36:00,P15,,2.0,75.0,M0337,cash
cmu,2026060200005,1,2026-06-02 09:02:00,P01,M,1.0,55.0,M0277,qr
cmu,2026060200005,2,2026-06-02 09:02:00,P03,S,1.0,55.0,M0277,qr
cmu,2026060200006,1,2026-06-02 09:05:00,P06,L,1.0,85.0,M0400,qr
cmu,2026060200007,1,2026-06-02 09:07:00,P04,S,1.0,55.0,,qr
cmu,2026060200007,2,2026-06-02 09:07:00,P12,,1.0,55.0,,qr
cmu,2026060200008,1,2026-06-02 09:26:00,P02,M,1.0,55.0,M0163,cash
cmu,2026060200008,2,2026-06-02 09:26:00,P12,,1.0,55.0,M0163,cash
cmu,2026060200009,1,2026-06-02 10:06:00,P14,,1.0,85.0,M0607,qr
cmu,2026060200010,1,2026-06-02 10:11:00,P01,M,1.0,55.0,M0572,qr
cmu,2026060200010,2,2026-06-02 10:11:00,P15,,1.0,75.0,M0572,qr
cmu,2026060200011,1,2026-06-02 10:37:00,P03,M,1.0,65.0,,qr
cmu,2026060200011,2,2026-06-02 10:37:00,P14,,1.0,85.0,,qr
cmu,2026060200011,3,2026-06-02 10:37:00,P04,S,1.0,55.0,,qr
cmu,2026060200012,1,2026-06-02 10:41:00,P03,S,1.0,55.0,M0341,cash
cmu,2026060200012,2,2026-06-02 10:41:00,P14,,1.0,85.0,M0341,cash
cmu,2026060200013,1,2026-06-02 10:44:00,P12,,1.0,55.0,,qr
cmu,2026060200014,1,2026-06-02 11:02:00,P07,M,1.0,55.0,,qr
cmu,2026060200014,2,2026-06-02 11:02:00,P12,,1.0,55.0,,qr
cmu,2026060200015,1,2026-06-02 11:52:00,P13,,2.0,50.0,M0758,qr
cmu,2026060200016,1,2026-06-02 12:10:00,P08,M,3.0,70.0,,qr
cmu,2026060200016,2,2026-06-02 12:10:00,P07,L,1.0,65.0,,qr
cmu,2026060200017,1,2026-06-02 14:36:00,P08,L,1.0,80.0,M0277,qr
cmu,2026060200018,1,2026-06-02 14:45:00,P07,L,1.0,65.0,M0456,cash
cmu,2026060200018,2,2026-06-02 14:45:00,P13,,1.0,50.0,M0456,cash
cmu,2026060200019,1,2026-06-02 15:30:00,P04,S,3.0,55.0,M0295,qr
cmu,2026060200019,2,2026-06-02 15:30:00,P13,,1.0,50.0,M0295,qr
cmu,2026060200020,1,2026-06-02 15:47:00,P15,,1.0,75.0,,qr
cmu,2026060200021,1,2026-06-02 16:01:00,P09,S,1.0,40.0,,cash
cmu,2026060200022,1,2026-06-02 16:41:00,P03,M,1.0,65.0,M0563,qr
cmu,2026060200022,2,2026-06-02 16:41:00,P14,,1.0,85.0,M0563,qr
cmu,2026060200023,1,2026-06-02 17:00:00,P07,S,2.0,45.0,M0738,qr
cmu,2026060200023,2,2026-06-02 17:00:00,P13,,1.0,50.0,M0738,qr
cmu,2026060200024,1,2026-06-02 17:22:00,P13,,1.0,50.0,,cash
cmu,2026060300001,1,2026-06-03 09:17:00,P07,L,1.0,65.0,,cash
cmu,2026060300002,1,2026-06-03 09:35:00,P02,M,1.0,55.0,,cash
cmu,2026060300002,2,2026-06-03 09:35:00,P12,,1.0,55.0,,cash
cmu,2026060300003,1,2026-06-03 09:48:00,P12,,1.0,55.0,,qr
cmu,2026060300003,2,2026-06-03 09:48:00,P09,S,1.0,40.0,,qr
cmu,2026060300004,1,2026-06-03 10:38:00,P09,M,1.0,50.0,,qr
cmu,2026060300005,1,2026-06-03 11:17:00,P06,S,1.0,65.0,M0754,card
cmu,2026060300005,2,2026-06-03 11:17:00,P12,,1.0,55.0,M0754,card
cmu,2026060300006,1,2026-06-03 12:25:00,P13,,1.0,50.0,,qr
cmu,2026060300007,1,2026-06-03 14:08:00,P02,L,2.0,65.0,,qr
cmu,2026060300007,2,2026-06-03 14:08:00,P12,,1.0,55.0,,qr
cmu,2026060300008,1,2026-06-03 14:35:00,P10,S,2.0,50.0,M0285,card
cmu,2026060300008,2,2026-06-03 14:35:00,P15,,1.0,75.0,M0285,card
cmu,2026060300009,1,2026-06-03 14:43:00,P03,S,1.0,55.0,,qr
cmu,2026060300009,2,2026-06-03 14:43:00,P14,,1.0,85.0,,qr
cmu,2026060300010,1,2026-06-03 15:15:00,P04,M,1.0,65.0,M0357,cash
cmu,2026060300011,1,2026-06-03 15:23:00,P02,M,1.0,55.0,,cash
cmu,2026060300012,1,2026-06-03 15:37:00,P11,M,3.0,60.0,,qr
cmu,2026060300013,1,2026-06-03 15:51:00,P10,M,1.0,60.0,,cash
cmu,2026060300014,1,2026-06-03 16:11:00,P10,M,1.0,60.0,,qr
cmu,2026060300014,2,2026-06-03 16:11:00,P14,,1.0,85.0,,qr
cmu,2026060400001,1,2026-06-04 07:26:00,P10,M,1.0,60.0,M0113,qr
cmu,2026060400001,2,2026-06-04 07:26:00,P08,L,1.0,80.0,M0113,qr
cmu,2026060400002,1,2026-06-04 08:21:00,P01,M,1.0,55.0,M0606,qr
cmu,2026060400003,1,2026-06-04 08:29:00,P02,L,1.0,65.0,,qr
cmu,2026060400003,2,2026-06-04 08:29:00,P12,,1.0,55.0,,qr
cmu,2026060400004,1,2026-06-04 09:39:00,P03,M,2.0,65.0,M0403,cash
cmu,2026060400004,2,2026-06-04 09:39:00,P14,,1.0,85.0,M0403,cash
cmu,2026060400005,1,2026-06-04 09:42:00,P03,M,1.0,65.0,M0185,qr
cmu,2026060400006,1,2026-06-04 09:43:00,P07,M,1.0,55.0,,qr
cmu,2026060400006,2,2026-06-04 09:43:00,P13,,1.0,50.0,,qr
cmu,2026060400006,3,2026-06-04 09:43:00,P08,M,1.0,70.0,,qr
cmu,2026060400007,1,2026-06-04 10:36:00,P03,S,1.0,55.0,M0146,qr
cmu,2026060400007,2,2026-06-04 10:36:00,P14,,1.0,85.0,M0146,qr
cmu,2026060400008,1,2026-06-04 10:54:00,P03,M,1.0,65.0,,cash
cmu,2026060400008,2,2026-06-04 10:54:00,P14,,1.0,85.0,,cash
cmu,2026060400009,1,2026-06-04 11:28:00,P03,M,1.0,65.0,,qr
cmu,2026060400010,1,2026-06-04 11:41:00,P03,M,2.0,65.0,,qr
cmu,2026060400011,1,2026-06-04 13:06:00,P03,S,1.0,55.0,,qr
cmu,2026060400012,1,2026-06-04 15:37:00,P08,M,1.0,70.0,M0229,qr
cmu,2026060400012,2,2026-06-04 15:37:00,P15,,1.0,75.0,M0229,qr
cmu,2026060400013,1,2026-06-04 15:39:00,P07,S,1.0,45.0,,qr
cmu,2026060400013,2,2026-06-04 15:39:00,P12,,1.0,55.0,,qr
cmu,2026060400014,1,2026-06-04 15:57:00,P01,L,1.0,65.0,,cash
cmu,2026060400014,2,2026-06-04 15:57:00,P15,,1.0,75.0,,cash
cmu,2026060400015,1,2026-06-04 16:03:00,P10,M,2.0,60.0,,qr
cmu,2026060400016,1,2026-06-04 16:17:00,P03,M,1.0,65.0,,qr
cmu,2026060400017,1,2026-06-04 16:47:00,P05,M,1.0,70.0,,qr
cmu,2026060400018,1,2026-06-04 18:39:00,P11,M,1.0,60.0,M0539,qr
cmu,2026060500001,1,2026-06-05 07:50:00,P10,L,1.0,70.0,,card
cmu,2026060500001,2,2026-06-05 07:50:00,P14,,1.0,85.0,,card
cmu,2026060500002,1,2026-06-05 08:38:00,P15,,1.0,75.0,,cash
cmu,2026060500003,1,2026-06-05 08:48:00,P03,M,1.0,65.0,M0608,qr
cmu,2026060500003,2,2026-06-05 08:48:00,P14,,1.0,85.0,M0608,qr
cmu,2026060500004,1,2026-06-05 09:07:00,P03,L,2.0,75.0,M0377,qr
cmu,2026060500005,1,2026-06-05 09:52:00,P13,,1.0,50.0,,cash
cmu,2026060500005,2,2026-06-05 09:52:00,P03,S,1.0,55.0,,cash
cmu,2026060500006,1,2026-06-05 10:17:00,P04,M,3.0,65.0,,cash
cmu,2026060500007,1,2026-06-05 11:14:00,P10,L,1.0,70.0,M0446,cash
cmu,2026060500008,1,2026-06-05 11:26:00,P03,S,2.0,55.0,,qr
cmu,2026060500009,1,2026-06-05 13:34:00,P06,M,1.0,75.0,,cash
cmu,2026060500010,1,2026-06-05 14:27:00,P02,M,1.0,55.0,M0357,qr
cmu,2026060500010,2,2026-06-05 14:27:00,P12,,1.0,55.0,M0357,qr
cmu,2026060500011,1,2026-06-05 14:35:00,P07,M,1.0,55.0,M0218,cash
cmu,2026060500011,2,2026-06-05 14:35:00,P13,,1.0,50.0,M0218,cash
cmu,2026060500012,1,2026-06-05 14:47:00,P06,M,2.0,75.0,,cash
cmu,2026060500012,2,2026-06-05 14:47:00,P11,M,1.0,60.0,,cash
cmu,2026060500013,1,2026-06-05 14:49:00,P05,S,1.0,60.0,,cash
cmu,2026060500014,1,2026-06-05 15:34:00,P09,S,1.0,40.0,,cash
cmu,2026060500015,1,2026-06-05 15:41:00,P03,M,1.0,65.0,M0428,cash
cmu,2026060500015,2,2026-06-05 15:41:00,P14,,1.0,85.0,M0428,cash
cmu,2026060500016,1,2026-06-05 15:50:00,P11,M,1.0,60.0,M0344,qr
cmu,2026060500017,1,2026-06-05 16:03:00,P11,L,1.0,70.0,M0008,qr
cmu,2026060500018,1,2026-06-05 17:00:00,P02,S,1.0,45.0,M0309,qr
cmu,2026060500019,1,2026-06-05 17:23:00,P09,S,1.0,40.0,,cash
cmu,2026060500019,2,2026-06-05 17:23:00,P03,M,1.0,65.0,,cash
cmu,2026060500020,1,2026-06-05 17:25:00,P13,,1.0,50.0,,qr
cmu,2026060500021,1,2026-06-05 17:32:00,P14,,3.0,85.0,,cash
cmu,2026060500022,1,2026-06-05 19:44:00,P05,M,2.0,70.0,M0293,qr
cmu,2026060500023,1,2026-06-05 19:52:00,P10,M,1.0,60.0,,qr
cmu,2026060600001,1,2026-06-06 07:28:00,P03,S,1.0,55.0,,qr
cmu,2026060600001,2,2026-06-06 07:28:00,P14,,1.0,85.0,,qr
cmu,2026060600002,1,2026-06-06 07:31:00,P05,L,1.0,80.0,,qr
cmu,2026060600002,2,2026-06-06 07:31:00,P13,,1.0,50.0,,qr
cmu,2026060600003,1,2026-06-06 08:02:00,P03,S,1.0,55.0,M0306,qr
cmu,2026060600004,1,2026-06-06 08:06:00,P08,M,1.0,70.0,M0116,qr
cmu,2026060600005,1,2026-06-06 09:28:00,P02,M,1.0,55.0,M0509,qr
cmu,2026060600006,1,2026-06-06 10:50:00,P02,M,1.0,55.0,M0688,qr
cmu,2026060600006,2,2026-06-06 10:50:00,P12,,1.0,55.0,M0688,qr
cmu,2026060600007,1,2026-06-06 12:51:00,P10,S,1.0,50.0,,qr
cmu,2026060600008,1,2026-06-06 13:14:00,P08,L,1.0,80.0,,qr
cmu,2026060600009,1,2026-06-06 15:41:00,P03,M,1.0,65.0,M0576,qr
cmu,2026060600010,1,2026-06-06 15:45:00,P05,L,1.0,80.0,M0473,card
cmu,2026060600011,1,2026-06-06 16:11:00,P08,M,1.0,70.0,,cash
cmu,2026060600012,1,2026-06-06 17:30:00,P12,,1.0,55.0,,qr
cmu,2026060600013,1,2026-06-06 17:37:00,P01,L,1.0,65.0,,cash
cmu,2026060600013,2,2026-06-06 17:37:00,P15,,1.0,75.0,,cash
cmu,2026060700001,1,2026-06-07 07:47:00,P08,S,2.0,60.0,,qr
cmu,2026060700002,1,2026-06-07 10:30:00,P02,S,1.0,45.0,,qr
cmu,2026060700003,1,2026-06-07 10:35:00,P05,M,1.0,70.0,,qr
cmu,2026060700004,1,2026-06-07 13:06:00,P07,L,1.0,65.0,,cash
cmu,2026060700004,2,2026-06-07 13:06:00,P13,,1.0,50.0,,cash
cmu,2026060700005,1,2026-06-07 14:02:00,P01,M,1.0,55.0,,qr
cmu,2026060700005,2,2026-06-07 14:02:00,P15,,1.0,75.0,,qr
cmu,2026060700006,1,2026-06-07 14:16:00,P06,M,1.0,75.0,,qr
cmu,2026060700007,1,2026-06-07 14:58:00,P11,S,1.0,50.0,,cash
cmu,2026060700008,1,2026-06-07 15:28:00,P10,L,1.0,70.0,,qr
cmu,2026060700008,2,2026-06-07 15:28:00,P14,,1.0,85.0,,qr
cmu,2026060700009,1,2026-06-07 16:52:00,P15,,1.0,75.0,,qr
cmu,2026060700009,2,2026-06-07 16:52:00,P10,L,1.0,70.0,,qr
cmu,2026060700010,1,2026-06-07 17:19:00,P11,M,1.0,60.0,M0482,card
cmu,2026060700010,2,2026-06-07 17:19:00,P15,,1.0,75.0,M0482,card
cmu,2026060700010,3,2026-06-07 17:19:00,P08,L,1.0,80.0,M0482,card
cmu,2026060700011,1,2026-06-07 17:59:00,P14,,1.0,85.0,,cash
cmu,2026060700012,1,2026-06-07 18:12:00,P02,L,1.0,65.0,M0125,qr
cmu,2026060700012,2,2026-06-07 18:12:00,P12,,1.0,55.0,M0125,qr
cmu,2026060700013,1,2026-06-07 18:47:00,P12,,1.0,55.0,M0324,cash
cmu,2026060800001,1,2026-06-08 08:08:00,P03,M,2.0,65.0,M0218,cash
cmu,2026060800001,2,2026-06-08 08:08:00,P14,,1.0,85.0,M0218,cash
cmu,2026060800002,1,2026-06-08 08:15:00,P03,M,2.0,65.0,M0240,cash
cmu,2026060800003,1,2026-06-08 08:25:00,P05,S,1.0,60.0,M0766,cash
cmu,2026060800004,1,2026-06-08 08:33:00,P07,M,1.0,55.0,M0029,cash
cmu,2026060800004,2,2026-06-08 08:33:00,P13,,1.0,50.0,M0029,cash
cmu,2026060800005,1,2026-06-08 08:39:00,P01,L,1.0,65.0,M0013,cash
cmu,2026060800006,1,2026-06-08 08:41:00,P06,S,1.0,65.0,,qr
cmu,2026060800006,2,2026-06-08 08:41:00,P13,,1.0,50.0,,qr
cmu,2026060800007,1,2026-06-08 09:12:00,P06,M,1.0,75.0,M0328,cash
cmu,2026060800008,1,2026-06-08 09:20:00,P02,L,1.0,65.0,,qr
cmu,2026060800008,2,2026-06-08 09:20:00,P12,,1.0,55.0,,qr
cmu,2026060800008,3,2026-06-08 09:20:00,P06,M,1.0,75.0,,qr
cmu,2026060800009,1,2026-06-08 09:27:00,P07,M,1.0,55.0,M0310,cash
cmu,2026060800010,1,2026-06-08 09:28:00,P10,M,1.0,60.0,M0043,qr
cmu,2026060800011,1,2026-06-08 09:28:00,P09,M,1.0,50.0,,cash
cmu,2026060800012,1,2026-06-08 09:42:00,P04,M,1.0,65.0,M0297,qr
cmu,2026060800013,1,2026-06-08 09:46:00,P03,S,1.0,55.0,M0671,qr
cmu,2026060800013,2,2026-06-08 09:46:00,P14,,1.0,85.0,M0671,qr
cmu,2026060800014,1,2026-06-08 10:21:00,P07,L,1.0,65.0,M0001,cash
cmu,2026060800014,2,2026-06-08 10:21:00,P13,,1.0,50.0,M0001,cash
cmu,2026060800014,3,2026-06-08 10:21:00,P01,L,1.0,65.0,M0001,cash
cmu,2026060800015,1,2026-06-08 10:25:00,P03,L,2.0,75.0,,qr
cmu,2026060800015,2,2026-06-08 10:25:00,P14,,1.0,85.0,,qr
cmu,2026060800016,1,2026-06-08 10:45:00,P09,S,1.0,40.0,M0727,qr
cmu,2026060800017,1,2026-06-08 11:06:00,P02,M,2.0,55.0,M0265,qr
cmu,2026060800017,2,2026-06-08 11:06:00,P12,,1.0,55.0,M0265,qr
cmu,2026060800017,3,2026-06-08 11:06:00,P03,S,1.0,55.0,M0265,qr
cmu,2026060800018,1,2026-06-08 11:15:00,P12,,1.0,55.0,,qr
cmu,2026060800019,1,2026-06-08 11:22:00,P03,S,1.0,55.0,,cash
cmu,2026060800019,2,2026-06-08 11:22:00,P02,M,1.0,55.0,,cash
cmu,2026060800020,1,2026-06-08 12:07:00,P13,,1.0,50.0,M0611,qr
cmu,2026060800021,1,2026-06-08 12:07:00,P12,,1.0,55.0,,card
cmu,2026060800022,1,2026-06-08 12:39:00,P07,M,1.0,55.0,,cash
cmu,2026060800023,1,2026-06-08 13:14:00,P07,M,1.0,55.0,,qr
cmu,2026060800024,1,2026-06-08 13:37:00,P03,S,1.0,55.0,M0315,qr
cmu,2026060800024,2,2026-06-08 13:37:00,P12,,1.0,55.0,M0315,qr
cmu,2026060800025,1,2026-06-08 14:19:00,P09,M,1.0,50.0,M0711,qr
cmu,2026060800026,1,2026-06-08 14:19:00,P03,L,1.0,75.0,,card
cmu,2026060800026,2,2026-06-08 14:19:00,P14,,1.0,85.0,,card
cmu,2026060800027,1,2026-06-08 14:27:00,P06,M,2.0,75.0,M0400,qr
cmu,2026060800028,1,2026-06-08 14:47:00,P02,S,1.0,45.0,,cash
cmu,2026060800028,2,2026-06-08 14:47:00,P12,,1.0,55.0,,cash
cmu,2026060800029,1,2026-06-08 14:51:00,P11,L,2.0,70.0,,qr
cmu,2026060800030,1,2026-06-08 15:01:00,P11,M,3.0,60.0,M0343,cash
cmu,2026060800031,1,2026-06-08 15:38:00,P02,L,1.0,65.0,,qr
cmu,2026060800032,1,2026-06-08 15:47:00,P13,,1.0,50.0,,qr
cmu,2026060800032,2,2026-06-08 15:47:00,P12,,1.0,55.0,,qr
cmu,2026060800033,1,2026-06-08 16:02:00,P08,M,1.0,70.0,,qr
cmu,2026060800034,1,2026-06-08 16:04:00,P12,,1.0,55.0,M0493,qr
cmu,2026060800035,1,2026-06-08 16:17:00,P08,M,1.0,70.0,M0691,cash
cmu,2026060800036,1,2026-06-08 18:19:00,P09,M,1.0,50.0,,cash
cmu,2026060900001,1,2026-06-09 07:42:00,P12,,1.0,55.0,M0460,qr
cmu,2026060900001,2,2026-06-09 07:42:00,P02,L,1.0,65.0,M0460,qr
cmu,2026060900002,1,2026-06-09 07:47:00,P04,M,1.0,65.0,M0179,qr
cmu,2026060900003,1,2026-06-09 07:49:00,P09,M,1.0,50.0,M0134,qr
cmu,2026060900004,1,2026-06-09 08:06:00,P10,L,2.0,70.0,M0334,qr
cmu,2026060900005,1,2026-06-09 08:06:00,P03,S,1.0,55.0,M0377,card
cmu,2026060900005,2,2026-06-09 08:06:00,P14,,1.0,85.0,M0377,card
cmu,2026060900005,3,2026-06-09 08:06:00,P07,S,1.0,45.0,M0377,card
cmu,2026060900006,1,2026-06-09 08:08:00,P02,M,1.0,55.0,,cash
cmu,2026060900007,1,2026-06-09 09:01:00,P05,L,1.0,80.0,,qr
cmu,2026060900008,1,2026-06-09 09:06:00,P05,M,1.0,70.0,M0555,qr
cmu,2026060900009,1,2026-06-09 09:25:00,P14,,1.0,85.0,,qr
cmu,2026060900009,2,2026-06-09 09:25:00,P03,L,1.0,75.0,,qr
cmu,2026060900010,1,2026-06-09 10:00:00,P13,,1.0,50.0,M0075,qr
cmu,2026060900011,1,2026-06-09 11:17:00,P06,M,2.0,75.0,M0165,qr
cmu,2026060900012,1,2026-06-09 12:08:00,P04,S,2.0,55.0,,qr
cmu,2026060900013,1,2026-06-09 13:58:00,P15,,1.0,75.0,,cash
cmu,2026060900014,1,2026-06-09 14:09:00,P02,M,1.0,55.0,M0511,cash
cmu,2026060900014,2,2026-06-09 14:09:00,P12,,1.0,55.0,M0511,cash
cmu,2026060900015,1,2026-06-09 14:34:00,P02,L,1.0,65.0,M0136,qr
cmu,2026060900016,1,2026-06-09 14:53:00,P03,M,1.0,65.0,M0582,cash
cmu,2026060900016,2,2026-06-09 14:53:00,P14,,1.0,85.0,M0582,cash
cmu,2026060900017,1,2026-06-09 15:06:00,P07,M,2.0,55.0,,qr
cmu,2026060900017,2,2026-06-09 15:06:00,P13,,1.0,50.0,,qr
cmu,2026060900018,1,2026-06-09 15:42:00,P03,S,1.0,55.0,M0110,qr
cmu,2026060900018,2,2026-06-09 15:42:00,P14,,1.0,85.0,M0110,qr
cmu,2026060900018,3,2026-06-09 15:42:00,P11,L,1.0,70.0,M0110,qr
cmu,2026060900019,1,2026-06-09 15:53:00,P07,M,2.0,55.0,M0224,qr
cmu,2026060900019,2,2026-06-09 15:53:00,P02,M,1.0,55.0,M0224,qr
cmu,2026060900020,1,2026-06-09 15:56:00,P08,M,1.0,70.0,M0283,cash
cmu,2026060900021,1,2026-06-09 16:48:00,P01,M,1.0,55.0,,qr
cmu,2026060900022,1,2026-06-09 17:18:00,P07,S,1.0,45.0,M0066,qr
cmu,2026060900022,2,2026-06-09 17:18:00,P08,M,1.0,70.0,M0066,qr
cmu,2026060900023,1,2026-06-09 17:55:00,P12,,1.0,55.0,M0461,qr
cmu,2026060900024,1,2026-06-09 18:25:00,P01,M,1.0,55.0,M0164,cash
cmu,2026061000001,1,2026-06-10 07:17:00,P02,M,1.0,55.0,M0259,qr
cmu,2026061000001,2,2026-06-10 07:17:00,P12,,1.0,55.0,M0259,qr
cmu,2026061000002,1,2026-06-10 08:22:00,P08,S,1.0,60.0,M0752,qr
cmu,2026061000003,1,2026-06-10 09:00:00,P13,,1.0,50.0,,cash
cmu,2026061000004,1,2026-06-10 09:09:00,P06,M,1.0,75.0,M0612,qr
cmu,2026061000005,1,2026-06-10 09:10:00,P02,L,1.0,65.0,,qr
cmu,2026061000006,1,2026-06-10 09:36:00,P05,S,3.0,60.0,,qr
cmu,2026061000007,1,2026-06-10 09:42:00,P02,M,1.0,55.0,,qr
cmu,2026061000007,2,2026-06-10 09:42:00,P12,,1.0,55.0,,qr
cmu,2026061000008,1,2026-06-10 09:46:00,P02,M,1.0,55.0,M0499,cash
cmu,2026061000009,1,2026-06-10 09:51:00,P05,L,1.0,80.0,,cash
cmu,2026061000010,1,2026-06-10 10:01:00,P02,L,1.0,65.0,M0082,qr
cmu,2026061000011,1,2026-06-10 10:07:00,P08,L,1.0,80.0,,cash
cmu,2026061000012,1,2026-06-10 10:08:00,P02,M,1.0,55.0,,cash
cmu,2026061000013,1,2026-06-10 10:36:00,P01,S,1.0,45.0,M0507,qr
cmu,2026061000014,1,2026-06-10 10:45:00,P03,L,1.0,75.0,,cash
cmu,2026061000015,1,2026-06-10 10:55:00,P12,,1.0,55.0,,cash
cmu,2026061000016,1,2026-06-10 11:04:00,P04,M,2.0,65.0,M0452,qr
cmu,2026061000017,1,2026-06-10 12:10:00,P02,S,1.0,45.0,,qr
cmu,2026061000018,1,2026-06-10 12:32:00,P14,,1.0,85.0,M0029,cash
cmu,2026061000019,1,2026-06-10 13:19:00,P05,S,2.0,60.0,,qr
cmu,2026061000019,2,2026-06-10 13:19:00,P14,,1.0,85.0,,qr
cmu,2026061000020,1,2026-06-10 13:28:00,P07,S,1.0,45.0,,qr
cmu,2026061000020,2,2026-06-10 13:28:00,P13,,1.0,50.0,,qr
cmu,2026061000021,1,2026-06-10 14:17:00,P04,S,1.0,55.0,,cash
cmu,2026061000022,1,2026-06-10 14:24:00,P07,M,1.0,55.0,,cash
cmu,2026061000022,2,2026-06-10 14:24:00,P13,,1.0,50.0,,cash
cmu,2026061000023,1,2026-06-10 14:56:00,P12,,1.0,55.0,,qr
cmu,2026061000024,1,2026-06-10 15:47:00,P11,M,2.0,60.0,M0142,cash
cmu,2026061000024,2,2026-06-10 15:47:00,P08,S,1.0,60.0,M0142,cash
cmu,2026061000025,1,2026-06-10 15:55:00,P08,M,1.0,70.0,M0167,qr
cmu,2026061000026,1,2026-06-10 17:54:00,P14,,1.0,85.0,M0536,card
cmu,2026061000027,1,2026-06-10 18:27:00,P07,M,3.0,55.0,M0496,qr
cmu,2026061000027,2,2026-06-10 18:27:00,P13,,1.0,50.0,M0496,qr
cmu,2026061000027,3,2026-06-10 18:27:00,P05,M,1.0,70.0,M0496,qr
cmu,2026061000028,1,2026-06-10 18:36:00,P05,M,2.0,70.0,M0420,qr
cmu,2026061000028,2,2026-06-10 18:36:00,P14,,1.0,85.0,M0420,qr
cmu,2026061000029,1,2026-06-10 19:17:00,P08,M,3.0,70.0,M0171,qr
cmu,2026061100001,1,2026-06-11 07:38:00,P02,M,1.0,55.0,,qr
cmu,2026061100001,2,2026-06-11 07:38:00,P12,,1.0,55.0,,qr
cmu,2026061100002,1,2026-06-11 08:41:00,P13,,1.0,50.0,M0150,qr
cmu,2026061100003,1,2026-06-11 08:45:00,P06,M,1.0,75.0,M0570,qr
cmu,2026061100004,1,2026-06-11 09:29:00,P13,,1.0,50.0,M0526,qr
cmu,2026061100004,2,2026-06-11 09:29:00,P14,,1.0,85.0,M0526,qr
cmu,2026061100005,1,2026-06-11 09:39:00,P06,L,1.0,85.0,,cash
cmu,2026061100006,1,2026-06-11 09:50:00,P07,S,1.0,45.0,,card
cmu,2026061100006,2,2026-06-11 09:50:00,P13,,1.0,50.0,,card
cmu,2026061100007,1,2026-06-11 09:50:00,P05,S,2.0,60.0,,cash
cmu,2026061100008,1,2026-06-11 09:52:00,P06,M,1.0,75.0,M0520,qr
cmu,2026061100009,1,2026-06-11 10:51:00,P10,M,1.0,60.0,M0015,qr
cmu,2026061100010,1,2026-06-11 10:57:00,P14,,1.0,85.0,,qr
cmu,2026061100011,1,2026-06-11 11:43:00,P02,M,1.0,55.0,M0086,qr
cmu,2026061100011,2,2026-06-11 11:43:00,P12,,1.0,55.0,M0086,qr
cmu,2026061100011,3,2026-06-11 11:43:00,P04,M,1.0,65.0,M0086,qr
cmu,2026061100012,1,2026-06-11 11:55:00,P05,M,2.0,70.0,M0013,cash
cmu,2026061100012,2,2026-06-11 11:55:00,P13,,1.0,50.0,M0013,cash
cmu,2026061100013,1,2026-06-11 13:44:00,P02,M,2.0,55.0,M0114,qr
cmu,2026061100014,1,2026-06-11 15:01:00,P03,L,3.0,75.0,,qr
cmu,2026061100015,1,2026-06-11 15:08:00,P09,S,3.0,40.0,M0617,cash
cmu,2026061100016,1,2026-06-11 15:23:00,P15,,1.0,75.0,,cash
cmu,2026061100016,2,2026-06-11 15:23:00,P04,L,1.0,75.0,,cash
cmu,2026061100017,1,2026-06-11 15:46:00,P06,L,1.0,85.0,M0659,cash
cmu,2026061100017,2,2026-06-11 15:46:00,P14,,1.0,85.0,M0659,cash
cmu,2026061100018,1,2026-06-11 16:15:00,P03,M,2.0,65.0,M0607,qr
cmu,2026061100018,2,2026-06-11 16:15:00,P13,,1.0,50.0,M0607,qr
cmu,2026061100019,1,2026-06-11 16:42:00,P07,M,1.0,55.0,,qr
cmu,2026061100019,2,2026-06-11 16:42:00,P13,,1.0,50.0,,qr
cmu,2026061100019,3,2026-06-11 16:42:00,P03,M,1.0,65.0,,qr
cmu,2026061100020,1,2026-06-11 17:19:00,P10,S,1.0,50.0,,qr
cmu,2026061100021,1,2026-06-11 17:26:00,P05,M,1.0,70.0,M0229,cash
cmu,2026061100022,1,2026-06-11 17:28:00,P01,M,1.0,55.0,M0585,qr
cmu,2026061100022,2,2026-06-11 17:28:00,P15,,1.0,75.0,M0585,qr
cmu,2026061100022,3,2026-06-11 17:28:00,P08,S,1.0,60.0,M0585,qr
cmu,2026061100023,1,2026-06-11 18:16:00,P07,M,1.0,55.0,,qr
cmu,2026061100024,1,2026-06-11 18:45:00,P12,,1.0,55.0,M0575,qr
cmu,2026061100025,1,2026-06-11 18:54:00,P09,M,2.0,50.0,M0525,qr
cmu,2026061100026,1,2026-06-11 19:11:00,P02,L,1.0,65.0,,cash
cmu,2026061100026,2,2026-06-11 19:11:00,P12,,1.0,55.0,,cash
cmu,2026061200001,1,2026-06-12 07:17:00,P02,S,1.0,45.0,M0414,cash
cmu,2026061200001,2,2026-06-12 07:17:00,P12,,1.0,55.0,M0414,cash
cmu,2026061200002,1,2026-06-12 07:40:00,P03,M,3.0,65.0,,qr
cmu,2026061200003,1,2026-06-12 07:50:00,P03,L,1.0,75.0,,qr
cmu,2026061200003,2,2026-06-12 07:50:00,P09,M,1.0,50.0,,qr
cmu,2026061200004,1,2026-06-12 08:09:00,P06,M,1.0,75.0,M0341,cash
cmu,2026061200005,1,2026-06-12 08:18:00,P03,M,2.0,65.0,,qr
cmu,2026061200006,1,2026-06-12 08:39:00,P02,M,1.0,55.0,,cash
cmu,2026061200007,1,2026-06-12 08:44:00,P01,S,1.0,45.0,M0150,qr
cmu,2026061200008,1,2026-06-12 09:55:00,P08,S,1.0,60.0,,qr
cmu,2026061200009,1,2026-06-12 09:58:00,P04,M,1.0,65.0,,card
cmu,2026061200010,1,2026-06-12 10:31:00,P08,S,1.0,60.0,,qr
cmu,2026061200011,1,2026-06-12 10:42:00,P11,M,2.0,60.0,,cash
cmu,2026061200012,1,2026-06-12 10:54:00,P04,S,1.0,55.0,M0723,qr
cmu,2026061200013,1,2026-06-12 11:11:00,P01,S,1.0,45.0,,cash
cmu,2026061200013,2,2026-06-12 11:11:00,P15,,1.0,75.0,,cash
cmu,2026061200014,1,2026-06-12 11:23:00,P03,M,1.0,65.0,,qr
cmu,2026061200014,2,2026-06-12 11:23:00,P14,,1.0,85.0,,qr
cmu,2026061200015,1,2026-06-12 11:59:00,P05,M,2.0,70.0,,qr
cmu,2026061200015,2,2026-06-12 11:59:00,P14,,1.0,85.0,,qr
cmu,2026061200015,3,2026-06-12 11:59:00,P13,,1.0,50.0,,qr
cmu,2026061200016,1,2026-06-12 12:08:00,P12,,1.0,55.0,M0402,card
cmu,2026061200017,1,2026-06-12 12:17:00,P10,M,1.0,60.0,,cash
cmu,2026061200018,1,2026-06-12 12:32:00,P03,S,1.0,55.0,,qr
cmu,2026061200019,1,2026-06-12 13:00:00,P02,M,1.0,55.0,M0703,cash
cmu,2026061200019,2,2026-06-12 13:00:00,P12,,1.0,55.0,M0703,cash
cmu,2026061200020,1,2026-06-12 13:02:00,P06,S,1.0,65.0,M0192,cash
cmu,2026061200021,1,2026-06-12 13:29:00,P07,M,1.0,55.0,M0721,qr
cmu,2026061200022,1,2026-06-12 13:34:00,P06,M,1.0,75.0,,cash
cmu,2026061200022,2,2026-06-12 13:34:00,P14,,1.0,85.0,,cash
cmu,2026061200023,1,2026-06-12 13:47:00,P14,,1.0,85.0,M0706,qr
cmu,2026061200024,1,2026-06-12 14:12:00,P02,M,1.0,55.0,M0175,cash
cmu,2026061200025,1,2026-06-12 14:46:00,P07,M,1.0,55.0,M0224,cash
cmu,2026061200025,2,2026-06-12 14:46:00,P13,,1.0,50.0,M0224,cash
cmu,2026061200026,1,2026-06-12 15:10:00,P02,M,2.0,55.0,,qr
cmu,2026061200026,2,2026-06-12 15:10:00,P12,,1.0,55.0,,qr
cmu,2026061200027,1,2026-06-12 15:31:00,P02,L,1.0,65.0,M0716,qr
cmu,2026061200027,2,2026-06-12 15:31:00,P12,,1.0,55.0,M0716,qr
cmu,2026061200027,3,2026-06-12 15:31:00,P08,L,1.0,80.0,M0716,qr
cmu,2026061200028,1,2026-06-12 15:48:00,P01,L,1.0,65.0,M0232,cash
cmu,2026061200029,1,2026-06-12 15:50:00,P14,,1.0,85.0,M0128,cash
cmu,2026061200030,1,2026-06-12 16:45:00,P08,M,1.0,70.0,,qr
cmu,2026061200031,1,2026-06-12 17:39:00,P09,M,1.0,50.0,,qr
cmu,2026061200032,1,2026-06-12 19:10:00,P10,M,1.0,60.0,M0625,qr
cmu,2026061200032,2,2026-06-12 19:10:00,P15,,1.0,75.0,M0625,qr
cmu,2026061200033,1,2026-06-12 19:54:00,P08,S,1.0,60.0,M0001,cash
cmu,2026061300001,1,2026-06-13 07:14:00,P13,,1.0,50.0,M0007,qr
cmu,2026061300002,1,2026-06-13 08:27:00,P13,,1.0,50.0,,cash
cmu,2026061300003,1,2026-06-13 08:40:00,P02,M,1.0,55.0,,qr
cmu,2026061300003,2,2026-06-13 08:40:00,P12,,1.0,55.0,,qr
cmu,2026061300004,1,2026-06-13 08:41:00,P05,S,1.0,60.0,M0630,qr
cmu,2026061300005,1,2026-06-13 11:08:00,P04,M,1.0,65.0,M0595,card
cmu,2026061300006,1,2026-06-13 11:54:00,P13,,1.0,50.0,M0683,qr
cmu,2026061300007,1,2026-06-13 13:41:00,P05,S,1.0,60.0,M0134,cash
cmu,2026061300008,1,2026-06-13 14:27:00,P12,,1.0,55.0,,qr
cmu,2026061300009,1,2026-06-13 14:27:00,P08,M,1.0,70.0,M0047,qr
cmu,2026061300010,1,2026-06-13 15:07:00,P03,L,1.0,75.0,,cash
cmu,2026061300010,2,2026-06-13 15:07:00,P14,,1.0,85.0,,cash
cmu,2026061300011,1,2026-06-13 16:13:00,P11,S,1.0,50.0,,qr
cmu,2026061300012,1,2026-06-13 18:38:00,P06,L,1.0,85.0,M0088,card
cmu,2026061400001,1,2026-06-14 08:27:00,P11,M,2.0,60.0,,qr
cmu,2026061400002,1,2026-06-14 09:01:00,P11,L,2.0,70.0,M0466,qr
cmu,2026061400003,1,2026-06-14 09:20:00,P05,S,2.0,60.0,,cash
cmu,2026061400004,1,2026-06-14 09:30:00,P09,L,1.0,60.0,M0141,cash
cmu,2026061400005,1,2026-06-14 10:03:00,P01,L,1.0,65.0,M0335,qr
cmu,2026061400005,2,2026-06-14 10:03:00,P15,,1.0,75.0,M0335,qr
cmu,2026061400006,1,2026-06-14 10:15:00,P04,M,2.0,65.0,M0187,cash
cmu,2026061400007,1,2026-06-14 10:32:00,P01,M,1.0,55.0,M0749,qr
cmu,2026061400008,1,2026-06-14 11:47:00,P03,M,1.0,65.0,,qr
cmu,2026061400009,1,2026-06-14 11:54:00,P08,M,3.0,70.0,,qr
cmu,2026061400010,1,2026-06-14 12:27:00,P02,L,1.0,65.0,,cash
cmu,2026061400011,1,2026-06-14 14:40:00,P15,,1.0,75.0,M0389,card
cmu,2026061400012,1,2026-06-14 14:44:00,P02,S,1.0,45.0,M0700,qr
cmu,2026061400012,2,2026-06-14 14:44:00,P12,,1.0,55.0,M0700,qr
cmu,2026061400012,3,2026-06-14 14:44:00,P06,M,1.0,75.0,M0700,qr
cmu,2026061400013,1,2026-06-14 16:01:00,P12,,1.0,55.0,,cash
cmu,2026061400014,1,2026-06-14 17:06:00,P07,L,1.0,65.0,M0384,cash
cmu,2026061400014,2,2026-06-14 17:06:00,P14,,1.0,85.0,M0384,cash
cmu,2026061500001,1,2026-06-15 07:09:00,P03,L,1.0,75.0,,cash
cmu,2026061500001,2,2026-06-15 07:09:00,P14,,1.0,85.0,,cash
cmu,2026061500001,3,2026-06-15 07:09:00,P04,M,1.0,65.0,,cash
cmu,2026061500002,1,2026-06-15 07:21:00,P03,M,3.0,65.0,,cash
cmu,2026061500003,1,2026-06-15 07:36:00,P06,M,1.0,75.0,,qr
cmu,2026061500004,1,2026-06-15 08:10:00,P06,M,1.0,75.0,,cash
cmu,2026061500005,1,2026-06-15 08:37:00,P08,M,1.0,70.0,M0368,qr
cmu,2026061500006,1,2026-06-15 09:00:00,P02,S,2.0,45.0,M0536,qr
cmu,2026061500006,2,2026-06-15 09:00:00,P12,,1.0,55.0,M0536,qr
cmu,2026061500007,1,2026-06-15 09:05:00,P06,S,1.0,65.0,,qr
cmu,2026061500008,1,2026-06-15 09:14:00,P03,M,2.0,65.0,,qr
cmu,2026061500008,2,2026-06-15 09:14:00,P14,,1.0,85.0,,qr
cmu,2026061500009,1,2026-06-15 09:38:00,P09,M,1.0,50.0,M0621,qr
cmu,2026061500009,2,2026-06-15 09:38:00,P14,,1.0,85.0,M0621,qr
cmu,2026061500010,1,2026-06-15 09:41:00,P13,,1.0,50.0,M0456,qr
cmu,2026061500011,1,2026-06-15 09:44:00,P02,M,1.0,55.0,M0421,qr
cmu,2026061500012,1,2026-06-15 10:06:00,P05,L,1.0,80.0,,qr
cmu,2026061500013,1,2026-06-15 10:22:00,P02,L,1.0,65.0,M0247,qr
cmu,2026061500013,2,2026-06-15 10:22:00,P12,,1.0,55.0,M0247,qr
cmu,2026061500014,1,2026-06-15 10:37:00,P15,,1.0,75.0,M0607,qr
cmu,2026061500015,1,2026-06-15 11:14:00,P06,M,1.0,75.0,,cash
cmu,2026061500015,2,2026-06-15 11:14:00,P14,,1.0,85.0,,cash
cmu,2026061500016,1,2026-06-15 12:31:00,P09,S,1.0,40.0,,cash
cmu,2026061500017,1,2026-06-15 13:34:00,P10,M,1.0,60.0,M0005,qr
cmu,2026061500018,1,2026-06-15 13:38:00,P06,L,2.0,85.0,M0545,cash
cmu,2026061500019,1,2026-06-15 13:41:00,P06,S,1.0,65.0,,qr
cmu,2026061500020,1,2026-06-15 13:43:00,P14,,1.0,85.0,M0612,qr
cmu,2026061500021,1,2026-06-15 13:59:00,P09,M,1.0,50.0,M0639,qr
cmu,2026061500022,1,2026-06-15 15:05:00,P02,L,1.0,65.0,M0499,qr
cmu,2026061500023,1,2026-06-15 15:16:00,P07,M,1.0,55.0,M0344,qr
cmu,2026061500023,2,2026-06-15 15:16:00,P13,,1.0,50.0,M0344,qr
cmu,2026061500024,1,2026-06-15 16:04:00,P08,M,2.0,70.0,M0670,qr
cmu,2026061500025,1,2026-06-15 16:53:00,P08,M,2.0,70.0,,qr
cmu,2026061500026,1,2026-06-15 17:18:00,P07,M,2.0,55.0,,qr
cmu,2026061500027,1,2026-06-15 17:59:00,P07,M,2.0,55.0,M0469,qr
cmu,2026061500027,2,2026-06-15 17:59:00,P13,,1.0,50.0,M0469,qr
cmu,2026061500028,1,2026-06-15 17:59:00,P07,L,1.0,65.0,,cash
cmu,2026061500028,2,2026-06-15 17:59:00,P13,,1.0,50.0,,cash
cmu,2026061500029,1,2026-06-15 19:39:00,P10,L,1.0,70.0,M0073,card
cmu,2026061600001,1,2026-06-16 07:17:00,P03,M,1.0,65.0,M0112,qr
cmu,2026061600002,1,2026-06-16 07:17:00,P05,M,1.0,70.0,,cash
cmu,2026061600002,2,2026-06-16 07:17:00,P13,,1.0,50.0,,cash
cmu,2026061600003,1,2026-06-16 08:28:00,P03,L,2.0,75.0,,qr
cmu,2026061600003,2,2026-06-16 08:28:00,P14,,1.0,85.0,,qr
cmu,2026061600004,1,2026-06-16 09:08:00,P03,S,1.0,55.0,M0769,qr
cmu,2026061600005,1,2026-06-16 09:35:00,P15,,1.0,75.0,M0643,qr
cmu,2026061600006,1,2026-06-16 09:48:00,P06,L,1.0,85.0,,qr
cmu,2026061600007,1,2026-06-16 10:20:00,P06,S,1.0,65.0,M0066,qr
cmu,2026061600007,2,2026-06-16 10:20:00,P12,,1.0,55.0,M0066,qr
cmu,2026061600008,1,2026-06-16 11:08:00,P15,,1.0,75.0,M0086,cash
cmu,2026061600009,1,2026-06-16 11:50:00,P06,L,1.0,85.0,,qr
cmu,2026061600010,1,2026-06-16 12:24:00,P03,M,1.0,65.0,M0147,cash
cmu,2026061600010,2,2026-06-16 12:24:00,P14,,1.0,85.0,M0147,cash
cmu,2026061600011,1,2026-06-16 12:43:00,P12,,1.0,55.0,,qr
cmu,2026061600012,1,2026-06-16 12:49:00,P12,,1.0,55.0,,cash
cmu,2026061600013,1,2026-06-16 14:05:00,P12,,1.0,55.0,,qr
cmu,2026061600014,1,2026-06-16 15:09:00,P07,M,1.0,55.0,,card
cmu,2026061600015,1,2026-06-16 15:48:00,P12,,1.0,55.0,M0428,qr
cmu,2026061600016,1,2026-06-16 18:03:00,P02,M,1.0,55.0,,qr
cmu,2026061600017,1,2026-06-16 19:08:00,P10,M,1.0,60.0,,cash
cmu,2026061600017,2,2026-06-16 19:08:00,P12,,1.0,55.0,,cash
cmu,2026061700001,1,2026-06-17 08:26:00,P03,L,2.0,75.0,M0550,cash
cmu,2026061700002,1,2026-06-17 08:50:00,P02,M,1.0,55.0,,qr
cmu,2026061700003,1,2026-06-17 08:50:00,P06,S,2.0,65.0,M0678,qr
cmu,2026061700004,1,2026-06-17 08:52:00,P05,M,1.0,70.0,M0212,cash
cmu,2026061700005,1,2026-06-17 08:52:00,P11,S,1.0,50.0,M0365,qr
cmu,2026061700006,1,2026-06-17 09:32:00,P06,M,1.0,75.0,M0045,qr
cmu,2026061700006,2,2026-06-17 09:32:00,P15,,1.0,75.0,M0045,qr
cmu,2026061700007,1,2026-06-17 09:36:00,P12,,1.0,55.0,M0335,cash
cmu,2026061700008,1,2026-06-17 09:41:00,P05,L,1.0,80.0,M0210,cash
cmu,2026061700009,1,2026-06-17 09:48:00,P12,,2.0,55.0,,cash
cmu,2026061700010,1,2026-06-17 09:52:00,P03,M,1.0,65.0,M0227,qr
cmu,2026061700010,2,2026-06-17 09:52:00,P14,,1.0,85.0,M0227,qr
cmu,2026061700010,3,2026-06-17 09:52:00,P05,L,1.0,80.0,M0227,qr
cmu,2026061700011,1,2026-06-17 09:56:00,P07,L,1.0,65.0,M0177,card
cmu,2026061700011,2,2026-06-17 09:56:00,P14,,1.0,85.0,M0177,card
cmu,2026061700012,1,2026-06-17 10:15:00,P01,L,1.0,65.0,,qr
cmu,2026061700013,1,2026-06-17 11:11:00,P03,M,1.0,65.0,M0766,cash
cmu,2026061700013,2,2026-06-17 11:11:00,P14,,1.0,85.0,M0766,cash
cmu,2026061700013,3,2026-06-17 11:11:00,P11,M,1.0,60.0,M0766,cash
cmu,2026061700014,1,2026-06-17 11:13:00,P02,L,1.0,65.0,M0136,cash
cmu,2026061700015,1,2026-06-17 11:57:00,P13,,1.0,50.0,M0209,cash
cmu,2026061700016,1,2026-06-17 13:39:00,P08,L,2.0,80.0,,cash
cmu,2026061700016,2,2026-06-17 13:39:00,P15,,1.0,75.0,,cash
cmu,2026061700017,1,2026-06-17 13:59:00,P02,M,1.0,55.0,,qr
cmu,2026061700017,2,2026-06-17 13:59:00,P12,,1.0,55.0,,qr
cmu,2026061700018,1,2026-06-17 14:10:00,P10,M,1.0,60.0,M0550,card
cmu,2026061700019,1,2026-06-17 14:15:00,P03,S,1.0,55.0,M0671,qr
cmu,2026061700019,2,2026-06-17 14:15:00,P14,,1.0,85.0,M0671,qr
cmu,2026061700020,1,2026-06-17 14:31:00,P02,M,1.0,55.0,M0363,cash
cmu,2026061700020,2,2026-06-17 14:31:00,P12,,1.0,55.0,M0363,cash
cmu,2026061700021,1,2026-06-17 14:34:00,P01,S,1.0,45.0,M0654,qr
cmu,2026061700021,2,2026-06-17 14:34:00,P15,,1.0,75.0,M0654,qr
cmu,2026061700022,1,2026-06-17 15:07:00,P12,,1.0,55.0,M0177,qr
cmu,2026061700023,1,2026-06-17 15:34:00,P10,L,1.0,70.0,,qr
cmu,2026061700023,2,2026-06-17 15:34:00,P07,L,1.0,65.0,,qr
cmu,2026061700024,1,2026-06-17 15:41:00,P10,M,1.0,60.0,M0570,cash
cmu,2026061700025,1,2026-06-17 17:17:00,P09,M,1.0,50.0,,cash
cmu,2026061700025,2,2026-06-17 17:17:00,P08,M,1.0,70.0,,cash
cmu,2026061700026,1,2026-06-17 17:21:00,P01,S,1.0,45.0,,cash
cmu,2026061700026,2,2026-06-17 17:21:00,P15,,1.0,75.0,,cash
cmu,2026061800001,1,2026-06-18 07:19:00,P02,M,1.0,55.0,,cash
cmu,2026061800002,1,2026-06-18 08:17:00,P10,S,2.0,50.0,,cash
cmu,2026061800002,2,2026-06-18 08:17:00,P03,M,1.0,65.0,,cash
cmu,2026061800003,1,2026-06-18 08:23:00,P15,,1.0,75.0,,cash
cmu,2026061800004,1,2026-06-18 08:35:00,P01,M,1.0,55.0,,cash
cmu,2026061800004,2,2026-06-18 08:35:00,P15,,1.0,75.0,,cash
cmu,2026061800005,1,2026-06-18 08:55:00,P03,L,1.0,75.0,,qr
cmu,2026061800005,2,2026-06-18 08:55:00,P14,,1.0,85.0,,qr
cmu,2026061800006,1,2026-06-18 09:11:00,P06,M,1.0,75.0,M0691,qr
cmu,2026061800007,1,2026-06-18 09:19:00,P10,S,1.0,50.0,,qr
cmu,2026061800007,2,2026-06-18 09:19:00,P08,M,1.0,70.0,,qr
cmu,2026061800008,1,2026-06-18 09:31:00,P04,M,1.0,65.0,M0159,cash
cmu,2026061800009,1,2026-06-18 09:56:00,P06,M,1.0,75.0,,qr
cmu,2026061800009,2,2026-06-18 09:56:00,P03,M,1.0,65.0,,qr
cmu,2026061800010,1,2026-06-18 10:18:00,P09,S,1.0,40.0,,cash
cmu,2026061800011,1,2026-06-18 10:28:00,P02,S,1.0,45.0,,cash
cmu,2026061800011,2,2026-06-18 10:28:00,P12,,1.0,55.0,,cash
cmu,2026061800012,1,2026-06-18 10:52:00,P14,,1.0,85.0,M0608,qr
cmu,2026061800013,1,2026-06-18 10:54:00,P07,S,1.0,45.0,M0539,cash
cmu,2026061800013,2,2026-06-18 10:54:00,P13,,1.0,50.0,M0539,cash
cmu,2026061800014,1,2026-06-18 11:06:00,P08,L,1.0,80.0,,qr
cmu,2026061800014,2,2026-06-18 11:06:00,P14,,1.0,85.0,,qr
cmu,2026061800015,1,2026-06-18 11:10:00,P07,M,1.0,55.0,,qr
cmu,2026061800016,1,2026-06-18 12:03:00,P08,S,1.0,60.0,M0150,cash
cmu,2026061800017,1,2026-06-18 13:34:00,P12,,1.0,55.0,M0337,qr
cmu,2026061800018,1,2026-06-18 13:41:00,P09,M,1.0,50.0,M0355,qr
cmu,2026061800019,1,2026-06-18 14:26:00,P13,,1.0,50.0,M0677,qr
cmu,2026061800020,1,2026-06-18 14:39:00,P07,S,1.0,45.0,,qr
cmu,2026061800021,1,2026-06-18 14:57:00,P12,,2.0,55.0,,qr
cmu,2026061800022,1,2026-06-18 15:19:00,P08,L,1.0,80.0,,card
cmu,2026061800022,2,2026-06-18 15:19:00,P12,,1.0,55.0,,card
cmu,2026061800023,1,2026-06-18 15:25:00,P13,,1.0,50.0,M0037,qr
cmu,2026061800024,1,2026-06-18 15:44:00,P10,M,2.0,60.0,,qr
cmu,2026061800025,1,2026-06-18 16:05:00,P02,L,1.0,65.0,M0176,qr
cmu,2026061800025,2,2026-06-18 16:05:00,P12,,1.0,55.0,M0176,qr
cmu,2026061800026,1,2026-06-18 16:18:00,P06,L,1.0,85.0,M0087,qr
cmu,2026061800027,1,2026-06-18 16:43:00,P05,M,1.0,70.0,M0130,cash
cmu,2026061800028,1,2026-06-18 16:46:00,P03,L,1.0,75.0,M0682,qr
cmu,2026061800028,2,2026-06-18 16:46:00,P14,,1.0,85.0,M0682,qr
cmu,2026061800029,1,2026-06-18 16:58:00,P13,,1.0,50.0,M0639,cash
cmu,2026061800030,1,2026-06-18 17:08:00,P07,M,1.0,55.0,,qr
cmu,2026061800030,2,2026-06-18 17:08:00,P13,,1.0,50.0,,qr
cmu,2026061800031,1,2026-06-18 17:33:00,P03,M,1.0,65.0,M0006,qr
cmu,2026061800032,1,2026-06-18 17:45:00,P15,,1.0,75.0,M0069,cash
cmu,2026061800033,1,2026-06-18 18:06:00,P10,M,1.0,60.0,M0788,qr
cmu,2026061800034,1,2026-06-18 18:15:00,P09,M,2.0,50.0,M0276,cash
cmu,2026061800035,1,2026-06-18 19:12:00,P08,M,1.0,70.0,M0528,cash
cmu,2026061900001,1,2026-06-19 07:18:00,P02,M,1.0,55.0,M0224,qr
cmu,2026061900002,1,2026-06-19 07:39:00,P12,,1.0,55.0,M0540,cash
cmu,2026061900003,1,2026-06-19 08:09:00,P02,M,1.0,55.0,M0297,qr
cmu,2026061900003,2,2026-06-19 08:09:00,P12,,1.0,55.0,M0297,qr
cmu,2026061900004,1,2026-06-19 08:11:00,P01,S,1.0,45.0,M0736,cash
cmu,2026061900005,1,2026-06-19 08:43:00,P09,M,2.0,50.0,,cash
cmu,2026061900006,1,2026-06-19 08:48:00,P11,M,1.0,60.0,M0403,cash
cmu,2026061900007,1,2026-06-19 08:49:00,P04,S,1.0,55.0,,qr
cmu,2026061900008,1,2026-06-19 08:58:00,P08,M,1.0,70.0,M0652,qr
cmu,2026061900009,1,2026-06-19 09:22:00,P10,L,2.0,70.0,,qr
cmu,2026061900010,1,2026-06-19 09:24:00,P02,S,1.0,45.0,,cash
cmu,2026061900010,2,2026-06-19 09:24:00,P12,,1.0,55.0,,cash
cmu,2026061900011,1,2026-06-19 09:40:00,P12,,1.0,55.0,M0661,qr
cmu,2026061900012,1,2026-06-19 10:57:00,P08,S,1.0,60.0,M0509,qr
cmu,2026061900012,2,2026-06-19 10:57:00,P12,,1.0,55.0,M0509,qr
cmu,2026061900013,1,2026-06-19 10:57:00,P04,M,1.0,65.0,M0239,qr
cmu,2026061900014,1,2026-06-19 11:32:00,P06,S,1.0,65.0,,qr
cmu,2026061900015,1,2026-06-19 11:39:00,P04,M,1.0,65.0,,qr
cmu,2026061900016,1,2026-06-19 11:51:00,P04,M,1.0,65.0,M0485,cash
cmu,2026061900017,1,2026-06-19 12:34:00,P10,S,1.0,50.0,,qr
cmu,2026061900018,1,2026-06-19 12:47:00,P11,M,1.0,60.0,M0396,qr
cmu,2026061900018,2,2026-06-19 12:47:00,P15,,1.0,75.0,M0396,qr
cmu,2026061900018,3,2026-06-19 12:47:00,P14,,1.0,85.0,M0396,qr
cmu,2026061900019,1,2026-06-19 13:15:00,P09,S,1.0,40.0,M0126,cash
cmu,2026061900020,1,2026-06-19 13:28:00,P09,L,1.0,60.0,,card
cmu,2026061900021,1,2026-06-19 13:34:00,P04,L,1.0,75.0,M0218,qr
cmu,2026061900022,1,2026-06-19 14:32:00,P05,M,1.0,70.0,M0070,qr
cmu,2026061900023,1,2026-06-19 14:35:00,P12,,1.0,55.0,,qr
cmu,2026061900024,1,2026-06-19 14:37:00,P09,S,1.0,40.0,,qr
cmu,2026061900025,1,2026-06-19 15:08:00,P14,,1.0,85.0,,qr
cmu,2026061900026,1,2026-06-19 15:39:00,P13,,1.0,50.0,,cash
cmu,2026061900027,1,2026-06-19 15:40:00,P04,L,1.0,75.0,,cash
cmu,2026061900028,1,2026-06-19 15:52:00,P02,S,1.0,45.0,M0557,qr
cmu,2026061900028,2,2026-06-19 15:52:00,P13,,1.0,50.0,M0557,qr
cmu,2026061900029,1,2026-06-19 16:21:00,P09,L,1.0,60.0,,qr
cmu,2026061900030,1,2026-06-19 17:20:00,P10,M,1.0,60.0,,qr
cmu,2026061900030,2,2026-06-19 17:20:00,P11,S,1.0,50.0,,qr
cmu,2026061900031,1,2026-06-19 18:20:00,P06,M,1.0,75.0,,qr
cmu,2026061900032,1,2026-06-19 19:02:00,P03,M,2.0,65.0,M0750,qr
cmu,2026061900032,2,2026-06-19 19:02:00,P14,,1.0,85.0,M0750,qr
cmu,2026061900032,3,2026-06-19 19:02:00,P11,S,1.0,50.0,M0750,qr
cmu,2026061900033,1,2026-06-19 19:13:00,P03,M,1.0,65.0,,qr
cmu,2026061900033,2,2026-06-19 19:13:00,P14,,1.0,85.0,,qr
cmu,2026061900033,3,2026-06-19 19:13:00,P07,M,1.0,55.0,,qr
cmu,2026061900034,1,2026-06-19 19:31:00,P03,L,1.0,75.0,M0663,cash
cmu,2026061900034,2,2026-06-19 19:31:00,P13,,1.0,50.0,M0663,cash
cmu,2026061900034,3,2026-06-19 19:31:00,P09,L,1.0,60.0,M0663,cash
cmu,2026061900035,1,2026-06-19 19:42:00,P15,,1.0,75.0,,qr
cmu,2026062000001,1,2026-06-20 08:13:00,P01,L,1.0,65.0,M0037,qr
cmu,2026062000001,2,2026-06-20 08:13:00,P14,,1.0,85.0,M0037,qr
cmu,2026062000002,1,2026-06-20 08:22:00,P02,M,1.0,55.0,M0368,qr
cmu,2026062000002,2,2026-06-20 08:22:00,P12,,1.0,55.0,M0368,qr
cmu,2026062000003,1,2026-06-20 09:23:00,P03,L,2.0,75.0,,qr
cmu,2026062000004,1,2026-06-20 13:12:00,P11,M,1.0,60.0,,cash
cmu,2026062000005,1,2026-06-20 15:55:00,P06,L,1.0,85.0,,cash
cmu,2026062000005,2,2026-06-20 15:55:00,P01,M,1.0,55.0,,cash
cmu,2026062000006,1,2026-06-20 16:34:00,P08,S,1.0,60.0,,cash
cmu,2026062000007,1,2026-06-20 18:43:00,P08,M,1.0,70.0,M0505,cash
cmu,2026062000008,1,2026-06-20 18:51:00,P13,,1.0,50.0,,qr
cmu,2026062000009,1,2026-06-20 19:57:00,P11,M,1.0,60.0,,qr
cmu,2026062100001,1,2026-06-21 09:23:00,P04,M,1.0,65.0,,cash
cmu,2026062100002,1,2026-06-21 09:30:00,P03,L,1.0,75.0,M0169,qr
cmu,2026062100003,1,2026-06-21 09:36:00,P05,M,1.0,70.0,,qr
cmu,2026062100004,1,2026-06-21 09:39:00,P04,M,1.0,65.0,,qr
cmu,2026062100005,1,2026-06-21 09:54:00,P08,M,1.0,70.0,,cash
cmu,2026062100006,1,2026-06-21 10:05:00,P12,,2.0,55.0,M0576,qr
cmu,2026062100007,1,2026-06-21 10:26:00,P02,M,1.0,55.0,,qr
cmu,2026062100007,2,2026-06-21 10:26:00,P12,,1.0,55.0,,qr
cmu,2026062100008,1,2026-06-21 10:35:00,P04,M,3.0,65.0,,qr
cmu,2026062100008,2,2026-06-21 10:35:00,P14,,1.0,85.0,,qr
cmu,2026062100009,1,2026-06-21 11:02:00,P02,M,1.0,55.0,,cash
cmu,2026062100009,2,2026-06-21 11:02:00,P12,,1.0,55.0,,cash
cmu,2026062100009,3,2026-06-21 11:02:00,P10,S,1.0,50.0,,cash
cmu,2026062100010,1,2026-06-21 14:44:00,P04,L,1.0,75.0,M0581,qr
cmu,2026062100011,1,2026-06-21 14:45:00,P08,M,2.0,70.0,,qr
cmu,2026062100012,1,2026-06-21 15:03:00,P13,,1.0,50.0,,cash
cmu,2026062100013,1,2026-06-21 16:16:00,P15,,1.0,75.0,M0023,qr
cmu,2026062100013,2,2026-06-21 16:16:00,P06,M,1.0,75.0,M0023,qr
cmu,2026062100014,1,2026-06-21 16:40:00,P15,,1.0,75.0,,qr
cmu,2026062100015,1,2026-06-21 17:04:00,P09,S,1.0,40.0,M0403,qr
cmu,2026062100016,1,2026-06-21 17:37:00,P03,L,1.0,75.0,,qr
cmu,2026062100016,2,2026-06-21 17:37:00,P14,,1.0,85.0,,qr
cmu,2026062200001,1,2026-06-22 07:46:00,P11,L,1.0,70.0,M0568,qr
cmu,2026062200002,1,2026-06-22 08:00:00,P07,S,1.0,45.0,,card
cmu,2026062200003,1,2026-06-22 08:27:00,P06,M,2.0,75.0,,qr
cmu,2026062200004,1,2026-06-22 08:30:00,P07,L,1.0,65.0,,cash
cmu,2026062200005,1,2026-06-22 08:36:00,P01,S,2.0,45.0,,qr
cmu,2026062200006,1,2026-06-22 09:07:00,P05,S,1.0,60.0,M0021,qr
cmu,2026062200007,1,2026-06-22 09:17:00,P03,M,2.0,65.0,M0423,card
cmu,2026062200007,2,2026-06-22 09:17:00,P14,,1.0,85.0,M0423,card
cmu,2026062200007,3,2026-06-22 09:17:00,P05,M,1.0,70.0,M0423,card
cmu,2026062200008,1,2026-06-22 09:27:00,P12,,1.0,55.0,,qr
cmu,2026062200009,1,2026-06-22 09:32:00,P02,M,1.0,55.0,,qr
cmu,2026062200009,2,2026-06-22 09:32:00,P12,,1.0,55.0,,qr
cmu,2026062200010,1,2026-06-22 10:05:00,P12,,1.0,55.0,,qr
cmu,2026062200011,1,2026-06-22 10:09:00,P03,S,1.0,55.0,M0374,cash
cmu,2026062200012,1,2026-06-22 10:21:00,P03,L,1.0,75.0,M0334,qr
cmu,2026062200012,2,2026-06-22 10:21:00,P15,,1.0,75.0,M0334,qr
cmu,2026062200013,1,2026-06-22 10:25:00,P12,,1.0,55.0,M0799,cash
cmu,2026062200013,2,2026-06-22 10:25:00,P15,,1.0,75.0,M0799,cash
cmu,2026062200014,1,2026-06-22 10:28:00,P05,L,1.0,80.0,M0799,qr
cmu,2026062200015,1,2026-06-22 10:46:00,P08,M,1.0,70.0,,cash
cmu,2026062200015,2,2026-06-22 10:46:00,P04,S,1.0,55.0,,cash
cmu,2026062200016,1,2026-06-22 10:57:00,P05,L,1.0,80.0,,qr
cmu,2026062200016,2,2026-06-22 10:57:00,P15,,1.0,75.0,,qr
cmu,2026062200017,1,2026-06-22 11:11:00,P08,M,2.0,70.0,M0799,cash
cmu,2026062200018,1,2026-06-22 11:47:00,P12,,2.0,55.0,M0479,cash
cmu,2026062200019,1,2026-06-22 12:29:00,P07,L,1.0,65.0,,qr
cmu,2026062200019,2,2026-06-22 12:29:00,P15,,1.0,75.0,,qr
cmu,2026062200019,3,2026-06-22 12:29:00,P09,M,1.0,50.0,,qr
cmu,2026062200020,1,2026-06-22 12:31:00,P10,M,1.0,60.0,M0773,qr
cmu,2026062200021,1,2026-06-22 13:47:00,P01,L,1.0,65.0,M0028,qr
cmu,2026062200021,2,2026-06-22 13:47:00,P15,,1.0,75.0,M0028,qr
cmu,2026062200022,1,2026-06-22 13:50:00,P10,S,1.0,50.0,,cash
cmu,2026062200022,2,2026-06-22 13:50:00,P01,M,1.0,55.0,,cash
cmu,2026062200023,1,2026-06-22 14:04:00,P07,S,1.0,45.0,M0783,qr
cmu,2026062200023,2,2026-06-22 14:04:00,P13,,1.0,50.0,M0783,qr
cmu,2026062200024,1,2026-06-22 16:41:00,P12,,1.0,55.0,,qr
cmu,2026062200025,1,2026-06-22 16:41:00,P14,,1.0,85.0,,qr
cmu,2026062200026,1,2026-06-22 16:53:00,P04,S,1.0,55.0,,qr
cmu,2026062200026,2,2026-06-22 16:53:00,P05,S,1.0,60.0,,qr
cmu,2026062200027,1,2026-06-22 17:28:00,P11,S,2.0,50.0,,qr
cmu,2026062200028,1,2026-06-22 17:30:00,P09,S,1.0,40.0,M0127,qr
cmu,2026062200029,1,2026-06-22 18:52:00,P02,S,3.0,45.0,M0008,card
cmu,2026062200029,2,2026-06-22 18:52:00,P12,,1.0,55.0,M0008,card
cmu,2026062300001,1,2026-06-23 07:42:00,P09,L,2.0,60.0,,qr
cmu,2026062300002,1,2026-06-23 08:09:00,P03,M,1.0,65.0,,cash
cmu,2026062300002,2,2026-06-23 08:09:00,P14,,1.0,85.0,,cash
cmu,2026062300003,1,2026-06-23 08:12:00,P03,S,1.0,55.0,,qr
cmu,2026062300003,2,2026-06-23 08:12:00,P08,M,1.0,70.0,,qr
cmu,2026062300004,1,2026-06-23 09:09:00,P10,S,1.0,50.0,,qr
cmu,2026062300005,1,2026-06-23 09:26:00,P04,S,1.0,55.0,,qr
cmu,2026062300006,1,2026-06-23 09:27:00,P02,L,2.0,65.0,,card
cmu,2026062300006,2,2026-06-23 09:27:00,P12,,1.0,55.0,,card
cmu,2026062300007,1,2026-06-23 09:29:00,P12,,1.0,55.0,,qr
cmu,2026062300008,1,2026-06-23 10:07:00,P09,M,1.0,50.0,M0220,qr
cmu,2026062300009,1,2026-06-23 10:59:00,P03,S,1.0,55.0,,cash
cmu,2026062300009,2,2026-06-23 10:59:00,P14,,1.0,85.0,,cash
cmu,2026062300010,1,2026-06-23 11:46:00,P06,M,1.0,75.0,M0645,qr
cmu,2026062300011,1,2026-06-23 12:22:00,P15,,1.0,75.0,,qr
cmu,2026062300012,1,2026-06-23 14:05:00,P09,M,1.0,50.0,,cash
cmu,2026062300013,1,2026-06-23 14:07:00,P06,M,1.0,75.0,M0788,cash
cmu,2026062300014,1,2026-06-23 14:13:00,P10,S,1.0,50.0,,qr
cmu,2026062300015,1,2026-06-23 14:41:00,P06,S,1.0,65.0,M0487,qr
cmu,2026062300016,1,2026-06-23 14:41:00,P08,L,1.0,80.0,M0290,cash
cmu,2026062300016,2,2026-06-23 14:41:00,P03,L,1.0,75.0,M0290,cash
cmu,2026062300017,1,2026-06-23 15:20:00,P03,M,1.0,65.0,,qr
cmu,2026062300018,1,2026-06-23 16:45:00,P05,M,2.0,70.0,M0186,qr
cmu,2026062300018,2,2026-06-23 16:45:00,P14,,1.0,85.0,M0186,qr
cmu,2026062300019,1,2026-06-23 17:14:00,P11,M,1.0,60.0,,card
cmu,2026062300020,1,2026-06-23 17:47:00,P08,M,1.0,70.0,M0506,cash
cmu,2026062300021,1,2026-06-23 18:13:00,P06,S,2.0,65.0,,qr
cmu,2026062300022,1,2026-06-23 18:41:00,P09,L,1.0,60.0,M0254,qr
cmu,2026062400001,1,2026-06-24 07:23:00,P07,M,2.0,55.0,M0005,card
cmu,2026062400001,2,2026-06-24 07:23:00,P13,,1.0,50.0,M0005,card
cmu,2026062400001,3,2026-06-24 07:23:00,P02,S,1.0,45.0,M0005,card
cmu,2026062400002,1,2026-06-24 08:06:00,P07,M,2.0,55.0,,qr
cmu,2026062400003,1,2026-06-24 08:09:00,P04,M,1.0,65.0,M0008,qr
cmu,2026062400004,1,2026-06-24 08:18:00,P02,L,1.0,65.0,M0147,qr
cmu,2026062400004,2,2026-06-24 08:18:00,P12,,1.0,55.0,M0147,qr
cmu,2026062400005,1,2026-06-24 08:38:00,P06,M,1.0,75.0,M0738,qr
cmu,2026062400006,1,2026-06-24 08:53:00,P02,L,1.0,65.0,M0261,qr
cmu,2026062400006,2,2026-06-24 08:53:00,P12,,1.0,55.0,M0261,qr
cmu,2026062400007,1,2026-06-24 08:57:00,P06,S,1.0,65.0,M0586,qr
cmu,2026062400008,1,2026-06-24 09:18:00,P15,,1.0,75.0,,qr
cmu,2026062400009,1,2026-06-24 09:27:00,P04,S,1.0,55.0,M0677,qr
cmu,2026062400010,1,2026-06-24 09:37:00,P04,L,2.0,75.0,M0594,qr
cmu,2026062400011,1,2026-06-24 09:51:00,P04,M,1.0,65.0,,cash
cmu,2026062400012,1,2026-06-24 11:08:00,P05,L,1.0,80.0,,qr
cmu,2026062400012,2,2026-06-24 11:08:00,P12,,1.0,55.0,,qr
cmu,2026062400013,1,2026-06-24 11:14:00,P03,M,1.0,65.0,M0678,cash
cmu,2026062400013,2,2026-06-24 11:14:00,P14,,1.0,85.0,M0678,cash
cmu,2026062400014,1,2026-06-24 11:42:00,P10,S,1.0,50.0,,card
cmu,2026062400015,1,2026-06-24 12:03:00,P09,M,1.0,50.0,M0539,qr
cmu,2026062400016,1,2026-06-24 12:19:00,P08,S,2.0,60.0,,qr
cmu,2026062400016,2,2026-06-24 12:19:00,P07,S,1.0,45.0,,qr
cmu,2026062400017,1,2026-06-24 13:11:00,P02,L,1.0,65.0,,qr
cmu,2026062400017,2,2026-06-24 13:11:00,P12,,1.0,55.0,,qr
cmu,2026062400017,3,2026-06-24 13:11:00,P08,M,1.0,70.0,,qr
cmu,2026062400018,1,2026-06-24 13:22:00,P03,S,1.0,55.0,,qr
cmu,2026062400018,2,2026-06-24 13:22:00,P14,,1.0,85.0,,qr
cmu,2026062400019,1,2026-06-24 14:14:00,P02,M,1.0,55.0,M0555,qr
cmu,2026062400020,1,2026-06-24 14:34:00,P12,,1.0,55.0,,qr
cmu,2026062400021,1,2026-06-24 14:39:00,P04,L,1.0,75.0,M0528,qr
cmu,2026062400022,1,2026-06-24 14:46:00,P15,,1.0,75.0,M0487,qr
cmu,2026062400023,1,2026-06-24 15:00:00,P15,,1.0,75.0,,qr
cmu,2026062400024,1,2026-06-24 15:34:00,P01,L,1.0,65.0,M0757,card
cmu,2026062400024,2,2026-06-24 15:34:00,P15,,1.0,75.0,M0757,card
cmu,2026062400025,1,2026-06-24 15:35:00,P09,S,1.0,40.0,,qr
cmu,2026062400026,1,2026-06-24 15:43:00,P07,S,2.0,45.0,,qr
cmu,2026062400026,2,2026-06-24 15:43:00,P13,,1.0,50.0,,qr
cmu,2026062400027,1,2026-06-24 17:19:00,P08,M,1.0,70.0,M0142,cash
cmu,2026062400028,1,2026-06-24 17:26:00,P08,S,1.0,60.0,M0373,cash
cmu,2026062400029,1,2026-06-24 17:27:00,P07,S,1.0,45.0,M0069,qr
cmu,2026062400029,2,2026-06-24 17:27:00,P13,,1.0,50.0,M0069,qr
cmu,2026062400030,1,2026-06-24 17:37:00,P12,,1.0,55.0,M0400,cash
cmu,2026062400031,1,2026-06-24 19:30:00,P10,S,1.0,50.0,,qr
cmu,2026062500001,1,2026-06-25 07:22:00,P01,M,1.0,55.0,M0177,card
cmu,2026062500002,1,2026-06-25 07:46:00,P02,M,1.0,55.0,M0724,qr
cmu,2026062500003,1,2026-06-25 08:05:00,P08,L,1.0,80.0,,qr
cmu,2026062500003,2,2026-06-25 08:05:00,P03,M,1.0,65.0,,qr
cmu,2026062500004,1,2026-06-25 08:11:00,P08,M,1.0,70.0,,qr
cmu,2026062500005,1,2026-06-25 08:15:00,P02,M,1.0,55.0,,cash
cmu,2026062500005,2,2026-06-25 08:15:00,P12,,1.0,55.0,,cash
cmu,2026062500006,1,2026-06-25 09:00:00,P09,L,1.0,60.0,,qr
cmu,2026062500006,2,2026-06-25 09:00:00,P01,L,1.0,65.0,,qr
cmu,2026062500007,1,2026-06-25 09:07:00,P04,M,1.0,65.0,,cash
cmu,2026062500008,1,2026-06-25 09:18:00,P02,M,1.0,55.0,M0374,cash
cmu,2026062500009,1,2026-06-25 09:25:00,P03,L,1.0,75.0,M0365,qr
cmu,2026062500010,1,2026-06-25 09:35:00,P05,M,1.0,70.0,M0682,qr
cmu,2026062500011,1,2026-06-25 09:52:00,P03,M,2.0,65.0,,qr
cmu,2026062500012,1,2026-06-25 10:29:00,P03,S,1.0,55.0,M0404,cash
cmu,2026062500012,2,2026-06-25 10:29:00,P14,,1.0,85.0,M0404,cash
cmu,2026062500013,1,2026-06-25 11:05:00,P08,L,1.0,80.0,M0550,qr
cmu,2026062500014,1,2026-06-25 11:12:00,P04,S,1.0,55.0,,card
cmu,2026062500015,1,2026-06-25 11:16:00,P03,S,1.0,55.0,M0170,qr
cmu,2026062500016,1,2026-06-25 11:57:00,P05,M,1.0,70.0,,qr
cmu,2026062500017,1,2026-06-25 12:02:00,P01,S,1.0,45.0,,cash
cmu,2026062500017,2,2026-06-25 12:02:00,P15,,1.0,75.0,,cash
cmu,2026062500018,1,2026-06-25 12:22:00,P10,M,1.0,60.0,M0298,qr
cmu,2026062500019,1,2026-06-25 13:24:00,P02,L,1.0,65.0,,cash
cmu,2026062500019,2,2026-06-25 13:24:00,P12,,1.0,55.0,,cash
cmu,2026062500020,1,2026-06-25 14:28:00,P09,L,1.0,60.0,,qr
cmu,2026062500021,1,2026-06-25 14:38:00,P07,M,2.0,55.0,M0210,qr
cmu,2026062500021,2,2026-06-25 14:38:00,P13,,1.0,50.0,M0210,qr
cmu,2026062500022,1,2026-06-25 15:00:00,P01,M,1.0,55.0,M0346,cash
cmu,2026062500023,1,2026-06-25 15:09:00,P06,M,1.0,75.0,,cash
cmu,2026062500023,2,2026-06-25 15:09:00,P15,,1.0,75.0,,cash
cmu,2026062500024,1,2026-06-25 15:26:00,P03,S,1.0,55.0,M0267,qr
cmu,2026062500025,1,2026-06-25 15:33:00,P06,M,1.0,75.0,,qr
cmu,2026062500026,1,2026-06-25 15:52:00,P03,S,1.0,55.0,,qr
cmu,2026062500026,2,2026-06-25 15:52:00,P14,,1.0,85.0,,qr
cmu,2026062500027,1,2026-06-25 15:55:00,P09,S,1.0,40.0,M0220,qr
cmu,2026062500028,1,2026-06-25 17:12:00,P09,M,1.0,50.0,M0061,cash
cmu,2026062500028,2,2026-06-25 17:12:00,P13,,1.0,50.0,M0061,cash
cmu,2026062500029,1,2026-06-25 17:29:00,P07,S,1.0,45.0,,qr
cmu,2026062500030,1,2026-06-25 17:53:00,P07,M,2.0,55.0,,qr
cmu,2026062500031,1,2026-06-25 18:13:00,P07,S,1.0,45.0,,qr
cmu,2026062500032,1,2026-06-25 19:42:00,P10,M,1.0,60.0,M0678,qr
cmu,2026062500032,2,2026-06-25 19:42:00,P12,,1.0,55.0,M0678,qr
cmu,2026062600001,1,2026-06-26 07:15:00,P02,M,1.0,55.0,,qr
cmu,2026062600002,1,2026-06-26 07:24:00,P06,L,1.0,85.0,,card
cmu,2026062600003,1,2026-06-26 08:16:00,P04,M,1.0,65.0,M0139,cash
cmu,2026062600004,1,2026-06-26 08:18:00,P02,M,1.0,55.0,,card
cmu,2026062600005,1,2026-06-26 09:12:00,P01,M,1.0,55.0,M0555,cash
cmu,2026062600006,1,2026-06-26 09:32:00,P06,S,1.0,65.0,,qr
cmu,2026062600007,1,2026-06-26 09:43:00,P07,M,1.0,55.0,M0391,qr
cmu,2026062600007,2,2026-06-26 09:43:00,P04,M,1.0,65.0,M0391,qr
cmu,2026062600008,1,2026-06-26 10:34:00,P04,L,1.0,75.0,M0175,cash
cmu,2026062600009,1,2026-06-26 10:43:00,P01,S,2.0,45.0,M0578,qr
cmu,2026062600009,2,2026-06-26 10:43:00,P15,,1.0,75.0,M0578,qr
cmu,2026062600010,1,2026-06-26 10:56:00,P02,M,1.0,55.0,,cash
cmu,2026062600011,1,2026-06-26 10:58:00,P13,,1.0,50.0,M0083,qr
cmu,2026062600012,1,2026-06-26 11:37:00,P03,L,1.0,75.0,,qr
cmu,2026062600012,2,2026-06-26 11:37:00,P14,,1.0,85.0,,qr
cmu,2026062600013,1,2026-06-26 11:45:00,P06,M,1.0,75.0,M0038,cash
cmu,2026062600014,1,2026-06-26 12:24:00,P12,,1.0,55.0,M0125,cash
cmu,2026062600015,1,2026-06-26 13:26:00,P13,,1.0,50.0,,qr
cmu,2026062600016,1,2026-06-26 13:30:00,P12,,2.0,55.0,M0664,cash
cmu,2026062600017,1,2026-06-26 13:31:00,P01,M,2.0,55.0,,qr
cmu,2026062600017,2,2026-06-26 13:31:00,P15,,1.0,75.0,,qr
cmu,2026062600018,1,2026-06-26 13:59:00,P06,L,1.0,85.0,M0530,cash
cmu,2026062600019,1,2026-06-26 14:22:00,P13,,1.0,50.0,,qr
cmu,2026062600020,1,2026-06-26 15:31:00,P13,,1.0,50.0,,qr
cmu,2026062600021,1,2026-06-26 15:48:00,P10,M,1.0,60.0,M0766,qr
cmu,2026062600022,1,2026-06-26 16:36:00,P12,,1.0,55.0,,qr
cmu,2026062600023,1,2026-06-26 18:47:00,P09,M,1.0,50.0,,qr
cmu,2026062700001,1,2026-06-27 08:29:00,P15,,1.0,75.0,M0216,qr
cmu,2026062700001,2,2026-06-27 08:29:00,P03,L,1.0,75.0,M0216,qr
cmu,2026062700002,1,2026-06-27 08:50:00,P11,L,2.0,70.0,M0586,qr
cmu,2026062700003,1,2026-06-27 09:01:00,P01,L,1.0,65.0,,cash
cmu,2026062700004,1,2026-06-27 09:30:00,P06,M,1.0,75.0,,qr
cmu,2026062700004,2,2026-06-27 09:30:00,P01,S,1.0,45.0,,qr
cmu,2026062700005,1,2026-06-27 10:22:00,P05,S,1.0,60.0,,cash
cmu,2026062700006,1,2026-06-27 13:28:00,P03,L,3.0,75.0,M0347,cash
cmu,2026062700006,2,2026-06-27 13:28:00,P14,,1.0,85.0,M0347,cash
cmu,2026062700006,3,2026-06-27 13:28:00,P07,L,1.0,65.0,M0347,cash
cmu,2026062700007,1,2026-06-27 13:51:00,P02,M,1.0,55.0,,qr
cmu,2026062700007,2,2026-06-27 13:51:00,P12,,1.0,55.0,,qr
cmu,2026062700008,1,2026-06-27 16:44:00,P07,L,3.0,65.0,,qr
cmu,2026062800001,1,2026-06-28 07:33:00,P08,L,1.0,80.0,M0098,cash
cmu,2026062800001,2,2026-06-28 07:33:00,P03,M,1.0,65.0,M0098,cash
cmu,2026062800002,1,2026-06-28 09:25:00,P08,M,1.0,70.0,,qr
cmu,2026062800003,1,2026-06-28 09:46:00,P03,S,1.0,55.0,,cash
cmu,2026062800003,2,2026-06-28 09:46:00,P14,,1.0,85.0,,cash
cmu,2026062800004,1,2026-06-28 09:49:00,P14,,1.0,85.0,M0174,cash
cmu,2026062800005,1,2026-06-28 09:59:00,P15,,1.0,75.0,M0529,cash
cmu,2026062800006,1,2026-06-28 10:11:00,P09,M,1.0,50.0,M0284,qr
cmu,2026062800006,2,2026-06-28 10:11:00,P13,,1.0,50.0,M0284,qr
cmu,2026062800007,1,2026-06-28 10:16:00,P04,S,1.0,55.0,M0240,cash
cmu,2026062800008,1,2026-06-28 10:19:00,P03,S,1.0,55.0,M0410,qr
cmu,2026062800008,2,2026-06-28 10:19:00,P08,M,1.0,70.0,M0410,qr
cmu,2026062800009,1,2026-06-28 10:30:00,P12,,1.0,55.0,M0141,card
cmu,2026062800009,2,2026-06-28 10:30:00,P01,L,1.0,65.0,M0141,card
cmu,2026062800010,1,2026-06-28 13:04:00,P12,,1.0,55.0,M0332,qr
cmu,2026062800011,1,2026-06-28 13:44:00,P01,M,1.0,55.0,,qr
cmu,2026062800011,2,2026-06-28 13:44:00,P13,,1.0,50.0,,qr
cmu,2026062800012,1,2026-06-28 16:31:00,P08,M,1.0,70.0,M0658,qr
cmu,2026062800013,1,2026-06-28 17:50:00,P07,M,1.0,55.0,,qr
cmu,2026062800013,2,2026-06-28 17:50:00,P13,,1.0,50.0,,qr
cmu,2026062800014,1,2026-06-28 19:33:00,P12,,1.0,55.0,,cash
cmu,2026062900001,1,2026-06-29 07:56:00,P02,M,1.0,55.0,,cash
cmu,2026062900001,2,2026-06-29 07:56:00,P12,,1.0,55.0,,cash
cmu,2026062900002,1,2026-06-29 08:26:00,P14,,1.0,85.0,,qr
cmu,2026062900003,1,2026-06-29 08:29:00,P13,,2.0,50.0,M0177,qr
cmu,2026062900004,1,2026-06-29 08:41:00,P10,M,1.0,60.0,,qr
cmu,2026062900005,1,2026-06-29 08:49:00,P02,S,1.0,45.0,M0769,cash
cmu,2026062900006,1,2026-06-29 09:05:00,P13,,3.0,50.0,M0446,qr
cmu,2026062900007,1,2026-06-29 09:44:00,P02,M,1.0,55.0,,qr
cmu,2026062900007,2,2026-06-29 09:44:00,P06,M,1.0,75.0,,qr
cmu,2026062900008,1,2026-06-29 10:26:00,P03,M,1.0,65.0,,qr
cmu,2026062900008,2,2026-06-29 10:26:00,P14,,1.0,85.0,,qr
cmu,2026062900009,1,2026-06-29 11:58:00,P07,L,1.0,65.0,,cash
cmu,2026062900010,1,2026-06-29 12:24:00,P03,L,1.0,75.0,M0769,cash
cmu,2026062900010,2,2026-06-29 12:24:00,P14,,1.0,85.0,M0769,cash
cmu,2026062900011,1,2026-06-29 13:38:00,P03,S,1.0,55.0,M0622,cash
cmu,2026062900011,2,2026-06-29 13:38:00,P14,,1.0,85.0,M0622,cash
cmu,2026062900012,1,2026-06-29 15:14:00,P13,,2.0,50.0,,qr
cmu,2026062900013,1,2026-06-29 15:17:00,P02,L,2.0,65.0,M0461,cash
cmu,2026062900013,2,2026-06-29 15:17:00,P12,,1.0,55.0,M0461,cash
cmu,2026062900013,3,2026-06-29 15:17:00,P10,L,1.0,70.0,M0461,cash
cmu,2026062900014,1,2026-06-29 15:35:00,P02,S,1.0,45.0,M0555,qr
cmu,2026062900015,1,2026-06-29 16:14:00,P07,S,1.0,45.0,M0594,cash
cmu,2026062900015,2,2026-06-29 16:14:00,P13,,1.0,50.0,M0594,cash
cmu,2026062900016,1,2026-06-29 16:36:00,P08,S,1.0,60.0,M0148,qr
cmu,2026062900017,1,2026-06-29 17:05:00,P08,M,1.0,70.0,,qr
cmu,2026062900018,1,2026-06-29 19:00:00,P08,L,1.0,80.0,M0384,qr
cmu,2026062900019,1,2026-06-29 19:45:00,P10,L,1.0,70.0,,qr
cmu,2026063000001,1,2026-06-30 07:17:00,P04,M,1.0,65.0,,card
cmu,2026063000002,1,2026-06-30 08:33:00,P02,M,2.0,55.0,M0626,qr
cmu,2026063000002,2,2026-06-30 08:33:00,P12,,1.0,55.0,M0626,qr
cmu,2026063000003,1,2026-06-30 08:47:00,P02,M,1.0,55.0,,qr
cmu,2026063000003,2,2026-06-30 08:47:00,P12,,1.0,55.0,,qr
cmu,2026063000004,1,2026-06-30 09:00:00,P03,M,1.0,65.0,M0086,cash
cmu,2026063000005,1,2026-06-30 09:03:00,P08,M,1.0,70.0,M0346,qr
cmu,2026063000006,1,2026-06-30 09:03:00,P02,M,1.0,55.0,M0599,qr
cmu,2026063000006,2,2026-06-30 09:03:00,P12,,1.0,55.0,M0599,qr
cmu,2026063000006,3,2026-06-30 09:03:00,P03,S,1.0,55.0,M0599,qr
cmu,2026063000007,1,2026-06-30 09:04:00,P13,,1.0,50.0,,cash
cmu,2026063000007,2,2026-06-30 09:04:00,P04,M,1.0,65.0,,cash
cmu,2026063000008,1,2026-06-30 09:51:00,P04,M,1.0,65.0,,cash
cmu,2026063000008,2,2026-06-30 09:51:00,P12,,1.0,55.0,,cash
cmu,2026063000009,1,2026-06-30 11:31:00,P13,,2.0,50.0,M0599,cash
cmu,2026063000010,1,2026-06-30 12:12:00,P02,S,1.0,45.0,,qr
cmu,2026063000010,2,2026-06-30 12:12:00,P12,,1.0,55.0,,qr
cmu,2026063000011,1,2026-06-30 12:16:00,P03,S,2.0,55.0,,cash
cmu,2026063000012,1,2026-06-30 14:19:00,P08,L,3.0,80.0,,qr
cmu,2026063000013,1,2026-06-30 14:48:00,P12,,3.0,55.0,,qr
cmu,2026063000014,1,2026-06-30 15:15:00,P07,L,1.0,65.0,M0175,qr
cmu,2026063000015,1,2026-06-30 15:16:00,P07,M,1.0,55.0,,qr
cmu,2026063000016,1,2026-06-30 15:21:00,P06,L,1.0,85.0,M0763,qr
cmu,2026063000017,1,2026-06-30 15:26:00,P11,L,1.0,70.0,M0245,cash
cmu,2026063000018,1,2026-06-30 15:54:00,P03,L,1.0,75.0,M0583,qr
cmu,2026063000019,1,2026-06-30 16:43:00,P03,S,1.0,55.0,M0670,qr
cmu,2026063000020,1,2026-06-30 17:00:00,P04,M,2.0,65.0,,qr
cmu,2026063000021,1,2026-06-30 17:38:00,P08,L,1.0,80.0,,cash
cmu,2026063000022,1,2026-06-30 18:50:00,P03,L,1.0,75.0,,qr
cmu,2026063000022,2,2026-06-30 18:50:00,P11,S,1.0,50.0,,qr
nimman,NM-000001,1,2026-01-01 07:06:00,P07,M,1.0,55.0,,qr
nimman,NM-000001,2,2026-01-01 07:06:00,P13,,1.0,50.0,,qr
nimman,NM-000002,1,2026-01-01 07:10:00,P12,,2.0,55.0,,card
nimman,NM-000003,1,2026-01-01 07:11:00,P01,M,1.0,55.0,,qr
nimman,NM-000004,1,2026-01-01 08:03:00,P06,S,1.0,65.0,,card
nimman,NM-000005,1,2026-01-01 08:06:00,P03,M,1.0,65.0,M0009,qr
nimman,NM-000006,1,2026-01-01 08:17:00,P09,S,2.0,40.0,M0205,qr
nimman,NM-000007,1,2026-01-01 08:26:00,P01,L,2.0,65.0,M0319,qr
nimman,NM-000007,2,2026-01-01 08:26:00,P15,,1.0,75.0,M0319,qr
nimman,NM-000007,3,2026-01-01 08:26:00,P02,L,1.0,65.0,M0319,qr
nimman,NM-000008,1,2026-01-01 08:29:00,P05,L,2.0,80.0,,qr
nimman,NM-000009,1,2026-01-01 08:33:00,P14,,1.0,85.0,,card
nimman,NM-000010,1,2026-01-01 09:04:00,P04,M,1.0,65.0,,card
nimman,NM-000011,1,2026-01-01 09:28:00,P02,M,2.0,55.0,M0052,qr
nimman,NM-000011,2,2026-01-01 09:28:00,P12,,1.0,55.0,M0052,qr
nimman,NM-000012,1,2026-01-01 09:28:00,P04,M,3.0,65.0,,qr
nimman,NM-000012,2,2026-01-01 09:28:00,P01,L,1.0,65.0,,qr
nimman,NM-000013,1,2026-01-01 09:37:00,P02,M,1.0,55.0,,qr
nimman,NM-000013,2,2026-01-01 09:37:00,P12,,1.0,55.0,,qr
nimman,NM-000014,1,2026-01-01 09:38:00,P12,,1.0,55.0,M0731,qr
nimman,NM-000015,1,2026-01-01 09:38:00,P13,,1.0,50.0,,qr
nimman,NM-000016,1,2026-01-01 09:44:00,P02,L,1.0,65.0,M0765,card
nimman,NM-000016,2,2026-01-01 09:44:00,P09,M,1.0,50.0,M0765,card
nimman,NM-000017,1,2026-01-01 09:55:00,P05,S,3.0,60.0,M0623,qr
nimman,NM-000017,2,2026-01-01 09:55:00,P09,M,1.0,50.0,M0623,qr
nimman,NM-000018,1,2026-01-01 10:55:00,P01,M,1.0,55.0,M0692,qr
nimman,NM-000018,2,2026-01-01 10:55:00,P15,,1.0,75.0,M0692,qr
nimman,NM-000019,1,2026-01-01 10:59:00,P03,M,1.0,65.0,M0171,qr
nimman,NM-000019,2,2026-01-01 10:59:00,P14,,1.0,85.0,M0171,qr
nimman,NM-000020,1,2026-01-01 11:16:00,P07,M,1.0,55.0,M0317,qr
nimman,NM-000021,1,2026-01-01 11:26:00,P02,S,1.0,45.0,M0206,qr
nimman,NM-000022,1,2026-01-01 12:06:00,P10,M,2.0,60.0,,qr
nimman,NM-000022,2,2026-01-01 12:06:00,P12,,1.0,55.0,,qr
nimman,NM-000022,3,2026-01-01 12:06:00,P09,M,1.0,50.0,,qr
nimman,NM-000023,1,2026-01-01 13:20:00,P13,,1.0,50.0,M0491,card
nimman,NM-000024,1,2026-01-01 13:40:00,P08,M,1.0,70.0,,qr
nimman,NM-000025,1,2026-01-01 13:56:00,P01,M,2.0,55.0,,qr
nimman,NM-000025,2,2026-01-01 13:56:00,P12,,1.0,55.0,,qr
nimman,NM-000026,1,2026-01-01 14:30:00,P04,L,1.0,75.0,M0776,card
nimman,NM-000027,1,2026-01-01 14:50:00,P02,M,1.0,55.0,,cash
nimman,NM-000027,2,2026-01-01 14:50:00,P15,,1.0,75.0,,cash
nimman,NM-000028,1,2026-01-01 15:59:00,P03,M,3.0,65.0,,qr
nimman,NM-000028,2,2026-01-01 15:59:00,P10,M,1.0,60.0,,qr
nimman,NM-000029,1,2026-01-01 16:03:00,P02,M,1.0,55.0,,qr
nimman,NM-000029,2,2026-01-01 16:03:00,P12,,1.0,55.0,,qr
nimman,NM-000030,1,2026-01-01 16:13:00,P12,,1.0,55.0,,card
nimman,NM-000031,1,2026-01-01 16:58:00,P10,S,1.0,50.0,M0205,qr
nimman,NM-000031,2,2026-01-01 16:58:00,P07,M,1.0,55.0,M0205,qr
nimman,NM-000032,1,2026-01-01 17:19:00,P02,M,1.0,55.0,M0777,card
nimman,NM-000032,2,2026-01-01 17:19:00,P15,,1.0,75.0,M0777,card
nimman,NM-000033,1,2026-01-01 17:35:00,P11,S,1.0,50.0,M0679,qr
nimman,NM-000034,1,2026-01-01 17:46:00,P12,,2.0,55.0,,qr
nimman,NM-000035,1,2026-01-01 17:49:00,P09,M,1.0,50.0,,qr
nimman,NM-000036,1,2026-01-01 18:13:00,P10,M,1.0,60.0,M0681,qr
nimman,NM-000037,1,2026-01-01 19:22:00,P08,L,1.0,80.0,,qr
nimman,NM-000038,1,2026-01-01 19:36:00,P09,L,3.0,60.0,,qr
nimman,NM-000038,2,2026-01-01 19:36:00,P11,L,1.0,70.0,,qr
nimman,NM-000039,1,2026-01-01 19:46:00,P06,M,1.0,75.0,,card
nimman,NM-000040,1,2026-01-02 07:02:00,P02,L,1.0,65.0,,card
nimman,NM-000040,2,2026-01-02 07:02:00,P12,,1.0,55.0,,card
nimman,NM-000041,1,2026-01-02 07:09:00,P03,M,1.0,65.0,,cash
nimman,NM-000041,2,2026-01-02 07:09:00,P02,S,1.0,45.0,,cash
nimman,NM-000042,1,2026-01-02 07:55:00,P03,M,1.0,65.0,,cash
nimman,NM-000042,2,2026-01-02 07:55:00,P14,,1.0,85.0,,cash
nimman,NM-000043,1,2026-01-02 08:08:00,P03,M,1.0,65.0,M0623,card
nimman,NM-000044,1,2026-01-02 08:19:00,P02,S,1.0,45.0,M0275,cash
nimman,NM-000045,1,2026-01-02 08:21:00,P05,M,2.0,70.0,,qr
nimman,NM-000046,1,2026-01-02 08:48:00,P08,M,1.0,70.0,M0214,card
nimman,NM-000047,1,2026-01-02 09:09:00,P08,M,1.0,70.0,,cash
nimman,NM-000047,2,2026-01-02 09:09:00,P12,,1.0,55.0,,cash
nimman,NM-000048,1,2026-01-02 10:07:00,P02,S,2.0,45.0,M0060,qr
nimman,NM-000049,1,2026-01-02 10:12:00,P04,S,1.0,55.0,,card
nimman,NM-000050,1,2026-01-02 10:32:00,P02,M,1.0,55.0,,cash
nimman,NM-000050,2,2026-01-02 10:32:00,P12,,1.0,55.0,,cash
nimman,NM-000051,1,2026-01-02 12:35:00,P10,M,1.0,60.0,,cash
nimman,NM-000052,1,2026-01-02 13:23:00,P03,S,1.0,55.0,,card
nimman,NM-000052,2,2026-01-02 13:23:00,P14,,1.0,85.0,,card
nimman,NM-000053,1,2026-01-02 13:28:00,P07,M,1.0,55.0,M0366,card
nimman,NM-000053,2,2026-01-02 13:28:00,P13,,1.0,50.0,M0366,card
nimman,NM-000053,3,2026-01-02 13:28:00,P05,M,1.0,70.0,M0366,card
nimman,NM-000054,1,2026-01-02 14:22:00,P04,M,1.0,65.0,,qr
nimman,NM-000055,1,2026-01-02 14:29:00,P07,M,1.0,55.0,M0602,qr
nimman,NM-000056,1,2026-01-02 14:38:00,P01,M,2.0,55.0,,qr
nimman,NM-000056,2,2026-01-02 14:38:00,P15,,1.0,75.0,,qr
nimman,NM-000057,1,2026-01-02 14:46:00,P03,S,1.0,55.0,M0398,cash
nimman,NM-000057,2,2026-01-02 14:46:00,P09,L,1.0,60.0,M0398,cash
nimman,NM-000058,1,2026-01-02 14:55:00,P09,M,2.0,50.0,M0268,qr
nimman,NM-000058,2,2026-01-02 14:55:00,P12,,1.0,55.0,M0268,qr
nimman,NM-000059,1,2026-01-02 15:08:00,P09,M,2.0,50.0,M0190,qr
nimman,NM-000060,1,2026-01-02 15:13:00,P09,S,1.0,40.0,M0504,qr
nimman,NM-000061,1,2026-01-02 15:27:00,P10,S,1.0,50.0,M0326,qr
nimman,NM-000062,1,2026-01-02 15:43:00,P03,M,1.0,65.0,,cash
nimman,NM-000063,1,2026-01-02 16:17:00,P10,M,2.0,60.0,M0375,cash
nimman,NM-000064,1,2026-01-02 17:59:00,P14,,3.0,85.0,M0659,qr
nimman,NM-000065,1,2026-01-02 18:53:00,P03,S,1.0,55.0,,cash
nimman,NM-000065,2,2026-01-02 18:53:00,P14,,1.0,85.0,,cash
nimman,NM-000065,3,2026-01-02 18:53:00,P10,S,1.0,50.0,,cash
nimman,NM-000066,1,2026-01-03 08:08:00,P13,,1.0,50.0,M0042,card
nimman,NM-000067,1,2026-01-03 08:50:00,P10,L,1.0,70.0,M0759,qr
nimman,NM-000067,2,2026-01-03 08:50:00,P14,,1.0,85.0,M0759,qr
nimman,NM-000068,1,2026-01-03 08:59:00,P01,S,1.0,45.0,,qr
nimman,NM-000069,1,2026-01-03 09:06:00,P02,L,2.0,65.0,,card
nimman,NM-000070,1,2026-01-03 09:07:00,P10,L,1.0,70.0,M0354,card
nimman,NM-000071,1,2026-01-03 09:20:00,P03,L,2.0,75.0,M0161,cash
nimman,NM-000071,2,2026-01-03 09:20:00,P14,,1.0,85.0,M0161,cash
nimman,NM-000072,1,2026-01-03 09:22:00,P12,,2.0,55.0,,cash
nimman,NM-000073,1,2026-01-03 09:32:00,P02,M,2.0,55.0,M0577,qr
nimman,NM-000074,1,2026-01-03 09:51:00,P09,M,1.0,50.0,M0225,qr
nimman,NM-000074,2,2026-01-03 09:51:00,P07,S,1.0,45.0,M0225,qr
nimman,NM-000075,1,2026-01-03 10:00:00,P10,S,1.0,50.0,M0627,cash
nimman,NM-000076,1,2026-01-03 10:27:00,P04,S,3.0,55.0,,qr
nimman,NM-000077,1,2026-01-03 11:46:00,P10,M,1.0,60.0,,qr
nimman,NM-000078,1,2026-01-03 12:04:00,P07,M,1.0,55.0,,cash
nimman,NM-000078,2,2026-01-03 12:04:00,P13,,1.0,50.0,,cash
nimman,NM-000079,1,2026-01-03 12:05:00,P05,M,1.0,70.0,,card
nimman,NM-000080,1,2026-01-03 12:07:00,P12,,1.0,55.0,M0775,cash
nimman,NM-000081,1,2026-01-03 14:05:00,P08,S,1.0,60.0,,cash
nimman,NM-000082,1,2026-01-03 14:09:00,P03,M,1.0,65.0,M0195,qr
nimman,NM-000082,2,2026-01-03 14:09:00,P14,,1.0,85.0,M0195,qr
nimman,NM-000083,1,2026-01-03 14:14:00,P07,M,1.0,55.0,,qr
nimman,NM-000083,2,2026-01-03 14:14:00,P13,,1.0,50.0,,qr
nimman,NM-000083,3,2026-01-03 14:14:00,P06,M,1.0,75.0,,qr
nimman,NM-000084,1,2026-01-03 14:23:00,P01,M,1.0,55.0,,cash
nimman,NM-000084,2,2026-01-03 14:23:00,P15,,1.0,75.0,,cash
nimman,NM-000085,1,2026-01-03 14:38:00,P07,S,1.0,45.0,,cash
nimman,NM-000086,1,2026-01-03 14:39:00,P08,M,1.0,70.0,,cash
nimman,NM-000086,2,2026-01-03 14:39:00,P07,S,1.0,45.0,,cash
nimman,NM-000087,1,2026-01-03 14:58:00,P06,M,1.0,75.0,,qr
nimman,NM-000088,1,2026-01-03 15:17:00,P03,M,1.0,65.0,M0454,card
nimman,NM-000088,2,2026-01-03 15:17:00,P14,,1.0,85.0,M0454,card
nimman,NM-000089,1,2026-01-03 15:23:00,P10,M,1.0,60.0,,qr
nimman,NM-000090,1,2026-01-03 15:56:00,P06,M,1.0,75.0,,card
nimman,NM-000091,1,2026-01-03 16:26:00,P06,L,1.0,85.0,M0777,qr
nimman,NM-000091,2,2026-01-03 16:26:00,P14,,1.0,85.0,M0777,qr
nimman,NM-000092,1,2026-01-03 16:31:00,P11,L,2.0,70.0,,card
nimman,NM-000093,1,2026-01-03 16:40:00,P07,S,2.0,45.0,,qr
nimman,NM-000093,2,2026-01-03 16:40:00,P13,,1.0,50.0,,qr
nimman,NM-000094,1,2026-01-03 17:57:00,P11,L,1.0,70.0,,qr
nimman,NM-000094,2,2026-01-03 17:57:00,P12,,1.0,55.0,,qr
nimman,NM-000094,3,2026-01-03 17:57:00,P06,S,1.0,65.0,,qr
nimman,NM-000095,1,2026-01-03 18:54:00,P01,L,2.0,65.0,,cash
nimman,NM-000095,2,2026-01-03 18:54:00,P15,,1.0,75.0,,cash
nimman,NM-000096,1,2026-01-03 19:56:00,P02,M,1.0,55.0,M0145,card
nimman,NM-000097,1,2026-01-04 07:16:00,P07,S,1.0,45.0,,cash
nimman,NM-000097,2,2026-01-04 07:16:00,P13,,1.0,50.0,,cash
nimman,NM-000098,1,2026-01-04 07:42:00,P03,L,1.0,75.0,,qr
nimman,NM-000098,2,2026-01-04 07:42:00,P06,M,1.0,75.0,,qr
nimman,NM-000099,1,2026-01-04 07:57:00,P04,L,1.0,75.0,,cash
nimman,NM-000099,2,2026-01-04 07:57:00,P05,M,1.0,70.0,,cash
nimman,NM-000100,1,2026-01-04 08:00:00,P04,L,1.0,75.0,,cash
nimman,NM-000101,1,2026-01-04 08:18:00,P02,M,1.0,55.0,M0193,qr
nimman,NM-000101,2,2026-01-04 08:18:00,P12,,1.0,55.0,M0193,qr
nimman,NM-000102,1,2026-01-04 08:55:00,P10,M,1.0,60.0,,qr
nimman,NM-000103,1,2026-01-04 09:16:00,P01,M,1.0,55.0,,cash
nimman,NM-000103,2,2026-01-04 09:16:00,P15,,1.0,75.0,,cash
nimman,NM-000104,1,2026-01-04 09:21:00,P07,L,1.0,65.0,M0201,qr
nimman,NM-000104,2,2026-01-04 09:21:00,P13,,1.0,50.0,M0201,qr
nimman,NM-000105,1,2026-01-04 09:43:00,P06,M,1.0,75.0,,qr
nimman,NM-000106,1,2026-01-04 10:02:00,P01,L,1.0,65.0,,qr
nimman,NM-000107,1,2026-01-04 10:08:00,P13,,2.0,50.0,M0383,cash
nimman,NM-000108,1,2026-01-04 10:14:00,P07,M,1.0,55.0,,qr
nimman,NM-000109,1,2026-01-04 10:18:00,P03,M,1.0,65.0,,qr
nimman,NM-000110,1,2026-01-04 10:36:00,P11,S,1.0,50.0,M0716,qr
nimman,NM-000111,1,2026-01-04 10:51:00,P02,M,1.0,55.0,,card
nimman,NM-000111,2,2026-01-04 10:51:00,P12,,1.0,55.0,,card
nimman,NM-000112,1,2026-01-04 10:57:00,P04,M,1.0,65.0,M0317,qr
nimman,NM-000113,1,2026-01-04 10:57:00,P10,M,3.0,60.0,M0510,card
nimman,NM-000114,1,2026-01-04 11:03:00,P06,M,1.0,75.0,M0731,qr
nimman,NM-000114,2,2026-01-04 11:03:00,P13,,1.0,50.0,M0731,qr
nimman,NM-000115,1,2026-01-04 11:17:00,P06,L,1.0,85.0,,qr
nimman,NM-000116,1,2026-01-04 11:29:00,P01,M,1.0,55.0,M0739,card
nimman,NM-000117,1,2026-01-04 11:30:00,P08,M,1.0,70.0,M0372,cash
nimman,NM-000118,1,2026-01-04 11:42:00,P02,L,2.0,65.0,,card
nimman,NM-000119,1,2026-01-04 11:43:00,P07,M,1.0,55.0,,cash
nimman,NM-000119,2,2026-01-04 11:43:00,P13,,1.0,50.0,,cash
nimman,NM-000120,1,2026-01-04 12:33:00,P09,S,2.0,40.0,,qr
nimman,NM-000121,1,2026-01-04 12:47:00,P12,,1.0,55.0,,qr
nimman,NM-000121,2,2026-01-04 12:47:00,P04,L,1.0,75.0,,qr
nimman,NM-000122,1,2026-01-04 12:54:00,P06,S,1.0,65.0,,qr
nimman,NM-000122,2,2026-01-04 12:54:00,P07,M,1.0,55.0,,qr
nimman,NM-000123,1,2026-01-04 13:10:00,P09,S,1.0,40.0,,qr
nimman,NM-000124,1,2026-01-04 13:14:00,P03,M,2.0,65.0,M0436,qr
nimman,NM-000124,2,2026-01-04 13:14:00,P14,,1.0,85.0,M0436,qr
nimman,NM-000125,1,2026-01-04 14:08:00,P07,L,1.0,65.0,M0011,qr
nimman,NM-000125,2,2026-01-04 14:08:00,P13,,1.0,50.0,M0011,qr
nimman,NM-000126,1,2026-01-04 14:08:00,P12,,1.0,55.0,,card
nimman,NM-000126,2,2026-01-04 14:08:00,P14,,1.0,85.0,,card
nimman,NM-000127,1,2026-01-04 14:10:00,P13,,1.0,50.0,,card
nimman,NM-000128,1,2026-01-04 14:28:00,P07,S,1.0,45.0,,cash
nimman,NM-000128,2,2026-01-04 14:28:00,P13,,1.0,50.0,,cash
nimman,NM-000129,1,2026-01-04 15:14:00,P11,S,3.0,50.0,,qr
nimman,NM-000130,1,2026-01-04 15:25:00,P07,M,1.0,55.0,M0341,card
nimman,NM-000131,1,2026-01-04 15:40:00,P01,M,1.0,55.0,,cash
nimman,NM-000131,2,2026-01-04 15:40:00,P15,,1.0,75.0,,cash
nimman,NM-000132,1,2026-01-04 15:42:00,P10,M,1.0,60.0,,qr
nimman,NM-000132,2,2026-01-04 15:42:00,P12,,1.0,55.0,,qr
nimman,NM-000133,1,2026-01-04 15:49:00,P13,,1.0,50.0,M0712,qr
nimman,NM-000134,1,2026-01-04 15:49:00,P07,S,1.0,45.0,,qr
nimman,NM-000134,2,2026-01-04 15:49:00,P13,,1.0,50.0,,qr
nimman,NM-000135,1,2026-01-04 15:50:00,P07,M,1.0,55.0,,qr
nimman,NM-000135,2,2026-01-04 15:50:00,P13,,1.0,50.0,,qr
nimman,NM-000136,1,2026-01-04 16:36:00,P08,S,1.0,60.0,,card
nimman,NM-000136,2,2026-01-04 16:36:00,P09,L,1.0,60.0,,card
nimman,NM-000137,1,2026-01-04 17:16:00,P07,M,1.0,55.0,,card
nimman,NM-000138,1,2026-01-05 08:20:00,P11,M,1.0,60.0,,qr
nimman,NM-000139,1,2026-01-05 08:52:00,P02,L,1.0,65.0,M0139,qr
nimman,NM-000140,1,2026-01-05 09:14:00,P14,,2.0,85.0,,qr
nimman,NM-000141,1,2026-01-05 09:26:00,P12,,1.0,55.0,M0280,qr
nimman,NM-000142,1,2026-01-05 09:42:00,P04,L,1.0,75.0,,cash
nimman,NM-000143,1,2026-01-05 09:46:00,P04,S,1.0,55.0,M0250,cash
nimman,NM-000143,2,2026-01-05 09:46:00,P02,M,1.0,55.0,M0250,cash
nimman,NM-000144,1,2026-01-05 10:00:00,P04,M,1.0,65.0,,cash
nimman,NM-000144,2,2026-01-05 10:00:00,P02,S,1.0,45.0,,cash
nimman,NM-000145,1,2026-01-05 10:51:00,P03,S,1.0,55.0,M0781,card
nimman,NM-000146,1,2026-01-05 11:24:00,P14,,1.0,85.0,M0748,qr
nimman,NM-000147,1,2026-01-05 11:43:00,P04,M,2.0,65.0,,qr
nimman,NM-000148,1,2026-01-05 13:40:00,P07,L,1.0,65.0,M0770,qr
nimman,NM-000148,2,2026-01-05 13:40:00,P13,,1.0,50.0,M0770,qr
nimman,NM-000149,1,2026-01-05 14:24:00,P02,S,1.0,45.0,M0768,card
nimman,NM-000149,2,2026-01-05 14:24:00,P10,M,1.0,60.0,M0768,card
nimman,NM-000150,1,2026-01-05 15:49:00,P06,L,1.0,85.0,,qr
nimman,NM-000151,1,2026-01-05 16:22:00,P12,,1.0,55.0,,card
nimman,NM-000152,1,2026-01-05 16:43:00,P08,S,1.0,60.0,,cash
nimman,NM-000152,2,2026-01-05 16:43:00,P12,,1.0,55.0,,cash
nimman,NM-000153,1,2026-01-05 17:13:00,P08,M,3.0,70.0,,qr
nimman,NM-000153,2,2026-01-05 17:13:00,P12,,1.0,55.0,,qr
nimman,NM-000154,1,2026-01-05 17:39:00,P07,S,1.0,45.0,,cash
nimman,NM-000155,1,2026-01-05 18:12:00,P14,,1.0,85.0,,qr
nimman,NM-000156,1,2026-01-05 18:13:00,P06,M,2.0,75.0,,qr
nimman,NM-000157,1,2026-01-06 07:06:00,P02,M,1.0,55.0,M0708,card
nimman,NM-000157,2,2026-01-06 07:06:00,P12,,1.0,55.0,M0708,card
nimman,NM-000158,1,2026-01-06 07:30:00,P09,L,1.0,60.0,M0648,qr
nimman,NM-000159,1,2026-01-06 08:22:00,P03,M,1.0,65.0,,qr
nimman,NM-000160,1,2026-01-06 08:28:00,P08,M,1.0,70.0,,qr
nimman,NM-000161,1,2026-01-06 08:58:00,P06,M,1.0,75.0,M0363,cash
nimman,NM-000162,1,2026-01-06 09:17:00,P11,M,2.0,60.0,,qr
nimman,NM-000163,1,2026-01-06 09:24:00,P07,M,1.0,55.0,M0089,cash
nimman,NM-000164,1,2026-01-06 09:31:00,P09,M,1.0,50.0,,qr
nimman,NM-000165,1,2026-01-06 09:37:00,P02,M,1.0,55.0,,card
nimman,NM-000165,2,2026-01-06 09:37:00,P12,,1.0,55.0,,card
nimman,NM-000166,1,2026-01-06 09:37:00,P11,M,2.0,60.0,,qr
nimman,NM-000166,2,2026-01-06 09:37:00,P07,M,1.0,55.0,,qr
nimman,NM-000167,1,2026-01-06 09:54:00,P05,M,1.0,70.0,M0034,cash
nimman,NM-000168,1,2026-01-06 10:45:00,P03,S,1.0,55.0,M0544,qr
nimman,NM-000168,2,2026-01-06 10:45:00,P14,,1.0,85.0,M0544,qr
nimman,NM-000169,1,2026-01-06 11:40:00,P06,S,1.0,65.0,,qr
nimman,NM-000169,2,2026-01-06 11:40:00,P15,,1.0,75.0,,qr
nimman,NM-000170,1,2026-01-06 11:45:00,P01,L,2.0,65.0,M0672,cash
nimman,NM-000170,2,2026-01-06 11:45:00,P07,M,1.0,55.0,M0672,cash
nimman,NM-000171,1,2026-01-06 12:12:00,P02,M,1.0,55.0,M0138,qr
nimman,NM-000172,1,2026-01-06 12:27:00,P15,,2.0,75.0,,qr
nimman,NM-000173,1,2026-01-06 12:56:00,P01,L,1.0,65.0,,qr
nimman,NM-000173,2,2026-01-06 12:56:00,P15,,1.0,75.0,,qr
nimman,NM-000174,1,2026-01-06 14:05:00,P06,L,1.0,85.0,,qr
nimman,NM-000175,1,2026-01-06 15:57:00,P02,S,1.0,45.0,,cash
nimman,NM-000175,2,2026-01-06 15:57:00,P14,,1.0,85.0,,cash
nimman,NM-000176,1,2026-01-06 16:44:00,P09,S,1.0,40.0,,card
nimman,NM-000177,1,2026-01-06 17:10:00,P12,,3.0,55.0,,qr
nimman,NM-000178,1,2026-01-06 19:51:00,P10,M,1.0,60.0,M0358,qr
nimman,NM-000179,1,2026-01-07 07:16:00,P01,M,1.0,55.0,,qr
nimman,NM-000179,2,2026-01-07 07:16:00,P09,M,1.0,50.0,,qr
nimman,NM-000180,1,2026-01-07 07:58:00,P05,M,2.0,70.0,M0204,qr
nimman,NM-000181,1,2026-01-07 08:07:00,P15,,1.0,75.0,M0345,qr
nimman,NM-000182,1,2026-01-07 08:09:00,P13,,1.0,50.0,,card
nimman,NM-000183,1,2026-01-07 08:45:00,P05,M,1.0,70.0,,qr
nimman,NM-000184,1,2026-01-07 08:55:00,P04,S,1.0,55.0,M0264,qr
nimman,NM-000185,1,2026-01-07 09:09:00,P02,S,1.0,45.0,,qr
nimman,NM-000186,1,2026-01-07 09:52:00,P05,S,2.0,60.0,M0141,qr
nimman,NM-000187,1,2026-01-07 09:56:00,P08,M,3.0,70.0,M0074,qr
nimman,NM-000188,1,2026-01-07 10:08:00,P01,M,1.0,55.0,M0092,qr
nimman,NM-000189,1,2026-01-07 10:35:00,P01,S,3.0,45.0,,qr
nimman,NM-000189,2,2026-01-07 10:35:00,P15,,1.0,75.0,,qr
nimman,NM-000189,3,2026-01-07 10:35:00,P14,,1.0,85.0,,qr
nimman,NM-000190,1,2026-01-07 10:57:00,P03,L,1.0,75.0,,cash
nimman,NM-000190,2,2026-01-07 10:57:00,P14,,1.0,85.0,,cash
nimman,NM-000191,1,2026-01-07 10:58:00,P06,M,1.0,75.0,M0468,qr
nimman,NM-000192,1,2026-01-07 11:49:00,P08,S,1.0,60.0,M0112,qr
nimman,NM-000193,1,2026-01-07 12:56:00,P03,M,2.0,65.0,,cash
nimman,NM-000194,1,2026-01-07 13:06:00,P07,M,1.0,55.0,M0277,qr
nimman,NM-000195,1,2026-01-07 13:12:00,P12,,1.0,55.0,,cash
nimman,NM-000196,1,2026-01-07 14:05:00,P10,M,1.0,60.0,,qr
nimman,NM-000197,1,2026-01-07 14:11:00,P07,M,1.0,55.0,M0249,qr
nimman,NM-000198,1,2026-01-07 14:13:00,P13,,1.0,50.0,M0712,qr
nimman,NM-000199,1,2026-01-07 14:14:00,P02,M,1.0,55.0,M0182,qr
nimman,NM-000200,1,2026-01-07 14:20:00,P08,M,1.0,70.0,M0602,cash
nimman,NM-000201,1,2026-01-07 14:36:00,P01,M,1.0,55.0,,qr
nimman,NM-000202,1,2026-01-07 14:43:00,P03,M,1.0,65.0,M0132,card
nimman,NM-000202,2,2026-01-07 14:43:00,P14,,1.0,85.0,M0132,card
nimman,NM-000203,1,2026-01-07 14:45:00,P13,,1.0,50.0,,card
nimman,NM-000204,1,2026-01-07 15:07:00,P02,M,1.0,55.0,,card
nimman,NM-000205,1,2026-01-07 15:10:00,P02,M,1.0,55.0,,qr
nimman,NM-000206,1,2026-01-07 15:21:00,P07,M,1.0,55.0,,qr
nimman,NM-000207,1,2026-01-07 15:42:00,P11,M,1.0,60.0,,qr
nimman,NM-000208,1,2026-01-07 15:47:00,P07,M,1.0,55.0,,qr
nimman,NM-000209,1,2026-01-07 15:51:00,P07,M,1.0,55.0,,card
nimman,NM-000209,2,2026-01-07 15:51:00,P15,,1.0,75.0,,card
nimman,NM-000210,1,2026-01-07 16:43:00,P07,L,1.0,65.0,,cash
nimman,NM-000211,1,2026-01-07 17:09:00,P10,S,2.0,50.0,M0182,cash
nimman,NM-000211,2,2026-01-07 17:09:00,P05,L,1.0,80.0,M0182,cash
nimman,NM-000212,1,2026-01-07 17:44:00,P02,L,1.0,65.0,,cash
nimman,NM-000213,1,2026-01-07 18:13:00,P02,L,1.0,65.0,M0633,cash
nimman,NM-000214,1,2026-01-07 18:32:00,P04,S,1.0,55.0,M0722,cash
nimman,NM-000215,1,2026-01-08 07:04:00,P05,L,1.0,80.0,M0155,qr
nimman,NM-000216,1,2026-01-08 08:27:00,P01,S,1.0,45.0,,qr
nimman,NM-000217,1,2026-01-08 08:33:00,P04,S,1.0,55.0,M0247,qr
nimman,NM-000218,1,2026-01-08 09:00:00,P03,M,1.0,65.0,M0181,card
nimman,NM-000219,1,2026-01-08 09:02:00,P06,S,1.0,65.0,,cash
nimman,NM-000220,1,2026-01-08 09:07:00,P02,M,1.0,55.0,,qr
nimman,NM-000220,2,2026-01-08 09:07:00,P12,,1.0,55.0,,qr
nimman,NM-000220,3,2026-01-08 09:07:00,P03,M,1.0,65.0,,qr
nimman,NM-000221,1,2026-01-08 09:08:00,P02,M,2.0,55.0,,qr
nimman,NM-000221,2,2026-01-08 09:08:00,P12,,1.0,55.0,,qr
nimman,NM-000222,1,2026-01-08 09:23:00,P13,,1.0,50.0,,qr
nimman,NM-000223,1,2026-01-08 09:31:00,P10,M,1.0,60.0,,cash
nimman,NM-000224,1,2026-01-08 09:34:00,P04,S,1.0,55.0,,cash
nimman,NM-000225,1,2026-01-08 09:49:00,P09,L,3.0,60.0,M0412,cash
nimman,NM-000226,1,2026-01-08 09:52:00,P02,M,1.0,55.0,,cash
nimman,NM-000226,2,2026-01-08 09:52:00,P12,,1.0,55.0,,cash
nimman,NM-000227,1,2026-01-08 09:57:00,P06,L,2.0,85.0,M0659,qr
nimman,NM-000228,1,2026-01-08 10:21:00,P02,L,1.0,65.0,,qr
nimman,NM-000228,2,2026-01-08 10:21:00,P12,,1.0,55.0,,qr
nimman,NM-000229,1,2026-01-08 10:38:00,P12,,2.0,55.0,M0739,cash
nimman,NM-000229,2,2026-01-08 10:38:00,P07,M,1.0,55.0,M0739,cash
nimman,NM-000230,1,2026-01-08 10:50:00,P02,M,1.0,55.0,M0198,card
nimman,NM-000230,2,2026-01-08 10:50:00,P12,,1.0,55.0,M0198,card
nimman,NM-000231,1,2026-01-08 10:58:00,P02,S,1.0,45.0,,qr
nimman,NM-000231,2,2026-01-08 10:58:00,P12,,1.0,55.0,,qr
nimman,NM-000232,1,2026-01-08 11:08:00,P07,M,2.0,55.0,,qr
nimman,NM-000232,2,2026-01-08 11:08:00,P13,,1.0,50.0,,qr
nimman,NM-000233,1,2026-01-08 11:27:00,P06,M,1.0,75.0,M0531,qr
nimman,NM-000234,1,2026-01-08 13:56:00,P05,M,1.0,70.0,M0378,cash
nimman,NM-000234,2,2026-01-08 13:56:00,P12,,1.0,55.0,M0378,cash
nimman,NM-000235,1,2026-01-08 15:44:00,P13,,1.0,50.0,,qr
nimman,NM-000236,1,2026-01-08 15:52:00,P10,L,1.0,70.0,M0706,card
nimman,NM-000236,2,2026-01-08 15:52:00,P07,S,1.0,45.0,M0706,card
nimman,NM-000237,1,2026-01-08 15:55:00,P03,S,1.0,55.0,M0664,qr
nimman,NM-000238,1,2026-01-08 17:11:00,P11,L,1.0,70.0,M0781,qr
nimman,NM-000239,1,2026-01-08 17:49:00,P10,L,1.0,70.0,M0164,qr
nimman,NM-000240,1,2026-01-08 18:44:00,P07,M,1.0,55.0,M0081,card
nimman,NM-000240,2,2026-01-08 18:44:00,P13,,1.0,50.0,M0081,card
nimman,NM-000241,1,2026-01-08 19:25:00,P08,M,1.0,70.0,,qr
nimman,NM-000242,1,2026-01-09 07:33:00,P08,M,2.0,70.0,,cash
nimman,NM-000243,1,2026-01-09 07:56:00,P10,L,1.0,70.0,,card
nimman,NM-000244,1,2026-01-09 08:00:00,P13,,1.0,50.0,,card
nimman,NM-000245,1,2026-01-09 08:46:00,P11,S,1.0,50.0,M0465,qr
nimman,NM-000246,1,2026-01-09 08:47:00,P06,L,2.0,85.0,M0123,card
nimman,NM-000247,1,2026-01-09 08:48:00,P08,M,2.0,70.0,M0316,cash
nimman,NM-000247,2,2026-01-09 08:48:00,P07,M,1.0,55.0,M0316,cash
nimman,NM-000248,1,2026-01-09 09:24:00,P02,L,1.0,65.0,,qr
nimman,NM-000249,1,2026-01-09 09:59:00,P03,S,1.0,55.0,,cash
nimman,NM-000250,1,2026-01-09 10:38:00,P06,M,1.0,75.0,,cash
nimman,NM-000251,1,2026-01-09 10:41:00,P04,L,1.0,75.0,M0091,card
nimman,NM-000252,1,2026-01-09 10:43:00,P06,S,1.0,65.0,,card
nimman,NM-000252,2,2026-01-09 10:43:00,P01,S,1.0,45.0,,card
nimman,NM-000253,1,2026-01-09 10:46:00,P06,M,1.0,75.0,,qr
nimman,NM-000254,1,2026-01-09 10:55:00,P07,M,1.0,55.0,M0343,card
nimman,NM-000254,2,2026-01-09 10:55:00,P13,,1.0,50.0,M0343,card
nimman,NM-000255,1,2026-01-09 11:29:00,P13,,1.0,50.0,M0166,cash
nimman,NM-000256,1,2026-01-09 11:35:00,P03,M,1.0,65.0,M0720,qr
nimman,NM-000256,2,2026-01-09 11:35:00,P12,,1.0,55.0,M0720,qr
nimman,NM-000257,1,2026-01-09 11:41:00,P02,M,1.0,55.0,,qr
nimman,NM-000257,2,2026-01-09 11:41:00,P15,,1.0,75.0,,qr
nimman,NM-000258,1,2026-01-09 12:33:00,P10,M,1.0,60.0,,qr
nimman,NM-000259,1,2026-01-09 12:56:00,P09,S,1.0,40.0,,qr
nimman,NM-000260,1,2026-01-09 13:57:00,P08,M,3.0,70.0,,cash
nimman,NM-000261,1,2026-01-09 14:02:00,P10,M,2.0,60.0,M0623,card
nimman,NM-000262,1,2026-01-09 14:07:00,P04,M,1.0,65.0,,qr
nimman,NM-000263,1,2026-01-09 14:20:00,P08,M,1.0,70.0,,qr
nimman,NM-000264,1,2026-01-09 14:24:00,P03,M,1.0,65.0,M0409,cash
nimman,NM-000265,1,2026-01-09 14:42:00,P01,S,1.0,45.0,,qr
nimman,NM-000265,2,2026-01-09 14:42:00,P15,,1.0,75.0,,qr
nimman,NM-000266,1,2026-01-09 16:16:00,P09,S,2.0,40.0,,cash
nimman,NM-000266,2,2026-01-09 16:16:00,P12,,1.0,55.0,,cash
nimman,NM-000267,1,2026-01-09 16:58:00,P07,S,1.0,45.0,,qr
nimman,NM-000268,1,2026-01-09 17:15:00,P02,L,1.0,65.0,,card
nimman,NM-000269,1,2026-01-09 17:19:00,P10,S,1.0,50.0,,qr
nimman,NM-000270,1,2026-01-09 17:32:00,P08,M,2.0,70.0,,card
nimman,NM-000270,2,2026-01-09 17:32:00,P12,,1.0,55.0,,card
nimman,NM-000271,1,2026-01-09 17:32:00,P15,,3.0,75.0,,qr
nimman,NM-000272,1,2026-01-09 18:39:00,P07,S,1.0,45.0,,qr
nimman,NM-000273,1,2026-01-09 18:39:00,P08,L,1.0,80.0,M0720,card
nimman,NM-000274,1,2026-01-09 19:05:00,P08,S,1.0,60.0,,cash
nimman,NM-000275,1,2026-01-09 19:45:00,P10,M,2.0,60.0,M0011,qr
nimman,NM-000276,1,2026-01-10 07:17:00,P04,M,1.0,65.0,M0672,cash
nimman,NM-000277,1,2026-01-10 08:10:00,P11,S,1.0,50.0,,cash
nimman,NM-000278,1,2026-01-10 08:24:00,P08,L,1.0,80.0,M0157,cash
nimman,NM-000278,2,2026-01-10 08:24:00,P15,,1.0,75.0,M0157,cash
nimman,NM-000278,3,2026-01-10 08:24:00,P12,,1.0,55.0,M0157,cash
nimman,NM-000279,1,2026-01-10 08:33:00,P05,M,1.0,70.0,,cash
nimman,NM-000280,1,2026-01-10 08:58:00,P06,M,1.0,75.0,,qr
nimman,NM-000280,2,2026-01-10 08:58:00,P04,M,1.0,65.0,,qr
nimman,NM-000281,1,2026-01-10 09:04:00,P02,M,3.0,55.0,,qr
nimman,NM-000281,2,2026-01-10 09:04:00,P12,,1.0,55.0,,qr
nimman,NM-000282,1,2026-01-10 09:18:00,P05,S,2.0,60.0,M0437,cash
nimman,NM-000283,1,2026-01-10 09:18:00,P07,L,1.0,65.0,M0745,qr
nimman,NM-000283,2,2026-01-10 09:18:00,P13,,1.0,50.0,M0745,qr
nimman,NM-000284,1,2026-01-10 09:24:00,P04,M,1.0,65.0,,qr
nimman,NM-000285,1,2026-01-10 09:25:00,P05,S,1.0,60.0,,qr
nimman,NM-000286,1,2026-01-10 09:25:00,P07,M,1.0,55.0,M0675,qr
nimman,NM-000286,2,2026-01-10 09:25:00,P13,,1.0,50.0,M0675,qr
nimman,NM-000287,1,2026-01-10 09:28:00,P04,L,1.0,75.0,,qr
nimman,NM-000288,1,2026-01-10 09:37:00,P05,M,1.0,70.0,M0504,qr
nimman,NM-000289,1,2026-01-10 09:49:00,P06,M,1.0,75.0,M0137,qr
nimman,NM-000289,2,2026-01-10 09:49:00,P02,S,1.0,45.0,M0137,qr
nimman,NM-000290,1,2026-01-10 10:39:00,P13,,1.0,50.0,,cash
nimman,NM-000291,1,2026-01-10 10:39:00,P02,M,1.0,55.0,M0275,card
nimman,NM-000291,2,2026-01-10 10:39:00,P12,,1.0,55.0,M0275,card
nimman,NM-000292,1,2026-01-10 10:52:00,P08,L,1.0,80.0,M0363,cash
nimman,NM-000292,2,2026-01-10 10:52:00,P12,,1.0,55.0,M0363,cash
nimman,NM-000293,1,2026-01-10 10:57:00,P14,,1.0,85.0,M0553,card
nimman,NM-000294,1,2026-01-10 12:25:00,P03,S,1.0,55.0,,cash
nimman,NM-000294,2,2026-01-10 12:25:00,P15,,1.0,75.0,,cash
nimman,NM-000295,1,2026-01-10 12:27:00,P02,M,1.0,55.0,M0718,card
nimman,NM-000296,1,2026-01-10 13:28:00,P03,S,1.0,55.0,M0553,qr
nimman,NM-000296,2,2026-01-10 13:28:00,P12,,1.0,55.0,M0553,qr
nimman,NM-000297,1,2026-01-10 13:33:00,P12,,1.0,55.0,M0042,card
nimman,NM-000298,1,2026-01-10 13:36:00,P14,,1.0,85.0,M0636,qr
nimman,NM-000299,1,2026-01-10 14:02:00,P10,M,1.0,60.0,,card
nimman,NM-000299,2,2026-01-10 14:02:00,P15,,1.0,75.0,,card
nimman,NM-000300,1,2026-01-10 14:03:00,P11,L,1.0,70.0,,cash
nimman,NM-000301,1,2026-01-10 14:04:00,P10,M,1.0,60.0,,qr
nimman,NM-000302,1,2026-01-10 14:25:00,P08,L,1.0,80.0,,cash
nimman,NM-000303,1,2026-01-10 15:21:00,P06,M,1.0,75.0,M0531,qr
nimman,NM-000304,1,2026-01-10 15:43:00,P09,L,2.0,60.0,M0378,qr
nimman,NM-000305,1,2026-01-10 15:57:00,P07,L,1.0,65.0,,qr
nimman,NM-000305,2,2026-01-10 15:57:00,P04,S,1.0,55.0,,qr
nimman,NM-000306,1,2026-01-10 16:10:00,P04,S,1.0,55.0,M0331,cash
nimman,NM-000306,2,2026-01-10 16:10:00,P13,,1.0,50.0,M0331,cash
nimman,NM-000307,1,2026-01-10 16:39:00,P07,S,1.0,45.0,M0085,qr
nimman,NM-000307,2,2026-01-10 16:39:00,P13,,1.0,50.0,M0085,qr
nimman,NM-000308,1,2026-01-10 17:34:00,P03,S,2.0,55.0,M0198,qr
nimman,NM-000309,1,2026-01-10 18:09:00,P11,S,1.0,50.0,M0792,qr
nimman,NM-000310,1,2026-01-10 18:40:00,P12,,1.0,55.0,M0359,qr
nimman,NM-000311,1,2026-01-10 18:53:00,P10,M,3.0,60.0,M0274,card
nimman,NM-000311,2,2026-01-10 18:53:00,P12,,1.0,55.0,M0274,card
nimman,NM-000312,1,2026-01-10 18:53:00,P03,S,1.0,55.0,M0603,card
nimman,NM-000313,1,2026-01-10 19:05:00,P07,M,1.0,55.0,M0520,cash
nimman,NM-000314,1,2026-01-11 07:13:00,P11,M,1.0,60.0,,qr
nimman,NM-000315,1,2026-01-11 07:33:00,P03,M,1.0,65.0,M0718,qr
nimman,NM-000315,2,2026-01-11 07:33:00,P12,,1.0,55.0,M0718,qr
nimman,NM-000316,1,2026-01-11 07:36:00,P02,L,2.0,65.0,M0145,qr
nimman,NM-000317,1,2026-01-11 08:00:00,P02,S,1.0,45.0,,card
nimman,NM-000317,2,2026-01-11 08:00:00,P12,,1.0,55.0,,card
nimman,NM-000318,1,2026-01-11 08:08:00,P10,M,2.0,60.0,,qr
nimman,NM-000318,2,2026-01-11 08:08:00,P01,L,1.0,65.0,,qr
nimman,NM-000319,1,2026-01-11 08:49:00,P03,S,1.0,55.0,,qr
nimman,NM-000319,2,2026-01-11 08:49:00,P14,,1.0,85.0,,qr
nimman,NM-000320,1,2026-01-11 09:11:00,P15,,3.0,75.0,M0712,cash
nimman,NM-000321,1,2026-01-11 09:22:00,P05,S,1.0,60.0,,qr
nimman,NM-000321,2,2026-01-11 09:22:00,P08,S,1.0,60.0,,qr
nimman,NM-000322,1,2026-01-11 09:42:00,P06,M,1.0,75.0,,cash
nimman,NM-000323,1,2026-01-11 10:02:00,P04,M,1.0,65.0,,cash
nimman,NM-000323,2,2026-01-11 10:02:00,P07,L,1.0,65.0,,cash
nimman,NM-000324,1,2026-01-11 10:28:00,P02,M,2.0,55.0,,card
nimman,NM-000325,1,2026-01-11 10:37:00,P03,M,1.0,65.0,,qr
nimman,NM-000325,2,2026-01-11 10:37:00,P14,,1.0,85.0,,qr
nimman,NM-000326,1,2026-01-11 11:25:00,P08,M,2.0,70.0,,qr
nimman,NM-000327,1,2026-01-11 11:29:00,P14,,1.0,85.0,,qr
nimman,NM-000328,1,2026-01-11 11:34:00,P03,M,1.0,65.0,,cash
nimman,NM-000329,1,2026-01-11 12:41:00,P03,M,1.0,65.0,,qr
nimman,NM-000329,2,2026-01-11 12:41:00,P14,,1.0,85.0,,qr
nimman,NM-000330,1,2026-01-11 12:42:00,P09,S,1.0,40.0,,qr
nimman,NM-000331,1,2026-01-11 12:48:00,P03,M,1.0,65.0,M0538,card
nimman,NM-000331,2,2026-01-11 12:48:00,P09,L,1.0,60.0,M0538,card
nimman,NM-000332,1,2026-01-11 12:57:00,P11,L,1.0,70.0,,cash
nimman,NM-000333,1,2026-01-11 13:19:00,P03,M,2.0,65.0,,card
nimman,NM-000333,2,2026-01-11 13:19:00,P14,,1.0,85.0,,card
nimman,NM-000334,1,2026-01-11 13:38:00,P12,,1.0,55.0,,qr
nimman,NM-000334,2,2026-01-11 13:38:00,P14,,1.0,85.0,,qr
nimman,NM-000335,1,2026-01-11 13:47:00,P02,M,1.0,55.0,,qr
nimman,NM-000336,1,2026-01-11 14:02:00,P15,,1.0,75.0,M0226,cash
nimman,NM-000337,1,2026-01-11 14:02:00,P12,,1.0,55.0,,cash
nimman,NM-000337,2,2026-01-11 14:02:00,P06,M,1.0,75.0,,cash
nimman,NM-000338,1,2026-01-11 14:12:00,P14,,1.0,85.0,M0018,qr
nimman,NM-000339,1,2026-01-11 14:40:00,P15,,3.0,75.0,,card
nimman,NM-000340,1,2026-01-11 15:52:00,P07,M,1.0,55.0,M0339,qr
nimman,NM-000340,2,2026-01-11 15:52:00,P13,,1.0,50.0,M0339,qr
nimman,NM-000341,1,2026-01-11 15:57:00,P06,M,1.0,75.0,M0252,qr
nimman,NM-000342,1,2026-01-11 16:04:00,P15,,1.0,75.0,M0657,cash
nimman,NM-000343,1,2026-01-11 16:57:00,P02,M,2.0,55.0,,cash
nimman,NM-000343,2,2026-01-11 16:57:00,P12,,1.0,55.0,,cash
nimman,NM-000344,1,2026-01-11 17:37:00,P08,M,1.0,70.0,M0745,card
nimman,NM-000345,1,2026-01-11 17:48:00,P12,,3.0,55.0,,cash
nimman,NM-000346,1,2026-01-11 17:54:00,P12,,1.0,55.0,,cash
nimman,NM-000347,1,2026-01-11 18:22:00,P07,M,1.0,55.0,,qr
nimman,NM-000347,2,2026-01-11 18:22:00,P13,,1.0,50.0,,qr
nimman,NM-000347,3,2026-01-11 18:22:00,P09,M,1.0,50.0,,qr
nimman,NM-000348,1,2026-01-11 18:30:00,P02,L,1.0,65.0,,qr
nimman,NM-000349,1,2026-01-11 18:37:00,P06,L,1.0,85.0,,qr
nimman,NM-000350,1,2026-01-11 19:17:00,P01,L,1.0,65.0,,qr
nimman,NM-000350,2,2026-01-11 19:17:00,P15,,1.0,75.0,,qr
nimman,NM-000350,3,2026-01-11 19:17:00,P11,M,1.0,60.0,,qr
nimman,NM-000351,1,2026-01-11 19:39:00,P08,M,2.0,70.0,,cash
nimman,NM-000352,1,2026-01-12 07:20:00,P07,L,1.0,65.0,M0442,card
nimman,NM-000352,2,2026-01-12 07:20:00,P13,,1.0,50.0,M0442,card
nimman,NM-000353,1,2026-01-12 07:21:00,P12,,1.0,55.0,,qr
nimman,NM-000354,1,2026-01-12 07:31:00,P06,L,2.0,85.0,,card
nimman,NM-000355,1,2026-01-12 07:36:00,P07,M,1.0,55.0,,qr
nimman,NM-000355,2,2026-01-12 07:36:00,P13,,1.0,50.0,,qr
nimman,NM-000356,1,2026-01-12 08:00:00,P06,S,1.0,65.0,,qr
nimman,NM-000357,1,2026-01-12 08:30:00,P02,S,1.0,45.0,M0382,card
nimman,NM-000357,2,2026-01-12 08:30:00,P10,M,1.0,60.0,M0382,card
nimman,NM-000358,1,2026-01-12 08:32:00,P02,M,2.0,55.0,,qr
nimman,NM-000359,1,2026-01-12 08:39:00,P14,,1.0,85.0,,card
nimman,NM-000360,1,2026-01-12 09:28:00,P14,,1.0,85.0,,qr
nimman,NM-000361,1,2026-01-12 09:35:00,P02,L,1.0,65.0,,qr
nimman,NM-000361,2,2026-01-12 09:35:00,P15,,1.0,75.0,,qr
nimman,NM-000362,1,2026-01-12 10:01:00,P01,M,1.0,55.0,,cash
nimman,NM-000363,1,2026-01-12 10:40:00,P03,L,3.0,75.0,M0256,card
nimman,NM-000363,2,2026-01-12 10:40:00,P13,,1.0,50.0,M0256,card
nimman,NM-000364,1,2026-01-12 10:51:00,P02,L,2.0,65.0,M0543,qr
nimman,NM-000365,1,2026-01-12 11:26:00,P08,M,1.0,70.0,,qr
nimman,NM-000366,1,2026-01-12 12:56:00,P08,L,1.0,80.0,,card
nimman,NM-000367,1,2026-01-12 13:05:00,P02,L,1.0,65.0,,qr
nimman,NM-000367,2,2026-01-12 13:05:00,P12,,1.0,55.0,,qr
nimman,NM-000368,1,2026-01-12 13:15:00,P08,M,1.0,70.0,M0349,qr
nimman,NM-000369,1,2026-01-12 13:25:00,P11,M,1.0,60.0,M0051,cash
nimman,NM-000370,1,2026-01-12 13:48:00,P05,M,1.0,70.0,,card
nimman,NM-000371,1,2026-01-12 15:22:00,P04,M,1.0,65.0,,cash
nimman,NM-000371,2,2026-01-12 15:22:00,P13,,1.0,50.0,,cash
nimman,NM-000372,1,2026-01-12 15:36:00,P02,M,1.0,55.0,,card
nimman,NM-000372,2,2026-01-12 15:36:00,P12,,1.0,55.0,,card
nimman,NM-000373,1,2026-01-12 16:01:00,P12,,1.0,55.0,,qr
nimman,NM-000374,1,2026-01-12 18:44:00,P12,,1.0,55.0,,qr
nimman,NM-000374,2,2026-01-12 18:44:00,P08,S,1.0,60.0,,qr
nimman,NM-000375,1,2026-01-12 18:53:00,P01,M,2.0,55.0,,card
nimman,NM-000375,2,2026-01-12 18:53:00,P15,,1.0,75.0,,card
nimman,NM-000376,1,2026-01-13 07:20:00,P13,,1.0,50.0,M0012,qr
nimman,NM-000377,1,2026-01-13 08:21:00,P14,,2.0,85.0,,cash
nimman,NM-000378,1,2026-01-13 08:34:00,P13,,1.0,50.0,M0419,qr
nimman,NM-000379,1,2026-01-13 08:44:00,P09,L,1.0,60.0,,qr
nimman,NM-000380,1,2026-01-13 09:10:00,P10,L,1.0,70.0,,qr
nimman,NM-000381,1,2026-01-13 09:19:00,P01,M,2.0,55.0,,cash
nimman,NM-000381,2,2026-01-13 09:19:00,P15,,1.0,75.0,,cash
nimman,NM-000382,1,2026-01-13 09:25:00,P05,S,2.0,60.0,M0480,card
nimman,NM-000382,2,2026-01-13 09:25:00,P13,,1.0,50.0,M0480,card
nimman,NM-000383,1,2026-01-13 09:46:00,P10,L,1.0,70.0,,qr
nimman,NM-000384,1,2026-01-13 09:57:00,P02,M,1.0,55.0,M0112,qr
nimman,NM-000384,2,2026-01-13 09:57:00,P12,,1.0,55.0,M0112,qr
nimman,NM-000385,1,2026-01-13 10:26:00,P15,,1.0,75.0,M0133,qr
nimman,NM-000386,1,2026-01-13 10:27:00,P03,S,1.0,55.0,,qr
nimman,NM-000386,2,2026-01-13 10:27:00,P07,L,1.0,65.0,,qr
nimman,NM-000387,1,2026-01-13 10:30:00,P05,M,2.0,70.0,M0090,card
nimman,NM-000388,1,2026-01-13 11:01:00,P12,,1.0,55.0,,qr
nimman,NM-000389,1,2026-01-13 11:32:00,P05,M,1.0,70.0,M0522,qr
nimman,NM-000389,2,2026-01-13 11:32:00,P02,L,1.0,65.0,M0522,qr
nimman,NM-000390,1,2026-01-13 12:02:00,P03,M,1.0,65.0,,cash
nimman,NM-000391,1,2026-01-13 12:10:00,P04,M,1.0,65.0,,cash
nimman,NM-000392,1,2026-01-13 12:10:00,P08,L,1.0,80.0,M0743,qr
nimman,NM-000393,1,2026-01-13 12:27:00,P08,M,2.0,70.0,,qr
nimman,NM-000394,1,2026-01-13 13:01:00,P12,,1.0,55.0,M0424,qr
nimman,NM-000395,1,2026-01-13 13:11:00,P12,,2.0,55.0,,cash
nimman,NM-000396,1,2026-01-13 13:12:00,P02,S,1.0,45.0,M0208,qr
nimman,NM-000396,2,2026-01-13 13:12:00,P12,,1.0,55.0,M0208,qr
nimman,NM-000396,3,2026-01-13 13:12:00,P07,S,1.0,45.0,M0208,qr
nimman,NM-000397,1,2026-01-13 13:30:00,P08,M,1.0,70.0,,qr
nimman,NM-000398,1,2026-01-13 14:08:00,P02,M,1.0,55.0,,qr
nimman,NM-000399,1,2026-01-13 14:58:00,P07,M,1.0,55.0,,qr
nimman,NM-000400,1,2026-01-13 17:59:00,P04,M,2.0,65.0,M0198,card
nimman,NM-000400,2,2026-01-13 17:59:00,P08,M,1.0,70.0,M0198,card
nimman,NM-000401,1,2026-01-13 18:33:00,P13,,1.0,50.0,,cash
nimman,NM-000401,2,2026-01-13 18:33:00,P07,L,1.0,65.0,,cash
nimman,NM-000402,1,2026-01-14 07:16:00,P14,,2.0,85.0,M0631,qr
nimman,NM-000403,1,2026-01-14 07:25:00,P03,L,1.0,75.0,,cash
nimman,NM-000403,2,2026-01-14 07:25:00,P14,,1.0,85.0,,cash
nimman,NM-000404,1,2026-01-14 07:33:00,P01,M,1.0,55.0,,card
nimman,NM-000404,2,2026-01-14 07:33:00,P15,,1.0,75.0,,card
nimman,NM-000405,1,2026-01-14 07:54:00,P11,L,1.0,70.0,,qr
nimman,NM-000406,1,2026-01-14 08:13:00,P02,S,1.0,45.0,,qr
nimman,NM-000407,1,2026-01-14 08:48:00,P12,,1.0,55.0,,cash
nimman,NM-000408,1,2026-01-14 09:04:00,P06,L,1.0,85.0,M0470,card
nimman,NM-000409,1,2026-01-14 09:16:00,P13,,1.0,50.0,,qr
nimman,NM-000409,2,2026-01-14 09:16:00,P08,M,1.0,70.0,,qr
nimman,NM-000410,1,2026-01-14 09:24:00,P01,L,1.0,65.0,M0782,qr
nimman,NM-000411,1,2026-01-14 09:56:00,P12,,1.0,55.0,M0627,card
nimman,NM-000412,1,2026-01-14 09:59:00,P10,L,1.0,70.0,,cash
nimman,NM-000413,1,2026-01-14 10:00:00,P03,S,1.0,55.0,M0031,qr
nimman,NM-000413,2,2026-01-14 10:00:00,P15,,1.0,75.0,M0031,qr
nimman,NM-000414,1,2026-01-14 10:01:00,P07,M,1.0,55.0,,qr
nimman,NM-000414,2,2026-01-14 10:01:00,P13,,1.0,50.0,,qr
nimman,NM-000415,1,2026-01-14 10:02:00,P08,M,1.0,70.0,,qr
nimman,NM-000415,2,2026-01-14 10:02:00,P13,,1.0,50.0,,qr
nimman,NM-000415,3,2026-01-14 10:02:00,P02,S,1.0,45.0,,qr
nimman,NM-000416,1,2026-01-14 10:14:00,P01,M,1.0,55.0,M0420,qr
nimman,NM-000416,2,2026-01-14 10:14:00,P15,,1.0,75.0,M0420,qr
nimman,NM-000417,1,2026-01-14 10:39:00,P13,,1.0,50.0,M0640,qr
nimman,NM-000418,1,2026-01-14 10:47:00,P03,M,2.0,65.0,M0521,qr
nimman,NM-000418,2,2026-01-14 10:47:00,P14,,1.0,85.0,M0521,qr
nimman,NM-000419,1,2026-01-14 10:48:00,P07,M,1.0,55.0,,cash
nimman,NM-000419,2,2026-01-14 10:48:00,P13,,1.0,50.0,,cash
nimman,NM-000420,1,2026-01-14 11:13:00,P01,S,1.0,45.0,M0633,cash
nimman,NM-000420,2,2026-01-14 11:13:00,P15,,1.0,75.0,M0633,cash
nimman,NM-000421,1,2026-01-14 11:23:00,P02,L,1.0,65.0,,card
nimman,NM-000421,2,2026-01-14 11:23:00,P14,,1.0,85.0,,card
nimman,NM-000422,1,2026-01-14 12:51:00,P05,M,1.0,70.0,,qr
nimman,NM-000423,1,2026-01-14 13:18:00,P06,M,2.0,75.0,M0201,qr
nimman,NM-000423,2,2026-01-14 13:18:00,P02,L,1.0,65.0,M0201,qr
nimman,NM-000424,1,2026-01-14 13:45:00,P01,M,1.0,55.0,,cash
nimman,NM-000425,1,2026-01-14 14:01:00,P09,M,1.0,50.0,M0191,qr
nimman,NM-000426,1,2026-01-14 14:12:00,P07,M,1.0,55.0,,qr
nimman,NM-000427,1,2026-01-14 14:18:00,P09,M,1.0,50.0,M0145,card
nimman,NM-000427,2,2026-01-14 14:18:00,P13,,1.0,50.0,M0145,card
nimman,NM-000428,1,2026-01-14 14:42:00,P11,S,1.0,50.0,,qr
nimman,NM-000429,1,2026-01-14 15:09:00,P02,M,2.0,55.0,M0510,qr
nimman,NM-000430,1,2026-01-14 15:56:00,P04,M,1.0,65.0,,qr
nimman,NM-000431,1,2026-01-14 17:05:00,P08,L,1.0,80.0,,qr
nimman,NM-000431,2,2026-01-14 17:05:00,P15,,1.0,75.0,,qr
nimman,NM-000432,1,2026-01-14 17:28:00,P10,M,1.0,60.0,M0166,cash
nimman,NM-000432,2,2026-01-14 17:28:00,P15,,1.0,75.0,M0166,cash
nimman,NM-000433,1,2026-01-14 17:48:00,P07,L,1.0,65.0,M0759,qr
nimman,NM-000433,2,2026-01-14 17:48:00,P13,,1.0,50.0,M0759,qr
nimman,NM-000434,1,2026-01-14 18:35:00,P07,M,1.0,55.0,M0168,qr
nimman,NM-000435,1,2026-01-14 18:36:00,P08,M,1.0,70.0,,qr
nimman,NM-000436,1,2026-01-14 18:45:00,P07,M,1.0,55.0,,cash
nimman,NM-000437,1,2026-01-15 07:26:00,P04,S,1.0,55.0,,qr
nimman,NM-000437,2,2026-01-15 07:26:00,P12,,1.0,55.0,,qr
nimman,NM-000437,3,2026-01-15 07:26:00,P03,M,1.0,65.0,,qr
nimman,NM-000438,1,2026-01-15 08:02:00,P02,M,1.0,55.0,,card
nimman,NM-000438,2,2026-01-15 08:02:00,P12,,1.0,55.0,,card
nimman,NM-000439,1,2026-01-15 08:17:00,P02,M,1.0,55.0,,card
nimman,NM-000440,1,2026-01-15 08:27:00,P05,M,1.0,70.0,M0725,cash
nimman,NM-000441,1,2026-01-15 09:06:00,P03,L,2.0,75.0,M0786,qr
nimman,NM-000442,1,2026-01-15 09:27:00,P14,,1.0,85.0,,qr
nimman,NM-000443,1,2026-01-15 09:29:00,P07,M,1.0,55.0,,cash
nimman,NM-000443,2,2026-01-15 09:29:00,P13,,1.0,50.0,,cash
nimman,NM-000443,3,2026-01-15 09:29:00,P05,M,1.0,70.0,,cash
nimman,NM-000444,1,2026-01-15 10:12:00,P06,S,1.0,65.0,,qr
nimman,NM-000445,1,2026-01-15 10:31:00,P08,L,1.0,80.0,,qr
nimman,NM-000446,1,2026-01-15 11:01:00,P13,,1.0,50.0,,qr
nimman,NM-000447,1,2026-01-15 11:02:00,P03,S,1.0,55.0,,cash
nimman,NM-000447,2,2026-01-15 11:02:00,P14,,1.0,85.0,,cash
nimman,NM-000448,1,2026-01-15 11:18:00,P03,S,1.0,55.0,,qr
nimman,NM-000448,2,2026-01-15 11:18:00,P14,,1.0,85.0,,qr
nimman,NM-000449,1,2026-01-15 11:53:00,P03,L,1.0,75.0,,cash
nimman,NM-000449,2,2026-01-15 11:53:00,P15,,1.0,75.0,,cash
nimman,NM-000450,1,2026-01-15 11:57:00,P07,L,2.0,65.0,,qr
nimman,NM-000451,1,2026-01-15 11:57:00,P07,L,2.0,65.0,,qr
nimman,NM-000451,2,2026-01-15 11:57:00,P13,,1.0,50.0,,qr
nimman,NM-000452,1,2026-01-15 12:09:00,P03,M,1.0,65.0,M0651,qr
nimman,NM-000453,1,2026-01-15 12:15:00,P09,M,1.0,50.0,,qr
nimman,NM-000454,1,2026-01-15 13:05:00,P15,,1.0,75.0,,card
nimman,NM-000455,1,2026-01-15 13:16:00,P07,M,1.0,55.0,,qr
nimman,NM-000455,2,2026-01-15 13:16:00,P13,,1.0,50.0,,qr
nimman,NM-000456,1,2026-01-15 13:20:00,P05,L,1.0,80.0,M0718,qr
nimman,NM-000457,1,2026-01-15 15:00:00,P05,M,1.0,70.0,,cash
nimman,NM-000458,1,2026-01-15 15:38:00,P10,M,1.0,60.0,,cash
nimman,NM-000458,2,2026-01-15 15:38:00,P15,,1.0,75.0,,cash
nimman,NM-000459,1,2026-01-15 16:26:00,P15,,1.0,75.0,M0201,card
nimman,NM-000459,2,2026-01-15 16:26:00,P14,,1.0,85.0,M0201,card
nimman,NM-000460,1,2026-01-15 16:37:00,P10,S,2.0,50.0,M0484,cash
nimman,NM-000461,1,2026-01-15 17:10:00,P11,M,1.0,60.0,M0636,card
nimman,NM-000461,2,2026-01-15 17:10:00,P15,,1.0,75.0,M0636,card
nimman,NM-000462,1,2026-01-15 17:18:00,P12,,1.0,55.0,,qr
nimman,NM-000463,1,2026-01-15 17:51:00,P08,M,1.0,70.0,,qr
nimman,NM-000464,1,2026-01-15 19:00:00,P01,L,1.0,65.0,M0009,card
nimman,NM-000465,1,2026-01-15 19:44:00,P02,M,1.0,55.0,,qr
nimman,NM-000465,2,2026-01-15 19:44:00,P12,,1.0,55.0,,qr
nimman,NM-000466,1,2026-01-16 07:36:00,P06,M,1.0,75.0,,qr
nimman,NM-000466,2,2026-01-16 07:36:00,P13,,1.0,50.0,,qr
nimman,NM-000466,3,2026-01-16 07:36:00,P08,S,1.0,60.0,,qr
nimman,NM-000467,1,2026-01-16 07:45:00,P03,M,1.0,65.0,,card
nimman,NM-000468,1,2026-01-16 07:59:00,P06,M,1.0,75.0,M0478,cash
nimman,NM-000469,1,2026-01-16 08:05:00,P06,M,1.0,75.0,,qr
nimman,NM-000470,1,2026-01-16 08:12:00,P02,L,1.0,65.0,,qr
nimman,NM-000470,2,2026-01-16 08:12:00,P08,L,1.0,80.0,,qr
nimman,NM-000471,1,2026-01-16 08:15:00,P14,,1.0,85.0,,qr
nimman,NM-000472,1,2026-01-16 08:17:00,P09,L,1.0,60.0,M0214,qr
nimman,NM-000472,2,2026-01-16 08:17:00,P05,M,1.0,70.0,M0214,qr
nimman,NM-000473,1,2026-01-16 08:19:00,P07,S,1.0,45.0,,qr
nimman,NM-000474,1,2026-01-16 08:43:00,P07,M,2.0,55.0,M0113,card
nimman,NM-000474,2,2026-01-16 08:43:00,P13,,1.0,50.0,M0113,card
nimman,NM-000475,1,2026-01-16 08:57:00,P04,M,1.0,65.0,,qr
nimman,NM-000476,1,2026-01-16 09:37:00,P14,,1.0,85.0,,qr
nimman,NM-000477,1,2026-01-16 09:38:00,P03,M,1.0,65.0,M0610,qr
nimman,NM-000478,1,2026-01-16 09:59:00,P12,,1.0,55.0,,qr
nimman,NM-000479,1,2026-01-16 10:12:00,P03,S,2.0,55.0,,qr
nimman,NM-000479,2,2026-01-16 10:12:00,P14,,1.0,85.0,,qr
nimman,NM-000480,1,2026-01-16 10:19:00,P09,M,1.0,50.0,,card
nimman,NM-000480,2,2026-01-16 10:19:00,P12,,1.0,55.0,,card
nimman,NM-000481,1,2026-01-16 10:58:00,P06,S,3.0,65.0,,card
nimman,NM-000481,2,2026-01-16 10:58:00,P12,,1.0,55.0,,card
nimman,NM-000482,1,2026-01-16 11:28:00,P05,S,1.0,60.0,,cash
nimman,NM-000483,1,2026-01-16 11:40:00,P09,S,2.0,40.0,,qr
nimman,NM-000484,1,2026-01-16 11:49:00,P03,M,1.0,65.0,,cash
nimman,NM-000485,1,2026-01-16 12:13:00,P06,M,1.0,75.0,,card
nimman,NM-000486,1,2026-01-16 12:34:00,P10,M,1.0,60.0,M0478,cash
nimman,NM-000487,1,2026-01-16 12:40:00,P07,S,2.0,45.0,,qr
nimman,NM-000488,1,2026-01-16 14:38:00,P12,,1.0,55.0,,qr
nimman,NM-000488,2,2026-01-16 14:38:00,P09,M,1.0,50.0,,qr
nimman,NM-000489,1,2026-01-16 14:40:00,P04,S,1.0,55.0,M0643,cash
nimman,NM-000490,1,2026-01-16 15:01:00,P01,M,1.0,55.0,,qr
nimman,NM-000490,2,2026-01-16 15:01:00,P15,,1.0,75.0,,qr
nimman,NM-000490,3,2026-01-16 15:01:00,P10,S,1.0,50.0,,qr
nimman,NM-000491,1,2026-01-16 15:02:00,P09,S,3.0,40.0,M0624,qr
nimman,NM-000492,1,2026-01-16 15:20:00,P07,S,1.0,45.0,M0230,qr
nimman,NM-000492,2,2026-01-16 15:20:00,P01,L,1.0,65.0,M0230,qr
nimman,NM-000493,1,2026-01-16 16:24:00,P07,M,1.0,55.0,M0604,qr
nimman,NM-000494,1,2026-01-16 16:29:00,P10,M,1.0,60.0,M0634,qr
nimman,NM-000495,1,2026-01-16 18:14:00,P11,M,1.0,60.0,,qr
nimman,NM-000496,1,2026-01-16 18:22:00,P03,S,1.0,55.0,,qr
nimman,NM-000496,2,2026-01-16 18:22:00,P14,,1.0,85.0,,qr
nimman,NM-000497,1,2026-01-16 19:37:00,P10,S,1.0,50.0,M0685,qr
nimman,NM-000498,1,2026-01-16 19:38:00,P10,L,1.0,70.0,,card
nimman,NM-000499,1,2026-01-17 07:14:00,P03,L,2.0,75.0,M0216,qr
nimman,NM-000500,1,2026-01-17 07:18:00,P07,M,1.0,55.0,,cash
nimman,NM-000500,2,2026-01-17 07:18:00,P13,,1.0,50.0,,cash
nimman,NM-000501,1,2026-01-17 07:29:00,P12,,1.0,55.0,M0208,qr
nimman,NM-000502,1,2026-01-17 07:51:00,P10,S,1.0,50.0,,qr
nimman,NM-000502,2,2026-01-17 07:51:00,P15,,1.0,75.0,,qr
nimman,NM-000503,1,2026-01-17 07:58:00,P04,M,1.0,65.0,,cash
nimman,NM-000503,2,2026-01-17 07:58:00,P03,S,1.0,55.0,,cash
nimman,NM-000504,1,2026-01-17 08:56:00,P02,L,1.0,65.0,,qr
nimman,NM-000505,1,2026-01-17 08:57:00,P03,L,1.0,75.0,M0543,cash
nimman,NM-000506,1,2026-01-17 08:58:00,P02,S,1.0,45.0,,qr
nimman,NM-000506,2,2026-01-17 08:58:00,P12,,1.0,55.0,,qr
nimman,NM-000507,1,2026-01-17 09:27:00,P09,S,1.0,40.0,M0354,cash
nimman,NM-000508,1,2026-01-17 09:51:00,P11,S,1.0,50.0,,qr
nimman,NM-000509,1,2026-01-17 09:55:00,P03,M,1.0,65.0,M0660,qr
nimman,NM-000509,2,2026-01-17 09:55:00,P14,,1.0,85.0,M0660,qr
nimman,NM-000510,1,2026-01-17 09:59:00,P02,M,1.0,55.0,M0694,qr
nimman,NM-000511,1,2026-01-17 10:08:00,P07,S,1.0,45.0,M0702,qr
nimman,NM-000511,2,2026-01-17 10:08:00,P13,,1.0,50.0,M0702,qr
nimman,NM-000512,1,2026-01-17 10:16:00,P03,L,1.0,75.0,,qr
nimman,NM-000513,1,2026-01-17 10:29:00,P08,S,2.0,60.0,,card
nimman,NM-000513,2,2026-01-17 10:29:00,P14,,1.0,85.0,,card
nimman,NM-000514,1,2026-01-17 10:32:00,P03,S,2.0,55.0,,qr
nimman,NM-000514,2,2026-01-17 10:32:00,P05,M,1.0,70.0,,qr
nimman,NM-000515,1,2026-01-17 10:43:00,P07,S,1.0,45.0,,card
nimman,NM-000515,2,2026-01-17 10:43:00,P15,,1.0,75.0,,card
nimman,NM-000516,1,2026-01-17 10:44:00,P03,M,1.0,65.0,M0069,qr
nimman,NM-000516,2,2026-01-17 10:44:00,P14,,1.0,85.0,M0069,qr
nimman,NM-000517,1,2026-01-17 11:34:00,P03,S,1.0,55.0,,qr
nimman,NM-000518,1,2026-01-17 11:45:00,P07,L,1.0,65.0,M0149,cash
nimman,NM-000519,1,2026-01-17 11:50:00,P06,L,1.0,85.0,,card
nimman,NM-000520,1,2026-01-17 12:16:00,P02,S,1.0,45.0,,qr
nimman,NM-000520,2,2026-01-17 12:16:00,P12,,1.0,55.0,,qr
nimman,NM-000521,1,2026-01-17 12:24:00,P15,,1.0,75.0,M0342,card
nimman,NM-000522,1,2026-01-17 12:46:00,P02,M,1.0,55.0,,cash
nimman,NM-000522,2,2026-01-17 12:46:00,P05,M,1.0,70.0,,cash
nimman,NM-000523,1,2026-01-17 12:50:00,P06,S,2.0,65.0,,qr
nimman,NM-000524,1,2026-01-17 13:33:00,P15,,1.0,75.0,M0219,qr
nimman,NM-000525,1,2026-01-17 13:44:00,P07,M,1.0,55.0,M0204,qr
nimman,NM-000525,2,2026-01-17 13:44:00,P13,,1.0,50.0,M0204,qr
nimman,NM-000526,1,2026-01-17 15:29:00,P13,,1.0,50.0,,cash
nimman,NM-000527,1,2026-01-17 15:30:00,P06,M,1.0,75.0,,qr
nimman,NM-000528,1,2026-01-17 15:35:00,P03,M,1.0,65.0,,qr
nimman,NM-000529,1,2026-01-17 15:41:00,P15,,1.0,75.0,,cash
nimman,NM-000530,1,2026-01-17 15:43:00,P08,S,1.0,60.0,,cash
nimman,NM-000531,1,2026-01-17 15:58:00,P01,L,2.0,65.0,M0214,qr
nimman,NM-000531,2,2026-01-17 15:58:00,P15,,1.0,75.0,M0214,qr
nimman,NM-000532,1,2026-01-17 16:06:00,P03,M,1.0,65.0,M0118,qr
nimman,NM-000533,1,2026-01-17 16:53:00,P12,,1.0,55.0,M0407,qr
nimman,NM-000534,1,2026-01-17 17:13:00,P03,S,1.0,55.0,M0390,card
nimman,NM-000535,1,2026-01-17 17:24:00,P04,M,1.0,65.0,,qr
nimman,NM-000536,1,2026-01-17 17:41:00,P07,S,1.0,45.0,,qr
nimman,NM-000536,2,2026-01-17 17:41:00,P13,,1.0,50.0,,qr
nimman,NM-000537,1,2026-01-17 17:42:00,P12,,1.0,55.0,,cash
nimman,NM-000538,1,2026-01-17 17:48:00,P10,M,1.0,60.0,,qr
nimman,NM-000539,1,2026-01-17 18:30:00,P07,S,1.0,45.0,,qr
nimman,NM-000539,2,2026-01-17 18:30:00,P13,,1.0,50.0,,qr
nimman,NM-000540,1,2026-01-17 18:55:00,P08,M,1.0,70.0,M0314,cash
nimman,NM-000540,2,2026-01-17 18:55:00,P13,,1.0,50.0,M0314,cash
nimman,NM-000541,1,2026-01-17 19:50:00,P05,S,1.0,60.0,,cash
nimman,NM-000542,1,2026-01-18 07:04:00,P04,S,3.0,55.0,,qr
nimman,NM-000543,1,2026-01-18 07:07:00,P15,,1.0,75.0,,qr
nimman,NM-000544,1,2026-01-18 07:27:00,P03,M,3.0,65.0,,card
nimman,NM-000544,2,2026-01-18 07:27:00,P14,,1.0,85.0,,card
nimman,NM-000545,1,2026-01-18 08:23:00,P04,L,2.0,75.0,M0268,cash
nimman,NM-000546,1,2026-01-18 08:47:00,P02,M,1.0,55.0,,cash
nimman,NM-000546,2,2026-01-18 08:47:00,P01,S,1.0,45.0,,cash
nimman,NM-000547,1,2026-01-18 09:01:00,P07,S,1.0,45.0,,qr
nimman,NM-000548,1,2026-01-18 09:10:00,P03,M,1.0,65.0,M0092,qr
nimman,NM-000549,1,2026-01-18 09:14:00,P07,L,1.0,65.0,,card
nimman,NM-000549,2,2026-01-18 09:14:00,P13,,1.0,50.0,,card
nimman,NM-000550,1,2026-01-18 09:22:00,P03,M,1.0,65.0,,cash
nimman,NM-000551,1,2026-01-18 09:43:00,P13,,1.0,50.0,M0641,card
nimman,NM-000552,1,2026-01-18 09:47:00,P03,L,1.0,75.0,,qr
nimman,NM-000553,1,2026-01-18 09:59:00,P03,S,1.0,55.0,M0503,qr
nimman,NM-000553,2,2026-01-18 09:59:00,P14,,1.0,85.0,M0503,qr
nimman,NM-000554,1,2026-01-18 10:04:00,P06,M,1.0,75.0,,qr
nimman,NM-000555,1,2026-01-18 10:32:00,P04,L,1.0,75.0,M0793,qr
nimman,NM-000556,1,2026-01-18 11:16:00,P11,S,1.0,50.0,,qr
nimman,NM-000557,1,2026-01-18 11:17:00,P02,S,1.0,45.0,,card
nimman,NM-000558,1,2026-01-18 11:29:00,P04,S,1.0,55.0,M0111,card
nimman,NM-000558,2,2026-01-18 11:29:00,P05,M,1.0,70.0,M0111,card
nimman,NM-000559,1,2026-01-18 11:49:00,P06,M,2.0,75.0,M0372,card
nimman,NM-000560,1,2026-01-18 12:20:00,P08,L,2.0,80.0,,card
nimman,NM-000561,1,2026-01-18 12:47:00,P02,M,1.0,55.0,,cash
nimman,NM-000561,2,2026-01-18 12:47:00,P12,,1.0,55.0,,cash
nimman,NM-000562,1,2026-01-18 14:55:00,P03,M,1.0,65.0,,qr
nimman,NM-000563,1,2026-01-18 15:26:00,P07,S,1.0,45.0,,cash
nimman,NM-000563,2,2026-01-18 15:26:00,P13,,1.0,50.0,,cash
nimman,NM-000564,1,2026-01-18 15:32:00,P05,M,1.0,70.0,,cash
nimman,NM-000565,1,2026-01-18 15:47:00,P13,,1.0,50.0,,qr
nimman,NM-000566,1,2026-01-18 17:08:00,P15,,1.0,75.0,,card
nimman,NM-000567,1,2026-01-18 17:14:00,P13,,1.0,50.0,,cash
nimman,NM-000568,1,2026-01-18 17:48:00,P12,,1.0,55.0,M0263,qr
nimman,NM-000569,1,2026-01-18 18:39:00,P01,L,1.0,65.0,,qr
nimman,NM-000569,2,2026-01-18 18:39:00,P15,,1.0,75.0,,qr
nimman,NM-000570,1,2026-01-18 18:41:00,P10,L,1.0,70.0,,cash
nimman,NM-000571,1,2026-01-18 18:55:00,P10,M,1.0,60.0,,qr
nimman,NM-000572,1,2026-01-18 19:08:00,P07,M,1.0,55.0,M0027,qr
nimman,NM-000572,2,2026-01-18 19:08:00,P13,,1.0,50.0,M0027,qr
nimman,NM-000572,3,2026-01-18 19:08:00,P04,M,1.0,65.0,M0027,qr
nimman,NM-000573,1,2026-01-18 19:27:00,P07,M,1.0,55.0,,qr
nimman,NM-000573,2,2026-01-18 19:27:00,P13,,1.0,50.0,,qr
nimman,NM-000574,1,2026-01-19 07:35:00,P09,L,1.0,60.0,,qr
nimman,NM-000575,1,2026-01-19 07:37:00,P10,L,1.0,70.0,,qr
nimman,NM-000576,1,2026-01-19 07:43:00,P14,,1.0,85.0,,qr
nimman,NM-000577,1,2026-01-19 07:51:00,P11,M,3.0,60.0,,cash
nimman,NM-000578,1,2026-01-19 09:06:00,P06,M,1.0,75.0,,qr
nimman,NM-000578,2,2026-01-19 09:06:00,P13,,1.0,50.0,,qr
nimman,NM-000579,1,2026-01-19 09:47:00,P07,M,1.0,55.0,,qr
nimman,NM-000579,2,2026-01-19 09:47:00,P13,,1.0,50.0,,qr
nimman,NM-000580,1,2026-01-19 09:57:00,P06,M,1.0,75.0,,qr
nimman,NM-000580,2,2026-01-19 09:57:00,P05,L,1.0,80.0,,qr
nimman,NM-000581,1,2026-01-19 10:01:00,P01,L,1.0,65.0,,qr
nimman,NM-000582,1,2026-01-19 10:05:00,P04,M,2.0,65.0,M0315,qr
nimman,NM-000583,1,2026-01-19 10:15:00,P05,M,1.0,70.0,M0550,card
nimman,NM-000584,1,2026-01-19 10:28:00,P06,M,1.0,75.0,,qr
nimman,NM-000585,1,2026-01-19 10:31:00,P02,M,1.0,55.0,M0209,qr
nimman,NM-000586,1,2026-01-19 11:12:00,P13,,1.0,50.0,M0248,qr
nimman,NM-000587,1,2026-01-19 11:33:00,P04,M,1.0,65.0,,qr
nimman,NM-000587,2,2026-01-19 11:33:00,P01,M,1.0,55.0,,qr
nimman,NM-000588,1,2026-01-19 11:40:00,P03,M,2.0,65.0,,card
nimman,NM-000589,1,2026-01-19 12:25:00,P10,L,1.0,70.0,M0275,cash
nimman,NM-000590,1,2026-01-19 12:48:00,P04,M,1.0,65.0,,qr
nimman,NM-000591,1,2026-01-19 12:52:00,P13,,1.0,50.0,M0112,qr
nimman,NM-000592,1,2026-01-19 12:58:00,P09,S,1.0,40.0,M0289,qr
nimman,NM-000592,2,2026-01-19 12:58:00,P12,,1.0,55.0,M0289,qr
nimman,NM-000593,1,2026-01-19 14:18:00,P03,S,3.0,55.0,M0432,qr
nimman,NM-000593,2,2026-01-19 14:18:00,P14,,1.0,85.0,M0432,qr
nimman,NM-000594,1,2026-01-19 14:21:00,P10,S,2.0,50.0,,cash
nimman,NM-000594,2,2026-01-19 14:21:00,P13,,1.0,50.0,,cash
nimman,NM-000595,1,2026-01-19 14:34:00,P08,S,1.0,60.0,,cash
nimman,NM-000596,1,2026-01-19 15:00:00,P09,S,1.0,40.0,M0535,card
nimman,NM-000597,1,2026-01-19 15:04:00,P03,L,1.0,75.0,M0718,card
nimman,NM-000597,2,2026-01-19 15:04:00,P14,,1.0,85.0,M0718,card
nimman,NM-000598,1,2026-01-19 15:09:00,P02,L,1.0,65.0,,cash
nimman,NM-000599,1,2026-01-19 15:12:00,P12,,1.0,55.0,M0800,qr
nimman,NM-000600,1,2026-01-19 16:31:00,P13,,1.0,50.0,,card
nimman,NM-000601,1,2026-01-19 17:00:00,P11,M,1.0,60.0,M0233,qr
nimman,NM-000602,1,2026-01-19 19:13:00,P09,M,1.0,50.0,,qr
nimman,NM-000603,1,2026-01-20 07:54:00,P02,M,1.0,55.0,,card
nimman,NM-000603,2,2026-01-20 07:54:00,P12,,1.0,55.0,,card
nimman,NM-000604,1,2026-01-20 07:58:00,P02,M,1.0,55.0,M0522,qr
nimman,NM-000604,2,2026-01-20 07:58:00,P12,,1.0,55.0,M0522,qr
nimman,NM-000605,1,2026-01-20 08:07:00,P03,M,1.0,65.0,,qr
nimman,NM-000605,2,2026-01-20 08:07:00,P14,,1.0,85.0,,qr
nimman,NM-000606,1,2026-01-20 08:18:00,P12,,2.0,55.0,,qr
nimman,NM-000607,1,2026-01-20 08:21:00,P12,,3.0,55.0,,qr
nimman,NM-000608,1,2026-01-20 08:44:00,P11,M,1.0,60.0,M0669,cash
nimman,NM-000608,2,2026-01-20 08:44:00,P13,,1.0,50.0,M0669,cash
nimman,NM-000609,1,2026-01-20 08:46:00,P03,M,1.0,65.0,,qr
nimman,NM-000609,2,2026-01-20 08:46:00,P07,M,1.0,55.0,,qr
nimman,NM-000610,1,2026-01-20 08:50:00,P02,M,2.0,55.0,,qr
nimman,NM-000610,2,2026-01-20 08:50:00,P12,,1.0,55.0,,qr
nimman,NM-000611,1,2026-01-20 09:02:00,P02,S,1.0,45.0,M0032,qr
nimman,NM-000612,1,2026-01-20 09:04:00,P13,,3.0,50.0,M0363,qr
nimman,NM-000613,1,2026-01-20 09:41:00,P03,S,1.0,55.0,,qr
nimman,NM-000613,2,2026-01-20 09:41:00,P14,,1.0,85.0,,qr
nimman,NM-000614,1,2026-01-20 09:41:00,P10,M,1.0,60.0,M0618,card
nimman,NM-000615,1,2026-01-20 10:39:00,P12,,2.0,55.0,M0265,qr
nimman,NM-000616,1,2026-01-20 10:41:00,P12,,1.0,55.0,,card
nimman,NM-000617,1,2026-01-20 10:45:00,P05,L,1.0,80.0,,cash
nimman,NM-000617,2,2026-01-20 10:45:00,P15,,1.0,75.0,,cash
nimman,NM-000618,1,2026-01-20 11:00:00,P05,S,1.0,60.0,,qr
nimman,NM-000619,1,2026-01-20 11:12:00,P02,M,1.0,55.0,M0367,cash
nimman,NM-000619,2,2026-01-20 11:12:00,P12,,1.0,55.0,M0367,cash
nimman,NM-000620,1,2026-01-20 11:29:00,P03,L,1.0,75.0,,card
nimman,NM-000620,2,2026-01-20 11:29:00,P14,,1.0,85.0,,card
nimman,NM-000621,1,2026-01-20 11:59:00,P02,M,1.0,55.0,,cash
nimman,NM-000621,2,2026-01-20 11:59:00,P12,,1.0,55.0,,cash
nimman,NM-000621,3,2026-01-20 11:59:00,P03,M,1.0,65.0,,cash
nimman,NM-000622,1,2026-01-20 12:12:00,P13,,1.0,50.0,M0437,card
nimman,NM-000623,1,2026-01-20 13:35:00,P03,L,1.0,75.0,,qr
nimman,NM-000624,1,2026-01-20 14:20:00,P13,,1.0,50.0,,cash
nimman,NM-000625,1,2026-01-20 15:02:00,P15,,1.0,75.0,M0199,qr
nimman,NM-000626,1,2026-01-20 15:56:00,P03,L,2.0,75.0,M0541,qr
nimman,NM-000626,2,2026-01-20 15:56:00,P01,M,1.0,55.0,M0541,qr
nimman,NM-000627,1,2026-01-20 16:22:00,P01,M,1.0,55.0,,qr
nimman,NM-000627,2,2026-01-20 16:22:00,P15,,1.0,75.0,,qr
nimman,NM-000628,1,2026-01-20 16:23:00,P09,M,1.0,50.0,,card
nimman,NM-000629,1,2026-01-20 16:54:00,P14,,1.0,85.0,M0370,card
nimman,NM-000630,1,2026-01-20 17:26:00,P12,,1.0,55.0,M0105,cash
nimman,NM-000631,1,2026-01-20 17:37:00,P11,L,1.0,70.0,,card
nimman,NM-000631,2,2026-01-20 17:37:00,P13,,1.0,50.0,,card
nimman,NM-000632,1,2026-01-21 08:17:00,P14,,1.0,85.0,,qr
nimman,NM-000633,1,2026-01-21 08:33:00,P10,L,1.0,70.0,,cash
nimman,NM-000633,2,2026-01-21 08:33:00,P04,L,1.0,75.0,,cash
nimman,NM-000634,1,2026-01-21 08:37:00,P05,M,1.0,70.0,M0716,card
nimman,NM-000635,1,2026-01-21 08:44:00,P07,M,1.0,55.0,,cash
nimman,NM-000636,1,2026-01-21 09:03:00,P03,S,1.0,55.0,,qr
nimman,NM-000636,2,2026-01-21 09:03:00,P15,,1.0,75.0,,qr
nimman,NM-000636,3,2026-01-21 09:03:00,P10,L,1.0,70.0,,qr
nimman,NM-000637,1,2026-01-21 09:13:00,P05,S,1.0,60.0,,qr
nimman,NM-000637,2,2026-01-21 09:13:00,P03,S,1.0,55.0,,qr
nimman,NM-000638,1,2026-01-21 09:40:00,P10,L,1.0,70.0,,cash
nimman,NM-000639,1,2026-01-21 10:10:00,P04,L,2.0,75.0,,qr
nimman,NM-000639,2,2026-01-21 10:10:00,P15,,1.0,75.0,,qr
nimman,NM-000640,1,2026-01-21 10:18:00,P08,L,1.0,80.0,,cash
nimman,NM-000640,2,2026-01-21 10:18:00,P03,M,1.0,65.0,,cash
nimman,NM-000641,1,2026-01-21 10:27:00,P12,,1.0,55.0,,qr
nimman,NM-000641,2,2026-01-21 10:27:00,P02,M,1.0,55.0,,qr
nimman,NM-000642,1,2026-01-21 10:29:00,P04,S,1.0,55.0,,cash
nimman,NM-000643,1,2026-01-21 10:38:00,P01,M,1.0,55.0,,qr
nimman,NM-000643,2,2026-01-21 10:38:00,P15,,1.0,75.0,,qr
nimman,NM-000644,1,2026-01-21 10:41:00,P01,L,1.0,65.0,M0777,cash
nimman,NM-000644,2,2026-01-21 10:41:00,P15,,1.0,75.0,M0777,cash
nimman,NM-000645,1,2026-01-21 11:10:00,P01,M,1.0,55.0,M0759,qr
nimman,NM-000646,1,2026-01-21 11:13:00,P05,M,1.0,70.0,,qr
nimman,NM-000647,1,2026-01-21 11:29:00,P03,M,1.0,65.0,M0784,qr
nimman,NM-000648,1,2026-01-21 11:44:00,P14,,1.0,85.0,M0442,cash
nimman,NM-000649,1,2026-01-21 12:04:00,P06,M,1.0,75.0,,card
nimman,NM-000650,1,2026-01-21 12:13:00,P08,L,2.0,80.0,,card
nimman,NM-000651,1,2026-01-21 12:38:00,P07,L,1.0,65.0,,qr
nimman,NM-000651,2,2026-01-21 12:38:00,P13,,1.0,50.0,,qr
nimman,NM-000652,1,2026-01-21 12:50:00,P12,,1.0,55.0,,card
nimman,NM-000653,1,2026-01-21 12:59:00,P01,L,1.0,65.0,M0111,qr
nimman,NM-000653,2,2026-01-21 12:59:00,P12,,1.0,55.0,M0111,qr
nimman,NM-000654,1,2026-01-21 13:27:00,P13,,2.0,50.0,M0256,card
nimman,NM-000654,2,2026-01-21 13:27:00,P15,,1.0,75.0,M0256,card
nimman,NM-000655,1,2026-01-21 13:40:00,P13,,1.0,50.0,,qr
nimman,NM-000656,1,2026-01-21 14:22:00,P03,M,1.0,65.0,M0731,qr
nimman,NM-000656,2,2026-01-21 14:22:00,P14,,1.0,85.0,M0731,qr
nimman,NM-000657,1,2026-01-21 14:28:00,P08,M,2.0,70.0,M0010,qr
nimman,NM-000658,1,2026-01-21 15:49:00,P11,S,1.0,50.0,M0776,qr
nimman,NM-000659,1,2026-01-21 16:30:00,P07,L,2.0,65.0,,cash
nimman,NM-000659,2,2026-01-21 16:30:00,P13,,1.0,50.0,,cash
nimman,NM-000660,1,2026-01-21 16:38:00,P04,M,1.0,65.0,,card
nimman,NM-000660,2,2026-01-21 16:38:00,P02,S,1.0,45.0,,card
nimman,NM-000661,1,2026-01-22 07:36:00,P15,,1.0,75.0,M0761,qr
nimman,NM-000662,1,2026-01-22 07:49:00,P02,M,3.0,55.0,,qr
nimman,NM-000663,1,2026-01-22 08:14:00,P02,L,2.0,65.0,M0372,card
nimman,NM-000664,1,2026-01-22 08:23:00,P14,,1.0,85.0,M0623,cash
nimman,NM-000665,1,2026-01-22 09:44:00,P05,L,1.0,80.0,,qr
nimman,NM-000665,2,2026-01-22 09:44:00,P13,,1.0,50.0,,qr
nimman,NM-000666,1,2026-01-22 09:52:00,P05,L,2.0,80.0,,qr
nimman,NM-000666,2,2026-01-22 09:52:00,P13,,1.0,50.0,,qr
nimman,NM-000667,1,2026-01-22 10:03:00,P02,M,1.0,55.0,M0443,qr
nimman,NM-000667,2,2026-01-22 10:03:00,P13,,1.0,50.0,M0443,qr
nimman,NM-000668,1,2026-01-22 10:23:00,P05,L,1.0,80.0,M0166,qr
nimman,NM-000669,1,2026-01-22 10:52:00,P03,L,1.0,75.0,M0605,cash
nimman,NM-000670,1,2026-01-22 11:23:00,P06,M,1.0,75.0,M0158,cash
nimman,NM-000671,1,2026-01-22 11:30:00,P04,L,1.0,75.0,,qr
nimman,NM-000672,1,2026-01-22 11:43:00,P06,S,1.0,65.0,M0268,qr
nimman,NM-000672,2,2026-01-22 11:43:00,P03,M,1.0,65.0,M0268,qr
nimman,NM-000673,1,2026-01-22 12:02:00,P03,M,2.0,65.0,,qr
nimman,NM-000674,1,2026-01-22 12:06:00,P07,M,1.0,55.0,M0749,card
nimman,NM-000675,1,2026-01-22 12:22:00,P02,L,2.0,65.0,,cash
nimman,NM-000675,2,2026-01-22 12:22:00,P12,,1.0,55.0,,cash
nimman,NM-000676,1,2026-01-22 12:29:00,P05,M,1.0,70.0,,qr
nimman,NM-000677,1,2026-01-22 14:07:00,P02,L,1.0,65.0,,qr
nimman,NM-000677,2,2026-01-22 14:07:00,P12,,1.0,55.0,,qr
nimman,NM-000678,1,2026-01-22 14:10:00,P07,S,1.0,45.0,M0692,card
nimman,NM-000679,1,2026-01-22 15:05:00,P10,S,1.0,50.0,,cash
nimman,NM-000680,1,2026-01-22 15:33:00,P02,L,1.0,65.0,M0219,qr
nimman,NM-000680,2,2026-01-22 15:33:00,P08,L,1.0,80.0,M0219,qr
nimman,NM-000681,1,2026-01-22 15:51:00,P10,L,1.0,70.0,,qr
nimman,NM-000682,1,2026-01-22 16:53:00,P01,M,1.0,55.0,M0471,qr
nimman,NM-000683,1,2026-01-22 17:22:00,P07,M,1.0,55.0,,qr
nimman,NM-000683,2,2026-01-22 17:22:00,P13,,1.0,50.0,,qr
nimman,NM-000684,1,2026-01-22 17:38:00,P07,S,1.0,45.0,,qr
nimman,NM-000684,2,2026-01-22 17:38:00,P04,L,1.0,75.0,,qr
nimman,NM-000685,1,2026-01-22 19:01:00,P10,S,1.0,50.0,M0382,cash
nimman,NM-000686,1,2026-01-22 19:15:00,P07,S,1.0,45.0,,qr
nimman,NM-000687,1,2026-01-22 19:26:00,P10,M,3.0,60.0,,cash
nimman,NM-000688,1,2026-01-22 19:49:00,P01,L,1.0,65.0,M0702,qr
nimman,NM-000688,2,2026-01-22 19:49:00,P14,,1.0,85.0,M0702,qr
nimman,NM-000688,3,2026-01-22 19:49:00,P15,,1.0,75.0,M0702,qr
nimman,NM-000689,1,2026-01-23 08:14:00,P03,L,1.0,75.0,,qr
nimman,NM-000689,2,2026-01-23 08:14:00,P14,,1.0,85.0,,qr
nimman,NM-000690,1,2026-01-23 08:16:00,P02,M,1.0,55.0,,qr
nimman,NM-000691,1,2026-01-23 08:25:00,P07,M,22.0,55.0,,card
nimman,NM-000692,1,2026-01-23 08:31:00,P05,S,2.0,60.0,M0382,qr
nimman,NM-000693,1,2026-01-23 09:13:00,P13,,1.0,50.0,M0644,qr
nimman,NM-000693,2,2026-01-23 09:13:00,P09,M,1.0,50.0,M0644,qr
nimman,NM-000694,1,2026-01-23 09:23:00,P02,M,3.0,55.0,,qr
nimman,NM-000695,1,2026-01-23 09:33:00,P02,M,1.0,55.0,M0301,qr
nimman,NM-000695,2,2026-01-23 09:33:00,P12,,1.0,55.0,M0301,qr
nimman,NM-000695,3,2026-01-23 09:33:00,P04,L,1.0,75.0,M0301,qr
nimman,NM-000696,1,2026-01-23 09:39:00,P03,M,1.0,65.0,,cash
nimman,NM-000696,2,2026-01-23 09:39:00,P02,M,1.0,55.0,,cash
nimman,NM-000697,1,2026-01-23 10:13:00,P05,S,2.0,60.0,M0155,card
nimman,NM-000698,1,2026-01-23 10:38:00,P03,S,1.0,55.0,,qr
nimman,NM-000699,1,2026-01-23 11:18:00,P06,L,1.0,85.0,M0367,card
nimman,NM-000700,1,2026-01-23 11:38:00,P03,M,1.0,65.0,,cash
nimman,NM-000700,2,2026-01-23 11:38:00,P01,M,1.0,55.0,,cash
nimman,NM-000701,1,2026-01-23 11:52:00,P06,M,1.0,75.0,M0731,qr
nimman,NM-000702,1,2026-01-23 12:17:00,P08,L,1.0,80.0,,cash
nimman,NM-000703,1,2026-01-23 14:40:00,P14,,1.0,85.0,,qr
nimman,NM-000704,1,2026-01-23 14:41:00,P02,M,1.0,55.0,M0467,qr
nimman,NM-000704,2,2026-01-23 14:41:00,P12,,1.0,55.0,M0467,qr
nimman,NM-000705,1,2026-01-23 14:54:00,P07,M,1.0,55.0,M0543,qr
nimman,NM-000705,2,2026-01-23 14:54:00,P13,,1.0,50.0,M0543,qr
nimman,NM-000706,1,2026-01-23 15:02:00,P06,S,1.0,65.0,M0510,card
nimman,NM-000707,1,2026-01-23 15:36:00,P11,M,2.0,60.0,M0092,cash
nimman,NM-000708,1,2026-01-23 16:23:00,P07,S,2.0,45.0,M0222,qr
nimman,NM-000708,2,2026-01-23 16:23:00,P13,,1.0,50.0,M0222,qr
nimman,NM-000709,1,2026-01-23 17:00:00,P13,,1.0,50.0,,qr
nimman,NM-000710,1,2026-01-23 17:17:00,P15,,1.0,75.0,,qr
nimman,NM-000711,1,2026-01-23 17:30:00,P07,M,1.0,55.0,,cash
nimman,NM-000712,1,2026-01-23 17:33:00,P07,L,1.0,65.0,M0718,card
nimman,NM-000712,2,2026-01-23 17:33:00,P15,,1.0,75.0,M0718,card
nimman,NM-000712,3,2026-01-23 17:33:00,P05,L,1.0,80.0,M0718,card
nimman,NM-000713,1,2026-01-23 17:44:00,P05,M,3.0,70.0,,card
nimman,NM-000714,1,2026-01-23 17:59:00,P08,M,3.0,70.0,,cash
nimman,NM-000714,2,2026-01-23 17:59:00,P07,S,1.0,45.0,,cash
nimman,NM-000715,1,2026-01-23 18:56:00,P15,,1.0,75.0,,cash
nimman,NM-000716,1,2026-01-24 07:24:00,P09,L,1.0,60.0,,qr
nimman,NM-000717,1,2026-01-24 07:46:00,P03,M,1.0,65.0,M0657,qr
nimman,NM-000717,2,2026-01-24 07:46:00,P06,S,1.0,65.0,M0657,qr
nimman,NM-000718,1,2026-01-24 08:31:00,P13,,1.0,50.0,M0553,qr
nimman,NM-000719,1,2026-01-24 08:48:00,P03,M,1.0,65.0,M0413,qr
nimman,NM-000720,1,2026-01-24 09:13:00,P08,L,1.0,80.0,,cash
nimman,NM-000721,1,2026-01-24 09:23:00,P03,M,1.0,65.0,,qr
nimman,NM-000721,2,2026-01-24 09:23:00,P01,M,1.0,55.0,,qr
nimman,NM-000722,1,2026-01-24 09:55:00,P04,L,1.0,75.0,,card
nimman,NM-000723,1,2026-01-24 10:10:00,P09,L,2.0,60.0,M0491,qr
nimman,NM-000724,1,2026-01-24 10:13:00,P13,,1.0,50.0,,cash
nimman,NM-000725,1,2026-01-24 10:18:00,P01,M,2.0,55.0,M0316,card
nimman,NM-000726,1,2026-01-24 10:31:00,P03,M,1.0,65.0,,cash
nimman,NM-000726,2,2026-01-24 10:31:00,P14,,1.0,85.0,,cash
nimman,NM-000727,1,2026-01-24 10:37:00,P03,L,2.0,75.0,M0289,qr
nimman,NM-000727,2,2026-01-24 10:37:00,P14,,1.0,85.0,M0289,qr
nimman,NM-000728,1,2026-01-24 10:55:00,P14,,1.0,85.0,M0005,qr
nimman,NM-000729,1,2026-01-24 11:13:00,P02,L,1.0,65.0,,qr
nimman,NM-000729,2,2026-01-24 11:13:00,P15,,1.0,75.0,,qr
nimman,NM-000730,1,2026-01-24 11:18:00,P02,L,1.0,65.0,M0511,card
nimman,NM-000730,2,2026-01-24 11:18:00,P12,,1.0,55.0,M0511,card
nimman,NM-000731,1,2026-01-24 11:33:00,P08,M,1.0,70.0,M0587,cash
nimman,NM-000732,1,2026-01-24 12:02:00,P10,M,1.0,60.0,,qr
nimman,NM-000733,1,2026-01-24 12:08:00,P13,,1.0,50.0,M0385,qr
nimman,NM-000734,1,2026-01-24 13:07:00,P02,L,1.0,65.0,M0522,qr
nimman,NM-000734,2,2026-01-24 13:07:00,P12,,1.0,55.0,M0522,qr
nimman,NM-000734,3,2026-01-24 13:07:00,P15,,1.0,75.0,M0522,qr
nimman,NM-000735,1,2026-01-24 13:18:00,P07,L,1.0,65.0,,qr
nimman,NM-000735,2,2026-01-24 13:18:00,P13,,1.0,50.0,,qr
nimman,NM-000735,3,2026-01-24 13:18:00,P05,M,1.0,70.0,,qr
nimman,NM-000736,1,2026-01-24 14:12:00,P07,M,1.0,55.0,M0369,qr
nimman,NM-000736,2,2026-01-24 14:12:00,P13,,1.0,50.0,M0369,qr
nimman,NM-000737,1,2026-01-24 14:38:00,P07,S,1.0,45.0,,qr
nimman,NM-000737,2,2026-01-24 14:38:00,P13,,1.0,50.0,,qr
nimman,NM-000738,1,2026-01-24 14:47:00,P10,S,1.0,50.0,,cash
nimman,NM-000739,1,2026-01-24 15:40:00,P06,M,1.0,75.0,M0627,qr
nimman,NM-000740,1,2026-01-24 16:00:00,P03,M,2.0,65.0,,qr
nimman,NM-000740,2,2026-01-24 16:00:00,P14,,1.0,85.0,,qr
nimman,NM-000741,1,2026-01-24 16:07:00,P04,M,1.0,65.0,M0094,cash
nimman,NM-000742,1,2026-01-24 16:42:00,P08,M,1.0,70.0,,qr
nimman,NM-000743,1,2026-01-24 16:54:00,P14,,1.0,85.0,,qr
nimman,NM-000744,1,2026-01-24 17:12:00,P13,,1.0,50.0,,card
nimman,NM-000745,1,2026-01-24 17:47:00,P14,,1.0,85.0,,qr
nimman,NM-000746,1,2026-01-24 18:25:00,P14,,1.0,85.0,,card
nimman,NM-000747,1,2026-01-24 18:35:00,P07,S,2.0,45.0,,cash
nimman,NM-000748,1,2026-01-24 18:37:00,P08,M,1.0,70.0,,qr
nimman,NM-000749,1,2026-01-25 07:07:00,P07,M,1.0,55.0,,qr
nimman,NM-000750,1,2026-01-25 07:56:00,P10,M,1.0,60.0,,card
nimman,NM-000751,1,2026-01-25 08:13:00,P07,M,1.0,55.0,M0793,qr
nimman,NM-000751,2,2026-01-25 08:13:00,P13,,1.0,50.0,M0793,qr
nimman,NM-000752,1,2026-01-25 08:34:00,P06,L,1.0,85.0,,cash
nimman,NM-000753,1,2026-01-25 08:39:00,P03,L,2.0,75.0,,card
nimman,NM-000753,2,2026-01-25 08:39:00,P06,M,1.0,75.0,,card
nimman,NM-000754,1,2026-01-25 08:57:00,P07,M,1.0,55.0,,cash
nimman,NM-000754,2,2026-01-25 08:57:00,P13,,1.0,50.0,,cash
nimman,NM-000755,1,2026-01-25 09:27:00,P03,M,1.0,65.0,,card
nimman,NM-000755,2,2026-01-25 09:27:00,P14,,1.0,85.0,,card
nimman,NM-000756,1,2026-01-25 09:37:00,P07,L,2.0,65.0,,qr
nimman,NM-000756,2,2026-01-25 09:37:00,P13,,1.0,50.0,,qr
nimman,NM-000757,1,2026-01-25 09:42:00,P07,L,1.0,65.0,M0577,qr
nimman,NM-000757,2,2026-01-25 09:42:00,P13,,1.0,50.0,M0577,qr
nimman,NM-000758,1,2026-01-25 09:53:00,P02,S,1.0,45.0,M0415,cash
nimman,NM-000759,1,2026-01-25 09:56:00,P02,L,1.0,65.0,,qr
nimman,NM-000759,2,2026-01-25 09:56:00,P12,,1.0,55.0,,qr
nimman,NM-000760,1,2026-01-25 10:36:00,P02,L,1.0,65.0,M0569,qr
nimman,NM-000761,1,2026-01-25 10:50:00,P02,L,1.0,65.0,M0739,card
nimman,NM-000761,2,2026-01-25 10:50:00,P12,,1.0,55.0,M0739,card
nimman,NM-000761,3,2026-01-25 10:50:00,P04,S,1.0,55.0,M0739,card
nimman,NM-000762,1,2026-01-25 10:57:00,P04,M,1.0,65.0,M0223,cash
nimman,NM-000763,1,2026-01-25 11:05:00,P02,M,1.0,55.0,M0451,qr
nimman,NM-000763,2,2026-01-25 11:05:00,P12,,1.0,55.0,M0451,qr
nimman,NM-000764,1,2026-01-25 11:08:00,P05,L,1.0,80.0,,qr
nimman,NM-000765,1,2026-01-25 11:17:00,P02,L,1.0,65.0,M0672,card
nimman,NM-000766,1,2026-01-25 11:49:00,P14,,1.0,85.0,M0496,qr
nimman,NM-000767,1,2026-01-25 12:05:00,P03,S,2.0,55.0,,qr
nimman,NM-000768,1,2026-01-25 13:47:00,P13,,2.0,50.0,,card
nimman,NM-000769,1,2026-01-25 13:50:00,P14,,1.0,85.0,M0712,card
nimman,NM-000770,1,2026-01-25 14:11:00,P11,M,1.0,60.0,,qr
nimman,NM-000771,1,2026-01-25 14:23:00,P08,M,1.0,70.0,,qr
nimman,NM-000772,1,2026-01-25 15:33:00,P07,M,1.0,55.0,,card
nimman,NM-000772,2,2026-01-25 15:33:00,P13,,1.0,50.0,,card
nimman,NM-000773,1,2026-01-25 16:09:00,P03,M,2.0,65.0,,qr
nimman,NM-000773,2,2026-01-25 16:09:00,P14,,1.0,85.0,,qr
nimman,NM-000774,1,2026-01-25 16:23:00,P15,,1.0,75.0,M0107,card
nimman,NM-000775,1,2026-01-25 16:32:00,P04,M,1.0,65.0,,cash
nimman,NM-000776,1,2026-01-25 16:49:00,P13,,1.0,50.0,,qr
nimman,NM-000777,1,2026-01-25 16:52:00,P13,,2.0,50.0,M0274,qr
nimman,NM-000778,1,2026-01-25 17:13:00,P06,S,3.0,65.0,M0359,card
nimman,NM-000779,1,2026-01-25 18:43:00,P04,M,1.0,65.0,M0155,cash
nimman,NM-000779,2,2026-01-25 18:43:00,P02,S,1.0,45.0,M0155,cash
nimman,NM-000780,1,2026-01-25 18:57:00,P07,M,2.0,55.0,M0561,qr
nimman,NM-000781,1,2026-01-25 18:58:00,P02,M,3.0,55.0,,card
nimman,NM-000782,1,2026-01-25 19:16:00,P08,S,3.0,60.0,,qr
nimman,NM-000783,1,2026-01-26 08:00:00,P05,M,1.0,70.0,M0345,cash
nimman,NM-000783,2,2026-01-26 08:00:00,P14,,1.0,85.0,M0345,cash
nimman,NM-000784,1,2026-01-26 08:01:00,P07,L,1.0,65.0,M0624,qr
nimman,NM-000784,2,2026-01-26 08:01:00,P13,,1.0,50.0,M0624,qr
nimman,NM-000785,1,2026-01-26 09:06:00,P03,M,1.0,65.0,M0107,qr
nimman,NM-000786,1,2026-01-26 09:08:00,P06,S,1.0,65.0,,qr
nimman,NM-000786,2,2026-01-26 09:08:00,P08,M,1.0,70.0,,qr
nimman,NM-000787,1,2026-01-26 10:16:00,P06,M,1.0,75.0,M0166,qr
nimman,NM-000788,1,2026-01-26 10:49:00,P02,M,3.0,55.0,,card
nimman,NM-000788,2,2026-01-26 10:49:00,P12,,1.0,55.0,,card
nimman,NM-000789,1,2026-01-26 11:06:00,P02,M,1.0,55.0,,card
nimman,NM-000789,2,2026-01-26 11:06:00,P12,,1.0,55.0,,card
nimman,NM-000790,1,2026-01-26 12:40:00,P07,M,1.0,55.0,,qr
nimman,NM-000790,2,2026-01-26 12:40:00,P13,,1.0,50.0,,qr
nimman,NM-000791,1,2026-01-26 12:48:00,P08,S,1.0,60.0,,card
nimman,NM-000792,1,2026-01-26 12:57:00,P08,M,1.0,70.0,,qr
nimman,NM-000792,2,2026-01-26 12:57:00,P03,M,1.0,65.0,,qr
nimman,NM-000793,1,2026-01-26 12:59:00,P10,M,1.0,60.0,M0250,cash
nimman,NM-000794,1,2026-01-26 13:59:00,P03,M,1.0,65.0,,cash
nimman,NM-000795,1,2026-01-26 14:37:00,P07,M,1.0,55.0,,qr
nimman,NM-000796,1,2026-01-26 14:44:00,P08,S,1.0,60.0,,qr
nimman,NM-000796,2,2026-01-26 14:44:00,P15,,1.0,75.0,,qr
nimman,NM-000797,1,2026-01-26 14:50:00,P09,S,2.0,40.0,,qr
nimman,NM-000798,1,2026-01-26 15:28:00,P10,M,1.0,60.0,,qr
nimman,NM-000799,1,2026-01-26 17:01:00,P07,M,1.0,55.0,M0133,cash
nimman,NM-000800,1,2026-01-26 18:05:00,P09,L,1.0,60.0,M0774,qr
nimman,NM-000801,1,2026-01-26 18:17:00,P14,,1.0,85.0,,cash
nimman,NM-000802,1,2026-01-26 19:33:00,P03,L,1.0,75.0,,card
nimman,NM-000803,1,2026-01-26 19:47:00,P03,S,1.0,55.0,M0236,card
nimman,NM-000803,2,2026-01-26 19:47:00,P14,,1.0,85.0,M0236,card
nimman,NM-000804,1,2026-01-27 07:05:00,P07,L,2.0,65.0,M0732,cash
nimman,NM-000804,2,2026-01-27 07:05:00,P13,,1.0,50.0,M0732,cash
nimman,NM-000805,1,2026-01-27 08:03:00,P09,M,1.0,50.0,,qr
nimman,NM-000806,1,2026-01-27 08:34:00,P14,,1.0,85.0,,qr
nimman,NM-000807,1,2026-01-27 08:36:00,P04,L,3.0,75.0,,qr
nimman,NM-000808,1,2026-01-27 08:50:00,P12,,3.0,55.0,M0634,card
nimman,NM-000808,2,2026-01-27 08:50:00,P08,L,1.0,80.0,M0634,card
nimman,NM-000809,1,2026-01-27 09:28:00,P15,,1.0,75.0,,qr
nimman,NM-000810,1,2026-01-27 09:44:00,P06,M,1.0,75.0,,card
nimman,NM-000811,1,2026-01-27 10:27:00,P02,L,1.0,65.0,,qr
nimman,NM-000812,1,2026-01-27 10:38:00,P06,M,1.0,75.0,,card
nimman,NM-000813,1,2026-01-27 10:42:00,P04,S,1.0,55.0,,qr
nimman,NM-000814,1,2026-01-27 11:50:00,P02,M,2.0,55.0,,qr
nimman,NM-000814,2,2026-01-27 11:50:00,P12,,1.0,55.0,,qr
nimman,NM-000815,1,2026-01-27 11:54:00,P01,M,1.0,55.0,M0731,qr
nimman,NM-000816,1,2026-01-27 12:18:00,P02,M,1.0,55.0,M0231,qr
nimman,NM-000817,1,2026-01-27 12:36:00,P06,S,1.0,65.0,M0223,qr
nimman,NM-000817,2,2026-01-27 12:36:00,P08,L,1.0,80.0,M0223,qr
nimman,NM-000818,1,2026-01-27 12:37:00,P05,S,1.0,60.0,M0214,card
nimman,NM-000819,1,2026-01-27 13:20:00,P10,M,1.0,60.0,M0349,card
nimman,NM-000820,1,2026-01-27 13:34:00,P02,M,1.0,55.0,,qr
nimman,NM-000821,1,2026-01-27 14:11:00,P09,S,1.0,40.0,,qr
nimman,NM-000822,1,2026-01-27 14:34:00,P02,M,1.0,55.0,M0664,card
nimman,NM-000822,2,2026-01-27 14:34:00,P15,,1.0,75.0,M0664,card
nimman,NM-000823,1,2026-01-27 14:49:00,P12,,3.0,55.0,M0643,qr
nimman,NM-000824,1,2026-01-27 15:16:00,P14,,1.0,85.0,,qr
nimman,NM-000824,2,2026-01-27 15:16:00,P07,M,1.0,55.0,,qr
nimman,NM-000825,1,2026-01-27 15:28:00,P10,M,2.0,60.0,M0706,qr
nimman,NM-000825,2,2026-01-27 15:28:00,P07,M,1.0,55.0,M0706,qr
nimman,NM-000826,1,2026-01-27 15:49:00,P15,,2.0,75.0,,cash
nimman,NM-000827,1,2026-01-27 15:50:00,P09,S,1.0,40.0,,qr
nimman,NM-000828,1,2026-01-27 16:01:00,P03,M,2.0,65.0,,qr
nimman,NM-000828,2,2026-01-27 16:01:00,P15,,1.0,75.0,,qr
nimman,NM-000829,1,2026-01-27 16:24:00,P02,M,1.0,55.0,,cash
nimman,NM-000830,1,2026-01-27 16:28:00,P04,S,1.0,55.0,,qr
nimman,NM-000830,2,2026-01-27 16:28:00,P05,L,1.0,80.0,,qr
nimman,NM-000831,1,2026-01-27 17:17:00,P03,M,1.0,65.0,M0745,qr
nimman,NM-000831,2,2026-01-27 17:17:00,P14,,1.0,85.0,M0745,qr
nimman,NM-000832,1,2026-01-27 18:34:00,P09,S,1.0,40.0,M0273,card
nimman,NM-000833,1,2026-01-27 19:59:00,P15,,3.0,75.0,,cash
nimman,NM-000834,1,2026-01-28 07:11:00,P04,M,3.0,65.0,M0227,cash
nimman,NM-000835,1,2026-01-28 07:59:00,P01,L,3.0,65.0,,cash
nimman,NM-000836,1,2026-01-28 08:13:00,P12,,2.0,55.0,M0372,cash
nimman,NM-000837,1,2026-01-28 08:29:00,P08,L,2.0,80.0,,card
nimman,NM-000838,1,2026-01-28 08:40:00,P08,M,3.0,70.0,M0413,card
nimman,NM-000839,1,2026-01-28 08:43:00,P03,L,1.0,75.0,,card
nimman,NM-000839,2,2026-01-28 08:43:00,P14,,1.0,85.0,,card
nimman,NM-000839,3,2026-01-28 08:43:00,P09,M,1.0,50.0,,card
nimman,NM-000840,1,2026-01-28 09:11:00,P13,,1.0,50.0,M0301,qr
nimman,NM-000841,1,2026-01-28 09:29:00,P03,M,3.0,65.0,M0565,card
nimman,NM-000841,2,2026-01-28 09:29:00,P14,,1.0,85.0,M0565,card
nimman,NM-000842,1,2026-01-28 09:30:00,P06,S,1.0,65.0,,qr
nimman,NM-000843,1,2026-01-28 10:28:00,P03,M,1.0,65.0,M0770,qr
nimman,NM-000843,2,2026-01-28 10:28:00,P14,,1.0,85.0,M0770,qr
nimman,NM-000844,1,2026-01-28 10:44:00,P08,M,1.0,70.0,,card
nimman,NM-000845,1,2026-01-28 10:54:00,P13,,1.0,50.0,,cash
nimman,NM-000846,1,2026-01-28 12:31:00,P03,L,1.0,75.0,M0402,card
nimman,NM-000846,2,2026-01-28 12:31:00,P14,,1.0,85.0,M0402,card
nimman,NM-000847,1,2026-01-28 12:36:00,P09,M,2.0,50.0,M0018,cash
nimman,NM-000847,2,2026-01-28 12:36:00,P15,,1.0,75.0,M0018,cash
nimman,NM-000848,1,2026-01-28 13:14:00,P03,L,1.0,75.0,M0376,cash
nimman,NM-000848,2,2026-01-28 13:14:00,P12,,1.0,55.0,M0376,cash
nimman,NM-000849,1,2026-01-28 13:23:00,P02,L,1.0,65.0,M0795,qr
nimman,NM-000850,1,2026-01-28 15:01:00,P07,L,1.0,65.0,M0276,cash
nimman,NM-000850,2,2026-01-28 15:01:00,P13,,1.0,50.0,M0276,cash
nimman,NM-000851,1,2026-01-28 15:08:00,P07,L,1.0,65.0,,qr
nimman,NM-000851,2,2026-01-28 15:08:00,P13,,1.0,50.0,,qr
nimman,NM-000852,1,2026-01-28 15:20:00,P14,,1.0,85.0,,qr
nimman,NM-000853,1,2026-01-28 15:25:00,P09,M,2.0,50.0,M0465,cash
nimman,NM-000854,1,2026-01-28 15:30:00,P01,S,1.0,45.0,,qr
nimman,NM-000854,2,2026-01-28 15:30:00,P15,,1.0,75.0,,qr
nimman,NM-000855,1,2026-01-28 15:38:00,P07,M,2.0,55.0,M0235,cash
nimman,NM-000855,2,2026-01-28 15:38:00,P13,,1.0,50.0,M0235,cash
nimman,NM-000856,1,2026-01-28 15:40:00,P06,L,1.0,85.0,,qr
nimman,NM-000857,1,2026-01-28 15:44:00,P05,M,1.0,70.0,,qr
nimman,NM-000858,1,2026-01-28 15:47:00,P07,M,1.0,55.0,M0199,qr
nimman,NM-000859,1,2026-01-28 16:07:00,P09,M,1.0,50.0,M0706,cash
nimman,NM-000860,1,2026-01-28 16:09:00,P10,M,2.0,60.0,M0471,card
nimman,NM-000861,1,2026-01-28 16:30:00,P01,S,1.0,45.0,,qr
nimman,NM-000862,1,2026-01-28 17:17:00,P06,M,3.0,75.0,M0236,qr
nimman,NM-000863,1,2026-01-28 18:47:00,P08,M,1.0,70.0,M0541,qr
nimman,NM-000864,1,2026-01-28 19:27:00,P13,,1.0,50.0,,cash
nimman,NM-000864,2,2026-01-28 19:27:00,P03,L,1.0,75.0,,cash
nimman,NM-000865,1,2026-01-29 07:47:00,P08,M,3.0,70.0,M0796,qr
nimman,NM-000866,1,2026-01-29 07:53:00,P11,S,1.0,50.0,,cash
nimman,NM-000867,1,2026-01-29 08:24:00,P03,M,26.0,65.0,,card
nimman,NM-000868,1,2026-01-29 09:07:00,P12,,1.0,55.0,,qr
nimman,NM-000869,1,2026-01-29 09:49:00,P07,S,1.0,45.0,,card
nimman,NM-000870,1,2026-01-29 10:02:00,P08,M,1.0,70.0,,card
nimman,NM-000870,2,2026-01-29 10:02:00,P13,,1.0,50.0,,card
nimman,NM-000871,1,2026-01-29 11:03:00,P01,S,1.0,45.0,M0776,cash
nimman,NM-000871,2,2026-01-29 11:03:00,P15,,1.0,75.0,M0776,cash
nimman,NM-000872,1,2026-01-29 12:09:00,P03,M,1.0,65.0,,qr
nimman,NM-000872,2,2026-01-29 12:09:00,P07,M,1.0,55.0,,qr
nimman,NM-000873,1,2026-01-29 12:16:00,P02,M,1.0,55.0,,qr
nimman,NM-000873,2,2026-01-29 12:16:00,P12,,1.0,55.0,,qr
nimman,NM-000874,1,2026-01-29 12:47:00,P07,L,1.0,65.0,,cash
nimman,NM-000875,1,2026-01-29 13:13:00,P09,M,3.0,50.0,M0498,card
nimman,NM-000876,1,2026-01-29 13:55:00,P06,M,1.0,75.0,M0731,cash
nimman,NM-000877,1,2026-01-29 14:10:00,P01,M,1.0,55.0,,qr
nimman,NM-000878,1,2026-01-29 14:39:00,P07,M,1.0,55.0,M0782,cash
nimman,NM-000878,2,2026-01-29 14:39:00,P13,,1.0,50.0,M0782,cash
nimman,NM-000879,1,2026-01-29 14:58:00,P13,,1.0,50.0,M0219,qr
nimman,NM-000880,1,2026-01-29 14:59:00,P04,M,1.0,65.0,,qr
nimman,NM-000881,1,2026-01-29 14:59:00,P03,M,1.0,65.0,,qr
nimman,NM-000882,1,2026-01-29 15:04:00,P03,M,1.0,65.0,,qr
nimman,NM-000883,1,2026-01-29 15:12:00,P02,M,1.0,55.0,M0326,qr
nimman,NM-000883,2,2026-01-29 15:12:00,P12,,1.0,55.0,M0326,qr
nimman,NM-000884,1,2026-01-29 16:35:00,P11,M,1.0,60.0,,card
nimman,NM-000885,1,2026-01-29 16:38:00,P14,,1.0,85.0,,qr
nimman,NM-000885,2,2026-01-29 16:38:00,P02,S,1.0,45.0,,qr
nimman,NM-000886,1,2026-01-30 07:05:00,P04,M,1.0,65.0,,qr
nimman,NM-000887,1,2026-01-30 08:51:00,P12,,1.0,55.0,M0012,card
nimman,NM-000888,1,2026-01-30 08:51:00,P03,L,1.0,75.0,,cash
nimman,NM-000888,2,2026-01-30 08:51:00,P14,,1.0,85.0,,cash
nimman,NM-000888,3,2026-01-30 08:51:00,P07,M,1.0,55.0,,cash
nimman,NM-000889,1,2026-01-30 09:06:00,P07,M,30.0,55.0,,card
nimman,NM-000890,1,2026-01-30 09:47:00,P04,M,2.0,65.0,,qr
nimman,NM-000891,1,2026-01-30 09:56:00,P10,L,1.0,70.0,,cash
nimman,NM-000891,2,2026-01-30 09:56:00,P05,M,1.0,70.0,,cash
nimman,NM-000892,1,2026-01-30 09:58:00,P13,,1.0,50.0,,cash
nimman,NM-000893,1,2026-01-30 10:22:00,P10,M,1.0,60.0,,card
nimman,NM-000893,2,2026-01-30 10:22:00,P13,,1.0,50.0,,card
nimman,NM-000894,1,2026-01-30 10:39:00,P08,M,1.0,70.0,M0490,qr
nimman,NM-000894,2,2026-01-30 10:39:00,P13,,1.0,50.0,M0490,qr
nimman,NM-000895,1,2026-01-30 11:07:00,P10,S,2.0,50.0,M0653,cash
nimman,NM-000895,2,2026-01-30 11:07:00,P12,,1.0,55.0,M0653,cash
nimman,NM-000896,1,2026-01-30 11:14:00,P12,,1.0,55.0,M0057,cash
nimman,NM-000897,1,2026-01-30 11:25:00,P02,S,1.0,45.0,,qr
nimman,NM-000898,1,2026-01-30 12:44:00,P08,S,1.0,60.0,,card
nimman,NM-000899,1,2026-01-30 13:00:00,P12,,1.0,55.0,,qr
nimman,NM-000899,2,2026-01-30 13:00:00,P08,M,1.0,70.0,,qr
nimman,NM-000900,1,2026-01-30 13:24:00,P08,S,1.0,60.0,M0601,qr
nimman,NM-000901,1,2026-01-30 14:05:00,P02,M,1.0,55.0,M0006,qr
nimman,NM-000901,2,2026-01-30 14:05:00,P04,M,1.0,65.0,M0006,qr
nimman,NM-000902,1,2026-01-30 14:05:00,P12,,1.0,55.0,M0089,qr
nimman,NM-000903,1,2026-01-30 14:17:00,P03,M,2.0,65.0,,qr
nimman,NM-000903,2,2026-01-30 14:17:00,P14,,1.0,85.0,,qr
nimman,NM-000904,1,2026-01-30 14:21:00,P05,L,1.0,80.0,,qr
nimman,NM-000905,1,2026-01-30 14:45:00,P09,S,3.0,40.0,,qr
nimman,NM-000906,1,2026-01-30 15:06:00,P10,M,1.0,60.0,,qr
nimman,NM-000907,1,2026-01-30 15:17:00,P09,M,1.0,50.0,,qr
nimman,NM-000907,2,2026-01-30 15:17:00,P02,L,1.0,65.0,,qr
nimman,NM-000908,1,2026-01-30 15:22:00,P07,S,1.0,45.0,M0704,qr
nimman,NM-000908,2,2026-01-30 15:22:00,P13,,1.0,50.0,M0704,qr
nimman,NM-000909,1,2026-01-30 15:35:00,P02,M,1.0,55.0,M0190,qr
nimman,NM-000909,2,2026-01-30 15:35:00,P12,,1.0,55.0,M0190,qr
nimman,NM-000910,1,2026-01-30 16:02:00,P08,M,2.0,70.0,M0651,cash
nimman,NM-000911,1,2026-01-30 17:40:00,P08,M,1.0,70.0,,qr
nimman,NM-000912,1,2026-01-30 17:59:00,P02,M,1.0,55.0,,card
nimman,NM-000913,1,2026-01-31 07:35:00,P10,M,3.0,60.0,M0119,qr
nimman,NM-000914,1,2026-01-31 07:56:00,P03,M,1.0,65.0,,cash
nimman,NM-000915,1,2026-01-31 08:04:00,P12,,3.0,55.0,M0052,qr
nimman,NM-000916,1,2026-01-31 08:42:00,P13,,2.0,50.0,M0781,qr
nimman,NM-000917,1,2026-01-31 08:54:00,P07,M,1.0,55.0,,card
nimman,NM-000918,1,2026-01-31 09:35:00,P02,L,1.0,65.0,,card
nimman,NM-000919,1,2026-01-31 09:50:00,P09,M,1.0,50.0,M0188,card
nimman,NM-000920,1,2026-01-31 10:27:00,P02,S,1.0,45.0,M0381,cash
nimman,NM-000921,1,2026-01-31 10:47:00,P01,L,1.0,65.0,M0513,qr
nimman,NM-000922,1,2026-01-31 10:50:00,P01,M,1.0,55.0,,cash
nimman,NM-000922,2,2026-01-31 10:50:00,P15,,1.0,75.0,,cash
nimman,NM-000923,1,2026-01-31 11:08:00,P08,M,1.0,70.0,,card
nimman,NM-000924,1,2026-01-31 11:35:00,P03,S,2.0,55.0,,cash
nimman,NM-000925,1,2026-01-31 12:07:00,P03,M,1.0,65.0,,cash
nimman,NM-000925,2,2026-01-31 12:07:00,P14,,1.0,85.0,,cash
nimman,NM-000926,1,2026-01-31 13:20:00,P07,M,1.0,55.0,M0345,qr
nimman,NM-000926,2,2026-01-31 13:20:00,P13,,1.0,50.0,M0345,qr
nimman,NM-000927,1,2026-01-31 13:56:00,P07,M,2.0,55.0,M0214,qr
nimman,NM-000928,1,2026-01-31 14:59:00,P04,M,1.0,65.0,M0501,cash
nimman,NM-000929,1,2026-01-31 15:44:00,P03,M,1.0,65.0,M0530,cash
nimman,NM-000930,1,2026-01-31 16:02:00,P07,L,1.0,65.0,,qr
nimman,NM-000931,1,2026-01-31 17:13:00,P07,M,1.0,55.0,,cash
nimman,NM-000931,2,2026-01-31 17:13:00,P13,,1.0,50.0,,cash
nimman,NM-000931,3,2026-01-31 17:13:00,P12,,1.0,55.0,,cash
nimman,NM-000932,1,2026-01-31 17:27:00,P11,M,1.0,60.0,,card
nimman,NM-000933,1,2026-01-31 17:28:00,P06,M,1.0,75.0,,card
nimman,NM-000934,1,2026-01-31 17:52:00,P08,S,1.0,60.0,M0633,cash
nimman,NM-000935,1,2026-01-31 19:01:00,P07,M,1.0,55.0,,qr
nimman,NM-000935,2,2026-01-31 19:01:00,P15,,1.0,75.0,,qr
nimman,NM-000936,1,2026-02-01 07:06:00,P12,,1.0,55.0,,card
nimman,NM-000937,1,2026-02-01 07:14:00,P10,S,1.0,50.0,M0689,cash
nimman,NM-000938,1,2026-02-01 07:45:00,P10,M,2.0,60.0,,cash
nimman,NM-000939,1,2026-02-01 08:06:00,P08,M,1.0,70.0,,qr
nimman,NM-000939,2,2026-02-01 08:06:00,P11,M,1.0,60.0,,qr
nimman,NM-000940,1,2026-02-01 08:08:00,P01,M,1.0,55.0,,qr
nimman,NM-000941,1,2026-02-01 08:29:00,P06,L,2.0,85.0,,qr
nimman,NM-000942,1,2026-02-01 08:52:00,P02,M,1.0,55.0,M0573,card
nimman,NM-000942,2,2026-02-01 08:52:00,P12,,1.0,55.0,M0573,card
nimman,NM-000943,1,2026-02-01 08:58:00,P15,,1.0,75.0,,qr
nimman,NM-000944,1,2026-02-01 10:17:00,P06,M,2.0,75.0,,cash
nimman,NM-000945,1,2026-02-01 11:11:00,P02,M,1.0,55.0,M0511,qr
nimman,NM-000946,1,2026-02-01 11:30:00,P10,S,1.0,50.0,,cash
nimman,NM-000947,1,2026-02-01 11:33:00,P02,M,1.0,55.0,M0500,qr
nimman,NM-000947,2,2026-02-01 11:33:00,P12,,1.0,55.0,M0500,qr
nimman,NM-000948,1,2026-02-01 11:42:00,P03,S,1.0,55.0,,cash
nimman,NM-000948,2,2026-02-01 11:42:00,P14,,1.0,85.0,,cash
nimman,NM-000949,1,2026-02-01 12:31:00,P07,L,1.0,65.0,,card
nimman,NM-000950,1,2026-02-01 12:31:00,P04,S,1.0,55.0,,cash
nimman,NM-000951,1,2026-02-01 13:07:00,P01,L,1.0,65.0,,qr
nimman,NM-000951,2,2026-02-01 13:07:00,P15,,1.0,75.0,,qr
nimman,NM-000952,1,2026-02-01 13:17:00,P06,M,1.0,75.0,,qr
nimman,NM-000952,2,2026-02-01 13:17:00,P13,,1.0,50.0,,qr
nimman,NM-000953,1,2026-02-01 13:32:00,P02,S,1.0,45.0,M0470,card
nimman,NM-000953,2,2026-02-01 13:32:00,P12,,1.0,55.0,M0470,card
nimman,NM-000954,1,2026-02-01 14:17:00,P07,M,1.0,55.0,,cash
nimman,NM-000954,2,2026-02-01 14:17:00,P13,,1.0,50.0,,cash
nimman,NM-000955,1,2026-02-01 14:19:00,P11,M,1.0,60.0,,qr
nimman,NM-000956,1,2026-02-01 14:27:00,P07,M,1.0,55.0,,qr
nimman,NM-000956,2,2026-02-01 14:27:00,P13,,1.0,50.0,,qr
nimman,NM-000957,1,2026-02-01 14:48:00,P11,L,2.0,70.0,M0166,qr
nimman,NM-000957,2,2026-02-01 14:48:00,P03,S,1.0,55.0,M0166,qr
nimman,NM-000958,1,2026-02-01 15:06:00,P07,M,1.0,55.0,,qr
nimman,NM-000959,1,2026-02-01 16:37:00,P06,L,1.0,85.0,M0228,qr
nimman,NM-000960,1,2026-02-01 16:57:00,P15,,1.0,75.0,,cash
nimman,NM-000961,1,2026-02-01 17:03:00,P07,L,1.0,65.0,,card
nimman,NM-000961,2,2026-02-01 17:03:00,P13,,1.0,50.0,,card
nimman,NM-000962,1,2026-02-01 18:09:00,P11,M,1.0,60.0,M0003,card
nimman,NM-000963,1,2026-02-01 18:23:00,P07,M,1.0,55.0,,qr
nimman,NM-000964,1,2026-02-01 18:28:00,P04,M,1.0,65.0,,cash
nimman,NM-000965,1,2026-02-01 18:41:00,P07,S,1.0,45.0,M0155,qr
nimman,NM-000965,2,2026-02-01 18:41:00,P04,M,1.0,65.0,M0155,qr
nimman,NM-000966,1,2026-02-02 07:36:00,P14,,1.0,85.0,M0250,qr
nimman,NM-000967,1,2026-02-02 08:06:00,P01,M,1.0,55.0,,qr
nimman,NM-000968,1,2026-02-02 08:19:00,P07,S,1.0,45.0,,cash
nimman,NM-000968,2,2026-02-02 08:19:00,P13,,1.0,50.0,,cash
nimman,NM-000969,1,2026-02-02 09:04:00,P11,L,1.0,70.0,M0228,qr
nimman,NM-000970,1,2026-02-02 09:14:00,P13,,1.0,50.0,,qr
nimman,NM-000971,1,2026-02-02 09:55:00,P03,S,2.0,55.0,M0419,cash
nimman,NM-000972,1,2026-02-02 10:08:00,P08,M,1.0,70.0,,qr
nimman,NM-000972,2,2026-02-02 10:08:00,P12,,1.0,55.0,,qr
nimman,NM-000973,1,2026-02-02 10:12:00,P03,M,1.0,65.0,M0523,card
nimman,NM-000973,2,2026-02-02 10:12:00,P14,,1.0,85.0,M0523,card
nimman,NM-000973,3,2026-02-02 10:12:00,P08,M,1.0,70.0,M0523,card
nimman,NM-000974,1,2026-02-02 11:09:00,P02,S,1.0,45.0,,qr
nimman,NM-000974,2,2026-02-02 11:09:00,P12,,1.0,55.0,,qr
nimman,NM-000975,1,2026-02-02 12:10:00,P04,L,1.0,75.0,M0107,card
nimman,NM-000976,1,2026-02-02 12:30:00,P06,L,1.0,85.0,,qr
nimman,NM-000977,1,2026-02-02 13:41:00,P07,M,1.0,55.0,,qr
nimman,NM-000977,2,2026-02-02 13:41:00,P13,,1.0,50.0,,qr
nimman,NM-000978,1,2026-02-02 14:24:00,P06,S,2.0,65.0,,qr
nimman,NM-000978,2,2026-02-02 14:24:00,P12,,1.0,55.0,,qr
nimman,NM-000978,3,2026-02-02 14:24:00,P03,M,1.0,65.0,,qr
nimman,NM-000979,1,2026-02-02 14:29:00,P12,,1.0,55.0,M0797,qr
nimman,NM-000979,2,2026-02-02 14:29:00,P03,M,1.0,65.0,M0797,qr
nimman,NM-000980,1,2026-02-02 14:30:00,P07,M,1.0,55.0,,cash
nimman,NM-000981,1,2026-02-02 14:49:00,P07,M,2.0,55.0,M0345,card
nimman,NM-000981,2,2026-02-02 14:49:00,P13,,1.0,50.0,M0345,card
nimman,NM-000982,1,2026-02-02 14:56:00,P02,M,1.0,55.0,M0023,cash
nimman,NM-000982,2,2026-02-02 14:56:00,P12,,1.0,55.0,M0023,cash
nimman,NM-000983,1,2026-02-02 16:24:00,P11,M,2.0,60.0,M0313,card
nimman,NM-000983,2,2026-02-02 16:24:00,P08,L,1.0,80.0,M0313,card
nimman,NM-000984,1,2026-02-02 16:43:00,P05,S,1.0,60.0,M0537,qr
nimman,NM-000985,1,2026-02-02 16:43:00,P11,S,1.0,50.0,,cash
nimman,NM-000986,1,2026-02-02 17:31:00,P15,,1.0,75.0,,qr
nimman,NM-000987,1,2026-02-02 18:10:00,P04,S,1.0,55.0,,cash
nimman,NM-000988,1,2026-02-02 19:14:00,P08,M,2.0,70.0,M0105,qr
nimman,NM-000989,1,2026-02-03 07:15:00,P15,,1.0,75.0,,qr
nimman,NM-000990,1,2026-02-03 07:29:00,P11,M,1.0,60.0,,cash
nimman,NM-000990,2,2026-02-03 07:29:00,P01,M,1.0,55.0,,cash
nimman,NM-000991,1,2026-02-03 07:43:00,P03,M,1.0,65.0,,qr
nimman,NM-000992,1,2026-02-03 07:45:00,P06,L,2.0,85.0,M0274,card
nimman,NM-000993,1,2026-02-03 08:18:00,P02,S,1.0,45.0,,qr
nimman,NM-000993,2,2026-02-03 08:18:00,P12,,1.0,55.0,,qr
nimman,NM-000994,1,2026-02-03 08:21:00,P01,L,1.0,65.0,M0280,qr
nimman,NM-000995,1,2026-02-03 09:36:00,P12,,2.0,55.0,,qr
nimman,NM-000996,1,2026-02-03 09:48:00,P07,M,1.0,55.0,M0014,qr
nimman,NM-000997,1,2026-02-03 09:54:00,P01,L,2.0,65.0,,qr
nimman,NM-000997,2,2026-02-03 09:54:00,P15,,1.0,75.0,,qr
nimman,NM-000998,1,2026-02-03 10:12:00,P13,,1.0,50.0,,qr
nimman,NM-000999,1,2026-02-03 10:27:00,P01,M,1.0,55.0,,qr
nimman,NM-000999,2,2026-02-03 10:27:00,P12,,1.0,55.0,,qr
nimman,NM-001000,1,2026-02-03 10:59:00,P09,M,1.0,50.0,,card
nimman,NM-001001,1,2026-02-03 11:17:00,P07,L,2.0,65.0,,qr
nimman,NM-001001,2,2026-02-03 11:17:00,P13,,1.0,50.0,,qr
nimman,NM-001002,1,2026-02-03 12:22:00,P07,M,1.0,55.0,,qr
nimman,NM-001002,2,2026-02-03 12:22:00,P13,,1.0,50.0,,qr
nimman,NM-001003,1,2026-02-03 12:42:00,P04,M,2.0,65.0,,card
nimman,NM-001003,2,2026-02-03 12:42:00,P09,M,1.0,50.0,,card
nimman,NM-001004,1,2026-02-03 13:23:00,P04,L,1.0,75.0,,cash
nimman,NM-001005,1,2026-02-03 14:15:00,P01,M,1.0,55.0,,qr
nimman,NM-001006,1,2026-02-03 15:01:00,P08,M,1.0,70.0,M0205,card
nimman,NM-001007,1,2026-02-03 15:03:00,P13,,1.0,50.0,M0365,qr
nimman,NM-001008,1,2026-02-03 15:23:00,P08,M,1.0,70.0,M0411,cash
nimman,NM-001008,2,2026-02-03 15:23:00,P15,,1.0,75.0,M0411,cash
nimman,NM-001009,1,2026-02-03 16:01:00,P02,M,1.0,55.0,M0490,cash
nimman,NM-001009,2,2026-02-03 16:01:00,P12,,1.0,55.0,M0490,cash
nimman,NM-001010,1,2026-02-03 16:36:00,P12,,1.0,55.0,M0287,cash
nimman,NM-001011,1,2026-02-03 17:44:00,P09,M,1.0,50.0,,card
nimman,NM-001012,1,2026-02-03 19:31:00,P14,,1.0,85.0,,qr
nimman,NM-001013,1,2026-02-04 07:43:00,P05,M,1.0,70.0,M0130,card
nimman,NM-001014,1,2026-02-04 08:39:00,P04,S,1.0,55.0,M0330,qr
nimman,NM-001015,1,2026-02-04 08:39:00,P13,,1.0,50.0,M0777,card
nimman,NM-001016,1,2026-02-04 08:42:00,P02,M,2.0,55.0,M0434,qr
nimman,NM-001016,2,2026-02-04 08:42:00,P12,,1.0,55.0,M0434,qr
nimman,NM-001017,1,2026-02-04 09:15:00,P12,,1.0,55.0,,cash
nimman,NM-001018,1,2026-02-04 09:53:00,P06,S,1.0,65.0,M0358,cash
nimman,NM-001019,1,2026-02-04 10:16:00,P05,M,1.0,70.0,M0623,qr
nimman,NM-001019,2,2026-02-04 10:16:00,P12,,1.0,55.0,M0623,qr
nimman,NM-001020,1,2026-02-04 10:57:00,P02,S,1.0,45.0,M0385,cash
nimman,NM-001020,2,2026-02-04 10:57:00,P12,,1.0,55.0,M0385,cash
nimman,NM-001020,3,2026-02-04 10:57:00,P10,L,1.0,70.0,M0385,cash
nimman,NM-001021,1,2026-02-04 11:17:00,P03,L,1.0,75.0,,qr
nimman,NM-001021,2,2026-02-04 11:17:00,P14,,1.0,85.0,,qr
nimman,NM-001021,3,2026-02-04 11:17:00,P07,S,1.0,45.0,,qr
nimman,NM-001022,1,2026-02-04 11:23:00,P03,L,1.0,75.0,,card
nimman,NM-001022,2,2026-02-04 11:23:00,P14,,1.0,85.0,,card
nimman,NM-001023,1,2026-02-04 11:34:00,P08,L,1.0,80.0,,cash
nimman,NM-001024,1,2026-02-04 11:55:00,P02,S,1.0,45.0,M0094,card
nimman,NM-001024,2,2026-02-04 11:55:00,P12,,1.0,55.0,M0094,card
nimman,NM-001025,1,2026-02-04 12:08:00,P13,,1.0,50.0,M0081,qr
nimman,NM-001026,1,2026-02-04 12:17:00,P12,,2.0,55.0,M0623,qr
nimman,NM-001027,1,2026-02-04 12:30:00,P05,L,1.0,80.0,,card
nimman,NM-001028,1,2026-02-04 12:31:00,P07,S,1.0,45.0,,card
nimman,NM-001028,2,2026-02-04 12:31:00,P13,,1.0,50.0,,card
nimman,NM-001029,1,2026-02-04 13:19:00,P09,S,3.0,40.0,M0724,qr
nimman,NM-001030,1,2026-02-04 14:08:00,P07,M,1.0,55.0,,qr
nimman,NM-001030,2,2026-02-04 14:08:00,P13,,1.0,50.0,,qr
nimman,NM-001031,1,2026-02-04 14:24:00,P09,M,1.0,50.0,,card
nimman,NM-001032,1,2026-02-04 14:43:00,P04,M,1.0,65.0,,qr
nimman,NM-001032,2,2026-02-04 14:43:00,P06,L,1.0,85.0,,qr
nimman,NM-001033,1,2026-02-04 15:12:00,P15,,2.0,75.0,,qr
nimman,NM-001034,1,2026-02-04 15:32:00,P02,S,1.0,45.0,,qr
nimman,NM-001034,2,2026-02-04 15:32:00,P12,,1.0,55.0,,qr
nimman,NM-001035,1,2026-02-04 15:52:00,P02,S,3.0,45.0,,qr
nimman,NM-001036,1,2026-02-04 16:41:00,P11,M,2.0,60.0,M0559,qr
nimman,NM-001037,1,2026-02-04 17:34:00,P07,S,2.0,45.0,M0383,cash
nimman,NM-001038,1,2026-02-05 07:20:00,P02,L,1.0,65.0,,qr
nimman,NM-001039,1,2026-02-05 07:25:00,P02,S,1.0,45.0,,qr
nimman,NM-001040,1,2026-02-05 07:30:00,P01,M,1.0,55.0,M0392,qr
nimman,NM-001040,2,2026-02-05 07:30:00,P15,,1.0,75.0,M0392,qr
nimman,NM-001041,1,2026-02-05 07:37:00,P03,M,1.0,65.0,,card
nimman,NM-001042,1,2026-02-05 07:54:00,P01,S,2.0,45.0,M0582,card
nimman,NM-001042,2,2026-02-05 07:54:00,P15,,1.0,75.0,M0582,card
nimman,NM-001043,1,2026-02-05 07:58:00,P06,M,1.0,75.0,M0560,qr
nimman,NM-001044,1,2026-02-05 08:05:00,P03,M,1.0,65.0,M0041,qr
nimman,NM-001044,2,2026-02-05 08:05:00,P06,M,1.0,75.0,M0041,qr
nimman,NM-001045,1,2026-02-05 09:05:00,P11,M,1.0,60.0,,cash
nimman,NM-001046,1,2026-02-05 09:22:00,P03,M,1.0,65.0,,cash
nimman,NM-001047,1,2026-02-05 09:30:00,P12,,1.0,55.0,,card
nimman,NM-001048,1,2026-02-05 09:32:00,P05,S,1.0,60.0,,card
nimman,NM-001049,1,2026-02-05 09:45:00,P15,,2.0,75.0,M0052,qr
nimman,NM-001050,1,2026-02-05 09:48:00,P07,M,1.0,55.0,M0619,card
nimman,NM-001050,2,2026-02-05 09:48:00,P14,,1.0,85.0,M0619,card
nimman,NM-001051,1,2026-02-05 10:25:00,P09,L,1.0,60.0,,cash
nimman,NM-001052,1,2026-02-05 11:35:00,P12,,1.0,55.0,,qr
nimman,NM-001053,1,2026-02-05 12:16:00,P07,M,1.0,55.0,M0631,card
nimman,NM-001053,2,2026-02-05 12:16:00,P12,,1.0,55.0,M0631,card
nimman,NM-001053,3,2026-02-05 12:16:00,P15,,1.0,75.0,M0631,card
nimman,NM-001054,1,2026-02-05 12:21:00,P06,L,1.0,85.0,M0139,qr
nimman,NM-001054,2,2026-02-05 12:21:00,P15,,1.0,75.0,M0139,qr
nimman,NM-001055,1,2026-02-05 12:49:00,P08,L,1.0,80.0,M0105,qr
nimman,NM-001056,1,2026-02-05 13:04:00,P11,M,2.0,60.0,,qr
nimman,NM-001056,2,2026-02-05 13:04:00,P03,L,1.0,75.0,,qr
nimman,NM-001057,1,2026-02-05 13:18:00,P03,L,1.0,75.0,M0772,qr
nimman,NM-001057,2,2026-02-05 13:18:00,P14,,1.0,85.0,M0772,qr
nimman,NM-001058,1,2026-02-05 13:44:00,P08,M,1.0,70.0,M0390,qr
nimman,NM-001059,1,2026-02-05 13:50:00,P01,L,2.0,65.0,,qr
nimman,NM-001060,1,2026-02-05 15:12:00,P15,,1.0,75.0,M0530,qr
nimman,NM-001061,1,2026-02-05 15:52:00,P02,M,1.0,55.0,,qr
nimman,NM-001062,1,2026-02-05 16:39:00,P13,,1.0,50.0,,cash
nimman,NM-001063,1,2026-02-05 17:17:00,P13,,1.0,50.0,,qr
nimman,NM-001063,2,2026-02-05 17:17:00,P07,M,1.0,55.0,,qr
nimman,NM-001064,1,2026-02-05 17:39:00,P07,L,2.0,65.0,M0781,cash
nimman,NM-001064,2,2026-02-05 17:39:00,P13,,1.0,50.0,M0781,cash
nimman,NM-001065,1,2026-02-06 08:17:00,P03,S,2.0,55.0,,qr
nimman,NM-001065,2,2026-02-06 08:17:00,P14,,1.0,85.0,,qr
nimman,NM-001066,1,2026-02-06 08:19:00,P05,L,1.0,80.0,,cash
nimman,NM-001067,1,2026-02-06 08:33:00,P03,M,1.0,65.0,M0562,qr
nimman,NM-001068,1,2026-02-06 08:38:00,P11,S,1.0,50.0,,qr
nimman,NM-001068,2,2026-02-06 08:38:00,P15,,1.0,75.0,,qr
nimman,NM-001069,1,2026-02-06 08:42:00,P15,,1.0,75.0,M0268,cash
nimman,NM-001070,1,2026-02-06 08:43:00,P04,M,1.0,65.0,,qr
nimman,NM-001071,1,2026-02-06 09:17:00,P05,M,2.0,70.0,M0670,qr
nimman,NM-001072,1,2026-02-06 09:22:00,P06,M,2.0,75.0,,qr
nimman,NM-001073,1,2026-02-06 09:32:00,P05,L,1.0,80.0,,qr
nimman,NM-001073,2,2026-02-06 09:32:00,P15,,1.0,75.0,,qr
nimman,NM-001074,1,2026-02-06 09:57:00,P07,S,1.0,45.0,,card
nimman,NM-001075,1,2026-02-06 10:54:00,P07,S,2.0,45.0,,cash
nimman,NM-001075,2,2026-02-06 10:54:00,P13,,1.0,50.0,,cash
nimman,NM-001076,1,2026-02-06 10:59:00,P07,S,1.0,45.0,,qr
nimman,NM-001077,1,2026-02-06 11:00:00,P13,,2.0,50.0,,qr
nimman,NM-001078,1,2026-02-06 11:11:00,P02,M,1.0,55.0,,card
nimman,NM-001079,1,2026-02-06 12:09:00,P09,S,1.0,40.0,M0538,card
nimman,NM-001080,1,2026-02-06 13:07:00,P02,M,1.0,55.0,M0152,cash
nimman,NM-001080,2,2026-02-06 13:07:00,P12,,1.0,55.0,M0152,cash
nimman,NM-001081,1,2026-02-06 13:24:00,P02,M,1.0,55.0,,qr
nimman,NM-001082,1,2026-02-06 13:39:00,P10,L,1.0,70.0,M0780,qr
nimman,NM-001083,1,2026-02-06 13:49:00,P09,M,2.0,50.0,M0345,cash
nimman,NM-001084,1,2026-02-06 14:06:00,P02,M,1.0,55.0,M0223,card
nimman,NM-001084,2,2026-02-06 14:06:00,P12,,1.0,55.0,M0223,card
nimman,NM-001085,1,2026-02-06 14:07:00,P13,,1.0,50.0,M0580,cash
nimman,NM-001086,1,2026-02-06 15:20:00,P07,M,1.0,55.0,,cash
nimman,NM-001087,1,2026-02-06 17:16:00,P09,M,1.0,50.0,,cash
nimman,NM-001088,1,2026-02-06 17:35:00,P13,,1.0,50.0,M0623,qr
nimman,NM-001089,1,2026-02-06 19:03:00,P05,S,1.0,60.0,,qr
nimman,NM-001090,1,2026-02-07 07:00:00,P03,M,1.0,65.0,,qr
nimman,NM-001091,1,2026-02-07 07:18:00,P12,,1.0,55.0,,cash
nimman,NM-001092,1,2026-02-07 07:47:00,P02,M,1.0,55.0,M0780,card
nimman,NM-001092,2,2026-02-07 07:47:00,P12,,1.0,55.0,M0780,card
nimman,NM-001093,1,2026-02-07 08:06:00,P03,S,3.0,55.0,M0318,cash
nimman,NM-001093,2,2026-02-07 08:06:00,P14,,1.0,85.0,M0318,cash
nimman,NM-001094,1,2026-02-07 08:06:00,P03,L,3.0,75.0,M0314,card
nimman,NM-001095,1,2026-02-07 08:09:00,P12,,1.0,55.0,M0023,cash
nimman,NM-001096,1,2026-02-07 08:24:00,P06,M,1.0,75.0,,card
nimman,NM-001097,1,2026-02-07 08:47:00,P04,L,1.0,75.0,,qr
nimman,NM-001097,2,2026-02-07 08:47:00,P15,,1.0,75.0,,qr
nimman,NM-001098,1,2026-02-07 09:16:00,P06,S,1.0,65.0,,card
nimman,NM-001099,1,2026-02-07 09:19:00,P08,M,1.0,70.0,,qr
nimman,NM-001099,2,2026-02-07 09:19:00,P14,,1.0,85.0,,qr
nimman,NM-001100,1,2026-02-07 09:25:00,P03,M,1.0,65.0,M0707,qr
nimman,NM-001101,1,2026-02-07 11:00:00,P02,M,3.0,55.0,M0392,qr
nimman,NM-001102,1,2026-02-07 11:16:00,P02,S,1.0,45.0,M0407,card
nimman,NM-001102,2,2026-02-07 11:16:00,P12,,1.0,55.0,M0407,card
nimman,NM-001103,1,2026-02-07 12:52:00,P06,M,1.0,75.0,,card
nimman,NM-001104,1,2026-02-07 13:02:00,P13,,2.0,50.0,,card
nimman,NM-001105,1,2026-02-07 13:05:00,P09,L,1.0,60.0,,qr
nimman,NM-001105,2,2026-02-07 13:05:00,P08,L,1.0,80.0,,qr
nimman,NM-001106,1,2026-02-07 13:09:00,P15,,2.0,75.0,,qr
nimman,NM-001107,1,2026-02-07 13:35:00,P12,,1.0,55.0,M0348,card
nimman,NM-001108,1,2026-02-07 13:42:00,P03,L,3.0,75.0,M0172,qr
nimman,NM-001108,2,2026-02-07 13:42:00,P14,,1.0,85.0,M0172,qr
nimman,NM-001109,1,2026-02-07 14:03:00,P06,L,1.0,85.0,,card
nimman,NM-001110,1,2026-02-07 14:09:00,P10,M,1.0,60.0,,card
nimman,NM-001111,1,2026-02-07 14:26:00,P03,M,2.0,65.0,M0652,qr
nimman,NM-001111,2,2026-02-07 14:26:00,P14,,1.0,85.0,M0652,qr
nimman,NM-001112,1,2026-02-07 15:12:00,P02,L,1.0,65.0,,qr
nimman,NM-001113,1,2026-02-07 15:27:00,P15,,1.0,75.0,,qr
nimman,NM-001114,1,2026-02-07 15:46:00,P12,,1.0,55.0,,qr
nimman,NM-001115,1,2026-02-07 16:03:00,P08,S,1.0,60.0,,qr
nimman,NM-001115,2,2026-02-07 16:03:00,P15,,1.0,75.0,,qr
nimman,NM-001116,1,2026-02-07 16:31:00,P01,M,1.0,55.0,,qr
nimman,NM-001116,2,2026-02-07 16:31:00,P15,,1.0,75.0,,qr
nimman,NM-001117,1,2026-02-07 16:58:00,P04,S,1.0,55.0,,cash
nimman,NM-001118,1,2026-02-07 17:31:00,P04,M,1.0,65.0,,cash
nimman,NM-001119,1,2026-02-07 17:42:00,P07,S,1.0,45.0,M0504,qr
nimman,NM-001120,1,2026-02-07 18:25:00,P04,M,1.0,65.0,M0596,qr
nimman,NM-001121,1,2026-02-07 19:06:00,P02,M,1.0,55.0,,qr
nimman,NM-001121,2,2026-02-07 19:06:00,P12,,1.0,55.0,,qr
nimman,NM-001122,1,2026-02-07 19:36:00,P10,M,1.0,60.0,,qr
nimman,NM-001123,1,2026-02-08 07:40:00,P13,,1.0,50.0,,qr
nimman,NM-001124,1,2026-02-08 07:57:00,P08,L,1.0,80.0,M0600,qr
nimman,NM-001125,1,2026-02-08 08:05:00,P05,M,2.0,70.0,,card
nimman,NM-001125,2,2026-02-08 08:05:00,P12,,1.0,55.0,,card
nimman,NM-001126,1,2026-02-08 08:06:00,P08,M,1.0,70.0,,qr
nimman,NM-001127,1,2026-02-08 08:36:00,P07,S,3.0,45.0,M0094,cash
nimman,NM-001127,2,2026-02-08 08:36:00,P15,,1.0,75.0,M0094,cash
nimman,NM-001128,1,2026-02-08 09:20:00,P08,M,1.0,70.0,,qr
nimman,NM-001129,1,2026-02-08 09:23:00,P07,S,3.0,45.0,,qr
nimman,NM-001130,1,2026-02-08 09:29:00,P06,M,2.0,75.0,M0642,qr
nimman,NM-001131,1,2026-02-08 09:33:00,P08,M,2.0,70.0,,qr
nimman,NM-001131,2,2026-02-08 09:33:00,P14,,1.0,85.0,,qr
nimman,NM-001132,1,2026-02-08 09:50:00,P08,S,2.0,60.0,M0799,qr
nimman,NM-001133,1,2026-02-08 09:56:00,P14,,1.0,85.0,,card
nimman,NM-001134,1,2026-02-08 09:57:00,P15,,1.0,75.0,M0193,qr
nimman,NM-001135,1,2026-02-08 10:10:00,P02,M,2.0,55.0,M0411,qr
nimman,NM-001136,1,2026-02-08 10:20:00,P09,S,1.0,40.0,,cash
nimman,NM-001137,1,2026-02-08 10:22:00,P01,M,1.0,55.0,M0057,qr
nimman,NM-001138,1,2026-02-08 12:00:00,P14,,1.0,85.0,,qr
nimman,NM-001138,2,2026-02-08 12:00:00,P10,S,1.0,50.0,,qr
nimman,NM-001139,1,2026-02-08 12:34:00,P12,,1.0,55.0,,cash
nimman,NM-001139,2,2026-02-08 12:34:00,P03,S,1.0,55.0,,cash
nimman,NM-001140,1,2026-02-08 12:38:00,P02,M,1.0,55.0,,qr
nimman,NM-001141,1,2026-02-08 12:42:00,P11,M,1.0,60.0,M0248,card
nimman,NM-001141,2,2026-02-08 12:42:00,P07,L,1.0,65.0,M0248,card
nimman,NM-001142,1,2026-02-08 12:46:00,P06,L,2.0,85.0,M0504,cash
nimman,NM-001143,1,2026-02-08 13:01:00,P09,S,1.0,40.0,,cash
nimman,NM-001144,1,2026-02-08 13:15:00,P04,L,1.0,75.0,,cash
nimman,NM-001144,2,2026-02-08 13:15:00,P15,,1.0,75.0,,cash
nimman,NM-001145,1,2026-02-08 14:08:00,P02,M,1.0,55.0,M0033,qr
nimman,NM-001146,1,2026-02-08 14:26:00,P07,S,2.0,45.0,M0199,qr
nimman,NM-001147,1,2026-02-08 14:48:00,P06,L,2.0,85.0,M0610,cash
nimman,NM-001147,2,2026-02-08 14:48:00,P08,L,1.0,80.0,M0610,cash
nimman,NM-001148,1,2026-02-08 15:09:00,P14,,1.0,85.0,M0231,cash
nimman,NM-001149,1,2026-02-08 15:20:00,P03,M,1.0,65.0,,qr
nimman,NM-001149,2,2026-02-08 15:20:00,P12,,1.0,55.0,,qr
nimman,NM-001150,1,2026-02-08 15:21:00,P11,L,1.0,70.0,,qr
nimman,NM-001150,2,2026-02-08 15:21:00,P15,,1.0,75.0,,qr
nimman,NM-001151,1,2026-02-08 15:43:00,P11,L,1.0,70.0,M0031,cash
nimman,NM-001152,1,2026-02-08 15:57:00,P07,S,2.0,45.0,,qr
nimman,NM-001153,1,2026-02-08 16:05:00,P06,S,1.0,65.0,M0059,cash
nimman,NM-001154,1,2026-02-08 16:52:00,P03,S,1.0,55.0,M0310,qr
nimman,NM-001155,1,2026-02-08 18:18:00,P11,S,2.0,50.0,,card
nimman,NM-001155,2,2026-02-08 18:18:00,P15,,1.0,75.0,,card
nimman,NM-001156,1,2026-02-08 18:39:00,P02,L,2.0,65.0,,qr
nimman,NM-001157,1,2026-02-08 18:44:00,P08,L,1.0,80.0,,card
nimman,NM-001158,1,2026-02-08 18:51:00,P06,M,1.0,75.0,M0208,cash
nimman,NM-001159,1,2026-02-08 19:29:00,P11,L,1.0,70.0,M0592,cash
nimman,NM-001160,1,2026-02-08 19:47:00,P05,M,1.0,70.0,,card
nimman,NM-001160,2,2026-02-08 19:47:00,P09,M,1.0,50.0,,card
nimman,NM-001161,1,2026-02-09 07:00:00,P14,,1.0,85.0,,qr
nimman,NM-001162,1,2026-02-09 07:53:00,P10,L,1.0,70.0,,qr
nimman,NM-001163,1,2026-02-09 08:03:00,P03,S,2.0,55.0,,qr
nimman,NM-001163,2,2026-02-09 08:03:00,P14,,1.0,85.0,,qr
nimman,NM-001164,1,2026-02-09 08:09:00,P02,S,1.0,45.0,,cash
nimman,NM-001165,1,2026-02-09 08:21:00,P02,S,1.0,45.0,M0252,qr
nimman,NM-001166,1,2026-02-09 08:21:00,P08,L,1.0,80.0,M0291,qr
nimman,NM-001167,1,2026-02-09 08:23:00,P03,M,2.0,65.0,M0153,qr
nimman,NM-001168,1,2026-02-09 08:46:00,P04,L,1.0,75.0,M0053,qr
nimman,NM-001169,1,2026-02-09 08:49:00,P03,M,1.0,65.0,,qr
nimman,NM-001170,1,2026-02-09 09:35:00,P03,L,1.0,75.0,,qr
nimman,NM-001171,1,2026-02-09 09:46:00,P01,M,1.0,55.0,M0226,qr
nimman,NM-001171,2,2026-02-09 09:46:00,P15,,1.0,75.0,M0226,qr
nimman,NM-001172,1,2026-02-09 09:52:00,P05,L,1.0,80.0,,cash
nimman,NM-001173,1,2026-02-09 09:55:00,P12,,1.0,55.0,,qr
nimman,NM-001174,1,2026-02-09 10:10:00,P08,M,1.0,70.0,,qr
nimman,NM-001175,1,2026-02-09 10:18:00,P05,L,1.0,80.0,M0350,cash
nimman,NM-001176,1,2026-02-09 10:44:00,P13,,3.0,50.0,,qr
nimman,NM-001177,1,2026-02-09 11:21:00,P03,S,1.0,55.0,,card
nimman,NM-001178,1,2026-02-09 12:42:00,P09,M,1.0,50.0,,qr
nimman,NM-001179,1,2026-02-09 12:59:00,P03,L,1.0,75.0,M0123,cash
nimman,NM-001179,2,2026-02-09 12:59:00,P14,,1.0,85.0,M0123,cash
nimman,NM-001180,1,2026-02-09 13:48:00,P08,M,1.0,70.0,M0467,qr
nimman,NM-001181,1,2026-02-09 14:21:00,P11,S,2.0,50.0,,qr
nimman,NM-001182,1,2026-02-09 14:26:00,P13,,1.0,50.0,M0208,cash
nimman,NM-001183,1,2026-02-09 14:27:00,P04,M,1.0,65.0,,cash
nimman,NM-001184,1,2026-02-09 14:29:00,P10,S,1.0,50.0,M0539,qr
nimman,NM-001185,1,2026-02-09 14:57:00,P01,M,1.0,55.0,,card
nimman,NM-001186,1,2026-02-09 16:00:00,P12,,3.0,55.0,M0587,qr
nimman,NM-001187,1,2026-02-09 16:28:00,P04,M,2.0,65.0,,qr
nimman,NM-001188,1,2026-02-09 17:13:00,P07,S,1.0,45.0,M0551,qr
nimman,NM-001189,1,2026-02-09 18:20:00,P04,S,1.0,55.0,,cash
nimman,NM-001190,1,2026-02-09 18:43:00,P14,,1.0,85.0,M0551,qr
nimman,NM-001191,1,2026-02-09 19:41:00,P11,L,1.0,70.0,,qr
nimman,NM-001192,1,2026-02-10 07:46:00,P09,L,1.0,60.0,,qr
nimman,NM-001193,1,2026-02-10 08:03:00,P06,L,1.0,85.0,M0454,qr
nimman,NM-001194,1,2026-02-10 08:10:00,P01,M,1.0,55.0,,qr
nimman,NM-001194,2,2026-02-10 08:10:00,P15,,1.0,75.0,,qr
nimman,NM-001195,1,2026-02-10 09:39:00,P04,L,2.0,75.0,,card
nimman,NM-001195,2,2026-02-10 09:39:00,P12,,1.0,55.0,,card
nimman,NM-001196,1,2026-02-10 09:52:00,P07,S,1.0,45.0,,qr
nimman,NM-001197,1,2026-02-10 09:54:00,P02,S,1.0,45.0,,qr
nimman,NM-001197,2,2026-02-10 09:54:00,P12,,1.0,55.0,,qr
nimman,NM-001198,1,2026-02-10 11:20:00,P04,L,1.0,75.0,,qr
nimman,NM-001198,2,2026-02-10 11:20:00,P14,,1.0,85.0,,qr
nimman,NM-001199,1,2026-02-10 11:38:00,P12,,1.0,55.0,,card
nimman,NM-001200,1,2026-02-10 12:24:00,P01,M,1.0,55.0,M0249,card
nimman,NM-001201,1,2026-02-10 12:35:00,P09,M,1.0,50.0,M0079,qr
nimman,NM-001202,1,2026-02-10 12:45:00,P12,,2.0,55.0,M0057,qr
nimman,NM-001203,1,2026-02-10 13:42:00,P02,S,1.0,45.0,M0502,cash
nimman,NM-001204,1,2026-02-10 13:56:00,P08,L,1.0,80.0,,cash
nimman,NM-001204,2,2026-02-10 13:56:00,P12,,1.0,55.0,,cash
nimman,NM-001204,3,2026-02-10 13:56:00,P02,L,1.0,65.0,,cash
nimman,NM-001205,1,2026-02-10 13:58:00,P02,M,3.0,55.0,M0396,qr
nimman,NM-001206,1,2026-02-10 14:05:00,P12,,1.0,55.0,,qr
nimman,NM-001207,1,2026-02-10 14:10:00,P11,M,1.0,60.0,M0641,cash
nimman,NM-001207,2,2026-02-10 14:10:00,P15,,1.0,75.0,M0641,cash
nimman,NM-001208,1,2026-02-10 14:36:00,P08,S,1.0,60.0,M0065,qr
nimman,NM-001209,1,2026-02-10 14:40:00,P07,M,1.0,55.0,M0049,qr
nimman,NM-001210,1,2026-02-10 15:09:00,P10,S,1.0,50.0,,card
nimman,NM-001211,1,2026-02-10 15:26:00,P01,M,1.0,55.0,M0465,qr
nimman,NM-001211,2,2026-02-10 15:26:00,P15,,1.0,75.0,M0465,qr
nimman,NM-001212,1,2026-02-10 15:46:00,P12,,2.0,55.0,,card
nimman,NM-001213,1,2026-02-10 16:04:00,P05,M,2.0,70.0,,qr
nimman,NM-001214,1,2026-02-10 16:26:00,P07,M,1.0,55.0,,cash
nimman,NM-001214,2,2026-02-10 16:26:00,P13,,1.0,50.0,,cash
nimman,NM-001214,3,2026-02-10 16:26:00,P09,L,1.0,60.0,,cash
nimman,NM-001215,1,2026-02-10 16:54:00,P11,S,3.0,50.0,,card
nimman,NM-001216,1,2026-02-10 17:21:00,P10,L,1.0,70.0,M0370,cash
nimman,NM-001217,1,2026-02-10 19:07:00,P03,S,1.0,55.0,,card
nimman,NM-001217,2,2026-02-10 19:07:00,P14,,1.0,85.0,,card
nimman,NM-001218,1,2026-02-11 07:10:00,P10,S,1.0,50.0,,qr
nimman,NM-001218,2,2026-02-11 07:10:00,P15,,1.0,75.0,,qr
nimman,NM-001219,1,2026-02-11 08:36:00,P04,M,1.0,65.0,,cash
nimman,NM-001219,2,2026-02-11 08:36:00,P01,L,1.0,65.0,,cash
nimman,NM-001220,1,2026-02-11 08:40:00,P10,S,1.0,50.0,M0107,qr
nimman,NM-001221,1,2026-02-11 08:51:00,P09,L,1.0,60.0,M0193,qr
nimman,NM-001221,2,2026-02-11 08:51:00,P12,,1.0,55.0,M0193,qr
nimman,NM-001222,1,2026-02-11 09:32:00,P02,S,1.0,45.0,,qr
nimman,NM-001223,1,2026-02-11 09:56:00,P01,L,1.0,65.0,M0681,qr
nimman,NM-001224,1,2026-02-11 09:56:00,P04,M,1.0,65.0,M0685,qr
nimman,NM-001225,1,2026-02-11 10:23:00,P04,M,1.0,65.0,,qr
nimman,NM-001226,1,2026-02-11 10:33:00,P06,L,1.0,85.0,M0603,card
nimman,NM-001227,1,2026-02-11 10:44:00,P13,,2.0,50.0,,qr
nimman,NM-001227,2,2026-02-11 10:44:00,P09,M,1.0,50.0,,qr
nimman,NM-001228,1,2026-02-11 11:19:00,P07,M,1.0,55.0,,qr
nimman,NM-001228,2,2026-02-11 11:19:00,P04,S,1.0,55.0,,qr
nimman,NM-001229,1,2026-02-11 11:57:00,P05,L,1.0,80.0,M0549,cash
nimman,NM-001229,2,2026-02-11 11:57:00,P12,,1.0,55.0,M0549,cash
nimman,NM-001230,1,2026-02-11 12:26:00,P06,L,1.0,85.0,,qr
nimman,NM-001231,1,2026-02-11 13:00:00,P02,M,1.0,55.0,,qr
nimman,NM-001231,2,2026-02-11 13:00:00,P07,L,1.0,65.0,,qr
nimman,NM-001232,1,2026-02-11 13:10:00,P07,S,1.0,45.0,,qr
nimman,NM-001232,2,2026-02-11 13:10:00,P15,,1.0,75.0,,qr
nimman,NM-001233,1,2026-02-11 13:39:00,P14,,1.0,85.0,M0105,cash
nimman,NM-001234,1,2026-02-11 13:52:00,P03,M,1.0,65.0,M0020,card
nimman,NM-001234,2,2026-02-11 13:52:00,P14,,1.0,85.0,M0020,card
nimman,NM-001235,1,2026-02-11 13:59:00,P10,M,1.0,60.0,,qr
nimman,NM-001236,1,2026-02-11 14:05:00,P12,,1.0,55.0,,qr
nimman,NM-001237,1,2026-02-11 14:39:00,P07,L,1.0,65.0,,cash
nimman,NM-001238,1,2026-02-11 15:03:00,P07,M,3.0,55.0,M0200,cash
nimman,NM-001239,1,2026-02-11 15:09:00,P10,L,1.0,70.0,M0069,card
nimman,NM-001240,1,2026-02-11 15:34:00,P04,L,1.0,75.0,,qr
nimman,NM-001240,2,2026-02-11 15:34:00,P14,,1.0,85.0,,qr
nimman,NM-001241,1,2026-02-11 15:36:00,P04,M,1.0,65.0,,qr
nimman,NM-001242,1,2026-02-11 15:42:00,P03,S,1.0,55.0,M0651,qr
nimman,NM-001243,1,2026-02-11 15:52:00,P02,M,1.0,55.0,,card
nimman,NM-001243,2,2026-02-11 15:52:00,P12,,1.0,55.0,,card
nimman,NM-001243,3,2026-02-11 15:52:00,P01,S,1.0,45.0,,card
nimman,NM-001244,1,2026-02-11 15:53:00,P07,M,1.0,55.0,,qr
nimman,NM-001244,2,2026-02-11 15:53:00,P13,,1.0,50.0,,qr
nimman,NM-001245,1,2026-02-11 16:02:00,P02,M,1.0,55.0,,qr
nimman,NM-001245,2,2026-02-11 16:02:00,P12,,1.0,55.0,,qr
nimman,NM-001246,1,2026-02-11 17:04:00,P03,L,2.0,75.0,,cash
nimman,NM-001246,2,2026-02-11 17:04:00,P14,,1.0,85.0,,cash
nimman,NM-001247,1,2026-02-11 17:57:00,P05,M,1.0,70.0,,qr
nimman,NM-001248,1,2026-02-12 09:08:00,P01,M,2.0,55.0,,qr
nimman,NM-001248,2,2026-02-12 09:08:00,P15,,1.0,75.0,,qr
nimman,NM-001249,1,2026-02-12 09:19:00,P15,,1.0,75.0,,cash
nimman,NM-001249,2,2026-02-12 09:19:00,P07,M,1.0,55.0,,cash
nimman,NM-001250,1,2026-02-12 09:51:00,P06,L,2.0,85.0,M0378,qr
nimman,NM-001251,1,2026-02-12 10:18:00,P05,L,1.0,80.0,M0481,qr
nimman,NM-001252,1,2026-02-12 10:46:00,P02,M,1.0,55.0,,card
nimman,NM-001252,2,2026-02-12 10:46:00,P10,S,1.0,50.0,,card
nimman,NM-001253,1,2026-02-12 11:13:00,P03,M,1.0,65.0,M0231,card
nimman,NM-001254,1,2026-02-12 12:36:00,P11,L,1.0,70.0,M0304,qr
nimman,NM-001255,1,2026-02-12 13:31:00,P07,S,1.0,45.0,,cash
nimman,NM-001255,2,2026-02-12 13:31:00,P13,,1.0,50.0,,cash
nimman,NM-001256,1,2026-02-12 13:35:00,P13,,1.0,50.0,,qr
nimman,NM-001256,2,2026-02-12 13:35:00,P12,,1.0,55.0,,qr
nimman,NM-001257,1,2026-02-12 13:52:00,P04,M,1.0,65.0,,qr
nimman,NM-001258,1,2026-02-12 14:00:00,P05,L,1.0,80.0,,card
nimman,NM-001258,2,2026-02-12 14:00:00,P13,,1.0,50.0,,card
nimman,NM-001259,1,2026-02-12 14:01:00,P04,L,1.0,75.0,,cash
nimman,NM-001260,1,2026-02-12 14:02:00,P07,S,1.0,45.0,,cash
nimman,NM-001260,2,2026-02-12 14:02:00,P13,,1.0,50.0,,cash
nimman,NM-001261,1,2026-02-12 14:21:00,P11,S,1.0,50.0,M0793,card
nimman,NM-001262,1,2026-02-12 14:53:00,P10,S,1.0,50.0,M0786,card
nimman,NM-001263,1,2026-02-12 14:54:00,P10,L,1.0,70.0,M0720,qr
nimman,NM-001263,2,2026-02-12 14:54:00,P13,,1.0,50.0,M0720,qr
nimman,NM-001263,3,2026-02-12 14:54:00,P08,M,1.0,70.0,M0720,qr
nimman,NM-001264,1,2026-02-12 15:39:00,P02,L,1.0,65.0,M0383,qr
nimman,NM-001264,2,2026-02-12 15:39:00,P12,,1.0,55.0,M0383,qr
nimman,NM-001265,1,2026-02-12 15:40:00,P12,,1.0,55.0,,qr
nimman,NM-001266,1,2026-02-12 18:07:00,P01,M,1.0,55.0,,qr
nimman,NM-001266,2,2026-02-12 18:07:00,P15,,1.0,75.0,,qr
nimman,NM-001267,1,2026-02-12 18:33:00,P12,,1.0,55.0,M0367,cash
nimman,NM-001268,1,2026-02-12 18:40:00,P12,,1.0,55.0,,qr
nimman,NM-001269,1,2026-02-12 19:35:00,P06,L,2.0,85.0,M0280,card
nimman,NM-001269,2,2026-02-12 19:35:00,P07,M,1.0,55.0,M0280,card
nimman,NM-001270,1,2026-02-13 07:30:00,P13,,1.0,50.0,M0314,qr
nimman,NM-001271,1,2026-02-13 07:43:00,P02,L,1.0,65.0,,card
nimman,NM-001271,2,2026-02-13 07:43:00,P12,,1.0,55.0,,card
nimman,NM-001271,3,2026-02-13 07:43:00,P03,S,1.0,55.0,,card
nimman,NM-001272,1,2026-02-13 09:27:00,P14,,1.0,85.0,,card
nimman,NM-001273,1,2026-02-13 11:15:00,P06,L,1.0,85.0,M0345,qr
nimman,NM-001274,1,2026-02-13 12:07:00,P13,,1.0,50.0,,card
nimman,NM-001275,1,2026-02-13 12:49:00,P08,M,1.0,70.0,,cash
nimman,NM-001276,1,2026-02-13 12:56:00,P03,M,2.0,65.0,,qr
nimman,NM-001276,2,2026-02-13 12:56:00,P14,,1.0,85.0,,qr
nimman,NM-001277,1,2026-02-13 14:22:00,P09,M,1.0,50.0,,qr
nimman,NM-001278,1,2026-02-13 14:27:00,P05,M,1.0,70.0,M0044,card
nimman,NM-001279,1,2026-02-13 14:38:00,P08,L,2.0,80.0,,qr
nimman,NM-001279,2,2026-02-13 14:38:00,P06,M,1.0,75.0,,qr
nimman,NM-001280,1,2026-02-13 14:49:00,P04,S,1.0,55.0,,qr
nimman,NM-001281,1,2026-02-13 14:52:00,P13,,1.0,50.0,M0315,qr
nimman,NM-001282,1,2026-02-13 15:25:00,P10,M,1.0,60.0,,qr
nimman,NM-001283,1,2026-02-13 15:37:00,P06,M,3.0,75.0,,cash
nimman,NM-001284,1,2026-02-13 15:51:00,P13,,2.0,50.0,,qr
nimman,NM-001285,1,2026-02-13 16:50:00,P03,M,1.0,65.0,,cash
nimman,NM-001285,2,2026-02-13 16:50:00,P14,,1.0,85.0,,cash
nimman,NM-001286,1,2026-02-13 16:59:00,P02,M,1.0,55.0,,qr
nimman,NM-001286,2,2026-02-13 16:59:00,P14,,1.0,85.0,,qr
nimman,NM-001287,1,2026-02-14 07:44:00,P11,M,1.0,60.0,,qr
nimman,NM-001288,1,2026-02-14 08:06:00,P09,S,1.0,40.0,,qr
nimman,NM-001289,1,2026-02-14 08:15:00,P05,L,1.0,80.0,M0694,qr
nimman,NM-001290,1,2026-02-14 08:24:00,P13,,1.0,50.0,M0467,qr
nimman,NM-001290,2,2026-02-14 08:24:00,P07,M,1.0,55.0,M0467,qr
nimman,NM-001291,1,2026-02-14 08:44:00,P03,L,2.0,75.0,M0437,qr
nimman,NM-001291,2,2026-02-14 08:44:00,P14,,1.0,85.0,M0437,qr
nimman,NM-001292,1,2026-02-14 08:56:00,P10,S,1.0,50.0,M0162,qr
nimman,NM-001293,1,2026-02-14 08:58:00,P06,M,1.0,75.0,,cash
nimman,NM-001294,1,2026-02-14 09:08:00,P05,M,1.0,70.0,M0471,qr
nimman,NM-001295,1,2026-02-14 09:29:00,P03,L,1.0,75.0,,cash
nimman,NM-001295,2,2026-02-14 09:29:00,P14,,1.0,85.0,,cash
nimman,NM-001296,1,2026-02-14 09:40:00,P02,M,1.0,55.0,,cash
nimman,NM-001296,2,2026-02-14 09:40:00,P12,,1.0,55.0,,cash
nimman,NM-001297,1,2026-02-14 09:48:00,P01,M,1.0,55.0,M0333,qr
nimman,NM-001297,2,2026-02-14 09:48:00,P15,,1.0,75.0,M0333,qr
nimman,NM-001298,1,2026-02-14 10:02:00,P02,M,1.0,55.0,,card
nimman,NM-001298,2,2026-02-14 10:02:00,P12,,1.0,55.0,,card
nimman,NM-001299,1,2026-02-14 10:10:00,P01,M,1.0,55.0,M0657,qr
nimman,NM-001300,1,2026-02-14 10:15:00,P04,M,1.0,65.0,M0157,qr
nimman,NM-001301,1,2026-02-14 10:31:00,P02,S,1.0,45.0,M0334,cash
nimman,NM-001301,2,2026-02-14 10:31:00,P12,,1.0,55.0,M0334,cash
nimman,NM-001302,1,2026-02-14 10:38:00,P01,M,1.0,55.0,,card
nimman,NM-001302,2,2026-02-14 10:38:00,P06,M,1.0,75.0,,card
nimman,NM-001303,1,2026-02-14 11:08:00,P03,S,1.0,55.0,M0407,qr
nimman,NM-001304,1,2026-02-14 13:19:00,P12,,1.0,55.0,,card
nimman,NM-001305,1,2026-02-14 13:53:00,P11,M,1.0,60.0,M0596,card
nimman,NM-001305,2,2026-02-14 13:53:00,P03,M,1.0,65.0,M0596,card
nimman,NM-001306,1,2026-02-14 14:08:00,P10,S,1.0,50.0,,qr
nimman,NM-001307,1,2026-02-14 14:35:00,P03,M,2.0,65.0,,qr
nimman,NM-001307,2,2026-02-14 14:35:00,P14,,1.0,85.0,,qr
nimman,NM-001308,1,2026-02-14 15:44:00,P06,M,1.0,75.0,,cash
nimman,NM-001309,1,2026-02-14 15:47:00,P05,M,2.0,70.0,M0280,card
nimman,NM-001310,1,2026-02-14 15:52:00,P09,S,1.0,40.0,M0330,qr
nimman,NM-001311,1,2026-02-14 16:03:00,P13,,1.0,50.0,M0444,cash
nimman,NM-001312,1,2026-02-14 16:17:00,P11,S,1.0,50.0,,card
nimman,NM-001313,1,2026-02-14 16:20:00,P13,,1.0,50.0,M0409,cash
nimman,NM-001314,1,2026-02-14 16:29:00,P11,S,1.0,50.0,M0164,card
nimman,NM-001315,1,2026-02-14 17:48:00,P09,L,1.0,60.0,M0774,qr
nimman,NM-001316,1,2026-02-14 18:09:00,P07,L,2.0,65.0,,qr
nimman,NM-001317,1,2026-02-14 18:16:00,P07,M,1.0,55.0,M0014,qr
nimman,NM-001318,1,2026-02-14 18:28:00,P05,M,1.0,70.0,,qr
nimman,NM-001319,1,2026-02-14 18:37:00,P08,M,2.0,70.0,M0172,cash
nimman,NM-001320,1,2026-02-14 19:14:00,P04,M,2.0,65.0,M0203,qr
nimman,NM-001321,1,2026-02-14 19:57:00,P13,,1.0,50.0,,qr
nimman,NM-001322,1,2026-02-15 07:51:00,P01,M,1.0,55.0,M0156,qr
nimman,NM-001322,2,2026-02-15 07:51:00,P15,,1.0,75.0,M0156,qr
nimman,NM-001323,1,2026-02-15 08:09:00,P08,M,1.0,70.0,M0618,qr
nimman,NM-001324,1,2026-02-15 08:41:00,P03,S,1.0,55.0,M0774,qr
nimman,NM-001325,1,2026-02-15 09:05:00,P09,M,2.0,50.0,,qr
nimman,NM-001326,1,2026-02-15 09:13:00,P08,M,1.0,70.0,M0111,cash
nimman,NM-001327,1,2026-02-15 09:27:00,P14,,1.0,85.0,M0260,qr
nimman,NM-001328,1,2026-02-15 09:35:00,P03,L,2.0,75.0,M0339,qr
nimman,NM-001329,1,2026-02-15 09:56:00,P04,M,1.0,65.0,M0443,cash
nimman,NM-001330,1,2026-02-15 10:05:00,P06,M,1.0,75.0,M0452,qr
nimman,NM-001330,2,2026-02-15 10:05:00,P03,M,1.0,65.0,M0452,qr
nimman,NM-001331,1,2026-02-15 10:21:00,P05,L,1.0,80.0,M0375,card
nimman,NM-001332,1,2026-02-15 10:38:00,P03,M,1.0,65.0,M0640,card
nimman,NM-001333,1,2026-02-15 11:24:00,P09,S,2.0,40.0,,card
nimman,NM-001334,1,2026-02-15 12:45:00,P03,S,1.0,55.0,,qr
nimman,NM-001335,1,2026-02-15 13:01:00,P02,L,1.0,65.0,M0531,cash
nimman,NM-001335,2,2026-02-15 13:01:00,P11,L,1.0,70.0,M0531,cash
nimman,NM-001336,1,2026-02-15 13:31:00,P03,M,1.0,65.0,,card
nimman,NM-001337,1,2026-02-15 13:52:00,P05,L,1.0,80.0,,qr
nimman,NM-001337,2,2026-02-15 13:52:00,P15,,1.0,75.0,,qr
nimman,NM-001338,1,2026-02-15 14:36:00,P10,L,1.0,70.0,,cash
nimman,NM-001339,1,2026-02-15 14:48:00,P11,L,1.0,70.0,M0738,qr
nimman,NM-001340,1,2026-02-15 15:28:00,P08,S,2.0,60.0,,qr
nimman,NM-001340,2,2026-02-15 15:28:00,P13,,1.0,50.0,,qr
nimman,NM-001341,1,2026-02-15 15:48:00,P03,S,1.0,55.0,,qr
nimman,NM-001342,1,2026-02-15 15:54:00,P05,S,1.0,60.0,M0452,qr
nimman,NM-001343,1,2026-02-15 16:20:00,P12,,1.0,55.0,,card
nimman,NM-001344,1,2026-02-15 16:39:00,P04,L,1.0,75.0,M0195,qr
nimman,NM-001345,1,2026-02-15 16:45:00,P09,M,1.0,50.0,,qr
nimman,NM-001346,1,2026-02-15 17:17:00,P07,S,1.0,45.0,M0331,qr
nimman,NM-001346,2,2026-02-15 17:17:00,P13,,1.0,50.0,M0331,qr
nimman,NM-001346,3,2026-02-15 17:17:00,P09,M,1.0,50.0,M0331,qr
nimman,NM-001347,1,2026-02-15 17:24:00,P03,S,1.0,55.0,,qr
nimman,NM-001348,1,2026-02-15 19:05:00,P01,M,1.0,55.0,,card
nimman,NM-001348,2,2026-02-15 19:05:00,P15,,1.0,75.0,,card
nimman,NM-001349,1,2026-02-16 07:10:00,P07,S,1.0,45.0,M0521,cash
nimman,NM-001349,2,2026-02-16 07:10:00,P13,,1.0,50.0,M0521,cash
nimman,NM-001350,1,2026-02-16 07:32:00,P03,M,2.0,65.0,M0137,qr
nimman,NM-001351,1,2026-02-16 08:17:00,P03,S,1.0,55.0,M0712,qr
nimman,NM-001352,1,2026-02-16 08:49:00,P07,S,2.0,45.0,,cash
nimman,NM-001352,2,2026-02-16 08:49:00,P13,,1.0,50.0,,cash
nimman,NM-001353,1,2026-02-16 09:05:00,P14,,2.0,85.0,,qr
nimman,NM-001354,1,2026-02-16 09:24:00,P03,L,1.0,75.0,,card
nimman,NM-001355,1,2026-02-16 09:31:00,P04,M,1.0,65.0,M0513,qr
nimman,NM-001355,2,2026-02-16 09:31:00,P13,,1.0,50.0,M0513,qr
nimman,NM-001356,1,2026-02-16 09:45:00,P14,,1.0,85.0,,qr
nimman,NM-001357,1,2026-02-16 09:51:00,P07,S,2.0,45.0,,qr
nimman,NM-001358,1,2026-02-16 10:07:00,P02,M,1.0,55.0,M0058,qr
nimman,NM-001358,2,2026-02-16 10:07:00,P12,,1.0,55.0,M0058,qr
nimman,NM-001359,1,2026-02-16 10:08:00,P06,M,2.0,75.0,,qr
nimman,NM-001360,1,2026-02-16 10:31:00,P05,S,1.0,60.0,M0609,cash
nimman,NM-001361,1,2026-02-16 10:50:00,P11,S,1.0,50.0,,qr
nimman,NM-001361,2,2026-02-16 10:50:00,P15,,1.0,75.0,,qr
nimman,NM-001362,1,2026-02-16 11:01:00,P07,M,1.0,55.0,,cash
nimman,NM-001363,1,2026-02-16 11:09:00,P03,S,1.0,55.0,M0774,qr
nimman,NM-001364,1,2026-02-16 11:38:00,P07,S,1.0,45.0,,qr
nimman,NM-001365,1,2026-02-16 11:38:00,P01,L,1.0,65.0,,qr
nimman,NM-001366,1,2026-02-16 12:13:00,P04,S,1.0,55.0,,cash
nimman,NM-001367,1,2026-02-16 13:51:00,P02,S,1.0,45.0,,qr
nimman,NM-001368,1,2026-02-16 13:57:00,P05,S,1.0,60.0,,qr
nimman,NM-001369,1,2026-02-16 14:30:00,P08,M,1.0,70.0,M0634,qr
nimman,NM-001370,1,2026-02-16 15:26:00,P01,S,1.0,45.0,M0236,qr
nimman,NM-001371,1,2026-02-16 15:36:00,P08,M,2.0,70.0,,qr
nimman,NM-001372,1,2026-02-16 16:08:00,P06,M,1.0,75.0,M0577,card
nimman,NM-001373,1,2026-02-16 16:19:00,P01,L,1.0,65.0,,qr
nimman,NM-001373,2,2026-02-16 16:19:00,P15,,1.0,75.0,,qr
nimman,NM-001373,3,2026-02-16 16:19:00,P04,M,1.0,65.0,,qr
nimman,NM-001374,1,2026-02-16 16:45:00,P06,M,2.0,75.0,,cash
nimman,NM-001375,1,2026-02-16 16:47:00,P03,M,1.0,65.0,,cash
nimman,NM-001375,2,2026-02-16 16:47:00,P14,,1.0,85.0,,cash
nimman,NM-001376,1,2026-02-16 17:54:00,P13,,1.0,50.0,,qr
nimman,NM-001377,1,2026-02-16 18:29:00,P03,L,1.0,75.0,,cash
nimman,NM-001377,2,2026-02-16 18:29:00,P14,,1.0,85.0,,cash
nimman,NM-001378,1,2026-02-16 18:36:00,P03,M,1.0,65.0,M0633,cash
nimman,NM-001378,2,2026-02-16 18:36:00,P14,,1.0,85.0,M0633,cash
nimman,NM-001379,1,2026-02-16 19:09:00,P08,M,1.0,70.0,,card
nimman,NM-001380,1,2026-02-16 19:55:00,P12,,1.0,55.0,,qr
nimman,NM-001381,1,2026-02-17 08:47:00,P07,S,1.0,45.0,,cash
nimman,NM-001381,2,2026-02-17 08:47:00,P13,,1.0,50.0,,cash
nimman,NM-001382,1,2026-02-17 09:28:00,P07,M,1.0,55.0,M0721,qr
nimman,NM-001382,2,2026-02-17 09:28:00,P08,M,1.0,70.0,M0721,qr
nimman,NM-001383,1,2026-02-17 09:48:00,P08,S,2.0,60.0,M0376,qr
nimman,NM-001384,1,2026-02-17 09:57:00,P05,M,1.0,70.0,M0247,card
nimman,NM-001384,2,2026-02-17 09:57:00,P08,M,1.0,70.0,M0247,card
nimman,NM-001385,1,2026-02-17 10:11:00,P03,M,2.0,65.0,,qr
nimman,NM-001385,2,2026-02-17 10:11:00,P14,,1.0,85.0,,qr
nimman,NM-001386,1,2026-02-17 11:31:00,P07,L,1.0,65.0,M0012,cash
nimman,NM-001386,2,2026-02-17 11:31:00,P13,,1.0,50.0,M0012,cash
nimman,NM-001387,1,2026-02-17 11:40:00,P04,M,1.0,65.0,,cash
nimman,NM-001387,2,2026-02-17 11:40:00,P08,M,1.0,70.0,,cash
nimman,NM-001388,1,2026-02-17 14:06:00,P03,M,3.0,65.0,,card
nimman,NM-001388,2,2026-02-17 14:06:00,P15,,1.0,75.0,,card
nimman,NM-001389,1,2026-02-17 14:08:00,P05,M,2.0,70.0,M0011,qr
nimman,NM-001390,1,2026-02-17 14:22:00,P07,L,1.0,65.0,,card
nimman,NM-001391,1,2026-02-17 14:35:00,P02,L,1.0,65.0,M0171,card
nimman,NM-001391,2,2026-02-17 14:35:00,P12,,1.0,55.0,M0171,card
nimman,NM-001392,1,2026-02-17 15:03:00,P08,M,1.0,70.0,M0345,qr
nimman,NM-001393,1,2026-02-17 15:14:00,P07,S,1.0,45.0,M0011,qr
nimman,NM-001394,1,2026-02-17 15:16:00,P14,,1.0,85.0,M0454,cash
nimman,NM-001395,1,2026-02-17 15:21:00,P08,M,1.0,70.0,M0076,qr
nimman,NM-001396,1,2026-02-17 15:35:00,P06,M,2.0,75.0,M0365,card
nimman,NM-001397,1,2026-02-17 15:47:00,P07,L,1.0,65.0,,qr
nimman,NM-001397,2,2026-02-17 15:47:00,P13,,1.0,50.0,,qr
nimman,NM-001398,1,2026-02-17 16:12:00,P13,,1.0,50.0,,qr
nimman,NM-001399,1,2026-02-17 16:20:00,P05,S,3.0,60.0,M0204,qr
nimman,NM-001400,1,2026-02-17 18:25:00,P08,M,2.0,70.0,M0115,qr
nimman,NM-001401,1,2026-02-17 18:28:00,P11,M,1.0,60.0,,qr
nimman,NM-001401,2,2026-02-17 18:28:00,P12,,1.0,55.0,,qr
nimman,NM-001402,1,2026-02-17 18:50:00,P08,M,2.0,70.0,M0431,card
nimman,NM-001402,2,2026-02-17 18:50:00,P07,S,1.0,45.0,M0431,card
nimman,NM-001403,1,2026-02-17 18:57:00,P07,L,1.0,65.0,M0659,qr
nimman,NM-001404,1,2026-02-17 19:42:00,P09,L,3.0,60.0,,qr
nimman,NM-001405,1,2026-02-18 07:02:00,P06,L,1.0,85.0,,cash
nimman,NM-001405,2,2026-02-18 07:02:00,P09,L,1.0,60.0,,cash
nimman,NM-001406,1,2026-02-18 07:28:00,P11,L,1.0,70.0,,qr
nimman,NM-001407,1,2026-02-18 07:51:00,P03,M,1.0,65.0,,qr
nimman,NM-001407,2,2026-02-18 07:51:00,P12,,1.0,55.0,,qr
nimman,NM-001408,1,2026-02-18 08:09:00,P03,L,1.0,75.0,,qr
nimman,NM-001408,2,2026-02-18 08:09:00,P14,,1.0,85.0,,qr
nimman,NM-001409,1,2026-02-18 08:12:00,P01,S,1.0,45.0,M0089,qr
nimman,NM-001410,1,2026-02-18 09:04:00,P05,L,1.0,80.0,,qr
nimman,NM-001411,1,2026-02-18 10:22:00,P04,M,1.0,65.0,M0621,qr
nimman,NM-001412,1,2026-02-18 10:42:00,P10,M,2.0,60.0,M0592,qr
nimman,NM-001412,2,2026-02-18 10:42:00,P04,S,1.0,55.0,M0592,qr
nimman,NM-001413,1,2026-02-18 10:59:00,P02,S,1.0,45.0,,qr
nimman,NM-001413,2,2026-02-18 10:59:00,P12,,1.0,55.0,,qr
nimman,NM-001414,1,2026-02-18 11:02:00,P01,M,1.0,55.0,,qr
nimman,NM-001414,2,2026-02-18 11:02:00,P15,,1.0,75.0,,qr
nimman,NM-001415,1,2026-02-18 12:02:00,P02,L,1.0,65.0,,qr
nimman,NM-001415,2,2026-02-18 12:02:00,P12,,1.0,55.0,,qr
nimman,NM-001416,1,2026-02-18 12:14:00,P06,M,1.0,75.0,M0610,card
nimman,NM-001416,2,2026-02-18 12:14:00,P12,,1.0,55.0,M0610,card
nimman,NM-001417,1,2026-02-18 12:35:00,P02,L,1.0,65.0,M0314,qr
nimman,NM-001417,2,2026-02-18 12:35:00,P12,,1.0,55.0,M0314,qr
nimman,NM-001417,3,2026-02-18 12:35:00,P03,L,1.0,75.0,M0314,qr
nimman,NM-001418,1,2026-02-18 13:06:00,P02,S,1.0,45.0,,qr
nimman,NM-001419,1,2026-02-18 13:42:00,P04,M,1.0,65.0,M0452,cash
nimman,NM-001420,1,2026-02-18 14:14:00,P03,S,1.0,55.0,,qr
nimman,NM-001420,2,2026-02-18 14:14:00,P01,M,1.0,55.0,,qr
nimman,NM-001421,1,2026-02-18 14:30:00,P13,,1.0,50.0,,qr
nimman,NM-001422,1,2026-02-18 14:40:00,P10,L,1.0,70.0,,qr
nimman,NM-001423,1,2026-02-18 14:55:00,P07,M,1.0,55.0,M0246,cash
nimman,NM-001423,2,2026-02-18 14:55:00,P13,,1.0,50.0,M0246,cash
nimman,NM-001424,1,2026-02-18 15:24:00,P10,M,1.0,60.0,,qr
nimman,NM-001425,1,2026-02-18 15:53:00,P03,L,2.0,75.0,,cash
nimman,NM-001425,2,2026-02-18 15:53:00,P14,,1.0,85.0,,cash
nimman,NM-001426,1,2026-02-18 16:17:00,P07,M,2.0,55.0,,qr
nimman,NM-001427,1,2026-02-18 16:34:00,P11,M,3.0,60.0,,card
nimman,NM-001428,1,2026-02-18 17:34:00,P10,S,1.0,50.0,,qr
nimman,NM-001429,1,2026-02-18 17:51:00,P12,,1.0,55.0,M0745,qr
nimman,NM-001430,1,2026-02-18 18:20:00,P10,M,1.0,60.0,,card
nimman,NM-001431,1,2026-02-18 18:54:00,P07,M,2.0,55.0,M0027,qr
nimman,NM-001431,2,2026-02-18 18:54:00,P13,,1.0,50.0,M0027,qr
nimman,NM-001432,1,2026-02-18 19:55:00,P10,M,1.0,60.0,,card
nimman,NM-001433,1,2026-02-19 07:44:00,P03,M,1.0,65.0,,cash
nimman,NM-001433,2,2026-02-19 07:44:00,P14,,1.0,85.0,,cash
nimman,NM-001434,1,2026-02-19 08:45:00,P03,L,1.0,75.0,M0167,cash
nimman,NM-001435,1,2026-02-19 11:21:00,P09,M,1.0,50.0,,card
nimman,NM-001435,2,2026-02-19 11:21:00,P13,,1.0,50.0,,card
nimman,NM-001436,1,2026-02-19 11:25:00,P01,M,3.0,55.0,,card
nimman,NM-001436,2,2026-02-19 11:25:00,P15,,1.0,75.0,,card
nimman,NM-001437,1,2026-02-19 12:38:00,P08,M,1.0,70.0,,qr
nimman,NM-001438,1,2026-02-19 13:00:00,P06,S,1.0,65.0,,card
nimman,NM-001439,1,2026-02-19 13:11:00,P03,M,1.0,65.0,,cash
nimman,NM-001439,2,2026-02-19 13:11:00,P14,,1.0,85.0,,cash
nimman,NM-001440,1,2026-02-19 13:39:00,P10,M,1.0,60.0,,cash
nimman,NM-001440,2,2026-02-19 13:39:00,P13,,1.0,50.0,,cash
nimman,NM-001441,1,2026-02-19 13:43:00,P04,M,1.0,65.0,M0326,card
nimman,NM-001442,1,2026-02-19 14:08:00,P05,M,1.0,70.0,,qr
nimman,NM-001442,2,2026-02-19 14:08:00,P08,M,1.0,70.0,,qr
nimman,NM-001443,1,2026-02-19 15:02:00,P13,,1.0,50.0,M0401,cash
nimman,NM-001444,1,2026-02-19 15:21:00,P05,S,1.0,60.0,,qr
nimman,NM-001445,1,2026-02-19 15:53:00,P02,M,2.0,55.0,,qr
nimman,NM-001445,2,2026-02-19 15:53:00,P12,,1.0,55.0,,qr
nimman,NM-001446,1,2026-02-19 17:01:00,P02,S,1.0,45.0,M0484,qr
nimman,NM-001446,2,2026-02-19 17:01:00,P12,,1.0,55.0,M0484,qr
nimman,NM-001447,1,2026-02-19 17:39:00,P04,L,1.0,75.0,,cash
nimman,NM-001447,2,2026-02-19 17:39:00,P06,M,1.0,75.0,,cash
nimman,NM-001448,1,2026-02-19 18:11:00,P08,S,1.0,60.0,,cash
nimman,NM-001449,1,2026-02-19 18:22:00,P10,M,1.0,60.0,M0219,qr
nimman,NM-001450,1,2026-02-19 18:23:00,P14,,1.0,85.0,,cash
nimman,NM-001451,1,2026-02-20 08:31:00,P13,,1.0,50.0,,qr
nimman,NM-001452,1,2026-02-20 08:41:00,P02,S,1.0,45.0,,cash
nimman,NM-001453,1,2026-02-20 08:48:00,P03,L,1.0,75.0,,card
nimman,NM-001454,1,2026-02-20 08:50:00,P03,M,1.0,65.0,,cash
nimman,NM-001455,1,2026-02-20 09:17:00,P03,M,2.0,65.0,M0239,qr
nimman,NM-001456,1,2026-02-20 09:58:00,P03,S,1.0,55.0,M0149,cash
nimman,NM-001456,2,2026-02-20 09:58:00,P14,,1.0,85.0,M0149,cash
nimman,NM-001457,1,2026-02-20 10:23:00,P03,S,1.0,55.0,,qr
nimman,NM-001458,1,2026-02-20 12:42:00,P09,L,1.0,60.0,,card
nimman,NM-001459,1,2026-02-20 12:50:00,P11,M,1.0,60.0,,cash
nimman,NM-001460,1,2026-02-20 13:15:00,P06,M,1.0,75.0,,cash
nimman,NM-001460,2,2026-02-20 13:15:00,P08,L,1.0,80.0,,cash
nimman,NM-001461,1,2026-02-20 13:56:00,P14,,1.0,85.0,,qr
nimman,NM-001462,1,2026-02-20 13:57:00,P01,M,1.0,55.0,M0618,qr
nimman,NM-001462,2,2026-02-20 13:57:00,P15,,1.0,75.0,M0618,qr
nimman,NM-001463,1,2026-02-20 14:19:00,P05,M,3.0,70.0,,card
nimman,NM-001464,1,2026-02-20 14:20:00,P06,S,1.0,65.0,,qr
nimman,NM-001465,1,2026-02-20 14:24:00,P12,,2.0,55.0,M0562,card
nimman,NM-001465,2,2026-02-20 14:24:00,P01,M,1.0,55.0,M0562,card
nimman,NM-001466,1,2026-02-20 18:29:00,P07,L,1.0,65.0,,card
nimman,NM-001466,2,2026-02-20 18:29:00,P14,,1.0,85.0,,card
nimman,NM-001467,1,2026-02-20 19:51:00,P11,M,2.0,60.0,M0234,qr
nimman,NM-001467,2,2026-02-20 19:51:00,P12,,1.0,55.0,M0234,qr
nimman,NM-001468,1,2026-02-20 19:58:00,P01,M,1.0,55.0,,cash
nimman,NM-001468,2,2026-02-20 19:58:00,P15,,1.0,75.0,,cash
nimman,NM-001468,3,2026-02-20 19:58:00,P11,S,1.0,50.0,,cash
nimman,NM-001469,1,2026-02-21 07:05:00,P05,M,1.0,70.0,,qr
nimman,NM-001470,1,2026-02-21 07:14:00,P07,S,1.0,45.0,,cash
nimman,NM-001470,2,2026-02-21 07:14:00,P08,L,1.0,80.0,,cash
nimman,NM-001471,1,2026-02-21 07:28:00,P02,M,1.0,55.0,,card
nimman,NM-001471,2,2026-02-21 07:28:00,P12,,1.0,55.0,,card
nimman,NM-001472,1,2026-02-21 07:54:00,P02,S,1.0,45.0,,qr
nimman,NM-001472,2,2026-02-21 07:54:00,P12,,1.0,55.0,,qr
nimman,NM-001473,1,2026-02-21 08:29:00,P04,M,1.0,65.0,,card
nimman,NM-001473,2,2026-02-21 08:29:00,P12,,1.0,55.0,,card
nimman,NM-001474,1,2026-02-21 08:34:00,P03,S,1.0,55.0,M0672,cash
nimman,NM-001474,2,2026-02-21 08:34:00,P14,,1.0,85.0,M0672,cash
nimman,NM-001475,1,2026-02-21 08:56:00,P06,S,1.0,65.0,M0490,qr
nimman,NM-001475,2,2026-02-21 08:56:00,P01,M,1.0,55.0,M0490,qr
nimman,NM-001476,1,2026-02-21 09:19:00,P12,,1.0,55.0,,card
nimman,NM-001477,1,2026-02-21 09:48:00,P02,L,1.0,65.0,,qr
nimman,NM-001477,2,2026-02-21 09:48:00,P15,,1.0,75.0,,qr
nimman,NM-001478,1,2026-02-21 09:54:00,P14,,1.0,85.0,M0178,qr
nimman,NM-001479,1,2026-02-21 10:02:00,P03,M,1.0,65.0,,qr
nimman,NM-001480,1,2026-02-21 10:16:00,P12,,1.0,55.0,,qr
nimman,NM-001481,1,2026-02-21 10:38:00,P04,L,1.0,75.0,,card
nimman,NM-001482,1,2026-02-21 11:29:00,P08,M,1.0,70.0,,card
nimman,NM-001483,1,2026-02-21 11:36:00,P05,L,1.0,80.0,,qr
nimman,NM-001484,1,2026-02-21 11:39:00,P06,L,1.0,85.0,M0182,cash
nimman,NM-001485,1,2026-02-21 12:01:00,P12,,2.0,55.0,,card
nimman,NM-001486,1,2026-02-21 12:20:00,P08,M,1.0,70.0,,qr
nimman,NM-001487,1,2026-02-21 12:51:00,P04,M,1.0,65.0,,cash
nimman,NM-001488,1,2026-02-21 12:55:00,P03,S,1.0,55.0,M0795,qr
nimman,NM-001488,2,2026-02-21 12:55:00,P14,,1.0,85.0,M0795,qr
nimman,NM-001488,3,2026-02-21 12:55:00,P02,M,1.0,55.0,M0795,qr
nimman,NM-001489,1,2026-02-21 13:06:00,P01,S,1.0,45.0,,qr
nimman,NM-001489,2,2026-02-21 13:06:00,P15,,1.0,75.0,,qr
nimman,NM-001490,1,2026-02-21 13:32:00,P07,L,1.0,65.0,,card
nimman,NM-001490,2,2026-02-21 13:32:00,P14,,1.0,85.0,,card
nimman,NM-001491,1,2026-02-21 13:44:00,P08,L,2.0,80.0,,qr
nimman,NM-001491,2,2026-02-21 13:44:00,P07,S,1.0,45.0,,qr
nimman,NM-001492,1,2026-02-21 14:02:00,P09,S,1.0,40.0,,cash
nimman,NM-001493,1,2026-02-21 14:26:00,P10,S,1.0,50.0,M0287,qr
nimman,NM-001494,1,2026-02-21 14:30:00,P04,L,2.0,75.0,M0631,card
nimman,NM-001494,2,2026-02-21 14:30:00,P07,S,1.0,45.0,M0631,card
nimman,NM-001495,1,2026-02-21 14:30:00,P08,L,1.0,80.0,M0366,card
nimman,NM-001496,1,2026-02-21 14:32:00,P01,S,2.0,45.0,M0193,cash
nimman,NM-001497,1,2026-02-21 14:48:00,P11,L,1.0,70.0,M0331,qr
nimman,NM-001498,1,2026-02-21 15:22:00,P14,,1.0,85.0,M0513,cash
nimman,NM-001499,1,2026-02-21 15:46:00,P07,L,1.0,65.0,,qr
nimman,NM-001499,2,2026-02-21 15:46:00,P13,,1.0,50.0,,qr
nimman,NM-001499,3,2026-02-21 15:46:00,P10,L,1.0,70.0,,qr
nimman,NM-001500,1,2026-02-21 16:01:00,P02,S,1.0,45.0,,card
nimman,NM-001500,2,2026-02-21 16:01:00,P12,,1.0,55.0,,card
nimman,NM-001501,1,2026-02-21 16:26:00,P06,M,1.0,75.0,,qr
nimman,NM-001502,1,2026-02-21 16:37:00,P09,M,1.0,50.0,,cash
nimman,NM-001503,1,2026-02-21 16:38:00,P04,M,1.0,65.0,,qr
nimman,NM-001504,1,2026-02-21 17:31:00,P11,L,1.0,70.0,,cash
nimman,NM-001505,1,2026-02-21 18:38:00,P07,L,2.0,65.0,,qr
nimman,NM-001506,1,2026-02-21 18:39:00,P10,M,1.0,60.0,,qr
nimman,NM-001507,1,2026-02-22 07:19:00,P07,L,2.0,65.0,M0274,cash
nimman,NM-001508,1,2026-02-22 07:27:00,P14,,3.0,85.0,M0366,card
nimman,NM-001509,1,2026-02-22 07:57:00,P08,M,1.0,70.0,M0360,cash
nimman,NM-001510,1,2026-02-22 08:08:00,P08,M,1.0,70.0,,qr
nimman,NM-001511,1,2026-02-22 08:18:00,P03,M,1.0,65.0,,qr
nimman,NM-001511,2,2026-02-22 08:18:00,P14,,1.0,85.0,,qr
nimman,NM-001512,1,2026-02-22 08:21:00,P11,M,2.0,60.0,,qr
nimman,NM-001513,1,2026-02-22 08:27:00,P02,M,1.0,55.0,,card
nimman,NM-001514,1,2026-02-22 08:32:00,P13,,1.0,50.0,M0112,cash
nimman,NM-001515,1,2026-02-22 08:55:00,P01,S,1.0,45.0,,qr
nimman,NM-001515,2,2026-02-22 08:55:00,P15,,1.0,75.0,,qr
nimman,NM-001515,3,2026-02-22 08:55:00,P02,M,1.0,55.0,,qr
nimman,NM-001516,1,2026-02-22 09:29:00,P02,L,1.0,65.0,M0371,qr
nimman,NM-001516,2,2026-02-22 09:29:00,P12,,1.0,55.0,M0371,qr
nimman,NM-001517,1,2026-02-22 09:37:00,P02,M,1.0,55.0,,qr
nimman,NM-001518,1,2026-02-22 10:00:00,P04,M,1.0,65.0,M0651,card
nimman,NM-001519,1,2026-02-22 10:34:00,P04,M,1.0,65.0,M0770,qr
nimman,NM-001519,2,2026-02-22 10:34:00,P15,,1.0,75.0,M0770,qr
nimman,NM-001520,1,2026-02-22 11:04:00,P11,S,1.0,50.0,,qr
nimman,NM-001521,1,2026-02-22 11:53:00,P08,L,1.0,80.0,,cash
nimman,NM-001522,1,2026-02-22 11:56:00,P06,L,1.0,85.0,M0056,cash
nimman,NM-001523,1,2026-02-22 12:04:00,P04,M,1.0,65.0,,qr
nimman,NM-001523,2,2026-02-22 12:04:00,P15,,1.0,75.0,,qr
nimman,NM-001524,1,2026-02-22 12:21:00,P05,M,3.0,70.0,M0651,card
nimman,NM-001525,1,2026-02-22 12:36:00,P08,M,2.0,70.0,M0115,cash
nimman,NM-001525,2,2026-02-22 12:36:00,P12,,1.0,55.0,M0115,cash
nimman,NM-001526,1,2026-02-22 12:48:00,P09,S,1.0,40.0,,qr
nimman,NM-001527,1,2026-02-22 13:27:00,P09,M,1.0,50.0,,qr
nimman,NM-001528,1,2026-02-22 13:27:00,P07,M,2.0,55.0,,cash
nimman,NM-001528,2,2026-02-22 13:27:00,P13,,1.0,50.0,,cash
nimman,NM-001529,1,2026-02-22 13:47:00,P07,L,1.0,65.0,M0182,cash
nimman,NM-001529,2,2026-02-22 13:47:00,P13,,1.0,50.0,M0182,cash
nimman,NM-001530,1,2026-02-22 14:07:00,P01,S,3.0,45.0,M0236,qr
nimman,NM-001530,2,2026-02-22 14:07:00,P15,,1.0,75.0,M0236,qr
nimman,NM-001531,1,2026-02-22 14:20:00,P03,L,1.0,75.0,,cash
nimman,NM-001532,1,2026-02-22 14:24:00,P03,M,1.0,65.0,M0081,cash
nimman,NM-001532,2,2026-02-22 14:24:00,P14,,1.0,85.0,M0081,cash
nimman,NM-001533,1,2026-02-22 14:36:00,P05,S,1.0,60.0,M0176,qr
nimman,NM-001534,1,2026-02-22 14:49:00,P14,,1.0,85.0,M0268,qr
nimman,NM-001534,2,2026-02-22 14:49:00,P01,M,1.0,55.0,M0268,qr
nimman,NM-001535,1,2026-02-22 15:07:00,P06,S,1.0,65.0,,card
nimman,NM-001536,1,2026-02-22 15:10:00,P05,M,3.0,70.0,,qr
nimman,NM-001537,1,2026-02-22 15:46:00,P02,L,1.0,65.0,M0058,qr
nimman,NM-001538,1,2026-02-22 16:46:00,P04,L,1.0,75.0,M0072,cash
nimman,NM-001538,2,2026-02-22 16:46:00,P12,,1.0,55.0,M0072,cash
nimman,NM-001539,1,2026-02-22 19:04:00,P06,M,1.0,75.0,,qr
nimman,NM-001540,1,2026-02-23 07:51:00,P07,L,3.0,65.0,M0427,cash
nimman,NM-001540,2,2026-02-23 07:51:00,P13,,1.0,50.0,M0427,cash
nimman,NM-001541,1,2026-02-23 07:57:00,P02,S,1.0,45.0,,qr
nimman,NM-001541,2,2026-02-23 07:57:00,P12,,1.0,55.0,,qr
nimman,NM-001542,1,2026-02-23 08:38:00,P04,S,2.0,55.0,,qr
nimman,NM-001543,1,2026-02-23 08:53:00,P04,M,1.0,65.0,,card
nimman,NM-001544,1,2026-02-23 09:05:00,P01,M,1.0,55.0,,cash
nimman,NM-001544,2,2026-02-23 09:05:00,P15,,1.0,75.0,,cash
nimman,NM-001545,1,2026-02-23 09:17:00,P03,L,2.0,75.0,M0502,card
nimman,NM-001546,1,2026-02-23 09:40:00,P07,S,1.0,45.0,,card
nimman,NM-001546,2,2026-02-23 09:40:00,P13,,1.0,50.0,,card
nimman,NM-001546,3,2026-02-23 09:40:00,P03,L,1.0,75.0,,card
nimman,NM-001547,1,2026-02-23 10:06:00,P13,,1.0,50.0,M0330,qr
nimman,NM-001548,1,2026-02-23 10:23:00,P04,M,1.0,65.0,M0204,qr
nimman,NM-001548,2,2026-02-23 10:23:00,P13,,1.0,50.0,M0204,qr
nimman,NM-001549,1,2026-02-23 11:23:00,P04,M,1.0,65.0,M0228,cash
nimman,NM-001550,1,2026-02-23 12:02:00,P02,M,1.0,55.0,,cash
nimman,NM-001550,2,2026-02-23 12:02:00,P12,,1.0,55.0,,cash
nimman,NM-001551,1,2026-02-23 13:34:00,P07,M,1.0,55.0,,card
nimman,NM-001551,2,2026-02-23 13:34:00,P13,,1.0,50.0,,card
nimman,NM-001552,1,2026-02-23 14:00:00,P08,L,1.0,80.0,M0164,qr
nimman,NM-001553,1,2026-02-23 15:01:00,P06,L,2.0,85.0,,qr
nimman,NM-001554,1,2026-02-23 16:01:00,P05,M,1.0,70.0,M0779,qr
nimman,NM-001555,1,2026-02-23 16:52:00,P01,S,1.0,45.0,,cash
nimman,NM-001555,2,2026-02-23 16:52:00,P15,,1.0,75.0,,cash
nimman,NM-001555,3,2026-02-23 16:52:00,P05,L,1.0,80.0,,cash
nimman,NM-001556,1,2026-02-23 17:24:00,P10,M,1.0,60.0,,card
nimman,NM-001557,1,2026-02-23 17:50:00,P11,M,1.0,60.0,,qr
nimman,NM-001558,1,2026-02-23 18:42:00,P05,L,1.0,80.0,,cash
nimman,NM-001559,1,2026-02-23 18:59:00,P03,L,1.0,75.0,,qr
nimman,NM-001560,1,2026-02-23 19:04:00,P03,L,2.0,75.0,,qr
nimman,NM-001560,2,2026-02-23 19:04:00,P14,,1.0,85.0,,qr
nimman,NM-001561,1,2026-02-24 07:01:00,P06,M,1.0,75.0,,qr
nimman,NM-001562,1,2026-02-24 07:09:00,P02,L,1.0,65.0,M0264,qr
nimman,NM-001563,1,2026-02-24 08:10:00,P06,L,1.0,85.0,,qr
nimman,NM-001564,1,2026-02-24 08:28:00,P12,,1.0,55.0,,qr
nimman,NM-001564,2,2026-02-24 08:28:00,P08,M,1.0,70.0,,qr
nimman,NM-001565,1,2026-02-24 08:29:00,P11,M,1.0,60.0,,qr
nimman,NM-001566,1,2026-02-24 08:37:00,P02,S,1.0,45.0,M0631,qr
nimman,NM-001567,1,2026-02-24 08:56:00,P15,,3.0,75.0,M0137,card
nimman,NM-001568,1,2026-02-24 09:02:00,P09,L,1.0,60.0,M0774,card
nimman,NM-001569,1,2026-02-24 09:08:00,P03,S,1.0,55.0,M0462,qr
nimman,NM-001569,2,2026-02-24 09:08:00,P04,S,1.0,55.0,M0462,qr
nimman,NM-001570,1,2026-02-24 09:32:00,P06,M,1.0,75.0,M0489,qr
nimman,NM-001571,1,2026-02-24 09:53:00,P06,L,2.0,85.0,M0109,qr
nimman,NM-001572,1,2026-02-24 09:59:00,P08,L,2.0,80.0,,qr
nimman,NM-001573,1,2026-02-24 10:03:00,P03,S,1.0,55.0,,qr
nimman,NM-001574,1,2026-02-24 11:26:00,P03,L,2.0,75.0,M0442,cash
nimman,NM-001574,2,2026-02-24 11:26:00,P14,,1.0,85.0,M0442,cash
nimman,NM-001574,3,2026-02-24 11:26:00,P07,L,1.0,65.0,M0442,cash
nimman,NM-001575,1,2026-02-24 11:45:00,P09,M,1.0,50.0,,qr
nimman,NM-001575,2,2026-02-24 11:45:00,P13,,1.0,50.0,,qr
nimman,NM-001575,3,2026-02-24 11:45:00,P06,M,1.0,75.0,,qr
nimman,NM-001576,1,2026-02-24 11:56:00,P06,M,1.0,75.0,M0650,qr
nimman,NM-001577,1,2026-02-24 12:02:00,P07,M,1.0,55.0,,qr
nimman,NM-001577,2,2026-02-24 12:02:00,P13,,1.0,50.0,,qr
nimman,NM-001577,3,2026-02-24 12:02:00,P12,,1.0,55.0,,qr
nimman,NM-001578,1,2026-02-24 13:32:00,P15,,1.0,75.0,M0038,cash
nimman,NM-001579,1,2026-02-24 13:42:00,P13,,2.0,50.0,,qr
nimman,NM-001580,1,2026-02-24 13:44:00,P03,S,1.0,55.0,,qr
nimman,NM-001581,1,2026-02-24 14:56:00,P14,,2.0,85.0,M0112,cash
nimman,NM-001582,1,2026-02-24 14:57:00,P04,S,1.0,55.0,,card
nimman,NM-001583,1,2026-02-24 15:17:00,P13,,2.0,50.0,,qr
nimman,NM-001584,1,2026-02-24 15:40:00,P13,,1.0,50.0,,qr
nimman,NM-001585,1,2026-02-24 16:50:00,P07,S,1.0,45.0,,cash
nimman,NM-001586,1,2026-02-24 17:21:00,P13,,1.0,50.0,M0407,card
nimman,NM-001587,1,2026-02-24 19:09:00,P07,M,1.0,55.0,M0623,qr
nimman,NM-001587,2,2026-02-24 19:09:00,P13,,1.0,50.0,M0623,qr
nimman,NM-001588,1,2026-02-24 19:14:00,P09,S,1.0,40.0,,qr
nimman,NM-001589,1,2026-02-25 07:08:00,P01,S,1.0,45.0,,cash
nimman,NM-001590,1,2026-02-25 08:11:00,P02,L,1.0,65.0,,card
nimman,NM-001590,2,2026-02-25 08:11:00,P12,,1.0,55.0,,card
nimman,NM-001591,1,2026-02-25 08:21:00,P08,L,1.0,80.0,,card
nimman,NM-001592,1,2026-02-25 09:01:00,P10,M,1.0,60.0,,qr
nimman,NM-001592,2,2026-02-25 09:01:00,P14,,1.0,85.0,,qr
nimman,NM-001593,1,2026-02-25 09:10:00,P03,L,1.0,75.0,,card
nimman,NM-001593,2,2026-02-25 09:10:00,P14,,1.0,85.0,,card
nimman,NM-001594,1,2026-02-25 09:43:00,P02,M,1.0,55.0,,qr
nimman,NM-001594,2,2026-02-25 09:43:00,P12,,1.0,55.0,,qr
nimman,NM-001595,1,2026-02-25 10:04:00,P01,M,1.0,55.0,M0649,qr
nimman,NM-001595,2,2026-02-25 10:04:00,P15,,1.0,75.0,M0649,qr
nimman,NM-001596,1,2026-02-25 10:54:00,P10,M,1.0,60.0,M0532,qr
nimman,NM-001597,1,2026-02-25 11:01:00,P08,M,1.0,70.0,,card
nimman,NM-001598,1,2026-02-25 11:41:00,P07,M,1.0,55.0,,card
nimman,NM-001599,1,2026-02-25 11:44:00,P08,M,1.0,70.0,,qr
nimman,NM-001600,1,2026-02-25 12:01:00,P06,M,1.0,75.0,,qr
nimman,NM-001601,1,2026-02-25 12:37:00,P01,L,1.0,65.0,,qr
nimman,NM-001602,1,2026-02-25 13:41:00,P10,M,1.0,60.0,,qr
nimman,NM-001603,1,2026-02-25 14:26:00,P04,M,1.0,65.0,,card
nimman,NM-001604,1,2026-02-25 14:29:00,P12,,1.0,55.0,,card
nimman,NM-001605,1,2026-02-25 14:46:00,P07,M,1.0,55.0,,cash
nimman,NM-001606,1,2026-02-25 15:20:00,P03,M,1.0,65.0,,cash
nimman,NM-001606,2,2026-02-25 15:20:00,P14,,1.0,85.0,,cash
nimman,NM-001607,1,2026-02-25 15:23:00,P03,M,1.0,65.0,,qr
nimman,NM-001608,1,2026-02-25 15:51:00,P14,,1.0,85.0,,qr
nimman,NM-001609,1,2026-02-25 16:13:00,P04,S,1.0,55.0,,qr
nimman,NM-001610,1,2026-02-25 16:15:00,P07,M,1.0,55.0,M0057,qr
nimman,NM-001611,1,2026-02-25 17:54:00,P10,L,1.0,70.0,,card
nimman,NM-001612,1,2026-02-25 18:05:00,P02,S,1.0,45.0,M0031,cash
nimman,NM-001612,2,2026-02-25 18:05:00,P14,,1.0,85.0,M0031,cash
nimman,NM-001613,1,2026-02-26 07:32:00,P07,S,1.0,45.0,,card
nimman,NM-001613,2,2026-02-26 07:32:00,P13,,1.0,50.0,,card
nimman,NM-001614,1,2026-02-26 08:03:00,P03,S,1.0,55.0,,card
nimman,NM-001614,2,2026-02-26 08:03:00,P14,,1.0,85.0,,card
nimman,NM-001615,1,2026-02-26 08:24:00,P12,,1.0,55.0,,cash
nimman,NM-001616,1,2026-02-26 08:28:00,P02,M,1.0,55.0,,qr
nimman,NM-001617,1,2026-02-26 08:36:00,P02,S,1.0,45.0,,card
nimman,NM-001617,2,2026-02-26 08:36:00,P12,,1.0,55.0,,card
nimman,NM-001618,1,2026-02-26 09:02:00,P08,M,1.0,70.0,M0052,card
nimman,NM-001619,1,2026-02-26 09:09:00,P11,M,1.0,60.0,,qr
nimman,NM-001620,1,2026-02-26 09:59:00,P04,S,2.0,55.0,,card
nimman,NM-001620,2,2026-02-26 09:59:00,P07,M,1.0,55.0,,card
nimman,NM-001621,1,2026-02-26 09:59:00,P14,,1.0,85.0,,qr
nimman,NM-001622,1,2026-02-26 10:19:00,P10,M,1.0,60.0,,qr
nimman,NM-001623,1,2026-02-26 10:43:00,P03,M,1.0,65.0,M0359,qr
nimman,NM-001623,2,2026-02-26 10:43:00,P14,,1.0,85.0,M0359,qr
nimman,NM-001624,1,2026-02-26 11:38:00,P10,M,1.0,60.0,M0139,qr
nimman,NM-001625,1,2026-02-26 11:45:00,P04,S,1.0,55.0,,card
nimman,NM-001626,1,2026-02-26 12:15:00,P12,,1.0,55.0,,qr
nimman,NM-001627,1,2026-02-26 12:29:00,P12,,1.0,55.0,M0800,cash
nimman,NM-001628,1,2026-02-26 12:37:00,P10,M,1.0,60.0,,qr
nimman,NM-001629,1,2026-02-26 13:07:00,P13,,1.0,50.0,,cash
nimman,NM-001630,1,2026-02-26 13:47:00,P03,M,2.0,65.0,,qr
nimman,NM-001631,1,2026-02-26 13:58:00,P07,L,1.0,65.0,,card
nimman,NM-001631,2,2026-02-26 13:58:00,P09,L,1.0,60.0,,card
nimman,NM-001632,1,2026-02-26 14:10:00,P07,M,1.0,55.0,,cash
nimman,NM-001632,2,2026-02-26 14:10:00,P13,,1.0,50.0,,cash
nimman,NM-001632,3,2026-02-26 14:10:00,P15,,1.0,75.0,,cash
nimman,NM-001633,1,2026-02-26 14:47:00,P14,,3.0,85.0,,cash
nimman,NM-001634,1,2026-02-26 15:25:00,P14,,3.0,85.0,M0800,card
nimman,NM-001635,1,2026-02-26 15:41:00,P10,L,1.0,70.0,M0627,qr
nimman,NM-001636,1,2026-02-26 15:50:00,P11,S,1.0,50.0,M0235,qr
nimman,NM-001636,2,2026-02-26 15:50:00,P12,,1.0,55.0,M0235,qr
nimman,NM-001637,1,2026-02-26 17:26:00,P01,L,1.0,65.0,M0195,cash
nimman,NM-001638,1,2026-02-26 18:11:00,P13,,1.0,50.0,,qr
nimman,NM-001639,1,2026-02-26 19:42:00,P04,S,1.0,55.0,M0398,qr
nimman,NM-001640,1,2026-02-27 07:10:00,P12,,1.0,55.0,,cash
nimman,NM-001641,1,2026-02-27 08:07:00,P04,S,1.0,55.0,,card
nimman,NM-001642,1,2026-02-27 08:12:00,P03,L,2.0,75.0,,qr
nimman,NM-001642,2,2026-02-27 08:12:00,P05,L,1.0,80.0,,qr
nimman,NM-001643,1,2026-02-27 09:02:00,P04,S,3.0,55.0,,cash
nimman,NM-001643,2,2026-02-27 09:02:00,P12,,1.0,55.0,,cash
nimman,NM-001644,1,2026-02-27 09:08:00,P15,,1.0,75.0,M0119,qr
nimman,NM-001644,2,2026-02-27 09:08:00,P05,S,1.0,60.0,M0119,qr
nimman,NM-001645,1,2026-02-27 10:14:00,P14,,2.0,85.0,,qr
nimman,NM-001646,1,2026-02-27 11:31:00,P09,M,1.0,50.0,M0476,qr
nimman,NM-001646,2,2026-02-27 11:31:00,P01,M,1.0,55.0,M0476,qr
nimman,NM-001647,1,2026-02-27 11:33:00,P14,,1.0,85.0,,qr
nimman,NM-001648,1,2026-02-27 11:43:00,P06,M,1.0,75.0,,card
nimman,NM-001648,2,2026-02-27 11:43:00,P14,,1.0,85.0,,card
nimman,NM-001649,1,2026-02-27 12:17:00,P03,S,1.0,55.0,M0342,cash
nimman,NM-001649,2,2026-02-27 12:17:00,P14,,1.0,85.0,M0342,cash
nimman,NM-001650,1,2026-02-27 12:47:00,P10,M,1.0,60.0,M0263,qr
nimman,NM-001651,1,2026-02-27 12:50:00,P07,S,1.0,45.0,,qr
nimman,NM-001651,2,2026-02-27 12:50:00,P13,,1.0,50.0,,qr
nimman,NM-001652,1,2026-02-27 12:51:00,P10,L,2.0,70.0,M0557,qr
nimman,NM-001653,1,2026-02-27 13:09:00,P12,,1.0,55.0,M0233,card
nimman,NM-001654,1,2026-02-27 15:20:00,P12,,1.0,55.0,,qr
nimman,NM-001655,1,2026-02-27 15:25:00,P07,S,1.0,45.0,,qr
nimman,NM-001656,1,2026-02-27 15:38:00,P09,S,1.0,40.0,,qr
nimman,NM-001657,1,2026-02-27 15:39:00,P14,,2.0,85.0,M0115,qr
nimman,NM-001658,1,2026-02-27 16:42:00,P09,M,1.0,50.0,M0219,qr
nimman,NM-001658,2,2026-02-27 16:42:00,P15,,1.0,75.0,M0219,qr
nimman,NM-001658,3,2026-02-27 16:42:00,P07,S,1.0,45.0,M0219,qr
nimman,NM-001659,1,2026-02-27 17:14:00,P04,M,3.0,65.0,,qr
nimman,NM-001659,2,2026-02-27 17:14:00,P14,,1.0,85.0,,qr
nimman,NM-001660,1,2026-02-27 18:13:00,P12,,2.0,55.0,,card
nimman,NM-001661,1,2026-02-27 18:16:00,P07,S,1.0,45.0,,qr
nimman,NM-001662,1,2026-02-27 18:40:00,P04,M,1.0,65.0,M0112,qr
nimman,NM-001663,1,2026-02-27 18:55:00,P05,S,3.0,60.0,,cash
nimman,NM-001664,1,2026-02-27 18:59:00,P04,L,1.0,75.0,M0124,cash
nimman,NM-001665,1,2026-02-27 19:18:00,P11,M,1.0,60.0,M0499,cash
nimman,NM-001666,1,2026-02-27 19:40:00,P12,,1.0,55.0,M0775,qr
nimman,NM-001667,1,2026-02-28 07:07:00,P13,,1.0,50.0,,qr
nimman,NM-001668,1,2026-02-28 07:18:00,P04,M,1.0,65.0,,cash
nimman,NM-001669,1,2026-02-28 08:17:00,P03,M,1.0,65.0,M0390,qr
nimman,NM-001669,2,2026-02-28 08:17:00,P14,,1.0,85.0,M0390,qr
nimman,NM-001670,1,2026-02-28 08:20:00,P05,M,3.0,70.0,,card
nimman,NM-001671,1,2026-02-28 08:29:00,P06,M,1.0,75.0,,card
nimman,NM-001672,1,2026-02-28 08:42:00,P07,M,1.0,55.0,M0730,cash
nimman,NM-001673,1,2026-02-28 08:48:00,P02,L,1.0,65.0,,cash
nimman,NM-001674,1,2026-02-28 08:57:00,P03,M,1.0,65.0,,cash
nimman,NM-001674,2,2026-02-28 08:57:00,P14,,1.0,85.0,,cash
nimman,NM-001675,1,2026-02-28 09:01:00,P13,,1.0,50.0,,qr
nimman,NM-001675,2,2026-02-28 09:01:00,P08,M,1.0,70.0,,qr
nimman,NM-001676,1,2026-02-28 09:27:00,P15,,2.0,75.0,M0327,cash
nimman,NM-001677,1,2026-02-28 09:31:00,P05,M,2.0,70.0,M0504,qr
nimman,NM-001677,2,2026-02-28 09:31:00,P04,M,1.0,65.0,M0504,qr
nimman,NM-001678,1,2026-02-28 09:40:00,P06,L,2.0,85.0,M0318,card
nimman,NM-001679,1,2026-02-28 09:42:00,P07,M,1.0,55.0,,card
nimman,NM-001679,2,2026-02-28 09:42:00,P13,,1.0,50.0,,card
nimman,NM-001679,3,2026-02-28 09:42:00,P12,,1.0,55.0,,card
nimman,NM-001680,1,2026-02-28 09:44:00,P15,,1.0,75.0,,qr
nimman,NM-001681,1,2026-02-28 09:50:00,P05,M,3.0,70.0,,card
nimman,NM-001682,1,2026-02-28 09:51:00,P05,L,1.0,80.0,,card
nimman,NM-001683,1,2026-02-28 10:18:00,P03,M,1.0,65.0,M0797,cash
nimman,NM-001683,2,2026-02-28 10:18:00,P06,L,1.0,85.0,M0797,cash
nimman,NM-001684,1,2026-02-28 11:04:00,P04,M,1.0,65.0,M0149,cash
nimman,NM-001685,1,2026-02-28 11:31:00,P07,L,2.0,65.0,,card
nimman,NM-001685,2,2026-02-28 11:31:00,P13,,1.0,50.0,,card
nimman,NM-001686,1,2026-02-28 11:35:00,P06,L,1.0,85.0,M0800,qr
nimman,NM-001687,1,2026-02-28 11:47:00,P05,M,1.0,70.0,,qr
nimman,NM-001688,1,2026-02-28 13:16:00,P02,M,1.0,55.0,,qr
nimman,NM-001688,2,2026-02-28 13:16:00,P12,,1.0,55.0,,qr
nimman,NM-001689,1,2026-02-28 13:51:00,P09,M,1.0,50.0,,qr
nimman,NM-001690,1,2026-02-28 14:08:00,P15,,1.0,75.0,,card
nimman,NM-001691,1,2026-02-28 14:28:00,P15,,1.0,75.0,,card
nimman,NM-001692,1,2026-02-28 15:57:00,P02,M,1.0,55.0,,qr
nimman,NM-001692,2,2026-02-28 15:57:00,P08,M,1.0,70.0,,qr
nimman,NM-001693,1,2026-02-28 16:08:00,P08,L,1.0,80.0,,cash
nimman,NM-001694,1,2026-02-28 16:13:00,P10,M,1.0,60.0,,qr
nimman,NM-001694,2,2026-02-28 16:13:00,P07,M,1.0,55.0,,qr
nimman,NM-001695,1,2026-02-28 16:23:00,P12,,1.0,55.0,,qr
nimman,NM-001696,1,2026-02-28 16:44:00,P13,,1.0,50.0,M0236,qr
nimman,NM-001697,1,2026-02-28 16:50:00,P11,M,1.0,60.0,,qr
nimman,NM-001698,1,2026-02-28 17:25:00,P02,S,1.0,45.0,M0411,cash
nimman,NM-001698,2,2026-02-28 17:25:00,P12,,1.0,55.0,M0411,cash
nimman,NM-001699,1,2026-02-28 18:09:00,P08,S,1.0,60.0,,cash
nimman,NM-001700,1,2026-02-28 18:30:00,P13,,1.0,50.0,,qr
nimman,NM-001701,1,2026-03-01 07:25:00,P03,L,1.0,75.0,M0791,qr
nimman,NM-001702,1,2026-03-01 07:26:00,P04,M,1.0,65.0,,cash
nimman,NM-001702,2,2026-03-01 07:26:00,P03,S,1.0,55.0,,cash
nimman,NM-001703,1,2026-03-01 08:18:00,P03,S,3.0,55.0,M0642,cash
nimman,NM-001703,2,2026-03-01 08:18:00,P14,,1.0,85.0,M0642,cash
nimman,NM-001704,1,2026-03-01 09:21:00,P15,,1.0,75.0,,qr
nimman,NM-001705,1,2026-03-01 09:25:00,P03,M,1.0,65.0,,card
nimman,NM-001705,2,2026-03-01 09:25:00,P14,,1.0,85.0,,card
nimman,NM-001706,1,2026-03-01 10:01:00,P09,M,1.0,50.0,,qr
nimman,NM-001707,1,2026-03-01 10:06:00,P08,M,1.0,70.0,M0777,qr
nimman,NM-001708,1,2026-03-01 10:11:00,P10,S,2.0,50.0,M0637,qr
nimman,NM-001709,1,2026-03-01 10:20:00,P12,,3.0,55.0,,cash
nimman,NM-001710,1,2026-03-01 10:22:00,P09,M,1.0,50.0,,qr
nimman,NM-001710,2,2026-03-01 10:22:00,P15,,1.0,75.0,,qr
nimman,NM-001711,1,2026-03-01 10:41:00,P08,M,1.0,70.0,M0686,qr
nimman,NM-001712,1,2026-03-01 10:52:00,P05,M,1.0,70.0,M0295,qr
nimman,NM-001713,1,2026-03-01 10:52:00,P06,S,1.0,65.0,M0793,qr
nimman,NM-001714,1,2026-03-01 10:57:00,P07,L,1.0,65.0,,qr
nimman,NM-001714,2,2026-03-01 10:57:00,P13,,1.0,50.0,,qr
nimman,NM-001714,3,2026-03-01 10:57:00,P04,M,1.0,65.0,,qr
nimman,NM-001715,1,2026-03-01 11:11:00,P15,,1.0,75.0,,qr
nimman,NM-001716,1,2026-03-01 11:30:00,P13,,2.0,50.0,M0234,qr
nimman,NM-001717,1,2026-03-01 11:42:00,P02,M,1.0,55.0,M0596,qr
nimman,NM-001718,1,2026-03-01 11:58:00,P07,M,1.0,55.0,,qr
nimman,NM-001719,1,2026-03-01 12:21:00,P10,M,1.0,60.0,,qr
nimman,NM-001719,2,2026-03-01 12:21:00,P07,M,1.0,55.0,,qr
nimman,NM-001720,1,2026-03-01 13:08:00,P10,M,1.0,60.0,,qr
nimman,NM-001720,2,2026-03-01 13:08:00,P07,M,1.0,55.0,,qr
nimman,NM-001721,1,2026-03-01 13:24:00,P03,L,1.0,75.0,,cash
nimman,NM-001722,1,2026-03-01 13:32:00,P09,L,1.0,60.0,,card
nimman,NM-001723,1,2026-03-01 13:54:00,P06,S,1.0,65.0,,qr
nimman,NM-001724,1,2026-03-01 13:58:00,P04,L,1.0,75.0,M0233,qr
nimman,NM-001724,2,2026-03-01 13:58:00,P11,M,1.0,60.0,M0233,qr
nimman,NM-001725,1,2026-03-01 14:09:00,P15,,1.0,75.0,,qr
nimman,NM-001725,2,2026-03-01 14:09:00,P06,M,1.0,75.0,,qr
nimman,NM-001726,1,2026-03-01 14:40:00,P07,L,1.0,65.0,,qr
nimman,NM-001727,1,2026-03-01 15:13:00,P04,L,1.0,75.0,M0720,qr
nimman,NM-001727,2,2026-03-01 15:13:00,P15,,1.0,75.0,M0720,qr
nimman,NM-001728,1,2026-03-01 15:32:00,P09,S,2.0,40.0,,cash
nimman,NM-001728,2,2026-03-01 15:32:00,P15,,1.0,75.0,,cash
nimman,NM-001729,1,2026-03-01 15:38:00,P11,L,1.0,70.0,,qr
nimman,NM-001730,1,2026-03-01 16:10:00,P07,S,1.0,45.0,,qr
nimman,NM-001730,2,2026-03-01 16:10:00,P13,,1.0,50.0,,qr
nimman,NM-001731,1,2026-03-01 16:19:00,P13,,1.0,50.0,,cash
nimman,NM-001732,1,2026-03-01 17:15:00,P08,M,1.0,70.0,,card
nimman,NM-001733,1,2026-03-01 17:59:00,P09,M,1.0,50.0,,qr
nimman,NM-001734,1,2026-03-01 18:23:00,P08,S,1.0,60.0,M0712,qr
nimman,NM-001735,1,2026-03-01 18:44:00,P11,M,1.0,60.0,M0150,qr
nimman,NM-001735,2,2026-03-01 18:44:00,P07,M,1.0,55.0,M0150,qr
nimman,NM-001736,1,2026-03-01 18:45:00,P05,L,1.0,80.0,,qr
nimman,NM-001737,1,2026-03-02 07:04:00,P13,,1.0,50.0,M0273,card
nimman,NM-001738,1,2026-03-02 08:47:00,P02,S,1.0,45.0,M0057,qr
nimman,NM-001739,1,2026-03-02 09:10:00,P02,L,2.0,65.0,,qr
nimman,NM-001740,1,2026-03-02 09:32:00,P02,S,2.0,45.0,,cash
nimman,NM-001740,2,2026-03-02 09:32:00,P12,,1.0,55.0,,cash
nimman,NM-001740,3,2026-03-02 09:32:00,P06,M,1.0,75.0,,cash
nimman,NM-001741,1,2026-03-02 09:44:00,P02,S,3.0,45.0,M0123,cash
nimman,NM-001742,1,2026-03-02 09:46:00,P02,M,1.0,55.0,,qr
nimman,NM-001742,2,2026-03-02 09:46:00,P12,,1.0,55.0,,qr
nimman,NM-001743,1,2026-03-02 09:48:00,P02,M,2.0,55.0,M0782,qr
nimman,NM-001743,2,2026-03-02 09:48:00,P12,,1.0,55.0,M0782,qr
nimman,NM-001743,3,2026-03-02 09:48:00,P03,M,1.0,65.0,M0782,qr
nimman,NM-001744,1,2026-03-02 09:52:00,P08,M,1.0,70.0,M0549,qr
nimman,NM-001745,1,2026-03-02 10:19:00,P12,,1.0,55.0,,card
nimman,NM-001746,1,2026-03-02 10:30:00,P09,L,1.0,60.0,,qr
nimman,NM-001747,1,2026-03-02 11:47:00,P01,L,1.0,65.0,,qr
nimman,NM-001747,2,2026-03-02 11:47:00,P15,,1.0,75.0,,qr
nimman,NM-001748,1,2026-03-02 11:52:00,P14,,2.0,85.0,,qr
nimman,NM-001749,1,2026-03-02 12:24:00,P08,M,2.0,70.0,M0770,qr
nimman,NM-001749,2,2026-03-02 12:24:00,P12,,1.0,55.0,M0770,qr
nimman,NM-001750,1,2026-03-02 12:34:00,P03,M,1.0,65.0,M0468,qr
nimman,NM-001750,2,2026-03-02 12:34:00,P14,,1.0,85.0,M0468,qr
nimman,NM-001751,1,2026-03-02 12:51:00,P02,M,2.0,55.0,,qr
nimman,NM-001752,1,2026-03-02 13:20:00,P02,M,1.0,55.0,,qr
nimman,NM-001752,2,2026-03-02 13:20:00,P12,,1.0,55.0,,qr
nimman,NM-001753,1,2026-03-02 13:28:00,P05,M,2.0,70.0,M0245,qr
nimman,NM-001753,2,2026-03-02 13:28:00,P02,M,1.0,55.0,M0245,qr
nimman,NM-001754,1,2026-03-02 14:59:00,P07,M,2.0,55.0,M0392,qr
nimman,NM-001754,2,2026-03-02 14:59:00,P13,,1.0,50.0,M0392,qr
nimman,NM-001755,1,2026-03-02 15:43:00,P01,M,1.0,55.0,M0795,qr
nimman,NM-001755,2,2026-03-02 15:43:00,P12,,1.0,55.0,M0795,qr
nimman,NM-001755,3,2026-03-02 15:43:00,P06,M,1.0,75.0,M0795,qr
nimman,NM-001756,1,2026-03-02 16:21:00,P05,S,1.0,60.0,,qr
nimman,NM-001757,1,2026-03-02 16:31:00,P06,M,1.0,75.0,,qr
nimman,NM-001758,1,2026-03-02 16:39:00,P10,S,1.0,50.0,,qr
nimman,NM-001758,2,2026-03-02 16:39:00,P13,,1.0,50.0,,qr
nimman,NM-001759,1,2026-03-02 16:48:00,P07,M,1.0,55.0,,cash
nimman,NM-001759,2,2026-03-02 16:48:00,P14,,1.0,85.0,,cash
nimman,NM-001760,1,2026-03-02 17:47:00,P02,M,1.0,55.0,,card
nimman,NM-001761,1,2026-03-02 19:07:00,P07,S,1.0,45.0,,card
nimman,NM-001761,2,2026-03-02 19:07:00,P13,,1.0,50.0,,card
nimman,NM-001761,3,2026-03-02 19:07:00,P10,M,1.0,60.0,,card
nimman,NM-001762,1,2026-03-03 07:22:00,P07,M,1.0,55.0,M0467,qr
nimman,NM-001763,1,2026-03-03 07:22:00,P08,M,1.0,70.0,,qr
nimman,NM-001763,2,2026-03-03 07:22:00,P11,L,1.0,70.0,,qr
nimman,NM-001764,1,2026-03-03 08:10:00,P04,S,1.0,55.0,,qr
nimman,NM-001765,1,2026-03-03 08:58:00,P08,M,1.0,70.0,,qr
nimman,NM-001766,1,2026-03-03 09:13:00,P07,S,1.0,45.0,,qr
nimman,NM-001766,2,2026-03-03 09:13:00,P13,,1.0,50.0,,qr
nimman,NM-001767,1,2026-03-03 09:56:00,P02,L,1.0,65.0,M0278,cash
nimman,NM-001768,1,2026-03-03 10:00:00,P13,,2.0,50.0,,cash
nimman,NM-001769,1,2026-03-03 10:15:00,P09,S,2.0,40.0,M0369,qr
nimman,NM-001770,1,2026-03-03 10:31:00,P06,M,2.0,75.0,,qr
nimman,NM-001771,1,2026-03-03 10:36:00,P10,M,1.0,60.0,,cash
nimman,NM-001772,1,2026-03-03 10:42:00,P07,S,1.0,45.0,,cash
nimman,NM-001772,2,2026-03-03 10:42:00,P13,,1.0,50.0,,cash
nimman,NM-001773,1,2026-03-03 10:54:00,P01,M,2.0,55.0,,qr
nimman,NM-001774,1,2026-03-03 11:25:00,P03,L,1.0,75.0,,qr
nimman,NM-001774,2,2026-03-03 11:25:00,P10,L,1.0,70.0,,qr
nimman,NM-001775,1,2026-03-03 11:26:00,P13,,1.0,50.0,M0138,qr
nimman,NM-001776,1,2026-03-03 11:39:00,P05,M,1.0,70.0,,qr
nimman,NM-001777,1,2026-03-03 13:57:00,P10,S,2.0,50.0,M0081,card
nimman,NM-001778,1,2026-03-03 14:08:00,P12,,1.0,55.0,M0171,qr
nimman,NM-001779,1,2026-03-03 14:43:00,P12,,1.0,55.0,,qr
nimman,NM-001780,1,2026-03-03 14:57:00,P03,M,1.0,65.0,M0739,qr
nimman,NM-001781,1,2026-03-03 15:18:00,P09,M,1.0,50.0,,qr
nimman,NM-001782,1,2026-03-03 15:34:00,P09,M,1.0,50.0,,cash
nimman,NM-001783,1,2026-03-03 15:44:00,P12,,2.0,55.0,,card
nimman,NM-001784,1,2026-03-03 16:03:00,P01,M,1.0,55.0,M0535,card
nimman,NM-001784,2,2026-03-03 16:03:00,P15,,1.0,75.0,M0535,card
nimman,NM-001785,1,2026-03-03 16:17:00,P08,M,1.0,70.0,,qr
nimman,NM-001786,1,2026-03-03 16:46:00,P08,M,1.0,70.0,,cash
nimman,NM-001787,1,2026-03-03 16:58:00,P06,S,1.0,65.0,M0535,card
nimman,NM-001788,1,2026-03-03 17:24:00,P10,S,1.0,50.0,M0740,qr
nimman,NM-001788,2,2026-03-03 17:24:00,P07,S,1.0,45.0,M0740,qr
nimman,NM-001789,1,2026-03-03 17:28:00,P07,L,1.0,65.0,,cash
nimman,NM-001790,1,2026-03-03 17:47:00,P10,L,1.0,70.0,M0442,qr
nimman,NM-001791,1,2026-03-03 18:53:00,P08,L,1.0,80.0,,cash
nimman,NM-001791,2,2026-03-03 18:53:00,P14,,1.0,85.0,,cash
nimman,NM-001792,1,2026-03-04 07:03:00,P01,L,1.0,65.0,,card
nimman,NM-001792,2,2026-03-04 07:03:00,P15,,1.0,75.0,,card
nimman,NM-001792,3,2026-03-04 07:03:00,P13,,1.0,50.0,,card
nimman,NM-001793,1,2026-03-04 07:59:00,P07,S,1.0,45.0,M0708,card
nimman,NM-001794,1,2026-03-04 08:28:00,P04,M,1.0,65.0,,card
nimman,NM-001795,1,2026-03-04 09:00:00,P07,M,1.0,55.0,M0137,qr
nimman,NM-001795,2,2026-03-04 09:00:00,P13,,1.0,50.0,M0137,qr
nimman,NM-001796,1,2026-03-04 09:05:00,P08,M,3.0,70.0,,cash
nimman,NM-001797,1,2026-03-04 09:10:00,P06,S,1.0,65.0,,qr
nimman,NM-001797,2,2026-03-04 09:10:00,P03,M,1.0,65.0,,qr
nimman,NM-001798,1,2026-03-04 09:10:00,P02,M,1.0,55.0,M0618,card
nimman,NM-001799,1,2026-03-04 09:21:00,P04,L,1.0,75.0,,card
nimman,NM-001800,1,2026-03-04 09:24:00,P03,M,1.0,65.0,M0444,card
nimman,NM-001801,1,2026-03-04 10:02:00,P11,M,2.0,60.0,,qr
nimman,NM-001802,1,2026-03-04 10:17:00,P13,,1.0,50.0,M0190,qr
nimman,NM-001803,1,2026-03-04 10:35:00,P10,M,1.0,60.0,,qr
nimman,NM-001803,2,2026-03-04 10:35:00,P15,,1.0,75.0,,qr
nimman,NM-001804,1,2026-03-04 10:48:00,P03,M,1.0,65.0,,qr
nimman,NM-001804,2,2026-03-04 10:48:00,P09,M,1.0,50.0,,qr
nimman,NM-001805,1,2026-03-04 11:36:00,P11,S,2.0,50.0,,qr
nimman,NM-001806,1,2026-03-04 12:42:00,P06,S,1.0,65.0,,qr
nimman,NM-001807,1,2026-03-04 15:05:00,P08,S,1.0,60.0,M0702,card
nimman,NM-001808,1,2026-03-04 15:10:00,P08,M,1.0,70.0,,qr
nimman,NM-001809,1,2026-03-04 15:56:00,P13,,1.0,50.0,,card
nimman,NM-001810,1,2026-03-04 17:45:00,P03,S,1.0,55.0,,qr
nimman,NM-001810,2,2026-03-04 17:45:00,P14,,1.0,85.0,,qr
nimman,NM-001811,1,2026-03-04 19:10:00,P07,L,1.0,65.0,,qr
nimman,NM-001812,1,2026-03-04 19:24:00,P07,M,1.0,55.0,M0731,qr
nimman,NM-001813,1,2026-03-05 07:30:00,P02,M,1.0,55.0,,qr
nimman,NM-001814,1,2026-03-05 07:43:00,P02,M,1.0,55.0,,qr
nimman,NM-001815,1,2026-03-05 08:00:00,P02,S,1.0,45.0,,qr
nimman,NM-001815,2,2026-03-05 08:00:00,P12,,1.0,55.0,,qr
nimman,NM-001816,1,2026-03-05 08:03:00,P06,L,1.0,85.0,,qr
nimman,NM-001817,1,2026-03-05 08:05:00,P11,M,1.0,60.0,,qr
nimman,NM-001818,1,2026-03-05 08:15:00,P13,,1.0,50.0,,card
nimman,NM-001819,1,2026-03-05 08:42:00,P07,S,1.0,45.0,M0235,qr
nimman,NM-001820,1,2026-03-05 08:50:00,P02,M,1.0,55.0,M0743,card
nimman,NM-001821,1,2026-03-05 09:00:00,P15,,1.0,75.0,,qr
nimman,NM-001822,1,2026-03-05 09:33:00,P10,L,1.0,70.0,,qr
nimman,NM-001823,1,2026-03-05 11:05:00,P07,S,1.0,45.0,,qr
nimman,NM-001824,1,2026-03-05 11:29:00,P05,M,1.0,70.0,,card
nimman,NM-001825,1,2026-03-05 12:11:00,P05,S,1.0,60.0,,qr
nimman,NM-001826,1,2026-03-05 12:15:00,P08,L,2.0,80.0,,cash
nimman,NM-001827,1,2026-03-05 13:02:00,P13,,1.0,50.0,,cash
nimman,NM-001828,1,2026-03-05 14:58:00,P11,L,2.0,70.0,M0409,qr
nimman,NM-001829,1,2026-03-05 15:00:00,P06,M,1.0,75.0,,qr
nimman,NM-001830,1,2026-03-05 15:06:00,P08,M,1.0,70.0,M0208,cash
nimman,NM-001830,2,2026-03-05 15:06:00,P05,M,1.0,70.0,M0208,cash
nimman,NM-001831,1,2026-03-05 15:19:00,P02,S,3.0,45.0,,qr
nimman,NM-001832,1,2026-03-05 15:23:00,P15,,1.0,75.0,,qr
nimman,NM-001833,1,2026-03-05 16:38:00,P07,M,1.0,55.0,,qr
nimman,NM-001833,2,2026-03-05 16:38:00,P13,,1.0,50.0,,qr
nimman,NM-001834,1,2026-03-05 16:41:00,P08,M,1.0,70.0,,qr
nimman,NM-001834,2,2026-03-05 16:41:00,P12,,1.0,55.0,,qr
nimman,NM-001835,1,2026-03-05 16:44:00,P05,L,1.0,80.0,,qr
nimman,NM-001835,2,2026-03-05 16:44:00,P15,,1.0,75.0,,qr
nimman,NM-001836,1,2026-03-05 16:45:00,P08,M,1.0,70.0,M0718,qr
nimman,NM-001836,2,2026-03-05 16:45:00,P09,S,1.0,40.0,M0718,qr
nimman,NM-001837,1,2026-03-05 17:36:00,P09,M,1.0,50.0,,qr
nimman,NM-001837,2,2026-03-05 17:36:00,P07,M,1.0,55.0,,qr
nimman,NM-001838,1,2026-03-05 17:58:00,P01,S,1.0,45.0,M0339,qr
nimman,NM-001838,2,2026-03-05 17:58:00,P15,,1.0,75.0,M0339,qr
nimman,NM-001839,1,2026-03-05 18:03:00,P07,S,1.0,45.0,M0498,qr
nimman,NM-001840,1,2026-03-06 08:18:00,P08,L,1.0,80.0,,card
nimman,NM-001841,1,2026-03-06 08:39:00,P06,M,1.0,75.0,M0444,qr
nimman,NM-001842,1,2026-03-06 09:29:00,P12,,1.0,55.0,,cash
nimman,NM-001843,1,2026-03-06 09:39:00,P05,M,1.0,70.0,M0023,qr
nimman,NM-001843,2,2026-03-06 09:39:00,P10,M,1.0,60.0,M0023,qr
nimman,NM-001844,1,2026-03-06 09:54:00,P02,S,2.0,45.0,,qr
nimman,NM-001845,1,2026-03-06 10:23:00,P12,,1.0,55.0,,card
nimman,NM-001846,1,2026-03-06 10:28:00,P15,,1.0,75.0,M0090,cash
nimman,NM-001847,1,2026-03-06 10:50:00,P04,M,2.0,65.0,,card
nimman,NM-001848,1,2026-03-06 11:16:00,P07,S,1.0,45.0,M0800,cash
nimman,NM-001849,1,2026-03-06 13:09:00,P05,M,1.0,70.0,,cash
nimman,NM-001850,1,2026-03-06 13:09:00,P14,,1.0,85.0,,qr
nimman,NM-001851,1,2026-03-06 13:32:00,P06,M,1.0,75.0,,card
nimman,NM-001852,1,2026-03-06 13:49:00,P06,M,1.0,75.0,,qr
nimman,NM-001853,1,2026-03-06 14:12:00,P06,M,1.0,75.0,M0020,cash
nimman,NM-001853,2,2026-03-06 14:12:00,P14,,1.0,85.0,M0020,cash
nimman,NM-001854,1,2026-03-06 15:12:00,P03,L,2.0,75.0,M0793,qr
nimman,NM-001854,2,2026-03-06 15:12:00,P14,,1.0,85.0,M0793,qr
nimman,NM-001855,1,2026-03-06 15:25:00,P14,,2.0,85.0,,qr
nimman,NM-001856,1,2026-03-06 17:18:00,P07,M,1.0,55.0,M0055,cash
nimman,NM-001856,2,2026-03-06 17:18:00,P14,,1.0,85.0,M0055,cash
nimman,NM-001857,1,2026-03-06 18:34:00,P09,L,2.0,60.0,,card
nimman,NM-001857,2,2026-03-06 18:34:00,P10,M,1.0,60.0,,card
nimman,NM-001858,1,2026-03-07 07:11:00,P11,M,2.0,60.0,M0342,qr
nimman,NM-001858,2,2026-03-07 07:11:00,P12,,1.0,55.0,M0342,qr
nimman,NM-001859,1,2026-03-07 07:21:00,P10,L,1.0,70.0,M0553,qr
nimman,NM-001860,1,2026-03-07 08:14:00,P02,M,1.0,55.0,,cash
nimman,NM-001861,1,2026-03-07 08:24:00,P07,L,1.0,65.0,,qr
nimman,NM-001862,1,2026-03-07 08:28:00,P07,M,1.0,55.0,M0532,qr
nimman,NM-001862,2,2026-03-07 08:28:00,P02,L,1.0,65.0,M0532,qr
nimman,NM-001863,1,2026-03-07 08:52:00,P01,L,2.0,65.0,M0596,cash
nimman,NM-001864,1,2026-03-07 09:11:00,P02,M,1.0,55.0,,qr
nimman,NM-001864,2,2026-03-07 09:11:00,P12,,1.0,55.0,,qr
nimman,NM-001864,3,2026-03-07 09:11:00,P03,M,1.0,65.0,,qr
nimman,NM-001865,1,2026-03-07 09:13:00,P04,M,1.0,65.0,,qr
nimman,NM-001866,1,2026-03-07 10:21:00,P06,S,1.0,65.0,,qr
nimman,NM-001866,2,2026-03-07 10:21:00,P02,M,1.0,55.0,,qr
nimman,NM-001867,1,2026-03-07 10:29:00,P03,M,1.0,65.0,M0342,qr
nimman,NM-001867,2,2026-03-07 10:29:00,P14,,1.0,85.0,M0342,qr
nimman,NM-001867,3,2026-03-07 10:29:00,P06,S,1.0,65.0,M0342,qr
nimman,NM-001868,1,2026-03-07 10:31:00,P06,M,1.0,75.0,M0797,qr
nimman,NM-001869,1,2026-03-07 10:32:00,P03,M,1.0,65.0,M0256,card
nimman,NM-001870,1,2026-03-07 10:38:00,P15,,1.0,75.0,M0059,card
nimman,NM-001871,1,2026-03-07 11:54:00,P08,M,1.0,70.0,M0205,card
nimman,NM-001872,1,2026-03-07 13:00:00,P13,,2.0,50.0,,qr
nimman,NM-001873,1,2026-03-07 14:34:00,P07,S,1.0,45.0,,cash
nimman,NM-001874,1,2026-03-07 15:17:00,P03,L,1.0,75.0,,card
nimman,NM-001874,2,2026-03-07 15:17:00,P11,S,1.0,50.0,,card
nimman,NM-001875,1,2026-03-07 16:57:00,P04,L,1.0,75.0,M0770,qr
nimman,NM-001876,1,2026-03-07 16:58:00,P07,S,2.0,45.0,,card
nimman,NM-001877,1,2026-03-07 17:02:00,P05,M,1.0,70.0,,card
nimman,NM-001878,1,2026-03-07 17:02:00,P06,S,1.0,65.0,,cash
nimman,NM-001878,2,2026-03-07 17:02:00,P13,,1.0,50.0,,cash
nimman,NM-001879,1,2026-03-07 17:06:00,P10,L,1.0,70.0,M0443,qr
nimman,NM-001880,1,2026-03-07 17:32:00,P06,M,2.0,75.0,,qr
nimman,NM-001881,1,2026-03-07 18:01:00,P07,M,1.0,55.0,,cash
nimman,NM-001882,1,2026-03-07 18:48:00,P07,M,1.0,55.0,,qr
nimman,NM-001882,2,2026-03-07 18:48:00,P13,,1.0,50.0,,qr
nimman,NM-001883,1,2026-03-07 19:34:00,P10,M,1.0,60.0,M0291,qr
nimman,NM-001884,1,2026-03-07 19:44:00,P11,S,1.0,50.0,M0014,qr
nimman,NM-001884,2,2026-03-07 19:44:00,P14,,1.0,85.0,M0014,qr
nimman,NM-001885,1,2026-03-08 07:04:00,P11,S,1.0,50.0,,qr
nimman,NM-001886,1,2026-03-08 07:23:00,P14,,1.0,85.0,M0304,cash
nimman,NM-001887,1,2026-03-08 07:57:00,P09,S,1.0,40.0,M0584,qr
nimman,NM-001887,2,2026-03-08 07:57:00,P12,,1.0,55.0,M0584,qr
nimman,NM-001888,1,2026-03-08 08:03:00,P02,S,1.0,45.0,M0452,qr
nimman,NM-001888,2,2026-03-08 08:03:00,P12,,1.0,55.0,M0452,qr
nimman,NM-001889,1,2026-03-08 08:08:00,P01,L,1.0,65.0,,qr
nimman,NM-001889,2,2026-03-08 08:08:00,P08,M,1.0,70.0,,qr
nimman,NM-001890,1,2026-03-08 08:10:00,P03,M,1.0,65.0,,qr
nimman,NM-001891,1,2026-03-08 08:21:00,P08,M,1.0,70.0,,qr
nimman,NM-001892,1,2026-03-08 08:52:00,P15,,1.0,75.0,M0321,card
nimman,NM-001892,2,2026-03-08 08:52:00,P03,M,1.0,65.0,M0321,card
nimman,NM-001893,1,2026-03-08 09:14:00,P03,L,1.0,75.0,,qr
nimman,NM-001894,1,2026-03-08 09:22:00,P10,M,1.0,60.0,M0398,cash
nimman,NM-001895,1,2026-03-08 09:25:00,P15,,1.0,75.0,,qr
nimman,NM-001896,1,2026-03-08 10:00:00,P06,M,1.0,75.0,,qr
nimman,NM-001897,1,2026-03-08 10:56:00,P01,S,1.0,45.0,M0623,qr
nimman,NM-001897,2,2026-03-08 10:56:00,P15,,1.0,75.0,M0623,qr
nimman,NM-001898,1,2026-03-08 11:22:00,P15,,1.0,75.0,,qr
nimman,NM-001899,1,2026-03-08 11:46:00,P02,L,1.0,65.0,M0768,cash
nimman,NM-001900,1,2026-03-08 12:04:00,P04,L,2.0,75.0,,card
nimman,NM-001901,1,2026-03-08 13:41:00,P12,,1.0,55.0,,card
nimman,NM-001902,1,2026-03-08 14:06:00,P14,,1.0,85.0,,cash
nimman,NM-001903,1,2026-03-08 15:24:00,P02,M,2.0,55.0,M0075,cash
nimman,NM-001904,1,2026-03-08 15:43:00,P04,M,1.0,65.0,,qr
nimman,NM-001905,1,2026-03-08 15:45:00,P11,M,1.0,60.0,,qr
nimman,NM-001906,1,2026-03-08 16:59:00,P07,S,2.0,45.0,,qr
nimman,NM-001906,2,2026-03-08 16:59:00,P13,,1.0,50.0,,qr
nimman,NM-001907,1,2026-03-08 17:57:00,P03,S,1.0,55.0,M0219,card
nimman,NM-001908,1,2026-03-09 07:19:00,P13,,1.0,50.0,M0504,qr
nimman,NM-001908,2,2026-03-09 07:19:00,P15,,1.0,75.0,M0504,qr
nimman,NM-001909,1,2026-03-09 07:57:00,P06,S,2.0,65.0,M0046,qr
nimman,NM-001910,1,2026-03-09 08:12:00,P08,L,1.0,80.0,,cash
nimman,NM-001911,1,2026-03-09 09:02:00,P03,M,1.0,65.0,,qr
nimman,NM-001912,1,2026-03-09 09:31:00,P02,M,1.0,55.0,,qr
nimman,NM-001912,2,2026-03-09 09:31:00,P14,,1.0,85.0,,qr
nimman,NM-001913,1,2026-03-09 09:34:00,P01,M,1.0,55.0,M0792,cash
nimman,NM-001914,1,2026-03-09 09:36:00,P02,L,1.0,65.0,,qr
nimman,NM-001914,2,2026-03-09 09:36:00,P12,,1.0,55.0,,qr
nimman,NM-001915,1,2026-03-09 09:51:00,P13,,1.0,50.0,M0530,qr
nimman,NM-001916,1,2026-03-09 09:54:00,P08,S,1.0,60.0,,card
nimman,NM-001917,1,2026-03-09 10:56:00,P10,M,1.0,60.0,,card
nimman,NM-001918,1,2026-03-09 11:21:00,P02,M,1.0,55.0,,card
nimman,NM-001918,2,2026-03-09 11:21:00,P12,,1.0,55.0,,card
nimman,NM-001919,1,2026-03-09 12:36:00,P10,S,1.0,50.0,,card
nimman,NM-001919,2,2026-03-09 12:36:00,P03,M,1.0,65.0,,card
nimman,NM-001920,1,2026-03-09 12:43:00,P12,,1.0,55.0,,qr
nimman,NM-001921,1,2026-03-09 13:02:00,P03,L,1.0,75.0,M0154,qr
nimman,NM-001922,1,2026-03-09 13:02:00,P09,M,2.0,50.0,M0353,cash
nimman,NM-001923,1,2026-03-09 14:54:00,P12,,1.0,55.0,,qr
nimman,NM-001923,2,2026-03-09 14:54:00,P15,,1.0,75.0,,qr
nimman,NM-001924,1,2026-03-09 15:31:00,P08,M,3.0,70.0,M0203,card
nimman,NM-001925,1,2026-03-09 15:36:00,P12,,1.0,55.0,,qr
nimman,NM-001926,1,2026-03-09 15:43:00,P07,S,1.0,45.0,M0246,qr
nimman,NM-001927,1,2026-03-09 15:46:00,P10,M,1.0,60.0,,card
nimman,NM-001928,1,2026-03-09 15:58:00,P08,M,2.0,70.0,,qr
nimman,NM-001929,1,2026-03-09 16:47:00,P11,M,1.0,60.0,,qr
nimman,NM-001930,1,2026-03-09 17:02:00,P10,M,1.0,60.0,,qr
nimman,NM-001931,1,2026-03-09 17:39:00,P07,L,1.0,65.0,M0468,qr
nimman,NM-001932,1,2026-03-09 17:43:00,P03,M,1.0,65.0,,qr
nimman,NM-001932,2,2026-03-09 17:43:00,P14,,1.0,85.0,,qr
nimman,NM-001933,1,2026-03-09 17:50:00,P08,M,1.0,70.0,,card
nimman,NM-001934,1,2026-03-09 18:07:00,P03,S,1.0,55.0,M0427,cash
nimman,NM-001935,1,2026-03-10 07:03:00,P02,S,1.0,45.0,,cash
nimman,NM-001936,1,2026-03-10 07:17:00,P03,M,1.0,65.0,M0111,qr
nimman,NM-001936,2,2026-03-10 07:17:00,P14,,1.0,85.0,M0111,qr
nimman,NM-001937,1,2026-03-10 07:26:00,P02,S,1.0,45.0,,cash
nimman,NM-001937,2,2026-03-10 07:26:00,P12,,1.0,55.0,,cash
nimman,NM-001938,1,2026-03-10 07:36:00,P02,S,1.0,45.0,,cash
nimman,NM-001939,1,2026-03-10 08:18:00,P06,M,1.0,75.0,M0010,card
nimman,NM-001940,1,2026-03-10 08:43:00,P01,L,1.0,65.0,,card
nimman,NM-001940,2,2026-03-10 08:43:00,P15,,1.0,75.0,,card
nimman,NM-001941,1,2026-03-10 08:55:00,P09,M,1.0,50.0,M0566,qr
nimman,NM-001942,1,2026-03-10 09:02:00,P04,L,1.0,75.0,,qr
nimman,NM-001943,1,2026-03-10 09:22:00,P04,S,2.0,55.0,M0560,cash
nimman,NM-001944,1,2026-03-10 09:50:00,P08,S,1.0,60.0,,card
nimman,NM-001945,1,2026-03-10 09:56:00,P03,S,1.0,55.0,,cash
nimman,NM-001946,1,2026-03-10 10:20:00,P03,L,1.0,75.0,,cash
nimman,NM-001947,1,2026-03-10 10:38:00,P04,M,1.0,65.0,,qr
nimman,NM-001948,1,2026-03-10 10:57:00,P02,L,1.0,65.0,,cash
nimman,NM-001948,2,2026-03-10 10:57:00,P12,,1.0,55.0,,cash
nimman,NM-001949,1,2026-03-10 11:50:00,P01,M,1.0,55.0,M0657,qr
nimman,NM-001950,1,2026-03-10 14:41:00,P05,L,1.0,80.0,,qr
nimman,NM-001950,2,2026-03-10 14:41:00,P12,,1.0,55.0,,qr
nimman,NM-001951,1,2026-03-10 15:38:00,P05,M,1.0,70.0,,card
nimman,NM-001951,2,2026-03-10 15:38:00,P13,,1.0,50.0,,card
nimman,NM-001952,1,2026-03-10 15:43:00,P08,M,2.0,70.0,M0401,cash
nimman,NM-001953,1,2026-03-10 16:55:00,P02,M,1.0,55.0,M0409,card
nimman,NM-001954,1,2026-03-10 17:24:00,P10,S,1.0,50.0,,qr
nimman,NM-001955,1,2026-03-11 08:02:00,P05,M,1.0,70.0,,cash
nimman,NM-001956,1,2026-03-11 08:09:00,P09,M,1.0,50.0,M0445,cash
nimman,NM-001956,2,2026-03-11 08:09:00,P07,L,1.0,65.0,M0445,cash
nimman,NM-001957,1,2026-03-11 10:31:00,P05,M,1.0,70.0,,qr
nimman,NM-001958,1,2026-03-11 13:06:00,P07,S,1.0,45.0,,qr
nimman,NM-001959,1,2026-03-11 14:01:00,P14,,1.0,85.0,M0328,qr
nimman,NM-001960,1,2026-03-11 14:10:00,P03,M,2.0,65.0,,card
nimman,NM-001961,1,2026-03-11 14:30:00,P08,L,1.0,80.0,,card
nimman,NM-001961,2,2026-03-11 14:30:00,P14,,1.0,85.0,,card
nimman,NM-001962,1,2026-03-11 14:35:00,P03,M,1.0,65.0,,cash
nimman,NM-001962,2,2026-03-11 14:35:00,P15,,1.0,75.0,,cash
nimman,NM-001963,1,2026-03-11 14:38:00,P12,,1.0,55.0,M0478,qr
nimman,NM-001964,1,2026-03-11 14:47:00,P07,L,2.0,65.0,,qr
nimman,NM-001965,1,2026-03-11 14:52:00,P02,M,1.0,55.0,,qr
nimman,NM-001965,2,2026-03-11 14:52:00,P12,,1.0,55.0,,qr
nimman,NM-001966,1,2026-03-11 15:23:00,P07,L,1.0,65.0,M0657,qr
nimman,NM-001966,2,2026-03-11 15:23:00,P13,,1.0,50.0,M0657,qr
nimman,NM-001967,1,2026-03-11 15:23:00,P13,,1.0,50.0,M0226,qr
nimman,NM-001968,1,2026-03-11 15:25:00,P02,M,1.0,55.0,,qr
nimman,NM-001969,1,2026-03-11 15:59:00,P07,S,1.0,45.0,M0177,qr
nimman,NM-001969,2,2026-03-11 15:59:00,P06,M,1.0,75.0,M0177,qr
nimman,NM-001970,1,2026-03-11 16:01:00,P03,L,1.0,75.0,M0075,qr
nimman,NM-001970,2,2026-03-11 16:01:00,P14,,1.0,85.0,M0075,qr
nimman,NM-001971,1,2026-03-11 16:20:00,P11,S,1.0,50.0,M0686,card
nimman,NM-001972,1,2026-03-11 18:03:00,P12,,1.0,55.0,M0427,qr
nimman,NM-001973,1,2026-03-11 18:07:00,P13,,3.0,50.0,,qr
nimman,NM-001974,1,2026-03-12 07:23:00,P07,S,1.0,45.0,M0204,cash
nimman,NM-001974,2,2026-03-12 07:23:00,P13,,1.0,50.0,M0204,cash
nimman,NM-001975,1,2026-03-12 08:08:00,P07,M,1.0,55.0,,cash
nimman,NM-001975,2,2026-03-12 08:08:00,P13,,1.0,50.0,,cash
nimman,NM-001976,1,2026-03-12 08:08:00,P03,M,2.0,65.0,,card
nimman,NM-001976,2,2026-03-12 08:08:00,P14,,1.0,85.0,,card
nimman,NM-001976,3,2026-03-12 08:08:00,P08,M,1.0,70.0,,card
nimman,NM-001977,1,2026-03-12 08:25:00,P05,M,1.0,70.0,,cash
nimman,NM-001977,2,2026-03-12 08:25:00,P12,,1.0,55.0,,cash
nimman,NM-001978,1,2026-03-12 08:27:00,P04,M,1.0,65.0,,qr
nimman,NM-001979,1,2026-03-12 08:53:00,P10,L,1.0,70.0,M0107,cash
nimman,NM-001980,1,2026-03-12 10:10:00,P08,L,2.0,80.0,M0092,cash
nimman,NM-001981,1,2026-03-12 10:28:00,P08,M,1.0,70.0,M0718,qr
nimman,NM-001982,1,2026-03-12 10:41:00,P05,S,2.0,60.0,,qr
nimman,NM-001983,1,2026-03-12 11:21:00,P09,M,1.0,50.0,M0201,cash
nimman,NM-001984,1,2026-03-12 11:42:00,P02,L,1.0,65.0,,qr
nimman,NM-001984,2,2026-03-12 11:42:00,P12,,1.0,55.0,,qr
nimman,NM-001984,3,2026-03-12 11:42:00,P04,L,1.0,75.0,,qr
nimman,NM-001985,1,2026-03-12 12:09:00,P07,L,3.0,65.0,,cash
nimman,NM-001985,2,2026-03-12 12:09:00,P05,M,1.0,70.0,,cash
nimman,NM-001986,1,2026-03-12 12:45:00,P01,M,1.0,55.0,M0252,card
nimman,NM-001986,2,2026-03-12 12:45:00,P15,,1.0,75.0,M0252,card
nimman,NM-001987,1,2026-03-12 13:27:00,P15,,1.0,75.0,,qr
nimman,NM-001988,1,2026-03-12 13:43:00,P02,L,1.0,65.0,M0544,cash
nimman,NM-001989,1,2026-03-12 14:26:00,P07,M,1.0,55.0,M0777,qr
nimman,NM-001989,2,2026-03-12 14:26:00,P13,,1.0,50.0,M0777,qr
nimman,NM-001990,1,2026-03-12 14:42:00,P10,M,2.0,60.0,,card
nimman,NM-001990,2,2026-03-12 14:42:00,P12,,1.0,55.0,,card
nimman,NM-001991,1,2026-03-12 15:08:00,P09,S,1.0,40.0,,cash
nimman,NM-001992,1,2026-03-12 15:54:00,P14,,2.0,85.0,,qr
nimman,NM-001993,1,2026-03-12 16:30:00,P08,M,1.0,70.0,,cash
nimman,NM-001994,1,2026-03-12 16:46:00,P11,M,1.0,60.0,M0069,cash
nimman,NM-001995,1,2026-03-12 17:28:00,P07,M,3.0,55.0,M0498,qr
nimman,NM-001995,2,2026-03-12 17:28:00,P13,,1.0,50.0,M0498,qr
nimman,NM-001996,1,2026-03-12 18:32:00,P07,M,2.0,55.0,M0501,qr
nimman,NM-001996,2,2026-03-12 18:32:00,P13,,1.0,50.0,M0501,qr
nimman,NM-001997,1,2026-03-13 07:01:00,P04,S,1.0,55.0,,cash
nimman,NM-001998,1,2026-03-13 08:42:00,P12,,1.0,55.0,,qr
nimman,NM-001999,1,2026-03-13 08:53:00,P02,S,1.0,45.0,M0319,qr
nimman,NM-002000,1,2026-03-13 09:37:00,P10,L,1.0,70.0,M0545,qr
nimman,NM-002000,2,2026-03-13 09:37:00,P13,,1.0,50.0,M0545,qr
nimman,NM-002001,1,2026-03-13 09:37:00,P03,L,1.0,75.0,,cash
nimman,NM-002002,1,2026-03-13 09:49:00,P05,M,1.0,70.0,M0385,qr
nimman,NM-002003,1,2026-03-13 09:50:00,P03,M,1.0,65.0,,card
nimman,NM-002004,1,2026-03-13 09:51:00,P12,,1.0,55.0,,card
nimman,NM-002004,2,2026-03-13 09:51:00,P02,M,1.0,55.0,,card
nimman,NM-002005,1,2026-03-13 10:26:00,P11,S,1.0,50.0,,qr
nimman,NM-002006,1,2026-03-13 10:33:00,P11,S,1.0,50.0,,qr
nimman,NM-002006,2,2026-03-13 10:33:00,P15,,1.0,75.0,,qr
nimman,NM-002007,1,2026-03-13 11:04:00,P04,M,1.0,65.0,,qr
nimman,NM-002007,2,2026-03-13 11:04:00,P13,,1.0,50.0,,qr
nimman,NM-002008,1,2026-03-13 11:25:00,P13,,1.0,50.0,M0010,qr
nimman,NM-002009,1,2026-03-13 11:35:00,P12,,1.0,55.0,,card
nimman,NM-002010,1,2026-03-13 12:30:00,P03,M,2.0,65.0,,cash
nimman,NM-002010,2,2026-03-13 12:30:00,P14,,1.0,85.0,,cash
nimman,NM-002011,1,2026-03-13 12:36:00,P11,S,1.0,50.0,M0604,cash
nimman,NM-002012,1,2026-03-13 15:20:00,P02,M,3.0,55.0,M0199,card
nimman,NM-002013,1,2026-03-13 16:09:00,P15,,3.0,75.0,,qr
nimman,NM-002014,1,2026-03-13 17:29:00,P09,M,2.0,50.0,,qr
nimman,NM-002015,1,2026-03-13 17:48:00,P10,M,1.0,60.0,M0242,qr
nimman,NM-002016,1,2026-03-13 18:00:00,P03,S,1.0,55.0,,card
nimman,NM-002016,2,2026-03-13 18:00:00,P14,,1.0,85.0,,card
nimman,NM-002017,1,2026-03-13 18:13:00,P11,L,1.0,70.0,,qr
nimman,NM-002017,2,2026-03-13 18:13:00,P14,,1.0,85.0,,qr
nimman,NM-002018,1,2026-03-13 19:18:00,P14,,2.0,85.0,,qr
nimman,NM-002019,1,2026-03-14 07:20:00,P14,,1.0,85.0,,card
nimman,NM-002020,1,2026-03-14 07:27:00,P03,L,1.0,75.0,M0251,qr
nimman,NM-002020,2,2026-03-14 07:27:00,P13,,1.0,50.0,M0251,qr
nimman,NM-002021,1,2026-03-14 07:56:00,P15,,2.0,75.0,,card
nimman,NM-002022,1,2026-03-14 08:14:00,P08,S,1.0,60.0,M0605,cash
nimman,NM-002023,1,2026-03-14 08:19:00,P06,S,2.0,65.0,,cash
nimman,NM-002023,2,2026-03-14 08:19:00,P04,S,1.0,55.0,,cash
nimman,NM-002024,1,2026-03-14 08:30:00,P06,L,3.0,85.0,,card
nimman,NM-002024,2,2026-03-14 08:30:00,P07,M,1.0,55.0,,card
nimman,NM-002025,1,2026-03-14 08:39:00,P07,L,1.0,65.0,M0111,cash
nimman,NM-002025,2,2026-03-14 08:39:00,P13,,1.0,50.0,M0111,cash
nimman,NM-002026,1,2026-03-14 08:50:00,P04,L,1.0,75.0,,qr
nimman,NM-002027,1,2026-03-14 08:56:00,P03,M,1.0,65.0,M0484,cash
nimman,NM-002028,1,2026-03-14 09:20:00,P07,S,1.0,45.0,M0518,card
nimman,NM-002028,2,2026-03-14 09:20:00,P13,,1.0,50.0,M0518,card
nimman,NM-002028,3,2026-03-14 09:20:00,P12,,1.0,55.0,M0518,card
nimman,NM-002029,1,2026-03-14 09:27:00,P13,,1.0,50.0,M0326,qr
nimman,NM-002030,1,2026-03-14 09:34:00,P03,M,1.0,65.0,,qr
nimman,NM-002031,1,2026-03-14 09:40:00,P09,M,1.0,50.0,,card
nimman,NM-002032,1,2026-03-14 09:44:00,P01,M,1.0,55.0,M0173,card
nimman,NM-002033,1,2026-03-14 09:46:00,P09,S,1.0,40.0,M0785,qr
nimman,NM-002033,2,2026-03-14 09:46:00,P14,,1.0,85.0,M0785,qr
nimman,NM-002034,1,2026-03-14 09:47:00,P05,M,1.0,70.0,,cash
nimman,NM-002035,1,2026-03-14 09:57:00,P07,S,2.0,45.0,M0365,card
nimman,NM-002036,1,2026-03-14 10:24:00,P08,M,2.0,70.0,M0731,qr
nimman,NM-002037,1,2026-03-14 11:17:00,P01,S,1.0,45.0,,cash
nimman,NM-002037,2,2026-03-14 11:17:00,P06,M,1.0,75.0,,cash
nimman,NM-002038,1,2026-03-14 11:27:00,P07,M,1.0,55.0,M0226,cash
nimman,NM-002039,1,2026-03-14 11:34:00,P12,,1.0,55.0,M0181,cash
nimman,NM-002040,1,2026-03-14 12:12:00,P09,L,1.0,60.0,,cash
nimman,NM-002041,1,2026-03-14 12:19:00,P02,M,2.0,55.0,,cash
nimman,NM-002042,1,2026-03-14 12:55:00,P06,L,1.0,85.0,,card
nimman,NM-002042,2,2026-03-14 12:55:00,P04,M,1.0,65.0,,card
nimman,NM-002043,1,2026-03-14 13:27:00,P01,L,3.0,65.0,,card
nimman,NM-002044,1,2026-03-14 13:50:00,P06,L,1.0,85.0,,cash
nimman,NM-002045,1,2026-03-14 14:39:00,P11,L,1.0,70.0,M0110,cash
nimman,NM-002046,1,2026-03-14 15:05:00,P12,,1.0,55.0,,cash
nimman,NM-002047,1,2026-03-14 15:21:00,P14,,1.0,85.0,M0317,qr
nimman,NM-002048,1,2026-03-14 15:23:00,P01,M,1.0,55.0,M0720,cash
nimman,NM-002048,2,2026-03-14 15:23:00,P15,,1.0,75.0,M0720,cash
nimman,NM-002049,1,2026-03-14 15:42:00,P04,M,1.0,65.0,,qr
nimman,NM-002050,1,2026-03-14 16:02:00,P02,S,1.0,45.0,,qr
nimman,NM-002050,2,2026-03-14 16:02:00,P12,,1.0,55.0,,qr
nimman,NM-002051,1,2026-03-14 17:11:00,P04,M,1.0,65.0,M0020,card
nimman,NM-002052,1,2026-03-14 17:48:00,P07,L,1.0,65.0,M0419,cash
nimman,NM-002052,2,2026-03-14 17:48:00,P13,,1.0,50.0,M0419,cash
nimman,NM-002053,1,2026-03-14 18:19:00,P07,M,1.0,55.0,,cash
nimman,NM-002054,1,2026-03-14 19:10:00,P13,,1.0,50.0,,cash
nimman,NM-002055,1,2026-03-14 19:23:00,P12,,2.0,55.0,M0075,qr
nimman,NM-002056,1,2026-03-15 07:21:00,P04,S,1.0,55.0,,card
nimman,NM-002056,2,2026-03-15 07:21:00,P15,,1.0,75.0,,card
nimman,NM-002057,1,2026-03-15 08:02:00,P06,L,1.0,85.0,,qr
nimman,NM-002057,2,2026-03-15 08:02:00,P02,S,1.0,45.0,,qr
nimman,NM-002058,1,2026-03-15 08:18:00,P13,,1.0,50.0,M0488,qr
nimman,NM-002059,1,2026-03-15 08:34:00,P02,M,1.0,55.0,,qr
nimman,NM-002059,2,2026-03-15 08:34:00,P15,,1.0,75.0,,qr
nimman,NM-002060,1,2026-03-15 09:01:00,P12,,1.0,55.0,,cash
nimman,NM-002060,2,2026-03-15 09:01:00,P02,S,1.0,45.0,,cash
nimman,NM-002061,1,2026-03-15 09:07:00,P15,,1.0,75.0,M0101,cash
nimman,NM-002062,1,2026-03-15 09:25:00,P02,M,1.0,55.0,M0498,card
nimman,NM-002063,1,2026-03-15 09:39:00,P13,,1.0,50.0,,cash
nimman,NM-002064,1,2026-03-15 10:14:00,P14,,1.0,85.0,,cash
nimman,NM-002065,1,2026-03-15 10:32:00,P08,S,1.0,60.0,,card
nimman,NM-002066,1,2026-03-15 10:35:00,P02,S,1.0,45.0,M0702,card
nimman,NM-002067,1,2026-03-15 10:51:00,P14,,2.0,85.0,,qr
nimman,NM-002068,1,2026-03-15 11:14:00,P03,M,1.0,65.0,M0454,qr
nimman,NM-002068,2,2026-03-15 11:14:00,P14,,1.0,85.0,M0454,qr
nimman,NM-002068,3,2026-03-15 11:14:00,P15,,1.0,75.0,M0454,qr
nimman,NM-002069,1,2026-03-15 13:10:00,P12,,1.0,55.0,,cash
nimman,NM-002070,1,2026-03-15 13:46:00,P13,,1.0,50.0,,card
nimman,NM-002070,2,2026-03-15 13:46:00,P09,M,1.0,50.0,,card
nimman,NM-002071,1,2026-03-15 13:47:00,P07,L,1.0,65.0,M0765,qr
nimman,NM-002071,2,2026-03-15 13:47:00,P13,,1.0,50.0,M0765,qr
nimman,NM-002072,1,2026-03-15 13:48:00,P03,M,1.0,65.0,M0182,cash
nimman,NM-002073,1,2026-03-15 14:39:00,P07,L,1.0,65.0,,qr
nimman,NM-002074,1,2026-03-15 15:36:00,P12,,1.0,55.0,,card
nimman,NM-002075,1,2026-03-15 15:37:00,P03,M,1.0,65.0,,qr
nimman,NM-002075,2,2026-03-15 15:37:00,P14,,1.0,85.0,,qr
nimman,NM-002076,1,2026-03-15 15:41:00,P03,L,1.0,75.0,M0154,qr
nimman,NM-002076,2,2026-03-15 15:41:00,P14,,1.0,85.0,M0154,qr
nimman,NM-002077,1,2026-03-15 16:33:00,P07,M,1.0,55.0,M0018,cash
nimman,NM-002078,1,2026-03-15 16:55:00,P10,L,1.0,70.0,,qr
nimman,NM-002079,1,2026-03-15 16:56:00,P09,S,1.0,40.0,,qr
nimman,NM-002079,2,2026-03-15 16:56:00,P13,,1.0,50.0,,qr
nimman,NM-002080,1,2026-03-15 17:16:00,P09,M,1.0,50.0,M0720,qr
nimman,NM-002081,1,2026-03-15 17:20:00,P08,M,1.0,70.0,,qr
nimman,NM-002081,2,2026-03-15 17:20:00,P15,,1.0,75.0,,qr
nimman,NM-002082,1,2026-03-15 18:20:00,P09,S,1.0,40.0,,qr
nimman,NM-002083,1,2026-03-15 18:24:00,P08,L,1.0,80.0,,qr
nimman,NM-002083,2,2026-03-15 18:24:00,P13,,1.0,50.0,,qr
nimman,NM-002084,1,2026-03-15 18:58:00,P09,M,1.0,50.0,M0786,qr
nimman,NM-002085,1,2026-03-16 07:19:00,P02,S,1.0,45.0,M0436,qr
nimman,NM-002085,2,2026-03-16 07:19:00,P12,,1.0,55.0,M0436,qr
nimman,NM-002086,1,2026-03-16 07:21:00,P01,S,1.0,45.0,,card
nimman,NM-002086,2,2026-03-16 07:21:00,P15,,1.0,75.0,,card
nimman,NM-002087,1,2026-03-16 07:27:00,P07,M,1.0,55.0,,card
nimman,NM-002087,2,2026-03-16 07:27:00,P13,,1.0,50.0,,card
nimman,NM-002088,1,2026-03-16 07:34:00,P04,M,1.0,65.0,M0333,cash
nimman,NM-002088,2,2026-03-16 07:34:00,P12,,1.0,55.0,M0333,cash
nimman,NM-002089,1,2026-03-16 08:14:00,P09,M,2.0,50.0,,qr
nimman,NM-002089,2,2026-03-16 08:14:00,P14,,1.0,85.0,,qr
nimman,NM-002090,1,2026-03-16 08:29:00,P08,M,1.0,70.0,,cash
nimman,NM-002091,1,2026-03-16 08:44:00,P04,M,1.0,65.0,,qr
nimman,NM-002092,1,2026-03-16 09:03:00,P03,M,1.0,65.0,M0042,cash
nimman,NM-002093,1,2026-03-16 09:10:00,P03,L,1.0,75.0,,qr
nimman,NM-002094,1,2026-03-16 09:12:00,P13,,1.0,50.0,,qr
nimman,NM-002095,1,2026-03-16 09:20:00,P02,M,1.0,55.0,,card
nimman,NM-002095,2,2026-03-16 09:20:00,P05,L,1.0,80.0,,card
nimman,NM-002096,1,2026-03-16 09:29:00,P02,S,1.0,45.0,M0633,cash
nimman,NM-002096,2,2026-03-16 09:29:00,P12,,1.0,55.0,M0633,cash
nimman,NM-002097,1,2026-03-16 10:08:00,P02,M,1.0,55.0,M0204,cash
nimman,NM-002098,1,2026-03-16 11:06:00,P02,M,1.0,55.0,,qr
nimman,NM-002098,2,2026-03-16 11:06:00,P07,M,1.0,55.0,,qr
nimman,NM-002099,1,2026-03-16 11:36:00,P03,M,1.0,65.0,,card
nimman,NM-002100,1,2026-03-16 11:36:00,P03,M,1.0,65.0,,qr
nimman,NM-002101,1,2026-03-16 13:35:00,P13,,1.0,50.0,,cash
nimman,NM-002102,1,2026-03-16 13:35:00,P10,M,1.0,60.0,,qr
nimman,NM-002103,1,2026-03-16 13:49:00,P09,M,1.0,50.0,,card
nimman,NM-002104,1,2026-03-16 13:55:00,P15,,1.0,75.0,,card
nimman,NM-002104,2,2026-03-16 13:55:00,P08,S,1.0,60.0,,card
nimman,NM-002105,1,2026-03-16 14:25:00,P03,S,1.0,55.0,,qr
nimman,NM-002106,1,2026-03-16 14:35:00,P02,M,1.0,55.0,,cash
nimman,NM-002107,1,2026-03-16 14:36:00,P03,S,1.0,55.0,M0256,qr
nimman,NM-002107,2,2026-03-16 14:36:00,P14,,1.0,85.0,M0256,qr
nimman,NM-002108,1,2026-03-16 14:54:00,P08,L,1.0,80.0,,qr
nimman,NM-002109,1,2026-03-16 15:12:00,P08,M,2.0,70.0,M0209,qr
nimman,NM-002109,2,2026-03-16 15:12:00,P02,L,1.0,65.0,M0209,qr
nimman,NM-002110,1,2026-03-16 17:54:00,P03,L,1.0,75.0,M0360,qr
nimman,NM-002111,1,2026-03-16 17:56:00,P03,M,2.0,65.0,M0363,card
nimman,NM-002112,1,2026-03-17 07:50:00,P01,S,1.0,45.0,M0745,qr
nimman,NM-002113,1,2026-03-17 08:05:00,P03,M,3.0,65.0,M0565,cash
nimman,NM-002113,2,2026-03-17 08:05:00,P14,,1.0,85.0,M0565,cash
nimman,NM-002114,1,2026-03-17 08:14:00,P01,S,1.0,45.0,,cash
nimman,NM-002114,2,2026-03-17 08:14:00,P15,,1.0,75.0,,cash
nimman,NM-002115,1,2026-03-17 08:19:00,P06,L,2.0,85.0,M0065,card
nimman,NM-002116,1,2026-03-17 08:56:00,P03,S,1.0,55.0,,cash
nimman,NM-002116,2,2026-03-17 08:56:00,P14,,1.0,85.0,,cash
nimman,NM-002117,1,2026-03-17 09:35:00,P02,L,1.0,65.0,M0407,card
nimman,NM-002118,1,2026-03-17 09:43:00,P03,L,1.0,75.0,,qr
nimman,NM-002119,1,2026-03-17 09:43:00,P03,M,1.0,65.0,M0637,cash
nimman,NM-002120,1,2026-03-17 09:49:00,P04,M,1.0,65.0,,qr
nimman,NM-002121,1,2026-03-17 09:53:00,P02,S,1.0,45.0,,card
nimman,NM-002122,1,2026-03-17 10:16:00,P04,M,3.0,65.0,,card
nimman,NM-002123,1,2026-03-17 11:29:00,P09,M,1.0,50.0,M0072,cash
nimman,NM-002124,1,2026-03-17 11:58:00,P01,S,3.0,45.0,,card
nimman,NM-002125,1,2026-03-17 12:34:00,P10,L,2.0,70.0,,qr
nimman,NM-002125,2,2026-03-17 12:34:00,P14,,1.0,85.0,,qr
nimman,NM-002126,1,2026-03-17 12:42:00,P06,M,1.0,75.0,M0097,qr
nimman,NM-002126,2,2026-03-17 12:42:00,P03,M,1.0,65.0,M0097,qr
nimman,NM-002127,1,2026-03-17 13:11:00,P11,L,1.0,70.0,,card
nimman,NM-002128,1,2026-03-17 13:39:00,P11,M,1.0,60.0,,qr
nimman,NM-002129,1,2026-03-17 14:06:00,P11,M,2.0,60.0,,qr
nimman,NM-002129,2,2026-03-17 14:06:00,P14,,1.0,85.0,,qr
nimman,NM-002129,3,2026-03-17 14:06:00,P12,,1.0,55.0,,qr
nimman,NM-002130,1,2026-03-17 14:56:00,P09,L,1.0,60.0,,card
nimman,NM-002131,1,2026-03-17 14:59:00,P12,,1.0,55.0,M0409,qr
nimman,NM-002132,1,2026-03-17 17:09:00,P06,M,2.0,75.0,M0325,card
nimman,NM-002133,1,2026-03-17 18:52:00,P07,M,1.0,55.0,,qr
nimman,NM-002134,1,2026-03-17 18:55:00,P05,M,2.0,70.0,,qr
nimman,NM-002135,1,2026-03-18 07:25:00,P03,M,1.0,65.0,,qr
nimman,NM-002135,2,2026-03-18 07:25:00,P14,,1.0,85.0,,qr
nimman,NM-002136,1,2026-03-18 08:04:00,P07,M,1.0,55.0,,qr
nimman,NM-002137,1,2026-03-18 08:08:00,P09,S,2.0,40.0,,qr
nimman,NM-002138,1,2026-03-18 08:11:00,P02,M,1.0,55.0,,cash
nimman,NM-002138,2,2026-03-18 08:11:00,P12,,1.0,55.0,,cash
nimman,NM-002139,1,2026-03-18 08:36:00,P07,M,1.0,55.0,,cash
nimman,NM-002140,1,2026-03-18 09:02:00,P07,S,1.0,45.0,M0776,qr
nimman,NM-002141,1,2026-03-18 09:05:00,P02,M,1.0,55.0,,card
nimman,NM-002141,2,2026-03-18 09:05:00,P12,,1.0,55.0,,card
nimman,NM-002142,1,2026-03-18 10:09:00,P15,,1.0,75.0,,qr
nimman,NM-002143,1,2026-03-18 10:18:00,P07,M,1.0,55.0,,qr
nimman,NM-002144,1,2026-03-18 10:59:00,P15,,1.0,75.0,M0474,qr
nimman,NM-002145,1,2026-03-18 11:23:00,P02,M,1.0,55.0,,card
nimman,NM-002145,2,2026-03-18 11:23:00,P12,,1.0,55.0,,card
nimman,NM-002146,1,2026-03-18 11:54:00,P02,M,1.0,55.0,,qr
nimman,NM-002147,1,2026-03-18 12:03:00,P10,L,1.0,70.0,,qr
nimman,NM-002148,1,2026-03-18 12:32:00,P08,L,1.0,80.0,,qr
nimman,NM-002149,1,2026-03-18 13:03:00,P01,M,1.0,55.0,M0690,qr
nimman,NM-002150,1,2026-03-18 13:04:00,P07,S,1.0,45.0,M0640,qr
nimman,NM-002151,1,2026-03-18 13:39:00,P13,,1.0,50.0,M0291,qr
nimman,NM-002152,1,2026-03-18 13:54:00,P03,S,1.0,55.0,,qr
nimman,NM-002153,1,2026-03-18 14:27:00,P04,M,1.0,65.0,M0084,qr
nimman,NM-002153,2,2026-03-18 14:27:00,P09,M,1.0,50.0,M0084,qr
nimman,NM-002154,1,2026-03-18 15:25:00,P02,L,1.0,65.0,M0474,cash
nimman,NM-002154,2,2026-03-18 15:25:00,P12,,1.0,55.0,M0474,cash
nimman,NM-002155,1,2026-03-18 16:25:00,P08,S,1.0,60.0,,cash
nimman,NM-002155,2,2026-03-18 16:25:00,P15,,1.0,75.0,,cash
nimman,NM-002156,1,2026-03-18 16:50:00,P03,L,1.0,75.0,M0731,card
nimman,NM-002156,2,2026-03-18 16:50:00,P14,,1.0,85.0,M0731,card
nimman,NM-002157,1,2026-03-18 17:21:00,P14,,1.0,85.0,M0571,qr
nimman,NM-002158,1,2026-03-18 17:31:00,P03,S,1.0,55.0,M0454,card
nimman,NM-002159,1,2026-03-18 17:37:00,P02,S,1.0,45.0,,qr
nimman,NM-002160,1,2026-03-18 18:26:00,P09,L,1.0,60.0,,cash
nimman,NM-002161,1,2026-03-18 18:33:00,P07,M,3.0,55.0,,qr
nimman,NM-002162,1,2026-03-19 07:23:00,P02,S,1.0,45.0,,cash
nimman,NM-002163,1,2026-03-19 08:03:00,P04,M,2.0,65.0,,qr
nimman,NM-002164,1,2026-03-19 08:32:00,P08,M,1.0,70.0,,cash
nimman,NM-002164,2,2026-03-19 08:32:00,P07,L,1.0,65.0,,cash
nimman,NM-002165,1,2026-03-19 08:38:00,P14,,2.0,85.0,M0348,qr
nimman,NM-002165,2,2026-03-19 08:38:00,P04,M,1.0,65.0,M0348,qr
nimman,NM-002166,1,2026-03-19 09:07:00,P10,M,1.0,60.0,,qr
nimman,NM-002167,1,2026-03-19 09:15:00,P07,M,1.0,55.0,,cash
nimman,NM-002168,1,2026-03-19 09:27:00,P02,S,1.0,45.0,M0365,qr
nimman,NM-002169,1,2026-03-19 09:29:00,P01,S,1.0,45.0,,cash
nimman,NM-002169,2,2026-03-19 09:29:00,P15,,1.0,75.0,,cash
nimman,NM-002170,1,2026-03-19 09:30:00,P07,M,1.0,55.0,M0652,qr
nimman,NM-002170,2,2026-03-19 09:30:00,P13,,1.0,50.0,M0652,qr
nimman,NM-002171,1,2026-03-19 09:59:00,P06,L,1.0,85.0,,card
nimman,NM-002172,1,2026-03-19 10:51:00,P01,L,1.0,65.0,M0532,qr
nimman,NM-002172,2,2026-03-19 10:51:00,P15,,1.0,75.0,M0532,qr
nimman,NM-002173,1,2026-03-19 10:54:00,P03,M,1.0,65.0,,card
nimman,NM-002173,2,2026-03-19 10:54:00,P01,L,1.0,65.0,,card
nimman,NM-002174,1,2026-03-19 11:25:00,P02,L,1.0,65.0,M0363,qr
nimman,NM-002175,1,2026-03-19 14:00:00,P03,M,1.0,65.0,M0565,cash
nimman,NM-002176,1,2026-03-19 14:20:00,P02,M,1.0,55.0,,card
nimman,NM-002177,1,2026-03-19 14:50:00,P09,S,1.0,40.0,,qr
nimman,NM-002178,1,2026-03-19 16:13:00,P03,S,1.0,55.0,M0112,qr
nimman,NM-002178,2,2026-03-19 16:13:00,P14,,1.0,85.0,M0112,qr
nimman,NM-002179,1,2026-03-19 16:13:00,P04,L,1.0,75.0,,qr
nimman,NM-002180,1,2026-03-19 16:52:00,P08,S,1.0,60.0,,cash
nimman,NM-002181,1,2026-03-19 19:52:00,P12,,1.0,55.0,M0786,qr
nimman,NM-002182,1,2026-03-20 07:04:00,P03,S,1.0,55.0,,qr
nimman,NM-002182,2,2026-03-20 07:04:00,P15,,1.0,75.0,,qr
nimman,NM-002183,1,2026-03-20 07:52:00,P06,S,1.0,65.0,,qr
nimman,NM-002184,1,2026-03-20 08:04:00,P05,S,1.0,60.0,M0581,qr
nimman,NM-002185,1,2026-03-20 08:48:00,P13,,1.0,50.0,,cash
nimman,NM-002186,1,2026-03-20 09:01:00,P08,L,1.0,80.0,M0090,qr
nimman,NM-002187,1,2026-03-20 09:18:00,P01,L,1.0,65.0,M0330,card
nimman,NM-002187,2,2026-03-20 09:18:00,P14,,1.0,85.0,M0330,card
nimman,NM-002188,1,2026-03-20 09:23:00,P09,M,1.0,50.0,M0612,qr
nimman,NM-002189,1,2026-03-20 09:31:00,P05,S,1.0,60.0,M0603,cash
nimman,NM-002190,1,2026-03-20 09:40:00,P03,M,1.0,65.0,,qr
nimman,NM-002191,1,2026-03-20 09:57:00,P12,,1.0,55.0,M0490,qr
nimman,NM-002192,1,2026-03-20 10:06:00,P04,S,1.0,55.0,M0123,qr
nimman,NM-002193,1,2026-03-20 10:14:00,P07,M,1.0,55.0,,card
nimman,NM-002193,2,2026-03-20 10:14:00,P13,,1.0,50.0,,card
nimman,NM-002194,1,2026-03-20 10:25:00,P06,L,1.0,85.0,,cash
nimman,NM-002195,1,2026-03-20 10:41:00,P04,S,1.0,55.0,,cash
nimman,NM-002196,1,2026-03-20 10:45:00,P06,M,1.0,75.0,,card
nimman,NM-002197,1,2026-03-20 11:27:00,P07,L,1.0,65.0,,qr
nimman,NM-002197,2,2026-03-20 11:27:00,P13,,1.0,50.0,,qr
nimman,NM-002198,1,2026-03-20 11:46:00,P04,S,1.0,55.0,M0198,qr
nimman,NM-002198,2,2026-03-20 11:46:00,P15,,1.0,75.0,M0198,qr
nimman,NM-002199,1,2026-03-20 12:00:00,P12,,1.0,55.0,M0101,cash
nimman,NM-002200,1,2026-03-20 12:08:00,P12,,1.0,55.0,,qr
nimman,NM-002201,1,2026-03-20 13:24:00,P01,M,1.0,55.0,M0342,qr
nimman,NM-002202,1,2026-03-20 13:38:00,P07,M,1.0,55.0,,qr
nimman,NM-002202,2,2026-03-20 13:38:00,P13,,1.0,50.0,,qr
nimman,NM-002203,1,2026-03-20 15:13:00,P07,S,1.0,45.0,M0610,qr
nimman,NM-002204,1,2026-03-20 15:27:00,P07,M,1.0,55.0,M0604,qr
nimman,NM-002205,1,2026-03-20 17:15:00,P02,M,2.0,55.0,,cash
nimman,NM-002206,1,2026-03-20 18:33:00,P01,M,1.0,55.0,,qr
nimman,NM-002206,2,2026-03-20 18:33:00,P15,,1.0,75.0,,qr
nimman,NM-002207,1,2026-03-20 18:34:00,P04,M,2.0,65.0,M0075,qr
nimman,NM-002208,1,2026-03-21 08:27:00,P04,M,1.0,65.0,,qr
nimman,NM-002208,2,2026-03-21 08:27:00,P01,M,1.0,55.0,,qr
nimman,NM-002209,1,2026-03-21 08:38:00,P06,M,1.0,75.0,,qr
nimman,NM-002210,1,2026-03-21 08:50:00,P08,M,1.0,70.0,M0274,qr
nimman,NM-002211,1,2026-03-21 09:28:00,P02,S,1.0,45.0,M0057,cash
nimman,NM-002211,2,2026-03-21 09:28:00,P12,,1.0,55.0,M0057,cash
nimman,NM-002212,1,2026-03-21 09:36:00,P06,M,1.0,75.0,,cash
nimman,NM-002212,2,2026-03-21 09:36:00,P03,M,1.0,65.0,,cash
nimman,NM-002213,1,2026-03-21 10:02:00,P01,S,1.0,45.0,M0325,qr
nimman,NM-002214,1,2026-03-21 10:23:00,P03,M,1.0,65.0,,qr
nimman,NM-002215,1,2026-03-21 10:48:00,P01,M,1.0,55.0,M0095,card
nimman,NM-002215,2,2026-03-21 10:48:00,P15,,1.0,75.0,M0095,card
nimman,NM-002216,1,2026-03-21 10:51:00,P01,S,2.0,45.0,M0171,qr
nimman,NM-002216,2,2026-03-21 10:51:00,P15,,1.0,75.0,M0171,qr
nimman,NM-002217,1,2026-03-21 11:55:00,P02,S,2.0,45.0,M0624,qr
nimman,NM-002217,2,2026-03-21 11:55:00,P12,,1.0,55.0,M0624,qr
nimman,NM-002218,1,2026-03-21 12:08:00,P13,,1.0,50.0,M0095,cash
nimman,NM-002219,1,2026-03-21 12:23:00,P09,L,2.0,60.0,M0759,qr
nimman,NM-002220,1,2026-03-21 12:37:00,P08,M,1.0,70.0,,qr
nimman,NM-002220,2,2026-03-21 12:37:00,P12,,1.0,55.0,,qr
nimman,NM-002221,1,2026-03-21 12:45:00,P02,L,1.0,65.0,M0378,card
nimman,NM-002222,1,2026-03-21 12:58:00,P08,L,1.0,80.0,M0198,qr
nimman,NM-002223,1,2026-03-21 13:12:00,P07,M,1.0,55.0,,card
nimman,NM-002223,2,2026-03-21 13:12:00,P13,,1.0,50.0,,card
nimman,NM-002224,1,2026-03-21 13:41:00,P12,,1.0,55.0,M0367,qr
nimman,NM-002225,1,2026-03-21 13:45:00,P07,M,1.0,55.0,M0204,qr
nimman,NM-002225,2,2026-03-21 13:45:00,P13,,1.0,50.0,M0204,qr
nimman,NM-002226,1,2026-03-21 14:04:00,P04,S,1.0,55.0,,qr
nimman,NM-002227,1,2026-03-21 14:28:00,P11,M,1.0,60.0,,qr
nimman,NM-002228,1,2026-03-21 14:29:00,P02,M,1.0,55.0,,cash
nimman,NM-002228,2,2026-03-21 14:29:00,P12,,1.0,55.0,,cash
nimman,NM-002229,1,2026-03-21 14:35:00,P08,S,1.0,60.0,,card
nimman,NM-002230,1,2026-03-21 14:37:00,P03,L,1.0,75.0,,cash
nimman,NM-002230,2,2026-03-21 14:37:00,P14,,1.0,85.0,,cash
nimman,NM-002231,1,2026-03-21 14:46:00,P07,M,1.0,55.0,,cash
nimman,NM-002232,1,2026-03-21 14:47:00,P02,M,1.0,55.0,M0243,qr
nimman,NM-002232,2,2026-03-21 14:47:00,P13,,1.0,50.0,M0243,qr
nimman,NM-002233,1,2026-03-21 15:11:00,P12,,2.0,55.0,M0042,qr
nimman,NM-002234,1,2026-03-21 15:35:00,P06,M,1.0,75.0,,card
nimman,NM-002235,1,2026-03-21 15:45:00,P10,L,3.0,70.0,M0124,cash
nimman,NM-002236,1,2026-03-21 16:26:00,P10,L,1.0,70.0,,qr
nimman,NM-002237,1,2026-03-21 16:30:00,P12,,1.0,55.0,,qr
nimman,NM-002238,1,2026-03-21 16:57:00,P10,S,2.0,50.0,,qr
nimman,NM-002238,2,2026-03-21 16:57:00,P03,S,1.0,55.0,,qr
nimman,NM-002239,1,2026-03-21 17:34:00,P07,M,1.0,55.0,,card
nimman,NM-002239,2,2026-03-21 17:34:00,P13,,1.0,50.0,,card
nimman,NM-002239,3,2026-03-21 17:34:00,P12,,1.0,55.0,,card
nimman,NM-002240,1,2026-03-21 18:02:00,P11,M,1.0,60.0,,qr
nimman,NM-002241,1,2026-03-21 18:09:00,P08,M,1.0,70.0,M0006,cash
nimman,NM-002242,1,2026-03-21 18:15:00,P03,S,2.0,55.0,,card
nimman,NM-002243,1,2026-03-22 08:07:00,P12,,1.0,55.0,,card
nimman,NM-002244,1,2026-03-22 08:26:00,P07,M,1.0,55.0,,cash
nimman,NM-002244,2,2026-03-22 08:26:00,P13,,1.0,50.0,,cash
nimman,NM-002244,3,2026-03-22 08:26:00,P12,,1.0,55.0,,cash
nimman,NM-002245,1,2026-03-22 09:12:00,P15,,2.0,75.0,M0680,qr
nimman,NM-002246,1,2026-03-22 09:12:00,P06,S,1.0,65.0,M0686,qr
nimman,NM-002247,1,2026-03-22 09:17:00,P02,S,1.0,45.0,,qr
nimman,NM-002247,2,2026-03-22 09:17:00,P12,,1.0,55.0,,qr
nimman,NM-002248,1,2026-03-22 09:28:00,P12,,1.0,55.0,,qr
nimman,NM-002248,2,2026-03-22 09:28:00,P03,M,1.0,65.0,,qr
nimman,NM-002249,1,2026-03-22 09:49:00,P04,M,1.0,65.0,,qr
nimman,NM-002250,1,2026-03-22 10:20:00,P04,L,1.0,75.0,,qr
nimman,NM-002251,1,2026-03-22 10:27:00,P12,,1.0,55.0,,cash
nimman,NM-002252,1,2026-03-22 10:41:00,P04,M,2.0,65.0,,qr
nimman,NM-002253,1,2026-03-22 10:49:00,P06,S,1.0,65.0,,qr
nimman,NM-002253,2,2026-03-22 10:49:00,P11,M,1.0,60.0,,qr
nimman,NM-002254,1,2026-03-22 11:20:00,P10,M,1.0,60.0,,qr
nimman,NM-002254,2,2026-03-22 11:20:00,P13,,1.0,50.0,,qr
nimman,NM-002255,1,2026-03-22 11:27:00,P04,M,1.0,65.0,,cash
nimman,NM-002256,1,2026-03-22 11:35:00,P04,M,3.0,65.0,M0205,qr
nimman,NM-002257,1,2026-03-22 11:57:00,P14,,1.0,85.0,,card
nimman,NM-002258,1,2026-03-22 13:36:00,P07,M,2.0,55.0,M0064,cash
nimman,NM-002259,1,2026-03-22 13:40:00,P07,M,1.0,55.0,,cash
nimman,NM-002259,2,2026-03-22 13:40:00,P13,,1.0,50.0,,cash
nimman,NM-002260,1,2026-03-22 14:09:00,P07,L,1.0,65.0,,card
nimman,NM-002260,2,2026-03-22 14:09:00,P13,,1.0,50.0,,card
nimman,NM-002261,1,2026-03-22 14:40:00,P03,M,1.0,65.0,,card
nimman,NM-002261,2,2026-03-22 14:40:00,P14,,1.0,85.0,,card
nimman,NM-002262,1,2026-03-22 14:48:00,P02,M,1.0,55.0,,qr
nimman,NM-002263,1,2026-03-22 14:56:00,P08,S,1.0,60.0,,qr
nimman,NM-002264,1,2026-03-22 14:56:00,P12,,1.0,55.0,,qr
nimman,NM-002265,1,2026-03-22 15:07:00,P03,M,1.0,65.0,M0089,qr
nimman,NM-002266,1,2026-03-22 15:48:00,P02,M,1.0,55.0,,qr
nimman,NM-002267,1,2026-03-22 15:56:00,P05,L,1.0,80.0,M0260,card
nimman,NM-002268,1,2026-03-22 16:36:00,P03,M,3.0,65.0,M0378,qr
nimman,NM-002269,1,2026-03-22 16:51:00,P10,M,1.0,60.0,,qr
nimman,NM-002270,1,2026-03-22 17:45:00,P08,L,1.0,80.0,,qr
nimman,NM-002271,1,2026-03-23 07:42:00,P15,,2.0,75.0,M0474,qr
nimman,NM-002272,1,2026-03-23 07:48:00,P06,L,1.0,85.0,M0190,card
nimman,NM-002272,2,2026-03-23 07:48:00,P05,S,1.0,60.0,M0190,card
nimman,NM-002273,1,2026-03-23 08:15:00,P02,S,1.0,45.0,M0649,qr
nimman,NM-002273,2,2026-03-23 08:15:00,P09,M,1.0,50.0,M0649,qr
nimman,NM-002274,1,2026-03-23 08:27:00,P05,S,3.0,60.0,,qr
nimman,NM-002275,1,2026-03-23 08:32:00,P05,S,1.0,60.0,M0049,qr
nimman,NM-002276,1,2026-03-23 08:36:00,P06,M,1.0,75.0,M0471,qr
nimman,NM-002276,2,2026-03-23 08:36:00,P13,,1.0,50.0,M0471,qr
nimman,NM-002277,1,2026-03-23 08:37:00,P01,M,1.0,55.0,,qr
nimman,NM-002278,1,2026-03-23 08:45:00,P04,M,1.0,65.0,,qr
nimman,NM-002279,1,2026-03-23 09:38:00,P13,,3.0,50.0,M0316,card
nimman,NM-002280,1,2026-03-23 09:39:00,P03,M,1.0,65.0,M0313,card
nimman,NM-002280,2,2026-03-23 09:39:00,P14,,1.0,85.0,M0313,card
nimman,NM-002281,1,2026-03-23 09:48:00,P05,M,2.0,70.0,,cash
nimman,NM-002282,1,2026-03-23 10:25:00,P06,M,1.0,75.0,,qr
nimman,NM-002283,1,2026-03-23 10:36:00,P01,L,3.0,65.0,M0246,card
nimman,NM-002283,2,2026-03-23 10:36:00,P12,,1.0,55.0,M0246,card
nimman,NM-002284,1,2026-03-23 10:39:00,P12,,1.0,55.0,,cash
nimman,NM-002284,2,2026-03-23 10:39:00,P03,S,1.0,55.0,,cash
nimman,NM-002285,1,2026-03-23 12:03:00,P08,M,1.0,70.0,,qr
nimman,NM-002285,2,2026-03-23 12:03:00,P04,S,1.0,55.0,,qr
nimman,NM-002286,1,2026-03-23 12:11:00,P03,M,1.0,65.0,M0209,card
nimman,NM-002287,1,2026-03-23 12:12:00,P05,L,1.0,80.0,M0563,qr
nimman,NM-002287,2,2026-03-23 12:12:00,P02,L,1.0,65.0,M0563,qr
nimman,NM-002288,1,2026-03-23 14:27:00,P10,M,1.0,60.0,,qr
nimman,NM-002289,1,2026-03-23 14:46:00,P05,M,1.0,70.0,,qr
nimman,NM-002290,1,2026-03-23 15:09:00,P15,,1.0,75.0,M0489,cash
nimman,NM-002291,1,2026-03-23 15:23:00,P06,S,1.0,65.0,,qr
nimman,NM-002292,1,2026-03-23 15:34:00,P02,S,1.0,45.0,M0209,qr
nimman,NM-002293,1,2026-03-23 15:59:00,P04,M,1.0,65.0,,cash
nimman,NM-002294,1,2026-03-23 16:31:00,P12,,1.0,55.0,,card
nimman,NM-002295,1,2026-03-23 16:52:00,P10,M,1.0,60.0,,qr
nimman,NM-002296,1,2026-03-23 17:58:00,P08,M,1.0,70.0,,qr
nimman,NM-002297,1,2026-03-23 19:58:00,P09,S,1.0,40.0,,qr
nimman,NM-002297,2,2026-03-23 19:58:00,P13,,1.0,50.0,,qr
nimman,NM-002298,1,2026-03-24 07:16:00,P06,M,2.0,75.0,,qr
nimman,NM-002299,1,2026-03-24 08:09:00,P03,M,1.0,65.0,,qr
nimman,NM-002300,1,2026-03-24 08:33:00,P08,M,2.0,70.0,,cash
nimman,NM-002300,2,2026-03-24 08:33:00,P15,,1.0,75.0,,cash
nimman,NM-002301,1,2026-03-24 08:39:00,P06,L,1.0,85.0,,qr
nimman,NM-002302,1,2026-03-24 08:48:00,P01,M,1.0,55.0,,qr
nimman,NM-002303,1,2026-03-24 09:04:00,P01,S,1.0,45.0,M0596,qr
nimman,NM-002303,2,2026-03-24 09:04:00,P02,M,1.0,55.0,M0596,qr
nimman,NM-002304,1,2026-03-24 09:31:00,P10,M,1.0,60.0,,qr
nimman,NM-002305,1,2026-03-24 09:32:00,P03,L,1.0,75.0,M0513,qr
nimman,NM-002306,1,2026-03-24 09:40:00,P02,M,1.0,55.0,,card
nimman,NM-002306,2,2026-03-24 09:40:00,P12,,1.0,55.0,,card
nimman,NM-002306,3,2026-03-24 09:40:00,P10,L,1.0,70.0,,card
nimman,NM-002307,1,2026-03-24 09:56:00,P13,,2.0,50.0,M0076,qr
nimman,NM-002308,1,2026-03-24 10:13:00,P03,L,1.0,75.0,M0058,qr
nimman,NM-002309,1,2026-03-24 10:39:00,P04,L,1.0,75.0,,cash
nimman,NM-002310,1,2026-03-24 10:56:00,P03,M,1.0,65.0,,qr
nimman,NM-002311,1,2026-03-24 11:21:00,P03,S,2.0,55.0,,qr
nimman,NM-002311,2,2026-03-24 11:21:00,P15,,1.0,75.0,,qr
nimman,NM-002312,1,2026-03-24 11:33:00,P02,L,1.0,65.0,,qr
nimman,NM-002312,2,2026-03-24 11:33:00,P12,,1.0,55.0,,qr
nimman,NM-002313,1,2026-03-24 14:09:00,P05,M,1.0,70.0,M0182,qr
nimman,NM-002314,1,2026-03-24 14:16:00,P07,M,3.0,55.0,M0223,card
nimman,NM-002315,1,2026-03-24 14:50:00,P02,M,1.0,55.0,,qr
nimman,NM-002316,1,2026-03-24 15:21:00,P15,,1.0,75.0,,qr
nimman,NM-002316,2,2026-03-24 15:21:00,P06,S,1.0,65.0,,qr
nimman,NM-002317,1,2026-03-24 15:22:00,P09,S,1.0,40.0,,card
nimman,NM-002317,2,2026-03-24 15:22:00,P08,M,1.0,70.0,,card
nimman,NM-002318,1,2026-03-24 15:27:00,P12,,1.0,55.0,M0279,qr
nimman,NM-002319,1,2026-03-24 16:13:00,P02,S,2.0,45.0,M0718,qr
nimman,NM-002319,2,2026-03-24 16:13:00,P12,,1.0,55.0,M0718,qr
nimman,NM-002320,1,2026-03-24 16:30:00,P07,M,1.0,55.0,,qr
nimman,NM-002320,2,2026-03-24 16:30:00,P13,,1.0,50.0,,qr
nimman,NM-002321,1,2026-03-24 16:32:00,P06,M,1.0,75.0,M0317,qr
nimman,NM-002322,1,2026-03-24 17:25:00,P07,L,2.0,65.0,,cash
nimman,NM-002322,2,2026-03-24 17:25:00,P13,,1.0,50.0,,cash
nimman,NM-002323,1,2026-03-24 19:03:00,P10,S,1.0,50.0,,qr
nimman,NM-002324,1,2026-03-25 07:21:00,P03,L,1.0,75.0,M0694,card
nimman,NM-002325,1,2026-03-25 07:54:00,P06,M,3.0,75.0,,qr
nimman,NM-002326,1,2026-03-25 08:13:00,P02,M,1.0,55.0,,cash
nimman,NM-002326,2,2026-03-25 08:13:00,P12,,1.0,55.0,,cash
nimman,NM-002327,1,2026-03-25 08:26:00,P07,M,3.0,55.0,M0296,card
nimman,NM-002328,1,2026-03-25 08:42:00,P06,M,1.0,75.0,M0027,cash
nimman,NM-002329,1,2026-03-25 08:52:00,P04,L,1.0,75.0,,cash
nimman,NM-002329,2,2026-03-25 08:52:00,P13,,1.0,50.0,,cash
nimman,NM-002330,1,2026-03-25 08:57:00,P06,M,1.0,75.0,M0198,qr
nimman,NM-002330,2,2026-03-25 08:57:00,P07,M,1.0,55.0,M0198,qr
nimman,NM-002331,1,2026-03-25 09:05:00,P02,M,2.0,55.0,M0502,card
nimman,NM-002331,2,2026-03-25 09:05:00,P12,,1.0,55.0,M0502,card
nimman,NM-002332,1,2026-03-25 09:10:00,P07,M,1.0,55.0,M0171,qr
nimman,NM-002333,1,2026-03-25 09:13:00,P07,L,1.0,65.0,M0736,qr
nimman,NM-002333,2,2026-03-25 09:13:00,P13,,1.0,50.0,M0736,qr
nimman,NM-002334,1,2026-03-25 09:26:00,P02,M,1.0,55.0,,cash
nimman,NM-002335,1,2026-03-25 09:29:00,P02,M,1.0,55.0,,cash
nimman,NM-002335,2,2026-03-25 09:29:00,P12,,1.0,55.0,,cash
nimman,NM-002336,1,2026-03-25 09:31:00,P03,S,1.0,55.0,M0553,qr
nimman,NM-002337,1,2026-03-25 09:37:00,P06,M,2.0,75.0,,qr
nimman,NM-002338,1,2026-03-25 10:11:00,P08,M,1.0,70.0,M0094,card
nimman,NM-002339,1,2026-03-25 10:58:00,P03,L,2.0,75.0,,cash
nimman,NM-002339,2,2026-03-25 10:58:00,P14,,1.0,85.0,,cash
nimman,NM-002340,1,2026-03-25 12:58:00,P14,,1.0,85.0,,qr
nimman,NM-002341,1,2026-03-25 13:09:00,P12,,1.0,55.0,M0463,cash
nimman,NM-002342,1,2026-03-25 13:49:00,P13,,1.0,50.0,,qr
nimman,NM-002343,1,2026-03-25 14:40:00,P12,,1.0,55.0,M0566,cash
nimman,NM-002344,1,2026-03-25 14:51:00,P02,S,1.0,45.0,,cash
nimman,NM-002344,2,2026-03-25 14:51:00,P12,,1.0,55.0,,cash
nimman,NM-002345,1,2026-03-25 14:54:00,P10,M,1.0,60.0,,qr
nimman,NM-002345,2,2026-03-25 14:54:00,P03,M,1.0,65.0,,qr
nimman,NM-002346,1,2026-03-25 16:14:00,P08,M,1.0,70.0,M0415,card
nimman,NM-002347,1,2026-03-25 17:01:00,P07,M,1.0,55.0,,qr
nimman,NM-002347,2,2026-03-25 17:01:00,P13,,1.0,50.0,,qr
nimman,NM-002348,1,2026-03-25 17:17:00,P10,S,1.0,50.0,,cash
nimman,NM-002349,1,2026-03-25 17:48:00,P07,S,2.0,45.0,M0001,qr
nimman,NM-002349,2,2026-03-25 17:48:00,P13,,1.0,50.0,M0001,qr
nimman,NM-002350,1,2026-03-25 19:22:00,P01,L,1.0,65.0,,qr
nimman,NM-002351,1,2026-03-25 19:39:00,P03,M,1.0,65.0,M0236,qr
nimman,NM-002351,2,2026-03-25 19:39:00,P14,,1.0,85.0,M0236,qr
nimman,NM-002351,3,2026-03-25 19:39:00,P12,,1.0,55.0,M0236,qr
nimman,NM-002352,1,2026-03-26 07:34:00,P11,M,1.0,60.0,,qr
nimman,NM-002352,2,2026-03-26 07:34:00,P12,,1.0,55.0,,qr
nimman,NM-002353,1,2026-03-26 08:11:00,P04,M,1.0,65.0,,card
nimman,NM-002354,1,2026-03-26 09:07:00,P02,S,1.0,45.0,,cash
nimman,NM-002354,2,2026-03-26 09:07:00,P12,,1.0,55.0,,cash
nimman,NM-002355,1,2026-03-26 09:16:00,P03,M,1.0,65.0,,cash
nimman,NM-002356,1,2026-03-26 09:16:00,P01,M,2.0,55.0,,card
nimman,NM-002356,2,2026-03-26 09:16:00,P15,,1.0,75.0,,card
nimman,NM-002357,1,2026-03-26 09:42:00,P02,M,1.0,55.0,,card
nimman,NM-002358,1,2026-03-26 10:11:00,P03,L,2.0,75.0,,cash
nimman,NM-002358,2,2026-03-26 10:11:00,P14,,1.0,85.0,,cash
nimman,NM-002358,3,2026-03-26 10:11:00,P12,,1.0,55.0,,cash
nimman,NM-002359,1,2026-03-26 10:13:00,P03,M,1.0,65.0,,cash
nimman,NM-002359,2,2026-03-26 10:13:00,P15,,1.0,75.0,,cash
nimman,NM-002360,1,2026-03-26 10:39:00,P03,M,1.0,65.0,M0596,cash
nimman,NM-002360,2,2026-03-26 10:39:00,P14,,1.0,85.0,M0596,cash
nimman,NM-002361,1,2026-03-26 11:34:00,P12,,1.0,55.0,,qr
nimman,NM-002362,1,2026-03-26 11:48:00,P12,,3.0,55.0,,qr
nimman,NM-002363,1,2026-03-26 14:39:00,P10,L,1.0,70.0,M0144,card
nimman,NM-002363,2,2026-03-26 14:39:00,P15,,1.0,75.0,M0144,card
nimman,NM-002364,1,2026-03-26 14:52:00,P09,S,1.0,40.0,M0618,cash
nimman,NM-002365,1,2026-03-26 15:39:00,P11,S,1.0,50.0,,qr
nimman,NM-002366,1,2026-03-26 16:14:00,P07,S,1.0,45.0,,cash
nimman,NM-002366,2,2026-03-26 16:14:00,P13,,1.0,50.0,,cash
nimman,NM-002367,1,2026-03-26 16:42:00,P02,M,1.0,55.0,,qr
nimman,NM-002368,1,2026-03-26 16:44:00,P04,M,1.0,65.0,M0704,cash
nimman,NM-002369,1,2026-03-26 17:52:00,P10,M,1.0,60.0,,card
nimman,NM-002370,1,2026-03-26 18:51:00,P11,L,1.0,70.0,,cash
nimman,NM-002371,1,2026-03-27 08:23:00,P04,M,1.0,65.0,,qr
nimman,NM-002371,2,2026-03-27 08:23:00,P12,,1.0,55.0,,qr
nimman,NM-002372,1,2026-03-27 08:37:00,P11,L,2.0,70.0,,qr
nimman,NM-002372,2,2026-03-27 08:37:00,P02,M,1.0,55.0,,qr
nimman,NM-002373,1,2026-03-27 08:39:00,P01,M,1.0,55.0,,card
nimman,NM-002373,2,2026-03-27 08:39:00,P15,,1.0,75.0,,card
nimman,NM-002374,1,2026-03-27 08:46:00,P08,S,1.0,60.0,M0470,cash
nimman,NM-002375,1,2026-03-27 09:06:00,P01,M,1.0,55.0,M0123,card
nimman,NM-002376,1,2026-03-27 09:09:00,P11,L,1.0,70.0,,qr
nimman,NM-002377,1,2026-03-27 09:41:00,P04,M,2.0,65.0,,card
nimman,NM-002378,1,2026-03-27 09:43:00,P02,L,1.0,65.0,,card
nimman,NM-002378,2,2026-03-27 09:43:00,P12,,1.0,55.0,,card
nimman,NM-002379,1,2026-03-27 09:46:00,P07,M,1.0,55.0,,card
nimman,NM-002379,2,2026-03-27 09:46:00,P14,,1.0,85.0,,card
nimman,NM-002380,1,2026-03-27 09:57:00,P07,M,31.0,55.0,,card
nimman,NM-002381,1,2026-03-27 10:11:00,P05,S,2.0,60.0,M0644,qr
nimman,NM-002382,1,2026-03-27 10:41:00,P07,L,1.0,65.0,,cash
nimman,NM-002383,1,2026-03-27 11:35:00,P13,,2.0,50.0,,cash
nimman,NM-002384,1,2026-03-27 11:53:00,P03,M,1.0,65.0,,qr
nimman,NM-002385,1,2026-03-27 12:17:00,P09,S,2.0,40.0,M0652,qr
nimman,NM-002386,1,2026-03-27 13:01:00,P04,M,1.0,65.0,,cash
nimman,NM-002387,1,2026-03-27 13:48:00,P03,S,1.0,55.0,,qr
nimman,NM-002387,2,2026-03-27 13:48:00,P14,,1.0,85.0,,qr
nimman,NM-002388,1,2026-03-27 14:35:00,P07,M,1.0,55.0,,card
nimman,NM-002389,1,2026-03-27 14:54:00,P02,M,1.0,55.0,M0406,cash
nimman,NM-002390,1,2026-03-27 14:56:00,P10,S,3.0,50.0,,card
nimman,NM-002391,1,2026-03-27 15:16:00,P07,S,1.0,45.0,M0375,qr
nimman,NM-002391,2,2026-03-27 15:16:00,P13,,1.0,50.0,M0375,qr
nimman,NM-002392,1,2026-03-27 15:55:00,P03,M,3.0,65.0,,qr
nimman,NM-002392,2,2026-03-27 15:55:00,P14,,1.0,85.0,,qr
nimman,NM-002393,1,2026-03-27 16:01:00,P09,M,1.0,50.0,M0020,qr
nimman,NM-002393,2,2026-03-27 16:01:00,P13,,1.0,50.0,M0020,qr
nimman,NM-002394,1,2026-03-27 16:41:00,P03,S,3.0,55.0,M0073,qr
nimman,NM-002394,2,2026-03-27 16:41:00,P12,,1.0,55.0,M0073,qr
nimman,NM-002395,1,2026-03-27 17:05:00,P09,S,1.0,40.0,,qr
nimman,NM-002396,1,2026-03-27 18:15:00,P07,L,1.0,65.0,,qr
nimman,NM-002396,2,2026-03-27 18:15:00,P13,,1.0,50.0,,qr
nimman,NM-002397,1,2026-03-27 19:08:00,P12,,1.0,55.0,M0060,qr
nimman,NM-002398,1,2026-03-28 07:03:00,P02,S,1.0,45.0,M0198,qr
nimman,NM-002399,1,2026-03-28 07:17:00,P08,M,1.0,70.0,M0217,qr
nimman,NM-002400,1,2026-03-28 07:17:00,P10,M,1.0,60.0,,qr
nimman,NM-002401,1,2026-03-28 07:52:00,P03,L,3.0,75.0,M0490,qr
nimman,NM-002401,2,2026-03-28 07:52:00,P14,,1.0,85.0,M0490,qr
nimman,NM-002402,1,2026-03-28 08:05:00,P04,L,1.0,75.0,M0075,card
nimman,NM-002403,1,2026-03-28 08:38:00,P06,M,1.0,75.0,M0708,qr
nimman,NM-002404,1,2026-03-28 09:11:00,P02,M,1.0,55.0,,qr
nimman,NM-002405,1,2026-03-28 09:34:00,P09,M,2.0,50.0,M0781,cash
nimman,NM-002406,1,2026-03-28 09:36:00,P14,,1.0,85.0,,qr
nimman,NM-002407,1,2026-03-28 09:36:00,P03,M,1.0,65.0,,qr
nimman,NM-002407,2,2026-03-28 09:36:00,P14,,1.0,85.0,,qr
nimman,NM-002408,1,2026-03-28 09:45:00,P02,M,2.0,55.0,M0642,qr
nimman,NM-002409,1,2026-03-28 10:21:00,P06,M,1.0,75.0,M0350,qr
nimman,NM-002409,2,2026-03-28 10:21:00,P03,M,1.0,65.0,M0350,qr
nimman,NM-002410,1,2026-03-28 10:27:00,P03,L,1.0,75.0,,cash
nimman,NM-002410,2,2026-03-28 10:27:00,P14,,1.0,85.0,,cash
nimman,NM-002411,1,2026-03-28 10:42:00,P02,M,1.0,55.0,M0531,qr
nimman,NM-002412,1,2026-03-28 11:19:00,P03,M,1.0,65.0,,card
nimman,NM-002412,2,2026-03-28 11:19:00,P13,,1.0,50.0,,card
nimman,NM-002413,1,2026-03-28 11:38:00,P06,M,2.0,75.0,M0586,cash
nimman,NM-002414,1,2026-03-28 12:19:00,P04,L,1.0,75.0,,qr
nimman,NM-002415,1,2026-03-28 12:26:00,P06,S,1.0,65.0,M0659,qr
nimman,NM-002416,1,2026-03-28 13:03:00,P08,L,1.0,80.0,,qr
nimman,NM-002417,1,2026-03-28 13:34:00,P13,,1.0,50.0,,qr
nimman,NM-002418,1,2026-03-28 13:40:00,P06,S,1.0,65.0,,qr
nimman,NM-002419,1,2026-03-28 13:54:00,P05,M,1.0,70.0,M0689,qr
nimman,NM-002420,1,2026-03-28 14:17:00,P13,,1.0,50.0,M0792,qr
nimman,NM-002421,1,2026-03-28 14:26:00,P01,M,1.0,55.0,,cash
nimman,NM-002421,2,2026-03-28 14:26:00,P15,,1.0,75.0,,cash
nimman,NM-002421,3,2026-03-28 14:26:00,P02,M,1.0,55.0,,cash
nimman,NM-002422,1,2026-03-28 14:54:00,P08,M,1.0,70.0,M0662,card
nimman,NM-002422,2,2026-03-28 14:54:00,P12,,1.0,55.0,M0662,card
nimman,NM-002423,1,2026-03-28 15:04:00,P05,S,1.0,60.0,M0171,qr
nimman,NM-002424,1,2026-03-28 15:29:00,P08,S,1.0,60.0,,qr
nimman,NM-002425,1,2026-03-28 16:12:00,P07,M,1.0,55.0,,card
nimman,NM-002425,2,2026-03-28 16:12:00,P13,,1.0,50.0,,card
nimman,NM-002426,1,2026-03-28 16:35:00,P08,S,1.0,60.0,,cash
nimman,NM-002427,1,2026-03-28 16:36:00,P03,M,1.0,65.0,,cash
nimman,NM-002428,1,2026-03-28 16:56:00,P13,,1.0,50.0,M0689,cash
nimman,NM-002429,1,2026-03-28 18:09:00,P10,M,1.0,60.0,,qr
nimman,NM-002429,2,2026-03-28 18:09:00,P15,,1.0,75.0,,qr
nimman,NM-002430,1,2026-03-28 18:40:00,P01,S,1.0,45.0,,qr
nimman,NM-002430,2,2026-03-28 18:40:00,P15,,1.0,75.0,,qr
nimman,NM-002431,1,2026-03-28 19:05:00,P12,,2.0,55.0,M0392,card
nimman,NM-002432,1,2026-03-29 07:47:00,P04,M,1.0,65.0,,qr
nimman,NM-002433,1,2026-03-29 07:53:00,P08,L,1.0,80.0,,qr
nimman,NM-002433,2,2026-03-29 07:53:00,P15,,1.0,75.0,,qr
nimman,NM-002434,1,2026-03-29 08:05:00,P03,S,2.0,55.0,,cash
nimman,NM-002434,2,2026-03-29 08:05:00,P14,,1.0,85.0,,cash
nimman,NM-002435,1,2026-03-29 08:28:00,P05,M,2.0,70.0,,cash
nimman,NM-002436,1,2026-03-29 08:55:00,P11,M,1.0,60.0,,cash
nimman,NM-002437,1,2026-03-29 09:00:00,P02,M,1.0,55.0,M0498,qr
nimman,NM-002437,2,2026-03-29 09:00:00,P12,,1.0,55.0,M0498,qr
nimman,NM-002438,1,2026-03-29 09:33:00,P07,M,1.0,55.0,,qr
nimman,NM-002439,1,2026-03-29 09:42:00,P05,M,1.0,70.0,M0407,qr
nimman,NM-002440,1,2026-03-29 09:49:00,P06,S,3.0,65.0,,cash
nimman,NM-002440,2,2026-03-29 09:49:00,P03,S,1.0,55.0,,cash
nimman,NM-002441,1,2026-03-29 09:49:00,P10,M,1.0,60.0,,qr
nimman,NM-002442,1,2026-03-29 10:03:00,P14,,1.0,85.0,M0731,qr
nimman,NM-002443,1,2026-03-29 10:14:00,P10,M,1.0,60.0,M0156,qr
nimman,NM-002444,1,2026-03-29 10:15:00,P04,L,1.0,75.0,M0198,qr
nimman,NM-002445,1,2026-03-29 10:17:00,P07,M,1.0,55.0,,qr
nimman,NM-002445,2,2026-03-29 10:17:00,P13,,1.0,50.0,,qr
nimman,NM-002446,1,2026-03-29 10:38:00,P03,L,2.0,75.0,M0623,qr
nimman,NM-002446,2,2026-03-29 10:38:00,P14,,1.0,85.0,M0623,qr
nimman,NM-002447,1,2026-03-29 10:41:00,P12,,1.0,55.0,,qr
nimman,NM-002447,2,2026-03-29 10:41:00,P02,M,1.0,55.0,,qr
nimman,NM-002448,1,2026-03-29 11:12:00,P01,L,3.0,65.0,,qr
nimman,NM-002448,2,2026-03-29 11:12:00,P15,,1.0,75.0,,qr
nimman,NM-002449,1,2026-03-29 11:15:00,P08,L,1.0,80.0,M0353,qr
nimman,NM-002450,1,2026-03-29 11:47:00,P12,,1.0,55.0,,cash
nimman,NM-002450,2,2026-03-29 11:47:00,P08,S,1.0,60.0,,cash
nimman,NM-002451,1,2026-03-29 12:08:00,P15,,2.0,75.0,,qr
nimman,NM-002452,1,2026-03-29 12:21:00,P08,S,1.0,60.0,,cash
nimman,NM-002452,2,2026-03-29 12:21:00,P14,,1.0,85.0,,cash
nimman,NM-002453,1,2026-03-29 12:23:00,P02,L,1.0,65.0,,cash
nimman,NM-002453,2,2026-03-29 12:23:00,P12,,1.0,55.0,,cash
nimman,NM-002453,3,2026-03-29 12:23:00,P08,M,1.0,70.0,,cash
nimman,NM-002454,1,2026-03-29 13:06:00,P03,L,1.0,75.0,,card
nimman,NM-002455,1,2026-03-29 13:38:00,P11,M,1.0,60.0,M0416,qr
nimman,NM-002455,2,2026-03-29 13:38:00,P12,,1.0,55.0,M0416,qr
nimman,NM-002456,1,2026-03-29 13:41:00,P08,M,1.0,70.0,,qr
nimman,NM-002457,1,2026-03-29 13:42:00,P09,S,1.0,40.0,M0605,qr
nimman,NM-002458,1,2026-03-29 13:48:00,P12,,1.0,55.0,M0468,cash
nimman,NM-002459,1,2026-03-29 13:52:00,P04,L,1.0,75.0,,qr
nimman,NM-002460,1,2026-03-29 14:06:00,P06,S,1.0,65.0,,qr
nimman,NM-002461,1,2026-03-29 14:07:00,P06,M,1.0,75.0,,card
nimman,NM-002462,1,2026-03-29 15:01:00,P03,M,2.0,65.0,,card
nimman,NM-002463,1,2026-03-29 15:06:00,P03,M,1.0,65.0,,cash
nimman,NM-002463,2,2026-03-29 15:06:00,P14,,1.0,85.0,,cash
nimman,NM-002464,1,2026-03-29 15:32:00,P03,S,3.0,55.0,,card
nimman,NM-002464,2,2026-03-29 15:32:00,P14,,1.0,85.0,,card
nimman,NM-002464,3,2026-03-29 15:32:00,P13,,1.0,50.0,,card
nimman,NM-002465,1,2026-03-29 15:59:00,P13,,2.0,50.0,M0089,qr
nimman,NM-002466,1,2026-03-29 16:03:00,P09,M,1.0,50.0,,qr
nimman,NM-002467,1,2026-03-29 16:13:00,P03,S,1.0,55.0,,cash
nimman,NM-002467,2,2026-03-29 16:13:00,P06,M,1.0,75.0,,cash
nimman,NM-002468,1,2026-03-29 16:43:00,P14,,1.0,85.0,,qr
nimman,NM-002469,1,2026-03-29 16:46:00,P04,M,1.0,65.0,M0107,cash
nimman,NM-002469,2,2026-03-29 16:46:00,P11,L,1.0,70.0,M0107,cash
nimman,NM-002470,1,2026-03-29 17:43:00,P12,,1.0,55.0,,qr
nimman,NM-002471,1,2026-03-29 18:27:00,P06,L,1.0,85.0,,card
nimman,NM-002472,1,2026-03-29 18:54:00,P14,,1.0,85.0,,cash
nimman,NM-002473,1,2026-03-29 19:23:00,P13,,1.0,50.0,,qr
nimman,NM-002473,2,2026-03-29 19:23:00,P11,L,1.0,70.0,,qr
nimman,NM-002474,1,2026-03-30 07:03:00,P06,L,1.0,85.0,M0232,cash
nimman,NM-002474,2,2026-03-30 07:03:00,P14,,1.0,85.0,M0232,cash
nimman,NM-002475,1,2026-03-30 07:05:00,P03,M,1.0,65.0,,card
nimman,NM-002476,1,2026-03-30 08:49:00,P06,L,1.0,85.0,M0521,qr
nimman,NM-002477,1,2026-03-30 08:53:00,P07,S,1.0,45.0,,qr
nimman,NM-002477,2,2026-03-30 08:53:00,P15,,1.0,75.0,,qr
nimman,NM-002477,3,2026-03-30 08:53:00,P06,L,1.0,85.0,,qr
nimman,NM-002478,1,2026-03-30 09:01:00,P05,M,1.0,70.0,M0289,qr
nimman,NM-002479,1,2026-03-30 09:02:00,P02,S,1.0,45.0,,qr
nimman,NM-002479,2,2026-03-30 09:02:00,P12,,1.0,55.0,,qr
nimman,NM-002479,3,2026-03-30 09:02:00,P06,M,1.0,75.0,,qr
nimman,NM-002480,1,2026-03-30 09:10:00,P08,S,1.0,60.0,M0356,cash
nimman,NM-002481,1,2026-03-30 09:20:00,P02,L,1.0,65.0,,qr
nimman,NM-002482,1,2026-03-30 09:36:00,P04,S,1.0,55.0,,qr
nimman,NM-002483,1,2026-03-30 10:01:00,P11,M,1.0,60.0,M0331,qr
nimman,NM-002484,1,2026-03-30 10:20:00,P10,L,1.0,70.0,,qr
nimman,NM-002485,1,2026-03-30 10:26:00,P14,,1.0,85.0,M0235,card
nimman,NM-002486,1,2026-03-30 10:33:00,P05,S,1.0,60.0,M0775,qr
nimman,NM-002487,1,2026-03-30 11:02:00,P04,L,1.0,75.0,M0275,cash
nimman,NM-002488,1,2026-03-30 11:03:00,P04,L,1.0,75.0,,card
nimman,NM-002489,1,2026-03-30 11:28:00,P02,M,1.0,55.0,,qr
nimman,NM-002490,1,2026-03-30 11:44:00,P06,M,1.0,75.0,M0382,card
nimman,NM-002491,1,2026-03-30 13:19:00,P14,,1.0,85.0,M0480,card
nimman,NM-002492,1,2026-03-30 13:37:00,P14,,1.0,85.0,M0358,cash
nimman,NM-002493,1,2026-03-30 14:04:00,P07,M,1.0,55.0,,cash
nimman,NM-002493,2,2026-03-30 14:04:00,P13,,1.0,50.0,,cash
nimman,NM-002494,1,2026-03-30 14:28:00,P11,M,1.0,60.0,,qr
nimman,NM-002495,1,2026-03-30 14:48:00,P13,,1.0,50.0,M0434,qr
nimman,NM-002496,1,2026-03-30 14:55:00,P10,M,2.0,60.0,,cash
nimman,NM-002497,1,2026-03-30 16:12:00,P14,,1.0,85.0,,cash
nimman,NM-002498,1,2026-03-30 16:54:00,P13,,2.0,50.0,M0782,qr
nimman,NM-002499,1,2026-03-30 17:59:00,P08,L,3.0,80.0,,cash
nimman,NM-002499,2,2026-03-30 17:59:00,P12,,1.0,55.0,,cash
nimman,NM-002500,1,2026-03-30 18:22:00,P02,L,1.0,65.0,M0072,qr
nimman,NM-002501,1,2026-03-30 18:37:00,P08,M,3.0,70.0,M0634,qr
nimman,NM-002502,1,2026-03-30 19:28:00,P02,M,1.0,55.0,M0636,qr
nimman,NM-002502,2,2026-03-30 19:28:00,P12,,1.0,55.0,M0636,qr
nimman,NM-002502,3,2026-03-30 19:28:00,P09,M,1.0,50.0,M0636,qr
nimman,NM-002503,1,2026-03-31 07:04:00,P08,L,1.0,80.0,M0275,cash
nimman,NM-002503,2,2026-03-31 07:04:00,P13,,1.0,50.0,M0275,cash
nimman,NM-002504,1,2026-03-31 07:51:00,P07,S,1.0,45.0,,qr
nimman,NM-002504,2,2026-03-31 07:51:00,P13,,1.0,50.0,,qr
nimman,NM-002505,1,2026-03-31 08:18:00,P04,L,1.0,75.0,,qr
nimman,NM-002506,1,2026-03-31 08:37:00,P03,M,33.0,65.0,,card
nimman,NM-002507,1,2026-03-31 08:41:00,P02,M,1.0,55.0,,qr
nimman,NM-002507,2,2026-03-31 08:41:00,P12,,1.0,55.0,,qr
nimman,NM-002508,1,2026-03-31 08:54:00,P03,S,1.0,55.0,M0360,cash
nimman,NM-002508,2,2026-03-31 08:54:00,P14,,1.0,85.0,M0360,cash
nimman,NM-002508,3,2026-03-31 08:54:00,P09,S,1.0,40.0,M0360,cash
nimman,NM-002509,1,2026-03-31 09:01:00,P10,S,1.0,50.0,,card
nimman,NM-002510,1,2026-03-31 09:14:00,P04,S,1.0,55.0,M0315,cash
nimman,NM-002511,1,2026-03-31 09:38:00,P01,M,1.0,55.0,M0781,qr
nimman,NM-002511,2,2026-03-31 09:38:00,P15,,1.0,75.0,M0781,qr
nimman,NM-002512,1,2026-03-31 10:15:00,P12,,2.0,55.0,,qr
nimman,NM-002513,1,2026-03-31 10:27:00,P02,L,1.0,65.0,,card
nimman,NM-002514,1,2026-03-31 10:59:00,P02,S,1.0,45.0,,cash
nimman,NM-002514,2,2026-03-31 10:59:00,P12,,1.0,55.0,,cash
nimman,NM-002515,1,2026-03-31 11:06:00,P01,S,1.0,45.0,,card
nimman,NM-002516,1,2026-03-31 11:11:00,P06,M,2.0,75.0,M0800,qr
nimman,NM-002517,1,2026-03-31 11:30:00,P08,M,1.0,70.0,,qr
nimman,NM-002518,1,2026-03-31 11:47:00,P12,,1.0,55.0,M0081,card
nimman,NM-002519,1,2026-03-31 11:51:00,P13,,2.0,50.0,M0793,qr
nimman,NM-002520,1,2026-03-31 11:57:00,P07,M,1.0,55.0,M0706,qr
nimman,NM-002521,1,2026-03-31 12:03:00,P12,,1.0,55.0,,qr
nimman,NM-002521,2,2026-03-31 12:03:00,P07,M,1.0,55.0,,qr
nimman,NM-002522,1,2026-03-31 12:05:00,P12,,1.0,55.0,,qr
nimman,NM-002523,1,2026-03-31 12:10:00,P09,M,1.0,50.0,M0786,qr
nimman,NM-002524,1,2026-03-31 12:41:00,P10,S,2.0,50.0,,qr
nimman,NM-002524,2,2026-03-31 12:41:00,P14,,1.0,85.0,,qr
nimman,NM-002525,1,2026-03-31 12:55:00,P03,L,1.0,75.0,,card
nimman,NM-002525,2,2026-03-31 12:55:00,P14,,1.0,85.0,,card
nimman,NM-002526,1,2026-03-31 13:57:00,P06,L,1.0,85.0,,cash
nimman,NM-002527,1,2026-03-31 14:00:00,P09,M,3.0,50.0,,qr
nimman,NM-002528,1,2026-03-31 14:22:00,P05,L,1.0,80.0,M0533,cash
nimman,NM-002528,2,2026-03-31 14:22:00,P10,S,1.0,50.0,M0533,cash
nimman,NM-002529,1,2026-03-31 15:14:00,P09,M,1.0,50.0,,qr
nimman,NM-002530,1,2026-03-31 16:15:00,P12,,1.0,55.0,M0767,card
nimman,NM-002530,2,2026-03-31 16:15:00,P07,M,1.0,55.0,M0767,card
nimman,NM-002531,1,2026-03-31 16:50:00,P04,M,1.0,65.0,M0166,cash
nimman,NM-002532,1,2026-03-31 17:39:00,P07,L,1.0,65.0,,qr
nimman,NM-002532,2,2026-03-31 17:39:00,P13,,1.0,50.0,,qr
nimman,NM-002533,1,2026-03-31 17:46:00,P03,L,1.0,75.0,M0624,card
nimman,NM-002533,2,2026-03-31 17:46:00,P14,,1.0,85.0,M0624,card
nimman,NM-002534,1,2026-03-31 18:43:00,P04,M,1.0,65.0,M0797,cash
nimman,NM-002535,1,2026-03-31 19:09:00,P06,M,3.0,75.0,,qr
nimman,NM-002536,1,2026-03-31 19:11:00,P07,L,1.0,65.0,M0327,cash
nimman,NM-002536,2,2026-03-31 19:11:00,P13,,1.0,50.0,M0327,cash
nimman,NM-002537,1,2026-03-31 19:21:00,P09,M,1.0,50.0,,qr
nimman,NM-002538,1,2026-03-31 19:22:00,P07,L,1.0,65.0,,qr
nimman,NM-002539,1,2026-04-01 08:05:00,P07,M,1.0,55.0,,card
nimman,NM-002539,2,2026-04-01 08:05:00,P13,,1.0,50.0,,card
nimman,NM-002540,1,2026-04-01 08:15:00,P05,L,2.0,80.0,M0168,qr
nimman,NM-002541,1,2026-04-01 08:58:00,P04,M,1.0,65.0,M0454,card
nimman,NM-002541,2,2026-04-01 08:58:00,P14,,1.0,85.0,M0454,card
nimman,NM-002542,1,2026-04-01 09:05:00,P14,,1.0,85.0,M0318,qr
nimman,NM-002543,1,2026-04-01 09:10:00,P04,M,1.0,65.0,M0796,qr
nimman,NM-002544,1,2026-04-01 10:18:00,P14,,1.0,85.0,,qr
nimman,NM-002545,1,2026-04-01 10:18:00,P04,S,1.0,55.0,,qr
nimman,NM-002545,2,2026-04-01 10:18:00,P12,,1.0,55.0,,qr
nimman,NM-002546,1,2026-04-01 10:29:00,P03,M,1.0,65.0,M0610,cash
nimman,NM-002547,1,2026-04-01 11:38:00,P11,M,2.0,60.0,M0372,card
nimman,NM-002547,2,2026-04-01 11:38:00,P15,,1.0,75.0,M0372,card
nimman,NM-002548,1,2026-04-01 12:44:00,P12,,1.0,55.0,,cash
nimman,NM-002549,1,2026-04-01 13:00:00,P08,M,2.0,70.0,M0342,qr
nimman,NM-002550,1,2026-04-01 13:15:00,P05,M,1.0,70.0,M0553,card
nimman,NM-002550,2,2026-04-01 13:15:00,P14,,1.0,85.0,M0553,card
nimman,NM-002551,1,2026-04-01 13:15:00,P02,L,1.0,65.0,M0011,cash
nimman,NM-002551,2,2026-04-01 13:15:00,P12,,1.0,55.0,M0011,cash
nimman,NM-002552,1,2026-04-01 13:54:00,P06,M,2.0,75.0,,card
nimman,NM-002553,1,2026-04-01 14:05:00,P06,L,2.0,85.0,,qr
nimman,NM-002553,2,2026-04-01 14:05:00,P14,,1.0,85.0,,qr
nimman,NM-002554,1,2026-04-01 14:42:00,P14,,1.0,85.0,M0641,qr
nimman,NM-002554,2,2026-04-01 14:42:00,P15,,1.0,75.0,M0641,qr
nimman,NM-002555,1,2026-04-01 15:04:00,P10,S,1.0,50.0,,qr
nimman,NM-002556,1,2026-04-01 15:19:00,P07,M,1.0,55.0,,cash
nimman,NM-002557,1,2026-04-01 15:36:00,P10,L,1.0,70.0,,cash
nimman,NM-002558,1,2026-04-01 16:43:00,P02,M,1.0,55.0,,card
nimman,NM-002558,2,2026-04-01 16:43:00,P12,,1.0,55.0,,card
nimman,NM-002559,1,2026-04-01 17:09:00,P08,L,1.0,80.0,M0287,qr
nimman,NM-002560,1,2026-04-01 17:17:00,P12,,2.0,55.0,M0074,cash
nimman,NM-002561,1,2026-04-01 17:20:00,P04,L,2.0,75.0,M0325,cash
nimman,NM-002562,1,2026-04-01 17:45:00,P11,M,1.0,60.0,,qr
nimman,NM-002562,2,2026-04-01 17:45:00,P06,S,1.0,65.0,,qr
nimman,NM-002563,1,2026-04-01 17:54:00,P07,M,1.0,55.0,M0273,qr
nimman,NM-002563,2,2026-04-01 17:54:00,P13,,1.0,50.0,M0273,qr
nimman,NM-002564,1,2026-04-01 18:01:00,P11,L,1.0,70.0,,cash
nimman,NM-002564,2,2026-04-01 18:01:00,P02,M,1.0,55.0,,cash
nimman,NM-002565,1,2026-04-01 18:02:00,P07,L,1.0,65.0,M0031,qr
nimman,NM-002566,1,2026-04-02 07:57:00,P01,L,2.0,65.0,,qr
nimman,NM-002566,2,2026-04-02 07:57:00,P13,,1.0,50.0,,qr
nimman,NM-002567,1,2026-04-02 08:32:00,P03,M,39.0,65.0,,card
nimman,NM-002568,1,2026-04-02 08:38:00,P15,,3.0,75.0,,qr
nimman,NM-002569,1,2026-04-02 08:51:00,P15,,1.0,75.0,M0313,cash
nimman,NM-002570,1,2026-04-02 09:17:00,P03,M,1.0,65.0,M0264,cash
nimman,NM-002571,1,2026-04-02 09:19:00,P15,,1.0,75.0,,qr
nimman,NM-002572,1,2026-04-02 09:30:00,P02,M,1.0,55.0,M0097,card
nimman,NM-002573,1,2026-04-02 11:12:00,P06,L,2.0,85.0,,qr
nimman,NM-002574,1,2026-04-02 11:18:00,P03,M,1.0,65.0,,qr
nimman,NM-002574,2,2026-04-02 11:18:00,P14,,1.0,85.0,,qr
nimman,NM-002574,3,2026-04-02 11:18:00,P06,M,1.0,75.0,,qr
nimman,NM-002575,1,2026-04-02 11:57:00,P01,L,3.0,65.0,,qr
nimman,NM-002575,2,2026-04-02 11:57:00,P15,,1.0,75.0,,qr
nimman,NM-002576,1,2026-04-02 13:21:00,P15,,2.0,75.0,,card
nimman,NM-002577,1,2026-04-02 13:23:00,P09,M,1.0,50.0,M0315,qr
nimman,NM-002578,1,2026-04-02 13:31:00,P15,,1.0,75.0,,cash
nimman,NM-002579,1,2026-04-02 14:00:00,P03,M,3.0,65.0,,qr
nimman,NM-002580,1,2026-04-02 14:12:00,P07,M,1.0,55.0,M0115,qr
nimman,NM-002581,1,2026-04-02 15:23:00,P09,S,1.0,40.0,,card
nimman,NM-002582,1,2026-04-02 15:34:00,P08,M,1.0,70.0,M0033,qr
nimman,NM-002583,1,2026-04-02 16:12:00,P10,M,1.0,60.0,M0462,card
nimman,NM-002584,1,2026-04-02 16:25:00,P03,S,1.0,55.0,,card
nimman,NM-002584,2,2026-04-02 16:25:00,P14,,1.0,85.0,,card
nimman,NM-002585,1,2026-04-02 17:31:00,P06,L,1.0,85.0,M0059,card
nimman,NM-002586,1,2026-04-02 19:24:00,P08,M,1.0,70.0,,card
nimman,NM-002587,1,2026-04-02 19:58:00,P07,M,2.0,55.0,,card
nimman,NM-002587,2,2026-04-02 19:58:00,P13,,1.0,50.0,,card
nimman,NM-002588,1,2026-04-03 07:14:00,P09,M,1.0,50.0,M0095,card
nimman,NM-002589,1,2026-04-03 07:31:00,P03,M,2.0,65.0,,qr
nimman,NM-002589,2,2026-04-03 07:31:00,P14,,1.0,85.0,,qr
nimman,NM-002590,1,2026-04-03 08:18:00,P02,M,1.0,55.0,,qr
nimman,NM-002590,2,2026-04-03 08:18:00,P14,,1.0,85.0,,qr
nimman,NM-002591,1,2026-04-03 08:52:00,P03,S,1.0,55.0,,qr
nimman,NM-002591,2,2026-04-03 08:52:00,P14,,1.0,85.0,,qr
nimman,NM-002592,1,2026-04-03 08:56:00,P05,M,3.0,70.0,,qr
nimman,NM-002592,2,2026-04-03 08:56:00,P13,,1.0,50.0,,qr
nimman,NM-002593,1,2026-04-03 09:27:00,P08,M,1.0,70.0,,qr
nimman,NM-002593,2,2026-04-03 09:27:00,P14,,1.0,85.0,,qr
nimman,NM-002594,1,2026-04-03 09:45:00,P02,M,1.0,55.0,,cash
nimman,NM-002594,2,2026-04-03 09:45:00,P12,,1.0,55.0,,cash
nimman,NM-002595,1,2026-04-03 10:15:00,P07,M,1.0,55.0,,qr
nimman,NM-002595,2,2026-04-03 10:15:00,P13,,1.0,50.0,,qr
nimman,NM-002596,1,2026-04-03 10:18:00,P01,L,2.0,65.0,,qr
nimman,NM-002597,1,2026-04-03 10:51:00,P04,M,2.0,65.0,,qr
nimman,NM-002598,1,2026-04-03 11:40:00,P07,M,1.0,55.0,,qr
nimman,NM-002598,2,2026-04-03 11:40:00,P13,,1.0,50.0,,qr
nimman,NM-002598,3,2026-04-03 11:40:00,P01,L,1.0,65.0,,qr
nimman,NM-002599,1,2026-04-03 11:52:00,P14,,1.0,85.0,M0282,qr
nimman,NM-002600,1,2026-04-03 11:55:00,P07,S,1.0,45.0,M0513,cash
nimman,NM-002600,2,2026-04-03 11:55:00,P13,,1.0,50.0,M0513,cash
nimman,NM-002601,1,2026-04-03 12:30:00,P02,S,2.0,45.0,,qr
nimman,NM-002601,2,2026-04-03 12:30:00,P12,,1.0,55.0,,qr
nimman,NM-002602,1,2026-04-03 13:13:00,P11,L,1.0,70.0,,card
nimman,NM-002602,2,2026-04-03 13:13:00,P02,L,1.0,65.0,,card
nimman,NM-002603,1,2026-04-03 13:33:00,P12,,2.0,55.0,,card
nimman,NM-002604,1,2026-04-03 13:39:00,P14,,1.0,85.0,M0546,qr
nimman,NM-002605,1,2026-04-03 14:01:00,P05,M,2.0,70.0,,cash
nimman,NM-002606,1,2026-04-03 14:32:00,P02,M,1.0,55.0,,qr
nimman,NM-002607,1,2026-04-03 14:42:00,P11,S,2.0,50.0,,cash
nimman,NM-002608,1,2026-04-03 15:08:00,P08,S,1.0,60.0,,qr
nimman,NM-002609,1,2026-04-03 15:30:00,P02,L,2.0,65.0,,cash
nimman,NM-002609,2,2026-04-03 15:30:00,P12,,1.0,55.0,,cash
nimman,NM-002610,1,2026-04-03 15:54:00,P15,,1.0,75.0,M0437,qr
nimman,NM-002611,1,2026-04-03 16:08:00,P10,M,1.0,60.0,M0284,qr
nimman,NM-002612,1,2026-04-03 16:21:00,P12,,1.0,55.0,,qr
nimman,NM-002612,2,2026-04-03 16:21:00,P03,M,1.0,65.0,,qr
nimman,NM-002613,1,2026-04-03 17:12:00,P01,M,1.0,55.0,M0236,qr
nimman,NM-002613,2,2026-04-03 17:12:00,P15,,1.0,75.0,M0236,qr
nimman,NM-002614,1,2026-04-04 07:48:00,P15,,2.0,75.0,,card
nimman,NM-002615,1,2026-04-04 08:14:00,P02,S,2.0,45.0,,qr
nimman,NM-002616,1,2026-04-04 08:42:00,P14,,1.0,85.0,,cash
nimman,NM-002617,1,2026-04-04 08:47:00,P12,,1.0,55.0,M0315,qr
nimman,NM-002618,1,2026-04-04 09:24:00,P02,L,1.0,65.0,M0436,card
nimman,NM-002619,1,2026-04-04 09:25:00,P15,,1.0,75.0,M0358,card
nimman,NM-002620,1,2026-04-04 09:54:00,P07,S,1.0,45.0,,qr
nimman,NM-002621,1,2026-04-04 10:17:00,P05,M,1.0,70.0,,cash
nimman,NM-002622,1,2026-04-04 10:38:00,P11,M,1.0,60.0,,card
nimman,NM-002623,1,2026-04-04 10:45:00,P01,M,1.0,55.0,,qr
nimman,NM-002623,2,2026-04-04 10:45:00,P15,,1.0,75.0,,qr
nimman,NM-002624,1,2026-04-04 10:51:00,P03,L,1.0,75.0,M0075,qr
nimman,NM-002624,2,2026-04-04 10:51:00,P14,,1.0,85.0,M0075,qr
nimman,NM-002625,1,2026-04-04 11:56:00,P02,M,1.0,55.0,M0328,qr
nimman,NM-002625,2,2026-04-04 11:56:00,P12,,1.0,55.0,M0328,qr
nimman,NM-002626,1,2026-04-04 11:59:00,P10,M,1.0,60.0,M0624,qr
nimman,NM-002627,1,2026-04-04 13:35:00,P07,S,2.0,45.0,,qr
nimman,NM-002627,2,2026-04-04 13:35:00,P14,,1.0,85.0,,qr
nimman,NM-002628,1,2026-04-04 13:52:00,P06,M,3.0,75.0,M0249,qr
nimman,NM-002629,1,2026-04-04 14:56:00,P12,,1.0,55.0,,card
nimman,NM-002630,1,2026-04-04 16:46:00,P05,S,1.0,60.0,M0709,qr
nimman,NM-002631,1,2026-04-04 17:18:00,P09,S,1.0,40.0,M0277,qr
nimman,NM-002631,2,2026-04-04 17:18:00,P13,,1.0,50.0,M0277,qr
nimman,NM-002631,3,2026-04-04 17:18:00,P02,M,1.0,55.0,M0277,qr
nimman,NM-002632,1,2026-04-04 17:36:00,P02,L,3.0,65.0,M0105,cash
nimman,NM-002632,2,2026-04-04 17:36:00,P12,,1.0,55.0,M0105,cash
nimman,NM-002633,1,2026-04-04 18:00:00,P08,M,1.0,70.0,,qr
nimman,NM-002634,1,2026-04-04 18:49:00,P01,S,2.0,45.0,,card
nimman,NM-002635,1,2026-04-04 19:24:00,P04,S,1.0,55.0,,cash
nimman,NM-002636,1,2026-04-05 07:31:00,P07,S,1.0,45.0,M0702,cash
nimman,NM-002637,1,2026-04-05 08:00:00,P12,,3.0,55.0,,qr
nimman,NM-002638,1,2026-04-05 08:04:00,P04,M,1.0,65.0,M0470,card
nimman,NM-002639,1,2026-04-05 08:20:00,P04,M,1.0,65.0,M0584,card
nimman,NM-002640,1,2026-04-05 08:21:00,P06,M,1.0,75.0,,cash
nimman,NM-002641,1,2026-04-05 08:26:00,P05,L,1.0,80.0,,qr
nimman,NM-002641,2,2026-04-05 08:26:00,P15,,1.0,75.0,,qr
nimman,NM-002642,1,2026-04-05 08:30:00,P15,,1.0,75.0,,qr
nimman,NM-002643,1,2026-04-05 08:44:00,P08,M,1.0,70.0,,qr
nimman,NM-002644,1,2026-04-05 09:08:00,P02,L,1.0,65.0,,qr
nimman,NM-002645,1,2026-04-05 10:11:00,P06,M,1.0,75.0,M0744,cash
nimman,NM-002646,1,2026-04-05 10:40:00,P05,M,1.0,70.0,M0031,cash
nimman,NM-002647,1,2026-04-05 10:40:00,P06,M,1.0,75.0,,card
nimman,NM-002648,1,2026-04-05 11:16:00,P05,S,2.0,60.0,M0059,card
nimman,NM-002649,1,2026-04-05 11:30:00,P05,M,1.0,70.0,M0383,cash
nimman,NM-002649,2,2026-04-05 11:30:00,P15,,1.0,75.0,M0383,cash
nimman,NM-002650,1,2026-04-05 11:52:00,P07,M,2.0,55.0,M0201,cash
nimman,NM-002651,1,2026-04-05 11:59:00,P06,M,2.0,75.0,M0532,qr
nimman,NM-002652,1,2026-04-05 12:05:00,P15,,1.0,75.0,M0560,cash
nimman,NM-002653,1,2026-04-05 13:05:00,P05,M,2.0,70.0,,cash
nimman,NM-002654,1,2026-04-05 14:50:00,P15,,1.0,75.0,,qr
nimman,NM-002655,1,2026-04-05 14:54:00,P12,,1.0,55.0,,qr
nimman,NM-002655,2,2026-04-05 14:54:00,P04,M,1.0,65.0,,qr
nimman,NM-002656,1,2026-04-05 14:56:00,P08,L,2.0,80.0,,card
nimman,NM-002657,1,2026-04-05 15:11:00,P02,S,1.0,45.0,,card
nimman,NM-002657,2,2026-04-05 15:11:00,P12,,1.0,55.0,,card
nimman,NM-002658,1,2026-04-05 15:11:00,P03,S,1.0,55.0,,qr
nimman,NM-002659,1,2026-04-05 15:34:00,P08,M,1.0,70.0,M0409,qr
nimman,NM-002659,2,2026-04-05 15:34:00,P14,,1.0,85.0,M0409,qr
nimman,NM-002659,3,2026-04-05 15:34:00,P11,L,1.0,70.0,M0409,qr
nimman,NM-002660,1,2026-04-05 15:53:00,P15,,2.0,75.0,M0800,qr
nimman,NM-002661,1,2026-04-05 15:56:00,P03,M,1.0,65.0,,qr
nimman,NM-002661,2,2026-04-05 15:56:00,P14,,1.0,85.0,,qr
nimman,NM-002662,1,2026-04-05 16:19:00,P03,L,1.0,75.0,,cash
nimman,NM-002662,2,2026-04-05 16:19:00,P14,,1.0,85.0,,cash
nimman,NM-002663,1,2026-04-05 16:22:00,P02,M,1.0,55.0,M0686,qr
nimman,NM-002664,1,2026-04-05 16:39:00,P11,M,1.0,60.0,M0242,qr
nimman,NM-002665,1,2026-04-05 16:39:00,P14,,2.0,85.0,,qr
nimman,NM-002666,1,2026-04-05 16:41:00,P15,,1.0,75.0,,qr
nimman,NM-002667,1,2026-04-05 16:46:00,P06,M,1.0,75.0,,qr
nimman,NM-002667,2,2026-04-05 16:46:00,P10,M,1.0,60.0,,qr
nimman,NM-002668,1,2026-04-05 18:13:00,P03,S,2.0,55.0,M0264,qr
nimman,NM-002668,2,2026-04-05 18:13:00,P14,,1.0,85.0,M0264,qr
nimman,NM-002668,3,2026-04-05 18:13:00,P07,S,1.0,45.0,M0264,qr
nimman,NM-002669,1,2026-04-05 18:56:00,P10,S,1.0,50.0,M0350,card
nimman,NM-002669,2,2026-04-05 18:56:00,P15,,1.0,75.0,M0350,card
nimman,NM-002670,1,2026-04-06 07:03:00,P03,M,1.0,65.0,,cash
nimman,NM-002670,2,2026-04-06 07:03:00,P14,,1.0,85.0,,cash
nimman,NM-002671,1,2026-04-06 07:14:00,P15,,1.0,75.0,,cash
nimman,NM-002672,1,2026-04-06 07:56:00,P13,,1.0,50.0,,qr
nimman,NM-002673,1,2026-04-06 08:02:00,P02,L,1.0,65.0,M0233,card
nimman,NM-002673,2,2026-04-06 08:02:00,P12,,1.0,55.0,M0233,card
nimman,NM-002674,1,2026-04-06 09:26:00,P12,,3.0,55.0,,card
nimman,NM-002675,1,2026-04-06 09:29:00,P02,M,1.0,55.0,,qr
nimman,NM-002675,2,2026-04-06 09:29:00,P12,,1.0,55.0,,qr
nimman,NM-002675,3,2026-04-06 09:29:00,P03,M,1.0,65.0,,qr
nimman,NM-002676,1,2026-04-06 10:01:00,P03,L,2.0,75.0,M0056,qr
nimman,NM-002676,2,2026-04-06 10:01:00,P14,,1.0,85.0,M0056,qr
nimman,NM-002677,1,2026-04-06 10:09:00,P04,M,3.0,65.0,,qr
nimman,NM-002678,1,2026-04-06 10:11:00,P02,L,2.0,65.0,M0731,qr
nimman,NM-002679,1,2026-04-06 10:32:00,P03,L,1.0,75.0,,cash
nimman,NM-002680,1,2026-04-06 10:44:00,P06,M,1.0,75.0,,qr
nimman,NM-002681,1,2026-04-06 11:37:00,P08,M,2.0,70.0,M0566,card
nimman,NM-002682,1,2026-04-06 11:52:00,P08,M,1.0,70.0,M0330,qr
nimman,NM-002682,2,2026-04-06 11:52:00,P07,S,1.0,45.0,M0330,qr
nimman,NM-002683,1,2026-04-06 11:55:00,P04,S,1.0,55.0,,cash
nimman,NM-002683,2,2026-04-06 11:55:00,P06,M,1.0,75.0,,cash
nimman,NM-002684,1,2026-04-06 12:01:00,P13,,2.0,50.0,,cash
nimman,NM-002685,1,2026-04-06 12:19:00,P03,M,1.0,65.0,,qr
nimman,NM-002685,2,2026-04-06 12:19:00,P14,,1.0,85.0,,qr
nimman,NM-002686,1,2026-04-06 12:35:00,P07,L,1.0,65.0,M0565,qr
nimman,NM-002686,2,2026-04-06 12:35:00,P13,,1.0,50.0,M0565,qr
nimman,NM-002687,1,2026-04-06 13:07:00,P10,M,2.0,60.0,,cash
nimman,NM-002687,2,2026-04-06 13:07:00,P14,,1.0,85.0,,cash
nimman,NM-002688,1,2026-04-06 13:22:00,P02,M,1.0,55.0,,qr
nimman,NM-002688,2,2026-04-06 13:22:00,P14,,1.0,85.0,,qr
nimman,NM-002689,1,2026-04-06 13:37:00,P01,M,1.0,55.0,,cash
nimman,NM-002689,2,2026-04-06 13:37:00,P15,,1.0,75.0,,cash
nimman,NM-002690,1,2026-04-06 14:15:00,P12,,1.0,55.0,,qr
nimman,NM-002691,1,2026-04-06 14:26:00,P03,S,1.0,55.0,M0123,card
nimman,NM-002691,2,2026-04-06 14:26:00,P08,M,1.0,70.0,M0123,card
nimman,NM-002692,1,2026-04-06 14:48:00,P05,L,1.0,80.0,,qr
nimman,NM-002692,2,2026-04-06 14:48:00,P13,,1.0,50.0,,qr
nimman,NM-002693,1,2026-04-06 16:17:00,P02,M,2.0,55.0,,qr
nimman,NM-002693,2,2026-04-06 16:17:00,P08,M,1.0,70.0,,qr
nimman,NM-002694,1,2026-04-06 16:25:00,P06,M,1.0,75.0,,qr
nimman,NM-002695,1,2026-04-06 16:41:00,P08,M,1.0,70.0,M0375,qr
nimman,NM-002695,2,2026-04-06 16:41:00,P13,,1.0,50.0,M0375,qr
nimman,NM-002696,1,2026-04-06 18:02:00,P02,M,1.0,55.0,,qr
nimman,NM-002696,2,2026-04-06 18:02:00,P12,,1.0,55.0,,qr
nimman,NM-002697,1,2026-04-07 07:48:00,P06,L,2.0,85.0,,card
nimman,NM-002698,1,2026-04-07 08:07:00,P02,S,1.0,45.0,M0369,qr
nimman,NM-002698,2,2026-04-07 08:07:00,P12,,1.0,55.0,M0369,qr
nimman,NM-002699,1,2026-04-07 08:11:00,P06,M,1.0,75.0,,qr
nimman,NM-002700,1,2026-04-07 09:06:00,P02,M,1.0,55.0,,qr
nimman,NM-002701,1,2026-04-07 09:28:00,P04,S,1.0,55.0,M0190,qr
nimman,NM-002702,1,2026-04-07 09:30:00,P05,M,1.0,70.0,,card
nimman,NM-002703,1,2026-04-07 09:44:00,P09,M,3.0,50.0,M0330,qr
nimman,NM-002704,1,2026-04-07 09:48:00,P03,M,1.0,65.0,M0464,card
nimman,NM-002704,2,2026-04-07 09:48:00,P14,,1.0,85.0,M0464,card
nimman,NM-002705,1,2026-04-07 10:42:00,P10,S,1.0,50.0,M0427,cash
nimman,NM-002706,1,2026-04-07 10:45:00,P06,M,1.0,75.0,,qr
nimman,NM-002707,1,2026-04-07 10:52:00,P08,L,1.0,80.0,,qr
nimman,NM-002708,1,2026-04-07 11:01:00,P09,M,1.0,50.0,M0427,qr
nimman,NM-002709,1,2026-04-07 11:21:00,P02,M,1.0,55.0,,cash
nimman,NM-002709,2,2026-04-07 11:21:00,P12,,1.0,55.0,,cash
nimman,NM-002709,3,2026-04-07 11:21:00,P10,M,1.0,60.0,,cash
nimman,NM-002710,1,2026-04-07 12:01:00,P02,S,1.0,45.0,M0018,qr
nimman,NM-002711,1,2026-04-07 12:24:00,P13,,1.0,50.0,M0378,qr
nimman,NM-002712,1,2026-04-07 13:19:00,P07,M,1.0,55.0,,qr
nimman,NM-002713,1,2026-04-07 13:41:00,P08,M,2.0,70.0,,qr
nimman,NM-002714,1,2026-04-07 13:47:00,P10,M,1.0,60.0,,qr
nimman,NM-002715,1,2026-04-07 13:50:00,P04,L,2.0,75.0,M0432,qr
nimman,NM-002716,1,2026-04-07 14:00:00,P15,,1.0,75.0,,cash
nimman,NM-002717,1,2026-04-07 14:19:00,P05,S,1.0,60.0,,qr
nimman,NM-002717,2,2026-04-07 14:19:00,P13,,1.0,50.0,,qr
nimman,NM-002718,1,2026-04-07 14:34:00,P03,S,1.0,55.0,,card
nimman,NM-002719,1,2026-04-07 14:36:00,P12,,1.0,55.0,M0412,qr
nimman,NM-002720,1,2026-04-07 14:42:00,P14,,1.0,85.0,,qr
nimman,NM-002721,1,2026-04-07 15:23:00,P07,L,2.0,65.0,M0039,qr
nimman,NM-002722,1,2026-04-07 15:25:00,P10,S,1.0,50.0,,qr
nimman,NM-002723,1,2026-04-07 15:29:00,P03,L,1.0,75.0,,qr
nimman,NM-002723,2,2026-04-07 15:29:00,P04,M,1.0,65.0,,qr
nimman,NM-002724,1,2026-04-07 15:48:00,P03,M,1.0,65.0,M0252,qr
nimman,NM-002724,2,2026-04-07 15:48:00,P14,,1.0,85.0,M0252,qr
nimman,NM-002725,1,2026-04-07 16:31:00,P03,M,1.0,65.0,,qr
nimman,NM-002725,2,2026-04-07 16:31:00,P14,,1.0,85.0,,qr
nimman,NM-002726,1,2026-04-07 16:45:00,P09,S,1.0,40.0,M0481,qr
nimman,NM-002726,2,2026-04-07 16:45:00,P15,,1.0,75.0,M0481,qr
nimman,NM-002727,1,2026-04-07 17:12:00,P10,M,2.0,60.0,,card
nimman,NM-002727,2,2026-04-07 17:12:00,P14,,1.0,85.0,,card
nimman,NM-002728,1,2026-04-07 18:51:00,P08,S,1.0,60.0,,qr
nimman,NM-002729,1,2026-04-07 19:15:00,P10,M,1.0,60.0,,qr
nimman,NM-002730,1,2026-04-08 07:41:00,P03,M,1.0,65.0,M0482,qr
nimman,NM-002731,1,2026-04-08 09:04:00,P02,M,1.0,55.0,,card
nimman,NM-002731,2,2026-04-08 09:04:00,P12,,1.0,55.0,,card
nimman,NM-002732,1,2026-04-08 09:13:00,P04,S,1.0,55.0,M0530,cash
nimman,NM-002733,1,2026-04-08 09:31:00,P13,,1.0,50.0,,cash
nimman,NM-002733,2,2026-04-08 09:31:00,P14,,1.0,85.0,,cash
nimman,NM-002734,1,2026-04-08 09:59:00,P07,M,1.0,55.0,M0166,cash
nimman,NM-002735,1,2026-04-08 10:34:00,P07,S,2.0,45.0,,qr
nimman,NM-002735,2,2026-04-08 10:34:00,P09,M,1.0,50.0,,qr
nimman,NM-002736,1,2026-04-08 11:42:00,P04,S,1.0,55.0,,qr
nimman,NM-002737,1,2026-04-08 12:44:00,P09,L,1.0,60.0,M0180,qr
nimman,NM-002738,1,2026-04-08 13:11:00,P06,M,1.0,75.0,,qr
nimman,NM-002738,2,2026-04-08 13:11:00,P01,L,1.0,65.0,,qr
nimman,NM-002739,1,2026-04-08 13:16:00,P03,M,1.0,65.0,,qr
nimman,NM-002740,1,2026-04-08 14:08:00,P04,S,1.0,55.0,,qr
nimman,NM-002741,1,2026-04-08 14:39:00,P02,L,1.0,65.0,,card
nimman,NM-002742,1,2026-04-08 14:41:00,P05,S,1.0,60.0,,cash
nimman,NM-002742,2,2026-04-08 14:41:00,P12,,1.0,55.0,,cash
nimman,NM-002743,1,2026-04-08 14:43:00,P03,M,2.0,65.0,,cash
nimman,NM-002743,2,2026-04-08 14:43:00,P14,,1.0,85.0,,cash
nimman,NM-002744,1,2026-04-08 15:21:00,P10,S,2.0,50.0,,card
nimman,NM-002745,1,2026-04-08 15:30:00,P12,,1.0,55.0,,qr
nimman,NM-002746,1,2026-04-08 15:38:00,P02,L,1.0,65.0,,qr
nimman,NM-002747,1,2026-04-08 15:49:00,P08,M,1.0,70.0,M0759,qr
nimman,NM-002748,1,2026-04-08 15:50:00,P07,M,1.0,55.0,,card
nimman,NM-002749,1,2026-04-08 17:34:00,P08,L,1.0,80.0,,card
nimman,NM-002750,1,2026-04-08 18:40:00,P03,M,1.0,65.0,,qr
nimman,NM-002750,2,2026-04-08 18:40:00,P14,,1.0,85.0,,qr
nimman,NM-002750,3,2026-04-08 18:40:00,P11,L,1.0,70.0,,qr
nimman,NM-002751,1,2026-04-08 18:42:00,P12,,1.0,55.0,M0204,qr
nimman,NM-002752,1,2026-04-08 18:48:00,P02,M,1.0,55.0,M0280,qr
nimman,NM-002753,1,2026-04-09 09:02:00,P13,,3.0,50.0,,qr
nimman,NM-002754,1,2026-04-09 09:15:00,P09,M,1.0,50.0,,qr
nimman,NM-002755,1,2026-04-09 09:31:00,P02,M,27.0,55.0,,card
nimman,NM-002756,1,2026-04-09 10:18:00,P06,M,1.0,75.0,,qr
nimman,NM-002757,1,2026-04-09 10:26:00,P11,L,1.0,70.0,,cash
nimman,NM-002758,1,2026-04-09 10:29:00,P07,M,1.0,55.0,,card
nimman,NM-002758,2,2026-04-09 10:29:00,P13,,1.0,50.0,,card
nimman,NM-002759,1,2026-04-09 10:52:00,P07,S,1.0,45.0,M0058,cash
nimman,NM-002759,2,2026-04-09 10:52:00,P13,,1.0,50.0,M0058,cash
nimman,NM-002759,3,2026-04-09 10:52:00,P04,M,1.0,65.0,M0058,cash
nimman,NM-002760,1,2026-04-09 10:53:00,P02,M,1.0,55.0,M0731,cash
nimman,NM-002760,2,2026-04-09 10:53:00,P14,,1.0,85.0,M0731,cash
nimman,NM-002761,1,2026-04-09 11:21:00,P09,M,1.0,50.0,M0052,cash
nimman,NM-002761,2,2026-04-09 11:21:00,P14,,1.0,85.0,M0052,cash
nimman,NM-002762,1,2026-04-09 12:25:00,P15,,2.0,75.0,M0478,qr
nimman,NM-002763,1,2026-04-09 14:14:00,P09,S,1.0,40.0,M0560,qr
nimman,NM-002764,1,2026-04-09 14:16:00,P07,M,1.0,55.0,,qr
nimman,NM-002764,2,2026-04-09 14:16:00,P13,,1.0,50.0,,qr
nimman,NM-002765,1,2026-04-09 15:28:00,P04,M,2.0,65.0,M0623,card
nimman,NM-002765,2,2026-04-09 15:28:00,P09,L,1.0,60.0,M0623,card
nimman,NM-002766,1,2026-04-09 15:55:00,P05,M,2.0,70.0,M0786,qr
nimman,NM-002767,1,2026-04-09 16:30:00,P12,,1.0,55.0,,qr
nimman,NM-002767,2,2026-04-09 16:30:00,P09,L,1.0,60.0,,qr
nimman,NM-002768,1,2026-04-09 16:41:00,P09,L,1.0,60.0,,qr
nimman,NM-002769,1,2026-04-09 16:57:00,P07,S,1.0,45.0,,card
nimman,NM-002769,2,2026-04-09 16:57:00,P13,,1.0,50.0,,card
nimman,NM-002770,1,2026-04-09 16:58:00,P03,M,2.0,65.0,,qr
nimman,NM-002770,2,2026-04-09 16:58:00,P14,,1.0,85.0,,qr
nimman,NM-002771,1,2026-04-09 17:30:00,P06,M,3.0,75.0,,qr
nimman,NM-002772,1,2026-04-09 17:41:00,P02,S,1.0,45.0,,qr
nimman,NM-002773,1,2026-04-10 07:03:00,P12,,2.0,55.0,,qr
nimman,NM-002774,1,2026-04-10 07:23:00,P10,M,1.0,60.0,M0009,cash
nimman,NM-002774,2,2026-04-10 07:23:00,P15,,1.0,75.0,M0009,cash
nimman,NM-002775,1,2026-04-10 08:24:00,P04,L,1.0,75.0,M0623,qr
nimman,NM-002776,1,2026-04-10 09:11:00,P01,M,2.0,55.0,,card
nimman,NM-002777,1,2026-04-10 09:15:00,P01,M,2.0,55.0,M0562,card
nimman,NM-002777,2,2026-04-10 09:15:00,P15,,1.0,75.0,M0562,card
nimman,NM-002778,1,2026-04-10 09:17:00,P08,S,1.0,60.0,,card
nimman,NM-002778,2,2026-04-10 09:17:00,P14,,1.0,85.0,,card
nimman,NM-002779,1,2026-04-10 09:18:00,P02,S,1.0,45.0,M0441,qr
nimman,NM-002779,2,2026-04-10 09:18:00,P12,,1.0,55.0,M0441,qr
nimman,NM-002780,1,2026-04-10 09:35:00,P03,L,1.0,75.0,,card
nimman,NM-002781,1,2026-04-10 09:45:00,P08,L,1.0,80.0,,qr
nimman,NM-002781,2,2026-04-10 09:45:00,P14,,1.0,85.0,,qr
nimman,NM-002782,1,2026-04-10 09:59:00,P02,M,2.0,55.0,,card
nimman,NM-002783,1,2026-04-10 10:06:00,P03,S,1.0,55.0,M0359,card
nimman,NM-002783,2,2026-04-10 10:06:00,P14,,1.0,85.0,M0359,card
nimman,NM-002783,3,2026-04-10 10:06:00,P05,S,1.0,60.0,M0359,card
nimman,NM-002784,1,2026-04-10 10:39:00,P08,S,1.0,60.0,,qr
nimman,NM-002785,1,2026-04-10 11:03:00,P12,,2.0,55.0,M0672,qr
nimman,NM-002786,1,2026-04-10 11:06:00,P01,S,3.0,45.0,,cash
nimman,NM-002786,2,2026-04-10 11:06:00,P13,,1.0,50.0,,cash
nimman,NM-002787,1,2026-04-10 12:42:00,P08,M,1.0,70.0,,qr
nimman,NM-002788,1,2026-04-10 12:56:00,P10,S,1.0,50.0,,cash
nimman,NM-002789,1,2026-04-10 13:15:00,P01,M,1.0,55.0,M0209,qr
nimman,NM-002790,1,2026-04-10 14:29:00,P11,M,1.0,60.0,,qr
nimman,NM-002790,2,2026-04-10 14:29:00,P10,S,1.0,50.0,,qr
nimman,NM-002791,1,2026-04-10 14:30:00,P07,L,1.0,65.0,M0190,qr
nimman,NM-002792,1,2026-04-10 14:41:00,P10,M,1.0,60.0,M0617,card
nimman,NM-002792,2,2026-04-10 14:41:00,P12,,1.0,55.0,M0617,card
nimman,NM-002792,3,2026-04-10 14:41:00,P03,M,1.0,65.0,M0617,card
nimman,NM-002793,1,2026-04-10 15:13:00,P13,,2.0,50.0,,qr
nimman,NM-002794,1,2026-04-10 16:16:00,P03,S,1.0,55.0,M0644,cash
nimman,NM-002795,1,2026-04-10 16:30:00,P07,M,1.0,55.0,,qr
nimman,NM-002796,1,2026-04-10 17:11:00,P07,M,1.0,55.0,M0382,qr
nimman,NM-002797,1,2026-04-10 17:27:00,P09,M,1.0,50.0,,card
nimman,NM-002798,1,2026-04-10 19:15:00,P08,M,1.0,70.0,,qr
nimman,NM-002798,2,2026-04-10 19:15:00,P12,,1.0,55.0,,qr
nimman,NM-002799,1,2026-04-11 07:00:00,P12,,1.0,55.0,M0637,card
nimman,NM-002800,1,2026-04-11 07:34:00,P02,M,1.0,55.0,,qr
nimman,NM-002800,2,2026-04-11 07:34:00,P12,,1.0,55.0,,qr
nimman,NM-002801,1,2026-04-11 07:46:00,P08,S,2.0,60.0,,cash
nimman,NM-002802,1,2026-04-11 08:04:00,P03,M,2.0,65.0,M0696,qr
nimman,NM-002803,1,2026-04-11 08:10:00,P08,L,1.0,80.0,,cash
nimman,NM-002803,2,2026-04-11 08:10:00,P14,,1.0,85.0,,cash
nimman,NM-002804,1,2026-04-11 08:32:00,P03,S,1.0,55.0,,card
nimman,NM-002805,1,2026-04-11 09:08:00,P06,M,3.0,75.0,,qr
nimman,NM-002805,2,2026-04-11 09:08:00,P14,,1.0,85.0,,qr
nimman,NM-002806,1,2026-04-11 09:23:00,P10,M,1.0,60.0,,card
nimman,NM-002807,1,2026-04-11 09:24:00,P05,S,1.0,60.0,M0246,cash
nimman,NM-002807,2,2026-04-11 09:24:00,P15,,1.0,75.0,M0246,cash
nimman,NM-002808,1,2026-04-11 10:20:00,P02,M,1.0,55.0,,qr
nimman,NM-002809,1,2026-04-11 10:22:00,P10,S,1.0,50.0,M0058,qr
nimman,NM-002810,1,2026-04-11 10:23:00,P14,,2.0,85.0,M0318,card
nimman,NM-002811,1,2026-04-11 10:48:00,P09,L,1.0,60.0,M0130,qr
nimman,NM-002812,1,2026-04-11 10:52:00,P03,M,1.0,65.0,,card
nimman,NM-002813,1,2026-04-11 11:21:00,P04,L,1.0,75.0,M0278,card
nimman,NM-002814,1,2026-04-11 11:34:00,P03,M,1.0,65.0,,card
nimman,NM-002814,2,2026-04-11 11:34:00,P14,,1.0,85.0,,card
nimman,NM-002815,1,2026-04-11 12:13:00,P08,S,2.0,60.0,,cash
nimman,NM-002816,1,2026-04-11 13:48:00,P07,S,1.0,45.0,,qr
nimman,NM-002817,1,2026-04-11 13:52:00,P02,L,1.0,65.0,M0350,qr
nimman,NM-002818,1,2026-04-11 14:08:00,P07,M,1.0,55.0,,qr
nimman,NM-002818,2,2026-04-11 14:08:00,P13,,1.0,50.0,,qr
nimman,NM-002819,1,2026-04-11 14:58:00,P07,M,1.0,55.0,,qr
nimman,NM-002820,1,2026-04-11 15:00:00,P08,M,1.0,70.0,,qr
nimman,NM-002821,1,2026-04-11 15:25:00,P05,S,2.0,60.0,M0072,qr
nimman,NM-002822,1,2026-04-11 15:57:00,P04,S,1.0,55.0,,qr
nimman,NM-002823,1,2026-04-11 16:22:00,P01,S,1.0,45.0,,cash
nimman,NM-002823,2,2026-04-11 16:22:00,P15,,1.0,75.0,,cash
nimman,NM-002823,3,2026-04-11 16:22:00,P09,L,1.0,60.0,,cash
nimman,NM-002824,1,2026-04-11 16:28:00,P08,M,1.0,70.0,M0049,card
nimman,NM-002825,1,2026-04-11 16:48:00,P08,S,1.0,60.0,,qr
nimman,NM-002826,1,2026-04-11 17:18:00,P01,M,1.0,55.0,M0128,card
nimman,NM-002827,1,2026-04-11 17:20:00,P10,L,2.0,70.0,,card
nimman,NM-002828,1,2026-04-11 17:53:00,P10,S,1.0,50.0,M0435,qr
nimman,NM-002829,1,2026-04-11 18:13:00,P10,S,1.0,50.0,,card
nimman,NM-002830,1,2026-04-11 18:13:00,P07,M,1.0,55.0,,qr
nimman,NM-002830,2,2026-04-11 18:13:00,P02,S,1.0,45.0,,qr
nimman,NM-002831,1,2026-04-11 19:46:00,P07,M,1.0,55.0,M0432,qr
nimman,NM-002831,2,2026-04-11 19:46:00,P13,,1.0,50.0,M0432,qr
nimman,NM-002832,1,2026-04-12 08:24:00,P10,L,1.0,70.0,,card
nimman,NM-002833,1,2026-04-12 08:36:00,P08,L,1.0,80.0,,qr
nimman,NM-002833,2,2026-04-12 08:36:00,P15,,1.0,75.0,,qr
nimman,NM-002834,1,2026-04-12 08:38:00,P03,L,1.0,75.0,M0314,card
nimman,NM-002835,1,2026-04-12 08:50:00,P06,M,2.0,75.0,,qr
nimman,NM-002836,1,2026-04-12 08:56:00,P02,L,1.0,65.0,,qr
nimman,NM-002837,1,2026-04-12 09:04:00,P05,M,1.0,70.0,M0226,qr
nimman,NM-002838,1,2026-04-12 09:33:00,P03,M,3.0,65.0,M0058,qr
nimman,NM-002838,2,2026-04-12 09:33:00,P14,,1.0,85.0,M0058,qr
nimman,NM-002839,1,2026-04-12 09:43:00,P07,S,1.0,45.0,,qr
nimman,NM-002839,2,2026-04-12 09:43:00,P12,,1.0,55.0,,qr
nimman,NM-002839,3,2026-04-12 09:43:00,P14,,1.0,85.0,,qr
nimman,NM-002840,1,2026-04-12 09:48:00,P02,M,2.0,55.0,,qr
nimman,NM-002840,2,2026-04-12 09:48:00,P14,,1.0,85.0,,qr
nimman,NM-002841,1,2026-04-12 09:53:00,P04,L,1.0,75.0,M0780,qr
nimman,NM-002842,1,2026-04-12 10:29:00,P03,L,1.0,75.0,M0480,card
nimman,NM-002842,2,2026-04-12 10:29:00,P14,,1.0,85.0,M0480,card
nimman,NM-002843,1,2026-04-12 10:45:00,P06,M,1.0,75.0,M0708,card
nimman,NM-002843,2,2026-04-12 10:45:00,P02,M,1.0,55.0,M0708,card
nimman,NM-002844,1,2026-04-12 11:26:00,P03,L,1.0,75.0,,cash
nimman,NM-002845,1,2026-04-12 11:44:00,P08,S,1.0,60.0,,qr
nimman,NM-002846,1,2026-04-12 12:03:00,P07,L,1.0,65.0,M0251,cash
nimman,NM-002846,2,2026-04-12 12:03:00,P02,S,1.0,45.0,M0251,cash
nimman,NM-002847,1,2026-04-12 13:55:00,P04,L,1.0,75.0,,cash
nimman,NM-002847,2,2026-04-12 13:55:00,P15,,1.0,75.0,,cash
nimman,NM-002848,1,2026-04-12 13:56:00,P03,L,2.0,75.0,M0065,qr
nimman,NM-002849,1,2026-04-12 14:06:00,P14,,1.0,85.0,,qr
nimman,NM-002849,2,2026-04-12 14:06:00,P10,L,1.0,70.0,,qr
nimman,NM-002850,1,2026-04-12 14:12:00,P15,,1.0,75.0,,qr
nimman,NM-002850,2,2026-04-12 14:12:00,P07,M,1.0,55.0,,qr
nimman,NM-002851,1,2026-04-12 14:20:00,P14,,1.0,85.0,,cash
nimman,NM-002852,1,2026-04-12 14:36:00,P01,S,1.0,45.0,,card
nimman,NM-002852,2,2026-04-12 14:36:00,P08,M,1.0,70.0,,card
nimman,NM-002853,1,2026-04-12 14:39:00,P10,L,1.0,70.0,M0445,qr
nimman,NM-002853,2,2026-04-12 14:39:00,P11,M,1.0,60.0,M0445,qr
nimman,NM-002854,1,2026-04-12 15:20:00,P02,L,2.0,65.0,,qr
nimman,NM-002854,2,2026-04-12 15:20:00,P08,M,1.0,70.0,,qr
nimman,NM-002855,1,2026-04-12 15:32:00,P03,M,1.0,65.0,,qr
nimman,NM-002855,2,2026-04-12 15:32:00,P14,,1.0,85.0,,qr
nimman,NM-002856,1,2026-04-12 16:16:00,P02,M,3.0,55.0,M0637,card
nimman,NM-002856,2,2026-04-12 16:16:00,P07,S,1.0,45.0,M0637,card
nimman,NM-002857,1,2026-04-12 16:24:00,P10,L,1.0,70.0,,card
nimman,NM-002857,2,2026-04-12 16:24:00,P11,S,1.0,50.0,,card
nimman,NM-002858,1,2026-04-12 16:32:00,P02,M,1.0,55.0,,qr
nimman,NM-002858,2,2026-04-12 16:32:00,P04,L,1.0,75.0,,qr
nimman,NM-002859,1,2026-04-12 18:20:00,P13,,3.0,50.0,,qr
nimman,NM-002860,1,2026-04-12 18:29:00,P05,L,1.0,80.0,,cash
nimman,NM-002861,1,2026-04-13 07:11:00,P03,L,1.0,75.0,,qr
nimman,NM-002862,1,2026-04-13 07:34:00,P08,L,1.0,80.0,M0172,cash
nimman,NM-002863,1,2026-04-13 08:19:00,P03,S,1.0,55.0,M0411,qr
nimman,NM-002864,1,2026-04-13 08:46:00,P05,M,1.0,70.0,,card
nimman,NM-002865,1,2026-04-13 09:13:00,P05,S,1.0,60.0,,cash
nimman,NM-002865,2,2026-04-13 09:13:00,P03,L,1.0,75.0,,cash
nimman,NM-002866,1,2026-04-13 09:14:00,P01,M,1.0,55.0,,qr
nimman,NM-002866,2,2026-04-13 09:14:00,P13,,1.0,50.0,,qr
nimman,NM-002867,1,2026-04-13 09:25:00,P04,M,1.0,65.0,,qr
nimman,NM-002868,1,2026-04-13 09:46:00,P08,S,3.0,60.0,,qr
nimman,NM-002868,2,2026-04-13 09:46:00,P12,,1.0,55.0,,qr
nimman,NM-002869,1,2026-04-13 09:48:00,P02,M,1.0,55.0,,card
nimman,NM-002870,1,2026-04-13 09:59:00,P06,S,1.0,65.0,M0703,qr
nimman,NM-002871,1,2026-04-13 10:04:00,P05,S,1.0,60.0,M0407,card
nimman,NM-002872,1,2026-04-13 10:24:00,P13,,1.0,50.0,,card
nimman,NM-002873,1,2026-04-13 10:36:00,P03,M,1.0,65.0,,qr
nimman,NM-002874,1,2026-04-13 10:41:00,P08,M,3.0,70.0,M0744,qr
nimman,NM-002875,1,2026-04-13 10:46:00,P05,L,1.0,80.0,,cash
nimman,NM-002876,1,2026-04-13 11:13:00,P13,,1.0,50.0,,qr
nimman,NM-002877,1,2026-04-13 11:19:00,P09,M,1.0,50.0,,card
nimman,NM-002877,2,2026-04-13 11:19:00,P15,,1.0,75.0,,card
nimman,NM-002878,1,2026-04-13 11:54:00,P03,M,1.0,65.0,,card
nimman,NM-002878,2,2026-04-13 11:54:00,P14,,1.0,85.0,,card
nimman,NM-002879,1,2026-04-13 12:54:00,P07,L,2.0,65.0,M0359,card
nimman,NM-002879,2,2026-04-13 12:54:00,P13,,1.0,50.0,M0359,card
nimman,NM-002880,1,2026-04-13 13:01:00,P03,M,3.0,65.0,M0291,card
nimman,NM-002881,1,2026-04-13 13:02:00,P13,,1.0,50.0,M0105,cash
nimman,NM-002882,1,2026-04-13 13:33:00,P15,,1.0,75.0,M0636,cash
nimman,NM-002882,2,2026-04-13 13:33:00,P14,,1.0,85.0,M0636,cash
nimman,NM-002883,1,2026-04-13 13:50:00,P13,,2.0,50.0,M0376,card
nimman,NM-002884,1,2026-04-13 13:51:00,P07,L,1.0,65.0,,qr
nimman,NM-002884,2,2026-04-13 13:51:00,P03,M,1.0,65.0,,qr
nimman,NM-002885,1,2026-04-13 14:22:00,P07,M,2.0,55.0,M0023,qr
nimman,NM-002886,1,2026-04-13 14:44:00,P02,M,1.0,55.0,M0168,cash
nimman,NM-002886,2,2026-04-13 14:44:00,P09,L,1.0,60.0,M0168,cash
nimman,NM-002887,1,2026-04-13 15:29:00,P08,M,3.0,70.0,M0057,cash
nimman,NM-002888,1,2026-04-13 15:32:00,P12,,1.0,55.0,M0535,cash
nimman,NM-002889,1,2026-04-13 15:37:00,P06,L,1.0,85.0,,qr
nimman,NM-002889,2,2026-04-13 15:37:00,P03,M,1.0,65.0,,qr
nimman,NM-002890,1,2026-04-13 15:44:00,P09,M,1.0,50.0,,qr
nimman,NM-002891,1,2026-04-13 15:46:00,P03,S,1.0,55.0,,cash
nimman,NM-002892,1,2026-04-13 17:26:00,P08,L,2.0,80.0,M0768,qr
nimman,NM-002893,1,2026-04-13 18:04:00,P04,S,2.0,55.0,,cash
nimman,NM-002894,1,2026-04-13 19:24:00,P09,L,1.0,60.0,,cash
nimman,NM-002895,1,2026-04-14 07:00:00,P04,L,1.0,75.0,,cash
nimman,NM-002896,1,2026-04-14 07:09:00,P07,M,3.0,55.0,M0478,card
nimman,NM-002896,2,2026-04-14 07:09:00,P13,,1.0,50.0,M0478,card
nimman,NM-002897,1,2026-04-14 07:20:00,P03,M,1.0,65.0,,card
nimman,NM-002898,1,2026-04-14 07:21:00,P09,M,1.0,50.0,M0716,qr
nimman,NM-002898,2,2026-04-14 07:21:00,P11,L,1.0,70.0,M0716,qr
nimman,NM-002899,1,2026-04-14 07:30:00,P01,M,1.0,55.0,,card
nimman,NM-002899,2,2026-04-14 07:30:00,P08,S,1.0,60.0,,card
nimman,NM-002900,1,2026-04-14 07:30:00,P14,,1.0,85.0,M0782,card
nimman,NM-002901,1,2026-04-14 07:54:00,P05,L,1.0,80.0,,qr
nimman,NM-002902,1,2026-04-14 08:00:00,P08,M,1.0,70.0,M0260,qr
nimman,NM-002902,2,2026-04-14 08:00:00,P09,L,1.0,60.0,M0260,qr
nimman,NM-002903,1,2026-04-14 08:20:00,P04,M,1.0,65.0,M0677,cash
nimman,NM-002904,1,2026-04-14 08:23:00,P09,L,1.0,60.0,,cash
nimman,NM-002905,1,2026-04-14 08:44:00,P02,M,1.0,55.0,M0291,card
nimman,NM-002905,2,2026-04-14 08:44:00,P12,,1.0,55.0,M0291,card
nimman,NM-002906,1,2026-04-14 09:03:00,P04,S,1.0,55.0,M0219,qr
nimman,NM-002907,1,2026-04-14 09:42:00,P04,M,1.0,65.0,,qr
nimman,NM-002907,2,2026-04-14 09:42:00,P13,,1.0,50.0,,qr
nimman,NM-002908,1,2026-04-14 09:45:00,P03,L,1.0,75.0,,qr
nimman,NM-002909,1,2026-04-14 09:59:00,P05,M,1.0,70.0,,cash
nimman,NM-002910,1,2026-04-14 10:08:00,P05,M,1.0,70.0,,qr
nimman,NM-002911,1,2026-04-14 10:15:00,P08,M,1.0,70.0,,qr
nimman,NM-002912,1,2026-04-14 10:22:00,P01,S,2.0,45.0,M0412,qr
nimman,NM-002913,1,2026-04-14 10:24:00,P04,L,1.0,75.0,M0405,qr
nimman,NM-002914,1,2026-04-14 10:34:00,P13,,1.0,50.0,,cash
nimman,NM-002914,2,2026-04-14 10:34:00,P08,L,1.0,80.0,,cash
nimman,NM-002915,1,2026-04-14 10:44:00,P03,S,1.0,55.0,M0181,card
nimman,NM-002915,2,2026-04-14 10:44:00,P14,,1.0,85.0,M0181,card
nimman,NM-002915,3,2026-04-14 10:44:00,P07,L,1.0,65.0,M0181,card
nimman,NM-002916,1,2026-04-14 10:58:00,P02,M,1.0,55.0,,cash
nimman,NM-002916,2,2026-04-14 10:58:00,P12,,1.0,55.0,,cash
nimman,NM-002917,1,2026-04-14 11:06:00,P02,S,1.0,45.0,,qr
nimman,NM-002918,1,2026-04-14 11:06:00,P02,S,1.0,45.0,M0064,qr
nimman,NM-002918,2,2026-04-14 11:06:00,P14,,1.0,85.0,M0064,qr
nimman,NM-002919,1,2026-04-14 11:45:00,P03,L,1.0,75.0,,qr
nimman,NM-002919,2,2026-04-14 11:45:00,P14,,1.0,85.0,,qr
nimman,NM-002920,1,2026-04-14 11:46:00,P10,S,2.0,50.0,,qr
nimman,NM-002921,1,2026-04-14 12:47:00,P03,M,1.0,65.0,M0176,card
nimman,NM-002922,1,2026-04-14 12:54:00,P11,M,1.0,60.0,M0703,qr
nimman,NM-002922,2,2026-04-14 12:54:00,P13,,1.0,50.0,M0703,qr
nimman,NM-002923,1,2026-04-14 12:57:00,P03,M,1.0,65.0,M0437,cash
nimman,NM-002924,1,2026-04-14 13:18:00,P08,L,1.0,80.0,M0204,cash
nimman,NM-002925,1,2026-04-14 13:23:00,P04,S,1.0,55.0,M0796,card
nimman,NM-002926,1,2026-04-14 13:38:00,P01,M,1.0,55.0,,cash
nimman,NM-002926,2,2026-04-14 13:38:00,P15,,1.0,75.0,,cash
nimman,NM-002927,1,2026-04-14 13:41:00,P12,,2.0,55.0,M0211,card
nimman,NM-002928,1,2026-04-14 13:47:00,P07,M,1.0,55.0,M0530,qr
nimman,NM-002929,1,2026-04-14 13:53:00,P10,S,1.0,50.0,,qr
nimman,NM-002929,2,2026-04-14 13:53:00,P13,,1.0,50.0,,qr
nimman,NM-002930,1,2026-04-14 14:06:00,P09,S,1.0,40.0,M0400,cash
nimman,NM-002931,1,2026-04-14 14:11:00,P10,L,1.0,70.0,,card
nimman,NM-002931,2,2026-04-14 14:11:00,P14,,1.0,85.0,,card
nimman,NM-002932,1,2026-04-14 14:13:00,P12,,1.0,55.0,M0249,qr
nimman,NM-002933,1,2026-04-14 14:45:00,P09,L,1.0,60.0,,qr
nimman,NM-002934,1,2026-04-14 14:47:00,P03,S,3.0,55.0,,cash
nimman,NM-002935,1,2026-04-14 14:50:00,P04,L,1.0,75.0,,qr
nimman,NM-002936,1,2026-04-14 15:19:00,P02,L,1.0,65.0,M0202,qr
nimman,NM-002937,1,2026-04-14 16:22:00,P15,,1.0,75.0,M0133,qr
nimman,NM-002938,1,2026-04-14 17:27:00,P07,M,1.0,55.0,,qr
nimman,NM-002939,1,2026-04-14 17:55:00,P08,L,1.0,80.0,M0438,qr
nimman,NM-002940,1,2026-04-14 18:12:00,P14,,1.0,85.0,,cash
nimman,NM-002940,2,2026-04-14 18:12:00,P08,S,1.0,60.0,,cash
nimman,NM-002941,1,2026-04-14 18:25:00,P10,L,1.0,70.0,,qr
nimman,NM-002941,2,2026-04-14 18:25:00,P12,,1.0,55.0,,qr
nimman,NM-002942,1,2026-04-14 18:27:00,P02,M,3.0,55.0,,card
nimman,NM-002942,2,2026-04-14 18:27:00,P12,,1.0,55.0,,card
nimman,NM-002943,1,2026-04-14 19:02:00,P12,,1.0,55.0,,qr
nimman,NM-002944,1,2026-04-14 19:07:00,P02,M,1.0,55.0,,qr
nimman,NM-002945,1,2026-04-14 19:31:00,P08,M,2.0,70.0,M0018,qr
nimman,NM-002946,1,2026-04-14 19:44:00,P07,S,1.0,45.0,M0530,card
nimman,NM-002947,1,2026-04-15 08:22:00,P04,M,1.0,65.0,,cash
nimman,NM-002948,1,2026-04-15 08:30:00,P11,M,1.0,60.0,M0708,qr
nimman,NM-002949,1,2026-04-15 08:31:00,P03,M,1.0,65.0,M0106,cash
nimman,NM-002950,1,2026-04-15 08:53:00,P13,,1.0,50.0,M0625,card
nimman,NM-002951,1,2026-04-15 09:01:00,P07,L,1.0,65.0,,card
nimman,NM-002951,2,2026-04-15 09:01:00,P13,,1.0,50.0,,card
nimman,NM-002952,1,2026-04-15 09:06:00,P04,S,1.0,55.0,,qr
nimman,NM-002953,1,2026-04-15 09:20:00,P05,M,1.0,70.0,M0405,cash
nimman,NM-002954,1,2026-04-15 09:27:00,P07,L,1.0,65.0,,card
nimman,NM-002954,2,2026-04-15 09:27:00,P13,,1.0,50.0,,card
nimman,NM-002955,1,2026-04-15 09:29:00,P03,M,1.0,65.0,,cash
nimman,NM-002955,2,2026-04-15 09:29:00,P14,,1.0,85.0,,cash
nimman,NM-002956,1,2026-04-15 09:51:00,P07,M,1.0,55.0,M0160,cash
nimman,NM-002957,1,2026-04-15 10:35:00,P04,S,1.0,55.0,,cash
nimman,NM-002958,1,2026-04-15 10:37:00,P03,M,1.0,65.0,,card
nimman,NM-002958,2,2026-04-15 10:37:00,P12,,1.0,55.0,,card
nimman,NM-002959,1,2026-04-15 10:39:00,P05,L,2.0,80.0,M0649,qr
nimman,NM-002959,2,2026-04-15 10:39:00,P14,,1.0,85.0,M0649,qr
nimman,NM-002960,1,2026-04-15 10:48:00,P13,,1.0,50.0,M0407,cash
nimman,NM-002961,1,2026-04-15 10:52:00,P08,M,1.0,70.0,,qr
nimman,NM-002962,1,2026-04-15 11:00:00,P02,M,1.0,55.0,M0171,qr
nimman,NM-002962,2,2026-04-15 11:00:00,P12,,1.0,55.0,M0171,qr
nimman,NM-002963,1,2026-04-15 11:37:00,P07,L,1.0,65.0,,card
nimman,NM-002964,1,2026-04-15 11:49:00,P03,L,2.0,75.0,M0247,qr
nimman,NM-002965,1,2026-04-15 12:34:00,P14,,1.0,85.0,,card
nimman,NM-002966,1,2026-04-15 12:54:00,P15,,2.0,75.0,,qr
nimman,NM-002967,1,2026-04-15 13:00:00,P06,M,1.0,75.0,M0488,cash
nimman,NM-002968,1,2026-04-15 13:06:00,P04,M,1.0,65.0,,qr
nimman,NM-002969,1,2026-04-15 13:37:00,P02,S,1.0,45.0,,qr
nimman,NM-002970,1,2026-04-15 13:50:00,P14,,2.0,85.0,M0225,qr
nimman,NM-002971,1,2026-04-15 13:51:00,P09,M,1.0,50.0,M0490,qr
nimman,NM-002971,2,2026-04-15 13:51:00,P12,,1.0,55.0,M0490,qr
nimman,NM-002972,1,2026-04-15 14:00:00,P04,M,1.0,65.0,,card
nimman,NM-002972,2,2026-04-15 14:00:00,P15,,1.0,75.0,,card
nimman,NM-002973,1,2026-04-15 14:09:00,P13,,1.0,50.0,M0796,qr
nimman,NM-002974,1,2026-04-15 15:18:00,P08,L,1.0,80.0,M0042,cash
nimman,NM-002974,2,2026-04-15 15:18:00,P07,M,1.0,55.0,M0042,cash
nimman,NM-002975,1,2026-04-15 15:30:00,P04,M,1.0,65.0,M0474,qr
nimman,NM-002976,1,2026-04-15 15:33:00,P06,L,1.0,85.0,,qr
nimman,NM-002977,1,2026-04-15 15:36:00,P12,,1.0,55.0,M0686,qr
nimman,NM-002978,1,2026-04-15 15:40:00,P10,M,1.0,60.0,M0263,qr
nimman,NM-002979,1,2026-04-15 16:25:00,P15,,1.0,75.0,,card
nimman,NM-002979,2,2026-04-15 16:25:00,P02,M,1.0,55.0,,card
nimman,NM-002980,1,2026-04-15 16:45:00,P07,S,1.0,45.0,,qr
nimman,NM-002981,1,2026-04-15 16:51:00,P07,L,1.0,65.0,M0034,qr
nimman,NM-002982,1,2026-04-15 17:46:00,P14,,1.0,85.0,,qr
nimman,NM-002983,1,2026-04-15 18:07:00,P07,L,1.0,65.0,,cash
nimman,NM-002984,1,2026-04-15 18:37:00,P11,L,1.0,70.0,,cash
nimman,NM-002985,1,2026-04-15 18:47:00,P15,,1.0,75.0,M0319,card
nimman,NM-002985,2,2026-04-15 18:47:00,P10,S,1.0,50.0,M0319,card
nimman,NM-002986,1,2026-04-15 18:56:00,P11,L,2.0,70.0,,qr
nimman,NM-002987,1,2026-04-16 09:13:00,P03,L,1.0,75.0,M0260,qr
nimman,NM-002987,2,2026-04-16 09:13:00,P14,,1.0,85.0,M0260,qr
nimman,NM-002988,1,2026-04-16 09:19:00,P05,S,1.0,60.0,,qr
nimman,NM-002988,2,2026-04-16 09:19:00,P04,M,1.0,65.0,,qr
nimman,NM-002989,1,2026-04-16 09:24:00,P06,S,1.0,65.0,,cash
nimman,NM-002989,2,2026-04-16 09:24:00,P15,,1.0,75.0,,cash
nimman,NM-002989,3,2026-04-16 09:24:00,P05,M,1.0,70.0,,cash
nimman,NM-002990,1,2026-04-16 09:35:00,P07,L,1.0,65.0,,qr
nimman,NM-002991,1,2026-04-16 10:46:00,P05,M,1.0,70.0,M0627,qr
nimman,NM-002992,1,2026-04-16 11:20:00,P03,S,1.0,55.0,M0059,qr
nimman,NM-002993,1,2026-04-16 11:21:00,P11,S,1.0,50.0,,qr
nimman,NM-002994,1,2026-04-16 12:37:00,P07,S,1.0,45.0,,qr
nimman,NM-002994,2,2026-04-16 12:37:00,P03,S,1.0,55.0,,qr
nimman,NM-002995,1,2026-04-16 13:06:00,P12,,1.0,55.0,,qr
nimman,NM-002996,1,2026-04-16 13:19:00,P15,,1.0,75.0,,card
nimman,NM-002997,1,2026-04-16 14:46:00,P02,L,1.0,65.0,,card
nimman,NM-002997,2,2026-04-16 14:46:00,P07,M,1.0,55.0,,card
nimman,NM-002998,1,2026-04-16 14:47:00,P07,L,1.0,65.0,,card
nimman,NM-002998,2,2026-04-16 14:47:00,P13,,1.0,50.0,,card
nimman,NM-002999,1,2026-04-16 15:00:00,P10,L,2.0,70.0,M0744,card
nimman,NM-003000,1,2026-04-16 15:16:00,P07,S,2.0,45.0,,card
nimman,NM-003000,2,2026-04-16 15:16:00,P13,,1.0,50.0,,card
nimman,NM-003001,1,2026-04-16 15:29:00,P15,,1.0,75.0,,qr
nimman,NM-003002,1,2026-04-16 15:41:00,P05,S,1.0,60.0,,qr
nimman,NM-003003,1,2026-04-16 15:45:00,P09,M,1.0,50.0,,cash
nimman,NM-003003,2,2026-04-16 15:45:00,P12,,1.0,55.0,,cash
nimman,NM-003004,1,2026-04-16 16:11:00,P03,L,1.0,75.0,M0371,qr
nimman,NM-003004,2,2026-04-16 16:11:00,P14,,1.0,85.0,M0371,qr
nimman,NM-003005,1,2026-04-16 16:13:00,P08,L,1.0,80.0,,qr
nimman,NM-003005,2,2026-04-16 16:13:00,P12,,1.0,55.0,,qr
nimman,NM-003006,1,2026-04-16 16:19:00,P09,L,1.0,60.0,M0011,card
nimman,NM-003007,1,2026-04-16 16:25:00,P10,S,1.0,50.0,,qr
nimman,NM-003007,2,2026-04-16 16:25:00,P06,S,1.0,65.0,,qr
nimman,NM-003008,1,2026-04-16 16:29:00,P10,M,1.0,60.0,M0531,qr
nimman,NM-003009,1,2026-04-16 16:36:00,P09,M,1.0,50.0,,qr
nimman,NM-003009,2,2026-04-16 16:36:00,P07,S,1.0,45.0,,qr
nimman,NM-003010,1,2026-04-16 17:42:00,P07,L,1.0,65.0,,cash
nimman,NM-003011,1,2026-04-16 17:55:00,P02,S,2.0,45.0,,cash
nimman,NM-003011,2,2026-04-16 17:55:00,P12,,1.0,55.0,,cash
nimman,NM-003012,1,2026-04-16 18:28:00,P07,S,1.0,45.0,M0622,qr
nimman,NM-003012,2,2026-04-16 18:28:00,P13,,1.0,50.0,M0622,qr
nimman,NM-003013,1,2026-04-16 19:34:00,P04,S,1.0,55.0,M0629,qr
nimman,NM-003013,2,2026-04-16 19:34:00,P09,M,1.0,50.0,M0629,qr
nimman,NM-003014,1,2026-04-16 19:53:00,P08,L,2.0,80.0,,cash
nimman,NM-003015,1,2026-04-17 07:30:00,P04,L,1.0,75.0,,cash
nimman,NM-003016,1,2026-04-17 07:31:00,P07,L,2.0,65.0,,qr
nimman,NM-003017,1,2026-04-17 08:45:00,P03,S,2.0,55.0,,qr
nimman,NM-003018,1,2026-04-17 09:08:00,P08,L,1.0,80.0,,qr
nimman,NM-003019,1,2026-04-17 09:16:00,P08,S,1.0,60.0,M0358,qr
nimman,NM-003020,1,2026-04-17 09:41:00,P03,L,1.0,75.0,M0252,cash
nimman,NM-003021,1,2026-04-17 10:01:00,P08,M,1.0,70.0,M0537,qr
nimman,NM-003022,1,2026-04-17 10:19:00,P06,S,1.0,65.0,,qr
nimman,NM-003023,1,2026-04-17 10:28:00,P13,,2.0,50.0,,qr
nimman,NM-003024,1,2026-04-17 11:10:00,P11,S,1.0,50.0,M0434,cash
nimman,NM-003025,1,2026-04-17 11:13:00,P03,M,1.0,65.0,,qr
nimman,NM-003025,2,2026-04-17 11:13:00,P14,,1.0,85.0,,qr
nimman,NM-003026,1,2026-04-17 11:20:00,P03,M,1.0,65.0,,qr
nimman,NM-003026,2,2026-04-17 11:20:00,P14,,1.0,85.0,,qr
nimman,NM-003027,1,2026-04-17 11:24:00,P02,M,1.0,55.0,,cash
nimman,NM-003028,1,2026-04-17 11:32:00,P07,L,1.0,65.0,M0107,cash
nimman,NM-003028,2,2026-04-17 11:32:00,P13,,1.0,50.0,M0107,cash
nimman,NM-003029,1,2026-04-17 12:30:00,P09,M,1.0,50.0,M0407,cash
nimman,NM-003030,1,2026-04-17 13:24:00,P10,S,1.0,50.0,,qr
nimman,NM-003031,1,2026-04-17 14:07:00,P04,L,1.0,75.0,M0432,qr
nimman,NM-003032,1,2026-04-17 14:11:00,P15,,1.0,75.0,M0634,card
nimman,NM-003032,2,2026-04-17 14:11:00,P01,S,1.0,45.0,M0634,card
nimman,NM-003033,1,2026-04-17 14:29:00,P04,M,1.0,65.0,,card
nimman,NM-003034,1,2026-04-17 14:40:00,P10,S,1.0,50.0,,cash
nimman,NM-003035,1,2026-04-17 14:59:00,P07,S,2.0,45.0,,card
nimman,NM-003035,2,2026-04-17 14:59:00,P13,,1.0,50.0,,card
nimman,NM-003035,3,2026-04-17 14:59:00,P08,L,1.0,80.0,,card
nimman,NM-003036,1,2026-04-17 15:01:00,P07,S,1.0,45.0,M0484,card
nimman,NM-003037,1,2026-04-17 15:04:00,P02,M,1.0,55.0,,qr
nimman,NM-003037,2,2026-04-17 15:04:00,P12,,1.0,55.0,,qr
nimman,NM-003038,1,2026-04-17 15:06:00,P09,S,1.0,40.0,,qr
nimman,NM-003038,2,2026-04-17 15:06:00,P12,,1.0,55.0,,qr
nimman,NM-003039,1,2026-04-17 15:51:00,P13,,2.0,50.0,M0558,qr
nimman,NM-003040,1,2026-04-17 16:57:00,P04,S,3.0,55.0,,qr
nimman,NM-003041,1,2026-04-17 17:14:00,P15,,1.0,75.0,,qr
nimman,NM-003041,2,2026-04-17 17:14:00,P10,L,1.0,70.0,,qr
nimman,NM-003042,1,2026-04-17 17:51:00,P08,S,2.0,60.0,,cash
nimman,NM-003043,1,2026-04-17 18:36:00,P07,L,1.0,65.0,,qr
nimman,NM-003043,2,2026-04-17 18:36:00,P13,,1.0,50.0,,qr
nimman,NM-003043,3,2026-04-17 18:36:00,P01,L,1.0,65.0,,qr
nimman,NM-003044,1,2026-04-17 19:19:00,P07,M,1.0,55.0,,qr
nimman,NM-003044,2,2026-04-17 19:19:00,P13,,1.0,50.0,,qr
nimman,NM-003045,1,2026-04-18 07:35:00,P03,M,1.0,65.0,M0689,card
nimman,NM-003046,1,2026-04-18 07:49:00,P14,,2.0,85.0,M0441,cash
nimman,NM-003046,2,2026-04-18 07:49:00,P06,M,1.0,75.0,M0441,cash
nimman,NM-003047,1,2026-04-18 07:54:00,P03,M,2.0,65.0,M0452,card
nimman,NM-003048,1,2026-04-18 08:17:00,P02,M,1.0,55.0,,qr
nimman,NM-003048,2,2026-04-18 08:17:00,P12,,1.0,55.0,,qr
nimman,NM-003048,3,2026-04-18 08:17:00,P06,M,1.0,75.0,,qr
nimman,NM-003049,1,2026-04-18 08:28:00,P09,M,1.0,50.0,,qr
nimman,NM-003049,2,2026-04-18 08:28:00,P14,,1.0,85.0,,qr
nimman,NM-003050,1,2026-04-18 08:30:00,P03,M,1.0,65.0,M0800,qr
nimman,NM-003050,2,2026-04-18 08:30:00,P14,,1.0,85.0,M0800,qr
nimman,NM-003051,1,2026-04-18 08:54:00,P01,L,1.0,65.0,M0706,qr
nimman,NM-003051,2,2026-04-18 08:54:00,P15,,1.0,75.0,M0706,qr
nimman,NM-003052,1,2026-04-18 09:16:00,P02,M,1.0,55.0,,qr
nimman,NM-003053,1,2026-04-18 09:30:00,P04,M,1.0,65.0,M0490,qr
nimman,NM-003054,1,2026-04-18 09:38:00,P02,M,2.0,55.0,M0217,card
nimman,NM-003054,2,2026-04-18 09:38:00,P12,,1.0,55.0,M0217,card
nimman,NM-003055,1,2026-04-18 09:42:00,P01,L,1.0,65.0,,card
nimman,NM-003055,2,2026-04-18 09:42:00,P15,,1.0,75.0,,card
nimman,NM-003056,1,2026-04-18 09:45:00,P07,L,1.0,65.0,,qr
nimman,NM-003057,1,2026-04-18 09:56:00,P08,M,1.0,70.0,,qr
nimman,NM-003058,1,2026-04-18 10:05:00,P06,L,1.0,85.0,,cash
nimman,NM-003058,2,2026-04-18 10:05:00,P04,M,1.0,65.0,,cash
nimman,NM-003059,1,2026-04-18 10:08:00,P12,,1.0,55.0,,cash
nimman,NM-003060,1,2026-04-18 10:55:00,P03,S,2.0,55.0,,qr
nimman,NM-003061,1,2026-04-18 10:58:00,P03,S,1.0,55.0,,qr
nimman,NM-003062,1,2026-04-18 11:31:00,P04,M,1.0,65.0,,card
nimman,NM-003063,1,2026-04-18 13:20:00,P06,M,2.0,75.0,,qr
nimman,NM-003064,1,2026-04-18 13:53:00,P07,M,1.0,55.0,,qr
nimman,NM-003065,1,2026-04-18 14:00:00,P11,M,2.0,60.0,,qr
nimman,NM-003066,1,2026-04-18 14:02:00,P02,M,2.0,55.0,,card
nimman,NM-003066,2,2026-04-18 14:02:00,P01,M,1.0,55.0,,card
nimman,NM-003067,1,2026-04-18 14:35:00,P05,L,1.0,80.0,,qr
nimman,NM-003068,1,2026-04-18 14:41:00,P13,,1.0,50.0,M0092,qr
nimman,NM-003069,1,2026-04-18 14:47:00,P06,L,1.0,85.0,,card
nimman,NM-003069,2,2026-04-18 14:47:00,P08,S,1.0,60.0,,card
nimman,NM-003070,1,2026-04-18 15:00:00,P12,,1.0,55.0,,qr
nimman,NM-003071,1,2026-04-18 15:05:00,P12,,1.0,55.0,M0225,qr
nimman,NM-003072,1,2026-04-18 15:17:00,P03,L,1.0,75.0,M0637,qr
nimman,NM-003073,1,2026-04-18 15:21:00,P07,S,1.0,45.0,,cash
nimman,NM-003074,1,2026-04-18 16:31:00,P02,L,1.0,65.0,M0490,card
nimman,NM-003074,2,2026-04-18 16:31:00,P09,L,1.0,60.0,M0490,card
nimman,NM-003075,1,2026-04-18 16:40:00,P06,L,1.0,85.0,,card
nimman,NM-003076,1,2026-04-18 17:14:00,P10,M,1.0,60.0,,qr
nimman,NM-003077,1,2026-04-18 17:29:00,P14,,3.0,85.0,,card
nimman,NM-003078,1,2026-04-18 18:10:00,P07,M,1.0,55.0,,cash
nimman,NM-003079,1,2026-04-18 18:26:00,P08,S,1.0,60.0,M0405,card
nimman,NM-003079,2,2026-04-18 18:26:00,P15,,1.0,75.0,M0405,card
nimman,NM-003080,1,2026-04-18 18:59:00,P07,M,1.0,55.0,,qr
nimman,NM-003080,2,2026-04-18 18:59:00,P13,,1.0,50.0,,qr
nimman,NM-003081,1,2026-04-18 19:35:00,P08,L,1.0,80.0,,qr
nimman,NM-003082,1,2026-04-19 07:11:00,P08,M,1.0,70.0,M0018,cash
nimman,NM-003083,1,2026-04-19 07:29:00,P07,S,1.0,45.0,M0132,qr
nimman,NM-003083,2,2026-04-19 07:29:00,P13,,1.0,50.0,M0132,qr
nimman,NM-003084,1,2026-04-19 08:13:00,P04,L,3.0,75.0,M0685,qr
nimman,NM-003085,1,2026-04-19 08:14:00,P03,M,1.0,65.0,M0325,qr
nimman,NM-003086,1,2026-04-19 09:15:00,P01,M,1.0,55.0,,card
nimman,NM-003087,1,2026-04-19 09:39:00,P13,,1.0,50.0,,qr
nimman,NM-003088,1,2026-04-19 09:50:00,P13,,1.0,50.0,,card
nimman,NM-003088,2,2026-04-19 09:50:00,P04,S,1.0,55.0,,card
nimman,NM-003089,1,2026-04-19 09:57:00,P10,L,2.0,70.0,M0454,qr
nimman,NM-003089,2,2026-04-19 09:57:00,P14,,1.0,85.0,M0454,qr
nimman,NM-003090,1,2026-04-19 10:04:00,P05,M,1.0,70.0,,cash
nimman,NM-003090,2,2026-04-19 10:04:00,P14,,1.0,85.0,,cash
nimman,NM-003090,3,2026-04-19 10:04:00,P02,M,1.0,55.0,,cash
nimman,NM-003091,1,2026-04-19 10:16:00,P15,,1.0,75.0,,card
nimman,NM-003092,1,2026-04-19 11:04:00,P02,M,3.0,55.0,M0390,cash
nimman,NM-003092,2,2026-04-19 11:04:00,P12,,1.0,55.0,M0390,cash
nimman,NM-003093,1,2026-04-19 12:03:00,P04,L,1.0,75.0,,qr
nimman,NM-003094,1,2026-04-19 12:10:00,P12,,1.0,55.0,M0426,cash
nimman,NM-003094,2,2026-04-19 12:10:00,P03,M,1.0,65.0,M0426,cash
nimman,NM-003095,1,2026-04-19 12:35:00,P09,L,1.0,60.0,,cash
nimman,NM-003096,1,2026-04-19 12:44:00,P08,M,1.0,70.0,,qr
nimman,NM-003097,1,2026-04-19 12:53:00,P12,,1.0,55.0,,cash
nimman,NM-003098,1,2026-04-19 13:35:00,P14,,1.0,85.0,,qr
nimman,NM-003099,1,2026-04-19 13:54:00,P07,S,1.0,45.0,,qr
nimman,NM-003100,1,2026-04-19 13:59:00,P02,S,1.0,45.0,M0044,qr
nimman,NM-003100,2,2026-04-19 13:59:00,P12,,1.0,55.0,M0044,qr
nimman,NM-003101,1,2026-04-19 15:03:00,P06,L,1.0,85.0,M0686,card
nimman,NM-003101,2,2026-04-19 15:03:00,P13,,1.0,50.0,M0686,card
nimman,NM-003102,1,2026-04-19 15:09:00,P07,L,1.0,65.0,M0350,qr
nimman,NM-003102,2,2026-04-19 15:09:00,P13,,1.0,50.0,M0350,qr
nimman,NM-003103,1,2026-04-19 15:24:00,P11,L,2.0,70.0,M0768,qr
nimman,NM-003104,1,2026-04-19 15:57:00,P09,L,1.0,60.0,M0454,qr
nimman,NM-003105,1,2026-04-19 16:00:00,P07,M,1.0,55.0,,qr
nimman,NM-003106,1,2026-04-19 16:01:00,P08,S,1.0,60.0,,qr
nimman,NM-003107,1,2026-04-19 16:09:00,P12,,1.0,55.0,,card
nimman,NM-003108,1,2026-04-19 16:11:00,P12,,1.0,55.0,,card
nimman,NM-003109,1,2026-04-19 16:47:00,P12,,3.0,55.0,,cash
nimman,NM-003110,1,2026-04-19 17:11:00,P06,L,2.0,85.0,,qr
nimman,NM-003111,1,2026-04-19 17:24:00,P08,M,1.0,70.0,M0345,card
nimman,NM-003112,1,2026-04-19 17:51:00,P14,,1.0,85.0,M0291,card
nimman,NM-003113,1,2026-04-19 18:39:00,P08,M,1.0,70.0,,qr
nimman,NM-003113,2,2026-04-19 18:39:00,P07,M,1.0,55.0,,qr
nimman,NM-003114,1,2026-04-19 19:28:00,P09,M,1.0,50.0,M0010,cash
nimman,NM-003115,1,2026-04-20 07:13:00,P02,L,1.0,65.0,,qr
nimman,NM-003116,1,2026-04-20 07:13:00,P03,S,1.0,55.0,,card
nimman,NM-003117,1,2026-04-20 07:45:00,P11,S,1.0,50.0,,card
nimman,NM-003117,2,2026-04-20 07:45:00,P02,M,1.0,55.0,,card
nimman,NM-003118,1,2026-04-20 07:48:00,P03,S,1.0,55.0,,qr
nimman,NM-003118,2,2026-04-20 07:48:00,P14,,1.0,85.0,,qr
nimman,NM-003119,1,2026-04-20 07:49:00,P10,L,1.0,70.0,,card
nimman,NM-003120,1,2026-04-20 09:43:00,P11,L,1.0,70.0,,card
nimman,NM-003121,1,2026-04-20 09:46:00,P04,S,1.0,55.0,M0366,qr
nimman,NM-003122,1,2026-04-20 10:01:00,P07,S,1.0,45.0,,qr
nimman,NM-003122,2,2026-04-20 10:01:00,P13,,1.0,50.0,,qr
nimman,NM-003122,3,2026-04-20 10:01:00,P10,M,1.0,60.0,,qr
nimman,NM-003123,1,2026-04-20 10:26:00,P07,M,2.0,55.0,,qr
nimman,NM-003123,2,2026-04-20 10:26:00,P13,,1.0,50.0,,qr
nimman,NM-003124,1,2026-04-20 11:44:00,P04,L,1.0,75.0,M0478,qr
nimman,NM-003124,2,2026-04-20 11:44:00,P01,M,1.0,55.0,M0478,qr
nimman,NM-003125,1,2026-04-20 11:55:00,P06,S,2.0,65.0,,card
nimman,NM-003125,2,2026-04-20 11:55:00,P05,M,1.0,70.0,,card
nimman,NM-003126,1,2026-04-20 11:58:00,P07,M,1.0,55.0,,qr
nimman,NM-003126,2,2026-04-20 11:58:00,P13,,1.0,50.0,,qr
nimman,NM-003126,3,2026-04-20 11:58:00,P03,L,1.0,75.0,,qr
nimman,NM-003127,1,2026-04-20 13:48:00,P12,,1.0,55.0,M0765,qr
nimman,NM-003128,1,2026-04-20 13:56:00,P08,L,1.0,80.0,,qr
nimman,NM-003129,1,2026-04-20 14:35:00,P06,L,1.0,85.0,M0231,qr
nimman,NM-003130,1,2026-04-20 15:03:00,P07,M,1.0,55.0,,qr
nimman,NM-003131,1,2026-04-20 15:23:00,P02,M,1.0,55.0,,card
nimman,NM-003132,1,2026-04-20 16:06:00,P07,L,1.0,65.0,,qr
nimman,NM-003132,2,2026-04-20 16:06:00,P13,,1.0,50.0,,qr
nimman,NM-003133,1,2026-04-20 17:02:00,P10,L,1.0,70.0,,qr
nimman,NM-003134,1,2026-04-20 18:19:00,P07,M,1.0,55.0,,qr
nimman,NM-003134,2,2026-04-20 18:19:00,P13,,1.0,50.0,,qr
nimman,NM-003135,1,2026-04-20 18:58:00,P11,S,1.0,50.0,,qr
nimman,NM-003136,1,2026-04-21 07:07:00,P15,,2.0,75.0,,cash
nimman,NM-003137,1,2026-04-21 07:41:00,P02,S,3.0,45.0,M0242,qr
nimman,NM-003137,2,2026-04-21 07:41:00,P13,,1.0,50.0,M0242,qr
nimman,NM-003138,1,2026-04-21 07:51:00,P06,L,1.0,85.0,,qr
nimman,NM-003139,1,2026-04-21 08:06:00,P01,M,1.0,55.0,,qr
nimman,NM-003140,1,2026-04-21 08:13:00,P06,L,1.0,85.0,M0138,cash
nimman,NM-003140,2,2026-04-21 08:13:00,P04,L,1.0,75.0,M0138,cash
nimman,NM-003141,1,2026-04-21 08:14:00,P04,S,1.0,55.0,,qr
nimman,NM-003141,2,2026-04-21 08:14:00,P15,,1.0,75.0,,qr
nimman,NM-003142,1,2026-04-21 08:25:00,P05,M,1.0,70.0,,cash
nimman,NM-003143,1,2026-04-21 08:27:00,P06,M,2.0,75.0,M0314,qr
nimman,NM-003144,1,2026-04-21 08:27:00,P07,M,1.0,55.0,,qr
nimman,NM-003144,2,2026-04-21 08:27:00,P13,,1.0,50.0,,qr
nimman,NM-003145,1,2026-04-21 08:52:00,P03,S,1.0,55.0,,card
nimman,NM-003145,2,2026-04-21 08:52:00,P14,,1.0,85.0,,card
nimman,NM-003146,1,2026-04-21 09:05:00,P04,L,1.0,75.0,M0338,cash
nimman,NM-003146,2,2026-04-21 09:05:00,P13,,1.0,50.0,M0338,cash
nimman,NM-003147,1,2026-04-21 09:24:00,P02,L,1.0,65.0,M0092,cash
nimman,NM-003147,2,2026-04-21 09:24:00,P13,,1.0,50.0,M0092,cash
nimman,NM-003148,1,2026-04-21 09:34:00,P01,L,1.0,65.0,,qr
nimman,NM-003148,2,2026-04-21 09:34:00,P15,,1.0,75.0,,qr
nimman,NM-003149,1,2026-04-21 10:15:00,P03,M,2.0,65.0,,card
nimman,NM-003149,2,2026-04-21 10:15:00,P14,,1.0,85.0,,card
nimman,NM-003150,1,2026-04-21 10:29:00,P08,M,1.0,70.0,,cash
nimman,NM-003150,2,2026-04-21 10:29:00,P14,,1.0,85.0,,cash
nimman,NM-003151,1,2026-04-21 10:52:00,P04,M,1.0,65.0,M0596,qr
nimman,NM-003152,1,2026-04-21 11:05:00,P10,M,1.0,60.0,,cash
nimman,NM-003153,1,2026-04-21 11:06:00,P15,,1.0,75.0,,qr
nimman,NM-003154,1,2026-04-21 12:12:00,P15,,2.0,75.0,,qr
nimman,NM-003155,1,2026-04-21 13:13:00,P05,S,1.0,60.0,M0623,cash
nimman,NM-003155,2,2026-04-21 13:13:00,P13,,1.0,50.0,M0623,cash
nimman,NM-003156,1,2026-04-21 13:45:00,P07,M,1.0,55.0,M0708,qr
nimman,NM-003157,1,2026-04-21 14:22:00,P02,M,2.0,55.0,,cash
nimman,NM-003158,1,2026-04-21 14:26:00,P12,,1.0,55.0,,card
nimman,NM-003158,2,2026-04-21 14:26:00,P04,M,1.0,65.0,,card
nimman,NM-003159,1,2026-04-21 14:47:00,P12,,1.0,55.0,,qr
nimman,NM-003160,1,2026-04-21 17:00:00,P07,M,1.0,55.0,,card
nimman,NM-003160,2,2026-04-21 17:00:00,P13,,1.0,50.0,,card
nimman,NM-003161,1,2026-04-21 17:31:00,P02,M,1.0,55.0,M0126,qr
nimman,NM-003161,2,2026-04-21 17:31:00,P12,,1.0,55.0,M0126,qr
nimman,NM-003162,1,2026-04-21 19:13:00,P07,M,1.0,55.0,M0095,card
nimman,NM-003163,1,2026-04-21 19:17:00,P07,M,1.0,55.0,M0362,card
nimman,NM-003163,2,2026-04-21 19:17:00,P13,,1.0,50.0,M0362,card
nimman,NM-003164,1,2026-04-22 07:58:00,P03,S,1.0,55.0,,card
nimman,NM-003165,1,2026-04-22 08:14:00,P03,L,1.0,75.0,M0702,card
nimman,NM-003166,1,2026-04-22 08:33:00,P01,L,1.0,65.0,M0052,qr
nimman,NM-003166,2,2026-04-22 08:33:00,P15,,1.0,75.0,M0052,qr
nimman,NM-003167,1,2026-04-22 08:45:00,P03,S,1.0,55.0,,cash
nimman,NM-003167,2,2026-04-22 08:45:00,P14,,1.0,85.0,,cash
nimman,NM-003168,1,2026-04-22 08:52:00,P06,M,1.0,75.0,,cash
nimman,NM-003169,1,2026-04-22 08:59:00,P12,,1.0,55.0,,card
nimman,NM-003169,2,2026-04-22 08:59:00,P03,M,1.0,65.0,,card
nimman,NM-003170,1,2026-04-22 09:10:00,P14,,1.0,85.0,M0301,qr
nimman,NM-003171,1,2026-04-22 09:25:00,P03,M,1.0,65.0,,cash
nimman,NM-003172,1,2026-04-22 09:40:00,P12,,1.0,55.0,M0392,card
nimman,NM-003173,1,2026-04-22 09:59:00,P10,M,2.0,60.0,,card
nimman,NM-003174,1,2026-04-22 10:18:00,P02,S,1.0,45.0,M0451,qr
nimman,NM-003174,2,2026-04-22 10:18:00,P12,,1.0,55.0,M0451,qr
nimman,NM-003174,3,2026-04-22 10:18:00,P06,M,1.0,75.0,M0451,qr
nimman,NM-003175,1,2026-04-22 11:10:00,P08,S,1.0,60.0,,card
nimman,NM-003176,1,2026-04-22 11:45:00,P05,M,1.0,70.0,,card
nimman,NM-003177,1,2026-04-22 12:00:00,P04,S,3.0,55.0,,qr
nimman,NM-003177,2,2026-04-22 12:00:00,P07,M,1.0,55.0,,qr
nimman,NM-003178,1,2026-04-22 12:06:00,P08,L,1.0,80.0,M0018,cash
nimman,NM-003179,1,2026-04-22 12:18:00,P11,M,3.0,60.0,,card
nimman,NM-003180,1,2026-04-22 12:53:00,P02,S,1.0,45.0,,qr
nimman,NM-003180,2,2026-04-22 12:53:00,P12,,1.0,55.0,,qr
nimman,NM-003181,1,2026-04-22 14:06:00,P08,M,1.0,70.0,M0317,qr
nimman,NM-003182,1,2026-04-22 14:50:00,P11,S,1.0,50.0,,cash
nimman,NM-003183,1,2026-04-22 15:39:00,P02,L,1.0,65.0,M0168,qr
nimman,NM-003183,2,2026-04-22 15:39:00,P12,,1.0,55.0,M0168,qr
nimman,NM-003184,1,2026-04-22 15:56:00,P15,,3.0,75.0,,qr
nimman,NM-003185,1,2026-04-22 16:07:00,P08,M,1.0,70.0,,qr
nimman,NM-003186,1,2026-04-22 18:18:00,P14,,1.0,85.0,M0353,qr
nimman,NM-003186,2,2026-04-22 18:18:00,P09,L,1.0,60.0,M0353,qr
nimman,NM-003187,1,2026-04-22 18:41:00,P13,,1.0,50.0,,qr
nimman,NM-003188,1,2026-04-22 18:52:00,P07,M,1.0,55.0,,qr
nimman,NM-003188,2,2026-04-22 18:52:00,P13,,1.0,50.0,,qr
nimman,NM-003189,1,2026-04-22 19:11:00,P08,M,1.0,70.0,,qr
nimman,NM-003190,1,2026-04-23 07:33:00,P06,M,1.0,75.0,M0642,qr
nimman,NM-003191,1,2026-04-23 07:42:00,P03,M,1.0,65.0,M0280,cash
nimman,NM-003191,2,2026-04-23 07:42:00,P14,,1.0,85.0,M0280,cash
nimman,NM-003192,1,2026-04-23 08:03:00,P03,M,1.0,65.0,M0522,card
nimman,NM-003192,2,2026-04-23 08:03:00,P14,,1.0,85.0,M0522,card
nimman,NM-003193,1,2026-04-23 09:52:00,P03,S,1.0,55.0,,qr
nimman,NM-003193,2,2026-04-23 09:52:00,P14,,1.0,85.0,,qr
nimman,NM-003194,1,2026-04-23 10:24:00,P12,,1.0,55.0,,qr
nimman,NM-003195,1,2026-04-23 10:48:00,P06,S,1.0,65.0,M0514,qr
nimman,NM-003196,1,2026-04-23 10:54:00,P03,L,3.0,75.0,,cash
nimman,NM-003196,2,2026-04-23 10:54:00,P14,,1.0,85.0,,cash
nimman,NM-003196,3,2026-04-23 10:54:00,P09,M,1.0,50.0,,cash
nimman,NM-003197,1,2026-04-23 11:08:00,P09,L,1.0,60.0,,cash
nimman,NM-003197,2,2026-04-23 11:08:00,P08,M,1.0,70.0,,cash
nimman,NM-003198,1,2026-04-23 11:39:00,P02,L,2.0,65.0,M0401,qr
nimman,NM-003199,1,2026-04-23 12:06:00,P07,M,1.0,55.0,,cash
nimman,NM-003199,2,2026-04-23 12:06:00,P13,,1.0,50.0,,cash
nimman,NM-003199,3,2026-04-23 12:06:00,P04,L,1.0,75.0,,cash
nimman,NM-003200,1,2026-04-23 12:51:00,P07,M,1.0,55.0,M0115,qr
nimman,NM-003201,1,2026-04-23 13:06:00,P05,S,3.0,60.0,,card
nimman,NM-003202,1,2026-04-23 14:12:00,P15,,1.0,75.0,,cash
nimman,NM-003202,2,2026-04-23 14:12:00,P10,M,1.0,60.0,,cash
nimman,NM-003203,1,2026-04-23 14:24:00,P07,L,1.0,65.0,M0248,qr
nimman,NM-003204,1,2026-04-23 14:44:00,P02,M,2.0,55.0,,qr
nimman,NM-003204,2,2026-04-23 14:44:00,P12,,1.0,55.0,,qr
nimman,NM-003205,1,2026-04-23 14:45:00,P06,S,2.0,65.0,,card
nimman,NM-003206,1,2026-04-23 15:28:00,P12,,1.0,55.0,M0618,qr
nimman,NM-003207,1,2026-04-23 15:49:00,P08,S,2.0,60.0,M0171,card
nimman,NM-003208,1,2026-04-23 15:59:00,P12,,1.0,55.0,M0548,card
nimman,NM-003209,1,2026-04-23 16:14:00,P04,M,1.0,65.0,,qr
nimman,NM-003210,1,2026-04-23 19:01:00,P03,S,1.0,55.0,,qr
nimman,NM-003211,1,2026-04-24 07:04:00,P02,M,1.0,55.0,,cash
nimman,NM-003212,1,2026-04-24 07:31:00,P08,L,1.0,80.0,,cash
nimman,NM-003213,1,2026-04-24 07:51:00,P15,,1.0,75.0,,card
nimman,NM-003214,1,2026-04-24 07:55:00,P02,L,1.0,65.0,M0431,card
nimman,NM-003215,1,2026-04-24 08:20:00,P03,L,1.0,75.0,,qr
nimman,NM-003215,2,2026-04-24 08:20:00,P14,,1.0,85.0,,qr
nimman,NM-003216,1,2026-04-24 08:24:00,P03,M,1.0,65.0,,qr
nimman,NM-003216,2,2026-04-24 08:24:00,P14,,1.0,85.0,,qr
nimman,NM-003217,1,2026-04-24 08:32:00,P06,S,1.0,65.0,,qr
nimman,NM-003218,1,2026-04-24 08:32:00,P07,L,1.0,65.0,,cash
nimman,NM-003218,2,2026-04-24 08:32:00,P13,,1.0,50.0,,cash
nimman,NM-003219,1,2026-04-24 08:35:00,P13,,2.0,50.0,M0247,qr
nimman,NM-003220,1,2026-04-24 08:36:00,P03,M,2.0,65.0,,qr
nimman,NM-003221,1,2026-04-24 08:53:00,P02,M,1.0,55.0,,qr
nimman,NM-003222,1,2026-04-24 09:04:00,P05,L,1.0,80.0,,cash
nimman,NM-003223,1,2026-04-24 09:17:00,P02,S,1.0,45.0,M0383,cash
nimman,NM-003223,2,2026-04-24 09:17:00,P07,M,1.0,55.0,M0383,cash
nimman,NM-003224,1,2026-04-24 09:59:00,P08,M,1.0,70.0,,qr
nimman,NM-003225,1,2026-04-24 10:08:00,P03,M,3.0,65.0,M0672,qr
nimman,NM-003225,2,2026-04-24 10:08:00,P14,,1.0,85.0,M0672,qr
nimman,NM-003226,1,2026-04-24 10:15:00,P04,S,1.0,55.0,,qr
nimman,NM-003227,1,2026-04-24 11:04:00,P12,,1.0,55.0,,qr
nimman,NM-003228,1,2026-04-24 11:09:00,P09,M,2.0,50.0,M0659,qr
nimman,NM-003229,1,2026-04-24 11:14:00,P05,M,1.0,70.0,,qr
nimman,NM-003230,1,2026-04-24 11:43:00,P14,,1.0,85.0,,qr
nimman,NM-003231,1,2026-04-24 13:14:00,P12,,2.0,55.0,,qr
nimman,NM-003232,1,2026-04-24 14:04:00,P02,S,1.0,45.0,M0426,card
nimman,NM-003232,2,2026-04-24 14:04:00,P12,,1.0,55.0,M0426,card
nimman,NM-003233,1,2026-04-24 14:16:00,P07,S,1.0,45.0,M0744,qr
nimman,NM-003234,1,2026-04-24 14:38:00,P03,L,1.0,75.0,,cash
nimman,NM-003234,2,2026-04-24 14:38:00,P14,,1.0,85.0,,cash
nimman,NM-003235,1,2026-04-24 15:52:00,P04,S,1.0,55.0,M0531,qr
nimman,NM-003236,1,2026-04-24 16:43:00,P12,,2.0,55.0,M0228,cash
nimman,NM-003237,1,2026-04-24 17:42:00,P07,S,1.0,45.0,,cash
nimman,NM-003238,1,2026-04-24 18:37:00,P04,M,1.0,65.0,,card
nimman,NM-003238,2,2026-04-24 18:37:00,P13,,1.0,50.0,,card
nimman,NM-003239,1,2026-04-25 08:00:00,P12,,2.0,55.0,,qr
nimman,NM-003240,1,2026-04-25 08:12:00,P04,S,2.0,55.0,,cash
nimman,NM-003240,2,2026-04-25 08:12:00,P15,,1.0,75.0,,cash
nimman,NM-003241,1,2026-04-25 08:27:00,P03,M,1.0,65.0,M0137,qr
nimman,NM-003241,2,2026-04-25 08:27:00,P14,,1.0,85.0,M0137,qr
nimman,NM-003242,1,2026-04-25 08:33:00,P02,M,1.0,55.0,,card
nimman,NM-003242,2,2026-04-25 08:33:00,P12,,1.0,55.0,,card
nimman,NM-003243,1,2026-04-25 08:35:00,P06,L,1.0,85.0,,qr
nimman,NM-003244,1,2026-04-25 08:38:00,P12,,1.0,55.0,,qr
nimman,NM-003245,1,2026-04-25 09:06:00,P04,M,1.0,65.0,,qr
nimman,NM-003246,1,2026-04-25 09:08:00,P01,S,1.0,45.0,,qr
nimman,NM-003246,2,2026-04-25 09:08:00,P15,,1.0,75.0,,qr
nimman,NM-003247,1,2026-04-25 09:18:00,P14,,1.0,85.0,M0385,qr
nimman,NM-003248,1,2026-04-25 09:25:00,P04,M,1.0,65.0,,cash
nimman,NM-003249,1,2026-04-25 09:34:00,P03,M,1.0,65.0,M0074,cash
nimman,NM-003249,2,2026-04-25 09:34:00,P14,,1.0,85.0,M0074,cash
nimman,NM-003250,1,2026-04-25 09:39:00,P02,S,1.0,45.0,,cash
nimman,NM-003250,2,2026-04-25 09:39:00,P12,,1.0,55.0,,cash
nimman,NM-003251,1,2026-04-25 09:43:00,P04,S,1.0,55.0,M0702,qr
nimman,NM-003252,1,2026-04-25 09:57:00,P03,M,2.0,65.0,,card
nimman,NM-003252,2,2026-04-25 09:57:00,P14,,1.0,85.0,,card
nimman,NM-003253,1,2026-04-25 10:03:00,P06,M,2.0,75.0,,qr
nimman,NM-003254,1,2026-04-25 10:29:00,P03,L,2.0,75.0,,qr
nimman,NM-003255,1,2026-04-25 10:36:00,P05,S,1.0,60.0,,qr
nimman,NM-003256,1,2026-04-25 10:42:00,P13,,2.0,50.0,,card
nimman,NM-003257,1,2026-04-25 10:58:00,P05,S,2.0,60.0,,card
nimman,NM-003258,1,2026-04-25 10:59:00,P03,S,1.0,55.0,,cash
nimman,NM-003259,1,2026-04-25 11:30:00,P03,M,2.0,65.0,M0604,card
nimman,NM-003260,1,2026-04-25 11:51:00,P04,M,1.0,65.0,,cash
nimman,NM-003261,1,2026-04-25 12:01:00,P09,S,2.0,40.0,,qr
nimman,NM-003262,1,2026-04-25 14:06:00,P05,M,1.0,70.0,M0372,card
nimman,NM-003263,1,2026-04-25 14:36:00,P06,M,1.0,75.0,,cash
nimman,NM-003263,2,2026-04-25 14:36:00,P14,,1.0,85.0,,cash
nimman,NM-003264,1,2026-04-25 14:48:00,P12,,2.0,55.0,M0193,cash
nimman,NM-003265,1,2026-04-25 15:02:00,P12,,1.0,55.0,M0304,qr
nimman,NM-003266,1,2026-04-25 15:19:00,P04,M,1.0,65.0,M0491,qr
nimman,NM-003267,1,2026-04-25 15:53:00,P06,L,3.0,85.0,,qr
nimman,NM-003268,1,2026-04-25 15:55:00,P12,,3.0,55.0,M0629,qr
nimman,NM-003269,1,2026-04-25 15:55:00,P04,S,1.0,55.0,,qr
nimman,NM-003270,1,2026-04-25 16:15:00,P13,,2.0,50.0,M0018,qr
nimman,NM-003271,1,2026-04-25 16:40:00,P03,M,1.0,65.0,M0604,qr
nimman,NM-003271,2,2026-04-25 16:40:00,P14,,1.0,85.0,M0604,qr
nimman,NM-003272,1,2026-04-25 16:59:00,P10,S,1.0,50.0,M0376,qr
nimman,NM-003273,1,2026-04-25 17:05:00,P07,M,1.0,55.0,M0409,card
nimman,NM-003273,2,2026-04-25 17:05:00,P13,,1.0,50.0,M0409,card
nimman,NM-003274,1,2026-04-25 17:06:00,P08,M,1.0,70.0,M0023,qr
nimman,NM-003275,1,2026-04-25 17:12:00,P11,S,2.0,50.0,M0059,qr
nimman,NM-003276,1,2026-04-25 17:59:00,P03,M,1.0,65.0,M0662,qr
nimman,NM-003276,2,2026-04-25 17:59:00,P14,,1.0,85.0,M0662,qr
nimman,NM-003277,1,2026-04-25 18:48:00,P12,,1.0,55.0,M0793,qr
nimman,NM-003277,2,2026-04-25 18:48:00,P15,,1.0,75.0,M0793,qr
nimman,NM-003278,1,2026-04-25 18:54:00,P08,M,1.0,70.0,M0149,qr
nimman,NM-003279,1,2026-04-25 18:59:00,P07,M,1.0,55.0,,card
nimman,NM-003279,2,2026-04-25 18:59:00,P13,,1.0,50.0,,card
nimman,NM-003280,1,2026-04-25 19:04:00,P15,,2.0,75.0,M0587,qr
nimman,NM-003281,1,2026-04-25 19:31:00,P07,M,1.0,55.0,,card
nimman,NM-003281,2,2026-04-25 19:31:00,P13,,1.0,50.0,,card
nimman,NM-003282,1,2026-04-26 07:13:00,P07,M,3.0,55.0,M0704,qr
nimman,NM-003282,2,2026-04-26 07:13:00,P13,,1.0,50.0,M0704,qr
nimman,NM-003283,1,2026-04-26 07:49:00,P09,M,3.0,50.0,M0137,cash
nimman,NM-003283,2,2026-04-26 07:49:00,P06,L,1.0,85.0,M0137,cash
nimman,NM-003284,1,2026-04-26 08:41:00,P12,,1.0,55.0,M0198,qr
nimman,NM-003285,1,2026-04-26 08:42:00,P03,S,1.0,55.0,,qr
nimman,NM-003286,1,2026-04-26 08:48:00,P06,S,1.0,65.0,,qr
nimman,NM-003287,1,2026-04-26 08:53:00,P09,S,1.0,40.0,,card
nimman,NM-003287,2,2026-04-26 08:53:00,P03,M,1.0,65.0,,card
nimman,NM-003288,1,2026-04-26 09:04:00,P03,M,1.0,65.0,M0134,qr
nimman,NM-003288,2,2026-04-26 09:04:00,P07,M,1.0,55.0,M0134,qr
nimman,NM-003289,1,2026-04-26 09:39:00,P10,M,1.0,60.0,M0730,qr
nimman,NM-003290,1,2026-04-26 09:40:00,P03,S,2.0,55.0,,cash
nimman,NM-003290,2,2026-04-26 09:40:00,P14,,1.0,85.0,,cash
nimman,NM-003291,1,2026-04-26 09:48:00,P06,L,1.0,85.0,M0676,qr
nimman,NM-003292,1,2026-04-26 09:51:00,P13,,1.0,50.0,,card
nimman,NM-003293,1,2026-04-26 09:52:00,P09,M,1.0,50.0,,qr
nimman,NM-003294,1,2026-04-26 10:31:00,P04,M,1.0,65.0,,qr
nimman,NM-003295,1,2026-04-26 11:53:00,P02,S,1.0,45.0,M0316,cash
nimman,NM-003295,2,2026-04-26 11:53:00,P12,,1.0,55.0,M0316,cash
nimman,NM-003296,1,2026-04-26 11:57:00,P06,M,1.0,75.0,,qr
nimman,NM-003297,1,2026-04-26 12:00:00,P02,L,1.0,65.0,M0081,qr
nimman,NM-003298,1,2026-04-26 12:09:00,P03,M,1.0,65.0,M0373,card
nimman,NM-003299,1,2026-04-26 12:18:00,P05,L,3.0,80.0,,card
nimman,NM-003300,1,2026-04-26 12:57:00,P07,M,2.0,55.0,,card
nimman,NM-003300,2,2026-04-26 12:57:00,P13,,1.0,50.0,,card
nimman,NM-003301,1,2026-04-26 14:21:00,P04,M,1.0,65.0,M0301,qr
nimman,NM-003302,1,2026-04-26 14:57:00,P11,M,1.0,60.0,,qr
nimman,NM-003303,1,2026-04-26 15:09:00,P09,M,3.0,50.0,M0509,card
nimman,NM-003304,1,2026-04-26 16:24:00,P01,S,2.0,45.0,,card
nimman,NM-003304,2,2026-04-26 16:24:00,P15,,1.0,75.0,,card
nimman,NM-003305,1,2026-04-26 17:18:00,P08,L,1.0,80.0,,qr
nimman,NM-003306,1,2026-04-26 17:34:00,P03,S,1.0,55.0,,card
nimman,NM-003307,1,2026-04-26 17:55:00,P03,M,1.0,65.0,,card
nimman,NM-003307,2,2026-04-26 17:55:00,P02,M,1.0,55.0,,card
nimman,NM-003308,1,2026-04-26 18:45:00,P03,M,1.0,65.0,M0208,qr
nimman,NM-003309,1,2026-04-26 19:40:00,P11,M,3.0,60.0,M0390,card
nimman,NM-003310,1,2026-04-27 07:49:00,P02,S,1.0,45.0,,qr
nimman,NM-003311,1,2026-04-27 07:55:00,P13,,1.0,50.0,,card
nimman,NM-003312,1,2026-04-27 09:06:00,P03,S,2.0,55.0,M0278,cash
nimman,NM-003313,1,2026-04-27 09:13:00,P02,M,1.0,55.0,,qr
nimman,NM-003313,2,2026-04-27 09:13:00,P06,M,1.0,75.0,,qr
nimman,NM-003314,1,2026-04-27 09:27:00,P11,S,2.0,50.0,,qr
nimman,NM-003315,1,2026-04-27 09:44:00,P03,M,1.0,65.0,M0247,cash
nimman,NM-003315,2,2026-04-27 09:44:00,P14,,1.0,85.0,M0247,cash
nimman,NM-003315,3,2026-04-27 09:44:00,P07,M,1.0,55.0,M0247,cash
nimman,NM-003316,1,2026-04-27 09:53:00,P05,L,1.0,80.0,M0562,cash
nimman,NM-003317,1,2026-04-27 10:32:00,P03,M,1.0,65.0,,cash
nimman,NM-003317,2,2026-04-27 10:32:00,P14,,1.0,85.0,,cash
nimman,NM-003317,3,2026-04-27 10:32:00,P13,,1.0,50.0,,cash
nimman,NM-003318,1,2026-04-27 10:49:00,P05,S,1.0,60.0,,card
nimman,NM-003318,2,2026-04-27 10:49:00,P12,,1.0,55.0,,card
nimman,NM-003319,1,2026-04-27 11:14:00,P02,S,1.0,45.0,,cash
nimman,NM-003320,1,2026-04-27 12:10:00,P02,S,1.0,45.0,M0482,qr
nimman,NM-003321,1,2026-04-27 14:27:00,P10,S,1.0,50.0,,qr
nimman,NM-003322,1,2026-04-27 15:16:00,P08,M,1.0,70.0,,qr
nimman,NM-003323,1,2026-04-27 15:43:00,P02,S,1.0,45.0,,cash
nimman,NM-003324,1,2026-04-27 15:46:00,P13,,1.0,50.0,M0280,qr
nimman,NM-003325,1,2026-04-27 16:08:00,P08,L,1.0,80.0,,qr
nimman,NM-003326,1,2026-04-27 17:42:00,P08,M,1.0,70.0,M0287,qr
nimman,NM-003326,2,2026-04-27 17:42:00,P15,,1.0,75.0,M0287,qr
nimman,NM-003327,1,2026-04-27 18:05:00,P15,,2.0,75.0,,cash
nimman,NM-003328,1,2026-04-27 19:09:00,P08,L,1.0,80.0,,qr
nimman,NM-003328,2,2026-04-27 19:09:00,P15,,1.0,75.0,,qr
nimman,NM-003329,1,2026-04-28 07:00:00,P05,M,1.0,70.0,M0782,qr
nimman,NM-003330,1,2026-04-28 07:13:00,P05,L,3.0,80.0,,card
nimman,NM-003330,2,2026-04-28 07:13:00,P14,,1.0,85.0,,card
nimman,NM-003331,1,2026-04-28 08:24:00,P03,L,1.0,75.0,,qr
nimman,NM-003331,2,2026-04-28 08:24:00,P11,M,1.0,60.0,,qr
nimman,NM-003332,1,2026-04-28 08:47:00,P02,M,1.0,55.0,M0634,cash
nimman,NM-003332,2,2026-04-28 08:47:00,P12,,1.0,55.0,M0634,cash
nimman,NM-003333,1,2026-04-28 09:02:00,P07,M,2.0,55.0,M0456,qr
nimman,NM-003334,1,2026-04-28 09:05:00,P08,S,2.0,60.0,,cash
nimman,NM-003335,1,2026-04-28 09:08:00,P02,L,2.0,65.0,,card
nimman,NM-003335,2,2026-04-28 09:08:00,P12,,1.0,55.0,,card
nimman,NM-003336,1,2026-04-28 09:46:00,P01,M,1.0,55.0,M0470,card
nimman,NM-003336,2,2026-04-28 09:46:00,P15,,1.0,75.0,M0470,card
nimman,NM-003337,1,2026-04-28 10:07:00,P04,S,1.0,55.0,M0333,qr
nimman,NM-003338,1,2026-04-28 10:27:00,P15,,1.0,75.0,M0315,qr
nimman,NM-003339,1,2026-04-28 11:26:00,P03,L,1.0,75.0,,cash
nimman,NM-003339,2,2026-04-28 11:26:00,P13,,1.0,50.0,,cash
nimman,NM-003340,1,2026-04-28 11:40:00,P02,M,1.0,55.0,,qr
nimman,NM-003341,1,2026-04-28 11:45:00,P08,L,1.0,80.0,,card
nimman,NM-003342,1,2026-04-28 13:07:00,P08,L,1.0,80.0,,qr
nimman,NM-003343,1,2026-04-28 13:35:00,P02,M,1.0,55.0,M0097,card
nimman,NM-003344,1,2026-04-28 13:35:00,P07,L,1.0,65.0,,cash
nimman,NM-003345,1,2026-04-28 14:43:00,P07,L,1.0,65.0,,qr
nimman,NM-003345,2,2026-04-28 14:43:00,P13,,1.0,50.0,,qr
nimman,NM-003346,1,2026-04-28 15:16:00,P07,S,1.0,45.0,,card
nimman,NM-003346,2,2026-04-28 15:16:00,P13,,1.0,50.0,,card
nimman,NM-003347,1,2026-04-28 15:39:00,P08,M,1.0,70.0,M0491,qr
nimman,NM-003348,1,2026-04-28 16:07:00,P03,S,1.0,55.0,,card
nimman,NM-003349,1,2026-04-28 16:34:00,P08,M,2.0,70.0,,card
nimman,NM-003349,2,2026-04-28 16:34:00,P05,M,1.0,70.0,,card
nimman,NM-003350,1,2026-04-28 17:18:00,P08,M,1.0,70.0,M0301,qr
nimman,NM-003351,1,2026-04-28 17:40:00,P10,S,1.0,50.0,,card
nimman,NM-003352,1,2026-04-28 17:43:00,P10,M,1.0,60.0,,card
nimman,NM-003352,2,2026-04-28 17:43:00,P07,L,1.0,65.0,,card
nimman,NM-003353,1,2026-04-28 18:32:00,P07,M,2.0,55.0,,qr
nimman,NM-003353,2,2026-04-28 18:32:00,P13,,1.0,50.0,,qr
nimman,NM-003354,1,2026-04-28 18:51:00,P09,M,1.0,50.0,,card
nimman,NM-003354,2,2026-04-28 18:51:00,P15,,1.0,75.0,,card
nimman,NM-003355,1,2026-04-28 19:33:00,P12,,1.0,55.0,,qr
nimman,NM-003356,1,2026-04-28 19:51:00,P03,L,1.0,75.0,,card
nimman,NM-003356,2,2026-04-28 19:51:00,P14,,1.0,85.0,,card
nimman,NM-003357,1,2026-04-29 07:36:00,P05,M,1.0,70.0,,qr
nimman,NM-003358,1,2026-04-29 07:38:00,P15,,1.0,75.0,M0541,qr
nimman,NM-003359,1,2026-04-29 08:06:00,P03,L,1.0,75.0,M0315,qr
nimman,NM-003360,1,2026-04-29 08:56:00,P03,M,1.0,65.0,,cash
nimman,NM-003361,1,2026-04-29 09:00:00,P04,M,1.0,65.0,,qr
nimman,NM-003361,2,2026-04-29 09:00:00,P01,M,1.0,55.0,,qr
nimman,NM-003362,1,2026-04-29 09:20:00,P04,S,1.0,55.0,,qr
nimman,NM-003362,2,2026-04-29 09:20:00,P13,,1.0,50.0,,qr
nimman,NM-003362,3,2026-04-29 09:20:00,P05,M,1.0,70.0,,qr
nimman,NM-003363,1,2026-04-29 09:40:00,P04,M,1.0,65.0,,qr
nimman,NM-003363,2,2026-04-29 09:40:00,P15,,1.0,75.0,,qr
nimman,NM-003364,1,2026-04-29 09:49:00,P14,,1.0,85.0,M0422,cash
nimman,NM-003365,1,2026-04-29 10:06:00,P05,M,1.0,70.0,,qr
nimman,NM-003366,1,2026-04-29 13:32:00,P04,L,1.0,75.0,M0205,cash
nimman,NM-003367,1,2026-04-29 13:39:00,P09,M,2.0,50.0,,cash
nimman,NM-003368,1,2026-04-29 14:03:00,P08,M,1.0,70.0,M0530,qr
nimman,NM-003369,1,2026-04-29 14:40:00,P08,M,1.0,70.0,M0484,qr
nimman,NM-003370,1,2026-04-29 14:54:00,P10,S,1.0,50.0,M0633,card
nimman,NM-003371,1,2026-04-29 15:04:00,P08,S,1.0,60.0,,qr
nimman,NM-003372,1,2026-04-29 15:24:00,P03,S,2.0,55.0,,card
nimman,NM-003372,2,2026-04-29 15:24:00,P14,,1.0,85.0,,card
nimman,NM-003373,1,2026-04-29 16:49:00,P12,,2.0,55.0,,qr
nimman,NM-003374,1,2026-04-29 16:49:00,P06,S,1.0,65.0,,qr
nimman,NM-003375,1,2026-04-29 18:43:00,P09,M,1.0,50.0,,card
nimman,NM-003376,1,2026-04-29 19:07:00,P09,S,1.0,40.0,M0434,cash
nimman,NM-003377,1,2026-04-30 07:05:00,P05,L,1.0,80.0,,qr
nimman,NM-003377,2,2026-04-30 07:05:00,P12,,1.0,55.0,,qr
nimman,NM-003378,1,2026-04-30 07:11:00,P03,L,1.0,75.0,M0217,cash
nimman,NM-003379,1,2026-04-30 07:52:00,P06,L,2.0,85.0,M0168,qr
nimman,NM-003380,1,2026-04-30 08:40:00,P10,M,1.0,60.0,M0551,qr
nimman,NM-003381,1,2026-04-30 08:43:00,P02,S,1.0,45.0,M0252,card
nimman,NM-003382,1,2026-04-30 09:45:00,P15,,1.0,75.0,M0181,qr
nimman,NM-003382,2,2026-04-30 09:45:00,P10,M,1.0,60.0,M0181,qr
nimman,NM-003383,1,2026-04-30 09:48:00,P01,M,1.0,55.0,M0584,qr
nimman,NM-003383,2,2026-04-30 09:48:00,P15,,1.0,75.0,M0584,qr
nimman,NM-003384,1,2026-04-30 10:02:00,P10,M,1.0,60.0,M0149,qr
nimman,NM-003385,1,2026-04-30 10:12:00,P03,L,1.0,75.0,M0280,qr
nimman,NM-003386,1,2026-04-30 11:20:00,P02,S,1.0,45.0,M0268,qr
nimman,NM-003386,2,2026-04-30 11:20:00,P04,L,1.0,75.0,M0268,qr
nimman,NM-003387,1,2026-04-30 11:33:00,P03,L,1.0,75.0,,cash
nimman,NM-003388,1,2026-04-30 12:08:00,P12,,1.0,55.0,,qr
nimman,NM-003389,1,2026-04-30 12:17:00,P01,M,1.0,55.0,,cash
nimman,NM-003389,2,2026-04-30 12:17:00,P15,,1.0,75.0,,cash
nimman,NM-003390,1,2026-04-30 12:31:00,P10,M,1.0,60.0,,card
nimman,NM-003391,1,2026-04-30 12:37:00,P02,M,2.0,55.0,M0208,qr
nimman,NM-003392,1,2026-04-30 13:37:00,P07,M,1.0,55.0,M0407,card
nimman,NM-003392,2,2026-04-30 13:37:00,P14,,1.0,85.0,M0407,card
nimman,NM-003393,1,2026-04-30 14:33:00,P03,M,1.0,65.0,,qr
nimman,NM-003393,2,2026-04-30 14:33:00,P14,,1.0,85.0,,qr
nimman,NM-003394,1,2026-04-30 15:08:00,P02,M,1.0,55.0,,cash
nimman,NM-003394,2,2026-04-30 15:08:00,P11,M,1.0,60.0,,cash
nimman,NM-003395,1,2026-04-30 15:09:00,P13,,1.0,50.0,M0553,card
nimman,NM-003396,1,2026-04-30 15:24:00,P02,M,2.0,55.0,M0182,qr
nimman,NM-003397,1,2026-04-30 15:41:00,P02,M,2.0,55.0,,card
nimman,NM-003398,1,2026-04-30 16:08:00,P12,,3.0,55.0,,qr
nimman,NM-003399,1,2026-04-30 17:24:00,P07,L,3.0,65.0,M0618,qr
nimman,NM-003399,2,2026-04-30 17:24:00,P15,,1.0,75.0,M0618,qr
nimman,NM-003400,1,2026-04-30 18:01:00,P11,M,1.0,60.0,,card
nimman,NM-003401,1,2026-04-30 19:57:00,P15,,1.0,75.0,,cash
nimman,NM-003401,2,2026-04-30 19:57:00,P09,M,1.0,50.0,,cash
nimman,NM-003402,1,2026-05-01 07:00:00,P04,M,1.0,65.0,,card
nimman,NM-003403,1,2026-05-01 07:41:00,P03,M,1.0,65.0,M0565,card
nimman,NM-003403,2,2026-05-01 07:41:00,P14,,1.0,85.0,M0565,card
nimman,NM-003404,1,2026-05-01 08:15:00,P05,M,2.0,70.0,,card
nimman,NM-003405,1,2026-05-01 08:28:00,P06,S,1.0,65.0,,card
nimman,NM-003406,1,2026-05-01 08:38:00,P09,S,1.0,40.0,,qr
nimman,NM-003407,1,2026-05-01 08:58:00,P03,L,1.0,75.0,,qr
nimman,NM-003408,1,2026-05-01 09:10:00,P02,M,1.0,55.0,,card
nimman,NM-003409,1,2026-05-01 09:39:00,P03,M,1.0,65.0,M0681,cash
nimman,NM-003409,2,2026-05-01 09:39:00,P04,M,1.0,65.0,M0681,cash
nimman,NM-003410,1,2026-05-01 09:48:00,P10,L,1.0,70.0,,cash
nimman,NM-003411,1,2026-05-01 10:16:00,P06,M,1.0,75.0,,qr
nimman,NM-003411,2,2026-05-01 10:16:00,P12,,1.0,55.0,,qr
nimman,NM-003412,1,2026-05-01 10:53:00,P15,,1.0,75.0,,qr
nimman,NM-003412,2,2026-05-01 10:53:00,P03,L,1.0,75.0,,qr
nimman,NM-003413,1,2026-05-01 10:58:00,P02,M,1.0,55.0,M0195,qr
nimman,NM-003413,2,2026-05-01 10:58:00,P12,,1.0,55.0,M0195,qr
nimman,NM-003414,1,2026-05-01 11:31:00,P10,M,1.0,60.0,,qr
nimman,NM-003415,1,2026-05-01 12:27:00,P04,L,1.0,75.0,,card
nimman,NM-003415,2,2026-05-01 12:27:00,P06,M,1.0,75.0,,card
nimman,NM-003416,1,2026-05-01 13:21:00,P09,M,1.0,50.0,M0372,qr
nimman,NM-003416,2,2026-05-01 13:21:00,P15,,1.0,75.0,M0372,qr
nimman,NM-003416,3,2026-05-01 13:21:00,P08,L,1.0,80.0,M0372,qr
nimman,NM-003417,1,2026-05-01 13:25:00,P15,,1.0,75.0,,qr
nimman,NM-003418,1,2026-05-01 13:45:00,P04,M,1.0,65.0,M0006,card
nimman,NM-003419,1,2026-05-01 14:14:00,P03,L,1.0,75.0,M0651,qr
nimman,NM-003419,2,2026-05-01 14:14:00,P14,,1.0,85.0,M0651,qr
nimman,NM-003420,1,2026-05-01 14:20:00,P04,M,2.0,65.0,,qr
nimman,NM-003421,1,2026-05-01 14:22:00,P03,L,1.0,75.0,,qr
nimman,NM-003421,2,2026-05-01 14:22:00,P14,,1.0,85.0,,qr
nimman,NM-003421,3,2026-05-01 14:22:00,P09,M,1.0,50.0,,qr
nimman,NM-003422,1,2026-05-01 14:41:00,P12,,1.0,55.0,,cash
nimman,NM-003423,1,2026-05-01 15:02:00,P03,M,3.0,65.0,M0776,qr
nimman,NM-003424,1,2026-05-01 15:32:00,P02,M,1.0,55.0,M0694,qr
nimman,NM-003424,2,2026-05-01 15:32:00,P12,,1.0,55.0,M0694,qr
nimman,NM-003425,1,2026-05-01 15:34:00,P09,L,1.0,60.0,,card
nimman,NM-003426,1,2026-05-01 15:56:00,P10,L,1.0,70.0,M0381,qr
nimman,NM-003426,2,2026-05-01 15:56:00,P13,,1.0,50.0,M0381,qr
nimman,NM-003427,1,2026-05-01 16:10:00,P03,L,1.0,75.0,,card
nimman,NM-003427,2,2026-05-01 16:10:00,P14,,1.0,85.0,,card
nimman,NM-003428,1,2026-05-01 16:26:00,P13,,1.0,50.0,,qr
nimman,NM-003429,1,2026-05-01 16:39:00,P07,M,1.0,55.0,M0462,qr
nimman,NM-003429,2,2026-05-01 16:39:00,P11,M,1.0,60.0,M0462,qr
nimman,NM-003430,1,2026-05-01 17:40:00,P13,,1.0,50.0,M0314,card
nimman,NM-003430,2,2026-05-01 17:40:00,P10,S,1.0,50.0,M0314,card
nimman,NM-003431,1,2026-05-01 18:07:00,P07,M,1.0,55.0,M0538,qr
nimman,NM-003432,1,2026-05-01 18:12:00,P09,M,1.0,50.0,,qr
nimman,NM-003432,2,2026-05-01 18:12:00,P11,M,1.0,60.0,,qr
nimman,NM-003433,1,2026-05-01 18:22:00,P11,M,1.0,60.0,M0610,qr
nimman,NM-003434,1,2026-05-01 18:34:00,P07,S,3.0,45.0,,qr
nimman,NM-003434,2,2026-05-01 18:34:00,P12,,1.0,55.0,,qr
nimman,NM-003435,1,2026-05-02 08:27:00,P03,M,1.0,65.0,M0640,qr
nimman,NM-003435,2,2026-05-02 08:27:00,P02,M,1.0,55.0,M0640,qr
nimman,NM-003436,1,2026-05-02 08:29:00,P05,S,1.0,60.0,,card
nimman,NM-003437,1,2026-05-02 08:29:00,P03,M,1.0,65.0,M0467,qr
nimman,NM-003437,2,2026-05-02 08:29:00,P14,,1.0,85.0,M0467,qr
nimman,NM-003437,3,2026-05-02 08:29:00,P07,M,1.0,55.0,M0467,qr
nimman,NM-003438,1,2026-05-02 08:30:00,P11,S,1.0,50.0,,card
nimman,NM-003439,1,2026-05-02 08:35:00,P04,S,1.0,55.0,M0437,cash
nimman,NM-003440,1,2026-05-02 08:47:00,P03,M,1.0,65.0,,qr
nimman,NM-003441,1,2026-05-02 09:03:00,P15,,1.0,75.0,M0498,qr
nimman,NM-003442,1,2026-05-02 09:12:00,P06,M,2.0,75.0,,cash
nimman,NM-003443,1,2026-05-02 10:40:00,P03,L,1.0,75.0,M0044,qr
nimman,NM-003443,2,2026-05-02 10:40:00,P14,,1.0,85.0,M0044,qr
nimman,NM-003444,1,2026-05-02 10:44:00,P02,M,1.0,55.0,M0468,qr
nimman,NM-003444,2,2026-05-02 10:44:00,P12,,1.0,55.0,M0468,qr
nimman,NM-003445,1,2026-05-02 10:56:00,P02,M,1.0,55.0,M0182,cash
nimman,NM-003445,2,2026-05-02 10:56:00,P12,,1.0,55.0,M0182,cash
nimman,NM-003446,1,2026-05-02 11:15:00,P02,M,1.0,55.0,,cash
nimman,NM-003447,1,2026-05-02 12:12:00,P15,,1.0,75.0,M0112,cash
nimman,NM-003447,2,2026-05-02 12:12:00,P02,M,1.0,55.0,M0112,cash
nimman,NM-003448,1,2026-05-02 12:14:00,P15,,1.0,75.0,,card
nimman,NM-003449,1,2026-05-02 12:34:00,P04,M,1.0,65.0,,card
nimman,NM-003450,1,2026-05-02 14:04:00,P14,,1.0,85.0,M0225,qr
nimman,NM-003450,2,2026-05-02 14:04:00,P10,S,1.0,50.0,M0225,qr
nimman,NM-003451,1,2026-05-02 14:06:00,P13,,1.0,50.0,,qr
nimman,NM-003452,1,2026-05-02 14:11:00,P13,,1.0,50.0,,qr
nimman,NM-003452,2,2026-05-02 14:11:00,P12,,1.0,55.0,,qr
nimman,NM-003453,1,2026-05-02 14:13:00,P08,M,1.0,70.0,M0795,qr
nimman,NM-003454,1,2026-05-02 14:34:00,P11,L,1.0,70.0,,qr
nimman,NM-003455,1,2026-05-02 14:34:00,P06,M,1.0,75.0,,qr
nimman,NM-003456,1,2026-05-02 14:41:00,P07,M,2.0,55.0,M0432,qr
nimman,NM-003456,2,2026-05-02 14:41:00,P13,,1.0,50.0,M0432,qr
nimman,NM-003456,3,2026-05-02 14:41:00,P12,,1.0,55.0,M0432,qr
nimman,NM-003457,1,2026-05-02 14:52:00,P09,L,1.0,60.0,M0371,qr
nimman,NM-003457,2,2026-05-02 14:52:00,P03,S,1.0,55.0,M0371,qr
nimman,NM-003458,1,2026-05-02 15:12:00,P04,L,1.0,75.0,M0265,cash
nimman,NM-003459,1,2026-05-02 15:13:00,P14,,2.0,85.0,M0060,qr
nimman,NM-003460,1,2026-05-02 15:24:00,P06,M,1.0,75.0,M0621,cash
nimman,NM-003461,1,2026-05-02 16:26:00,P07,S,2.0,45.0,M0256,qr
nimman,NM-003461,2,2026-05-02 16:26:00,P13,,1.0,50.0,M0256,qr
nimman,NM-003462,1,2026-05-02 16:33:00,P13,,1.0,50.0,,qr
nimman,NM-003463,1,2026-05-02 16:42:00,P08,M,2.0,70.0,,qr
nimman,NM-003463,2,2026-05-02 16:42:00,P14,,1.0,85.0,,qr
nimman,NM-003464,1,2026-05-02 18:10:00,P14,,2.0,85.0,,card
nimman,NM-003465,1,2026-05-02 19:09:00,P08,M,3.0,70.0,M0606,qr
nimman,NM-003466,1,2026-05-03 07:22:00,P10,S,1.0,50.0,,cash
nimman,NM-003467,1,2026-05-03 07:39:00,P07,M,3.0,55.0,,qr
nimman,NM-003468,1,2026-05-03 07:54:00,P03,S,1.0,55.0,M0317,cash
nimman,NM-003468,2,2026-05-03 07:54:00,P14,,1.0,85.0,M0317,cash
nimman,NM-003469,1,2026-05-03 07:55:00,P01,M,3.0,55.0,,qr
nimman,NM-003469,2,2026-05-03 07:55:00,P15,,1.0,75.0,,qr
nimman,NM-003470,1,2026-05-03 08:14:00,P03,M,2.0,65.0,M0010,card
nimman,NM-003471,1,2026-05-03 08:14:00,P08,M,1.0,70.0,,cash
nimman,NM-003471,2,2026-05-03 08:14:00,P12,,1.0,55.0,,cash
nimman,NM-003472,1,2026-05-03 08:25:00,P01,L,1.0,65.0,,card
nimman,NM-003472,2,2026-05-03 08:25:00,P15,,1.0,75.0,,card
nimman,NM-003472,3,2026-05-03 08:25:00,P07,M,1.0,55.0,,card
nimman,NM-003473,1,2026-05-03 08:33:00,P03,M,1.0,65.0,,cash
nimman,NM-003473,2,2026-05-03 08:33:00,P04,S,1.0,55.0,,cash
nimman,NM-003474,1,2026-05-03 08:33:00,P15,,1.0,75.0,,qr
nimman,NM-003475,1,2026-05-03 08:48:00,P05,L,1.0,80.0,M0437,qr
nimman,NM-003476,1,2026-05-03 08:58:00,P04,M,3.0,65.0,M0663,qr
nimman,NM-003476,2,2026-05-03 08:58:00,P14,,1.0,85.0,M0663,qr
nimman,NM-003477,1,2026-05-03 09:05:00,P02,S,1.0,45.0,,card
nimman,NM-003477,2,2026-05-03 09:05:00,P12,,1.0,55.0,,card
nimman,NM-003478,1,2026-05-03 09:49:00,P07,S,1.0,45.0,,qr
nimman,NM-003479,1,2026-05-03 09:57:00,P03,S,2.0,55.0,,qr
nimman,NM-003479,2,2026-05-03 09:57:00,P14,,1.0,85.0,,qr
nimman,NM-003480,1,2026-05-03 10:02:00,P06,M,2.0,75.0,,cash
nimman,NM-003481,1,2026-05-03 10:24:00,P03,S,1.0,55.0,M0219,qr
nimman,NM-003481,2,2026-05-03 10:24:00,P14,,1.0,85.0,M0219,qr
nimman,NM-003482,1,2026-05-03 10:44:00,P02,S,1.0,45.0,,qr
nimman,NM-003483,1,2026-05-03 10:55:00,P05,L,1.0,80.0,M0089,card
nimman,NM-003483,2,2026-05-03 10:55:00,P15,,1.0,75.0,M0089,card
nimman,NM-003484,1,2026-05-03 12:15:00,P14,,1.0,85.0,M0437,qr
nimman,NM-003485,1,2026-05-03 12:22:00,P11,L,3.0,70.0,M0385,qr
nimman,NM-003486,1,2026-05-03 12:24:00,P08,M,1.0,70.0,,qr
nimman,NM-003487,1,2026-05-03 12:51:00,P02,M,1.0,55.0,M0378,qr
nimman,NM-003488,1,2026-05-03 13:05:00,P06,M,3.0,75.0,,cash
nimman,NM-003488,2,2026-05-03 13:05:00,P15,,1.0,75.0,,cash
nimman,NM-003488,3,2026-05-03 13:05:00,P07,L,1.0,65.0,,cash
nimman,NM-003489,1,2026-05-03 13:47:00,P15,,2.0,75.0,M0681,qr
nimman,NM-003490,1,2026-05-03 14:43:00,P02,M,1.0,55.0,M0471,qr
nimman,NM-003491,1,2026-05-03 14:54:00,P02,M,1.0,55.0,M0263,qr
nimman,NM-003491,2,2026-05-03 14:54:00,P12,,1.0,55.0,M0263,qr
nimman,NM-003492,1,2026-05-03 15:15:00,P02,M,1.0,55.0,M0057,cash
nimman,NM-003492,2,2026-05-03 15:15:00,P12,,1.0,55.0,M0057,cash
nimman,NM-003493,1,2026-05-03 15:27:00,P05,S,1.0,60.0,,qr
nimman,NM-003494,1,2026-05-03 16:01:00,P13,,1.0,50.0,,qr
nimman,NM-003495,1,2026-05-03 16:32:00,P14,,1.0,85.0,,card
nimman,NM-003496,1,2026-05-03 18:37:00,P07,M,1.0,55.0,M0009,cash
nimman,NM-003496,2,2026-05-03 18:37:00,P13,,1.0,50.0,M0009,cash
nimman,NM-003497,1,2026-05-03 19:53:00,P12,,1.0,55.0,,card
nimman,NM-003498,1,2026-05-04 07:09:00,P02,M,1.0,55.0,,cash
nimman,NM-003498,2,2026-05-04 07:09:00,P12,,1.0,55.0,,cash
nimman,NM-003499,1,2026-05-04 07:21:00,P03,M,1.0,65.0,M0686,cash
nimman,NM-003500,1,2026-05-04 07:57:00,P03,L,1.0,75.0,,card
nimman,NM-003500,2,2026-05-04 07:57:00,P14,,1.0,85.0,,card
nimman,NM-003501,1,2026-05-04 08:02:00,P06,L,1.0,85.0,M0074,card
nimman,NM-003501,2,2026-05-04 08:02:00,P10,M,1.0,60.0,M0074,card
nimman,NM-003502,1,2026-05-04 08:02:00,P02,M,1.0,55.0,,qr
nimman,NM-003502,2,2026-05-04 08:02:00,P12,,1.0,55.0,,qr
nimman,NM-003503,1,2026-05-04 08:15:00,P07,M,1.0,55.0,,qr
nimman,NM-003504,1,2026-05-04 08:22:00,P09,M,1.0,50.0,,card
nimman,NM-003504,2,2026-05-04 08:22:00,P07,S,1.0,45.0,,card
nimman,NM-003505,1,2026-05-04 08:33:00,P05,M,1.0,70.0,,card
nimman,NM-003506,1,2026-05-04 08:35:00,P10,S,1.0,50.0,,card
nimman,NM-003506,2,2026-05-04 08:35:00,P14,,1.0,85.0,,card
nimman,NM-003507,1,2026-05-04 09:24:00,P07,L,1.0,65.0,,cash
nimman,NM-003508,1,2026-05-04 09:26:00,P02,M,32.0,55.0,,card
nimman,NM-003509,1,2026-05-04 09:49:00,P02,M,1.0,55.0,,card
nimman,NM-003510,1,2026-05-04 09:54:00,P05,M,1.0,70.0,M0254,cash
nimman,NM-003511,1,2026-05-04 10:10:00,P03,M,1.0,65.0,,qr
nimman,NM-003511,2,2026-05-04 10:10:00,P14,,1.0,85.0,,qr
nimman,NM-003511,3,2026-05-04 10:10:00,P10,M,1.0,60.0,,qr
nimman,NM-003512,1,2026-05-04 10:14:00,P06,M,1.0,75.0,M0236,cash
nimman,NM-003513,1,2026-05-04 10:16:00,P04,S,1.0,55.0,,qr
nimman,NM-003514,1,2026-05-04 10:18:00,P02,M,1.0,55.0,,cash
nimman,NM-003514,2,2026-05-04 10:18:00,P12,,1.0,55.0,,cash
nimman,NM-003515,1,2026-05-04 10:35:00,P04,L,1.0,75.0,M0139,qr
nimman,NM-003516,1,2026-05-04 10:47:00,P15,,1.0,75.0,,qr
nimman,NM-003517,1,2026-05-04 10:51:00,P03,S,1.0,55.0,M0317,cash
nimman,NM-003517,2,2026-05-04 10:51:00,P14,,1.0,85.0,M0317,cash
nimman,NM-003518,1,2026-05-04 11:32:00,P15,,1.0,75.0,,qr
nimman,NM-003519,1,2026-05-04 11:40:00,P03,L,2.0,75.0,,cash
nimman,NM-003519,2,2026-05-04 11:40:00,P14,,1.0,85.0,,cash
nimman,NM-003520,1,2026-05-04 11:43:00,P05,M,1.0,70.0,M0795,qr
nimman,NM-003521,1,2026-05-04 12:36:00,P08,L,2.0,80.0,M0770,qr
nimman,NM-003521,2,2026-05-04 12:36:00,P01,M,1.0,55.0,M0770,qr
nimman,NM-003522,1,2026-05-04 13:22:00,P06,M,1.0,75.0,M0800,qr
nimman,NM-003522,2,2026-05-04 13:22:00,P12,,1.0,55.0,M0800,qr
nimman,NM-003522,3,2026-05-04 13:22:00,P03,S,1.0,55.0,M0800,qr
nimman,NM-003523,1,2026-05-04 13:55:00,P07,M,1.0,55.0,,qr
nimman,NM-003524,1,2026-05-04 14:10:00,P08,M,1.0,70.0,,qr
nimman,NM-003525,1,2026-05-04 14:26:00,P10,M,1.0,60.0,M0069,qr
nimman,NM-003526,1,2026-05-04 14:43:00,P08,L,1.0,80.0,,qr
nimman,NM-003527,1,2026-05-04 15:34:00,P07,S,1.0,45.0,,qr
nimman,NM-003527,2,2026-05-04 15:34:00,P13,,1.0,50.0,,qr
nimman,NM-003528,1,2026-05-04 15:41:00,P03,M,2.0,65.0,M0782,qr
nimman,NM-003528,2,2026-05-04 15:41:00,P14,,1.0,85.0,M0782,qr
nimman,NM-003529,1,2026-05-04 16:20:00,P09,L,2.0,60.0,,qr
nimman,NM-003529,2,2026-05-04 16:20:00,P12,,1.0,55.0,,qr
nimman,NM-003530,1,2026-05-04 16:38:00,P01,L,3.0,65.0,M0637,qr
nimman,NM-003531,1,2026-05-04 17:01:00,P10,L,1.0,70.0,M0390,qr
nimman,NM-003532,1,2026-05-05 07:23:00,P07,L,2.0,65.0,,qr
nimman,NM-003532,2,2026-05-05 07:23:00,P13,,1.0,50.0,,qr
nimman,NM-003533,1,2026-05-05 07:50:00,P01,S,1.0,45.0,M0527,qr
nimman,NM-003534,1,2026-05-05 07:51:00,P09,M,1.0,50.0,,qr
nimman,NM-003535,1,2026-05-05 08:02:00,P07,S,3.0,45.0,,card
nimman,NM-003535,2,2026-05-05 08:02:00,P13,,1.0,50.0,,card
nimman,NM-003536,1,2026-05-05 08:14:00,P03,M,1.0,65.0,,qr
nimman,NM-003536,2,2026-05-05 08:14:00,P14,,1.0,85.0,,qr
nimman,NM-003537,1,2026-05-05 08:22:00,P13,,1.0,50.0,,cash
nimman,NM-003538,1,2026-05-05 08:28:00,P02,M,1.0,55.0,,qr
nimman,NM-003538,2,2026-05-05 08:28:00,P12,,1.0,55.0,,qr
nimman,NM-003539,1,2026-05-05 08:46:00,P06,L,1.0,85.0,,qr
nimman,NM-003540,1,2026-05-05 09:05:00,P03,L,1.0,75.0,M0378,qr
nimman,NM-003541,1,2026-05-05 09:10:00,P03,M,2.0,65.0,M0596,qr
nimman,NM-003542,1,2026-05-05 09:52:00,P04,S,1.0,55.0,,cash
nimman,NM-003543,1,2026-05-05 09:58:00,P05,L,1.0,80.0,,cash
nimman,NM-003544,1,2026-05-05 10:29:00,P08,S,1.0,60.0,M0108,card
nimman,NM-003545,1,2026-05-05 10:56:00,P10,L,1.0,70.0,,cash
nimman,NM-003545,2,2026-05-05 10:56:00,P07,S,1.0,45.0,,cash
nimman,NM-003546,1,2026-05-05 12:46:00,P10,S,1.0,50.0,M0066,qr
nimman,NM-003547,1,2026-05-05 13:06:00,P02,S,3.0,45.0,,card
nimman,NM-003547,2,2026-05-05 13:06:00,P12,,1.0,55.0,,card
nimman,NM-003548,1,2026-05-05 13:08:00,P04,S,1.0,55.0,M0756,qr
nimman,NM-003548,2,2026-05-05 13:08:00,P13,,1.0,50.0,M0756,qr
nimman,NM-003549,1,2026-05-05 13:23:00,P13,,1.0,50.0,,qr
nimman,NM-003550,1,2026-05-05 13:26:00,P08,M,1.0,70.0,,qr
nimman,NM-003551,1,2026-05-05 14:00:00,P03,S,1.0,55.0,,cash
nimman,NM-003551,2,2026-05-05 14:00:00,P14,,1.0,85.0,,cash
nimman,NM-003552,1,2026-05-05 14:38:00,P10,L,1.0,70.0,,qr
nimman,NM-003552,2,2026-05-05 14:38:00,P03,M,1.0,65.0,,qr
nimman,NM-003553,1,2026-05-05 14:58:00,P03,M,1.0,65.0,M0443,cash
nimman,NM-003554,1,2026-05-05 15:03:00,P02,M,2.0,55.0,,card
nimman,NM-003555,1,2026-05-05 15:19:00,P11,M,1.0,60.0,M0058,cash
nimman,NM-003556,1,2026-05-05 15:43:00,P11,M,1.0,60.0,,card
nimman,NM-003557,1,2026-05-05 16:38:00,P14,,1.0,85.0,,cash
nimman,NM-003558,1,2026-05-05 16:46:00,P04,M,1.0,65.0,,qr
nimman,NM-003559,1,2026-05-05 16:52:00,P09,M,1.0,50.0,,qr
nimman,NM-003560,1,2026-05-05 17:02:00,P15,,1.0,75.0,,qr
nimman,NM-003561,1,2026-05-05 17:06:00,P13,,1.0,50.0,,cash
nimman,NM-003562,1,2026-05-05 19:20:00,P09,S,1.0,40.0,M0452,qr
nimman,NM-003563,1,2026-05-05 19:36:00,P06,L,2.0,85.0,,card
nimman,NM-003564,1,2026-05-06 07:10:00,P01,M,1.0,55.0,,qr
nimman,NM-003565,1,2026-05-06 07:34:00,P02,S,1.0,45.0,M0223,qr
nimman,NM-003566,1,2026-05-06 07:40:00,P15,,1.0,75.0,,qr
nimman,NM-003567,1,2026-05-06 08:40:00,P08,M,1.0,70.0,,qr
nimman,NM-003568,1,2026-05-06 08:49:00,P01,L,1.0,65.0,,qr
nimman,NM-003569,1,2026-05-06 09:10:00,P02,M,1.0,55.0,M0745,qr
nimman,NM-003569,2,2026-05-06 09:10:00,P12,,1.0,55.0,M0745,qr
nimman,NM-003569,3,2026-05-06 09:10:00,P10,L,1.0,70.0,M0745,qr
nimman,NM-003570,1,2026-05-06 10:04:00,P03,S,1.0,55.0,,card
nimman,NM-003571,1,2026-05-06 10:24:00,P12,,2.0,55.0,M0445,card
nimman,NM-003572,1,2026-05-06 10:58:00,P08,M,1.0,70.0,,qr
nimman,NM-003573,1,2026-05-06 11:26:00,P03,L,1.0,75.0,,cash
nimman,NM-003574,1,2026-05-06 11:33:00,P08,L,1.0,80.0,M0193,qr
nimman,NM-003575,1,2026-05-06 12:02:00,P08,L,1.0,80.0,,card
nimman,NM-003576,1,2026-05-06 13:33:00,P02,L,1.0,65.0,M0412,cash
nimman,NM-003576,2,2026-05-06 13:33:00,P12,,1.0,55.0,M0412,cash
nimman,NM-003577,1,2026-05-06 14:05:00,P07,M,1.0,55.0,,qr
nimman,NM-003578,1,2026-05-06 15:15:00,P08,M,2.0,70.0,M0462,cash
nimman,NM-003579,1,2026-05-06 16:03:00,P07,M,1.0,55.0,,qr
nimman,NM-003579,2,2026-05-06 16:03:00,P13,,1.0,50.0,,qr
nimman,NM-003580,1,2026-05-06 16:04:00,P04,L,1.0,75.0,,card
nimman,NM-003581,1,2026-05-06 16:38:00,P04,M,1.0,65.0,,qr
nimman,NM-003582,1,2026-05-06 16:53:00,P07,L,1.0,65.0,M0203,qr
nimman,NM-003583,1,2026-05-06 18:00:00,P12,,1.0,55.0,M0036,qr
nimman,NM-003584,1,2026-05-06 18:01:00,P03,M,1.0,65.0,M0246,qr
nimman,NM-003584,2,2026-05-06 18:01:00,P13,,1.0,50.0,M0246,qr
nimman,NM-003585,1,2026-05-06 19:05:00,P02,L,1.0,65.0,,cash
nimman,NM-003585,2,2026-05-06 19:05:00,P12,,1.0,55.0,,cash
nimman,NM-003586,1,2026-05-07 07:00:00,P03,M,1.0,65.0,,qr
nimman,NM-003586,2,2026-05-07 07:00:00,P04,M,1.0,65.0,,qr
nimman,NM-003587,1,2026-05-07 07:58:00,P08,L,1.0,80.0,,qr
nimman,NM-003587,2,2026-05-07 07:58:00,P14,,1.0,85.0,,qr
nimman,NM-003588,1,2026-05-07 08:30:00,P07,M,3.0,55.0,,card
nimman,NM-003588,2,2026-05-07 08:30:00,P13,,1.0,50.0,,card
nimman,NM-003589,1,2026-05-07 09:14:00,P04,M,2.0,65.0,,cash
nimman,NM-003590,1,2026-05-07 09:28:00,P10,S,1.0,50.0,,cash
nimman,NM-003591,1,2026-05-07 09:37:00,P02,S,3.0,45.0,M0772,cash
nimman,NM-003591,2,2026-05-07 09:37:00,P12,,1.0,55.0,M0772,cash
nimman,NM-003592,1,2026-05-07 09:49:00,P05,M,2.0,70.0,,qr
nimman,NM-003592,2,2026-05-07 09:49:00,P15,,1.0,75.0,,qr
nimman,NM-003593,1,2026-05-07 10:14:00,P13,,1.0,50.0,,qr
nimman,NM-003594,1,2026-05-07 10:30:00,P11,M,1.0,60.0,M0785,card
nimman,NM-003595,1,2026-05-07 10:31:00,P06,M,1.0,75.0,M0383,qr
nimman,NM-003596,1,2026-05-07 10:43:00,P06,M,1.0,75.0,,qr
nimman,NM-003596,2,2026-05-07 10:43:00,P07,M,1.0,55.0,,qr
nimman,NM-003597,1,2026-05-07 10:46:00,P03,M,1.0,65.0,,qr
nimman,NM-003597,2,2026-05-07 10:46:00,P14,,1.0,85.0,,qr
nimman,NM-003598,1,2026-05-07 10:57:00,P02,M,1.0,55.0,,cash
nimman,NM-003599,1,2026-05-07 10:59:00,P06,M,1.0,75.0,,card
nimman,NM-003600,1,2026-05-07 11:22:00,P12,,1.0,55.0,,qr
nimman,NM-003601,1,2026-05-07 11:40:00,P06,M,1.0,75.0,,qr
nimman,NM-003602,1,2026-05-07 12:59:00,P05,M,1.0,70.0,,qr
nimman,NM-003603,1,2026-05-07 13:12:00,P08,L,1.0,80.0,M0642,qr
nimman,NM-003603,2,2026-05-07 13:12:00,P06,L,1.0,85.0,M0642,qr
nimman,NM-003604,1,2026-05-07 13:59:00,P06,L,1.0,85.0,,card
nimman,NM-003605,1,2026-05-07 14:06:00,P03,M,1.0,65.0,M0190,qr
nimman,NM-003605,2,2026-05-07 14:06:00,P14,,1.0,85.0,M0190,qr
nimman,NM-003606,1,2026-05-07 14:10:00,P03,S,1.0,55.0,,cash
nimman,NM-003607,1,2026-05-07 14:44:00,P02,L,1.0,65.0,M0398,qr
nimman,NM-003608,1,2026-05-07 14:58:00,P13,,1.0,50.0,,qr
nimman,NM-003609,1,2026-05-07 15:02:00,P01,L,1.0,65.0,M0462,qr
nimman,NM-003610,1,2026-05-07 15:20:00,P07,M,1.0,55.0,,qr
nimman,NM-003610,2,2026-05-07 15:20:00,P13,,1.0,50.0,,qr
nimman,NM-003611,1,2026-05-07 15:30:00,P04,L,2.0,75.0,M0681,qr
nimman,NM-003612,1,2026-05-07 16:31:00,P03,L,1.0,75.0,M0223,qr
nimman,NM-003612,2,2026-05-07 16:31:00,P08,S,1.0,60.0,M0223,qr
nimman,NM-003613,1,2026-05-07 17:21:00,P08,M,1.0,70.0,,card
nimman,NM-003613,2,2026-05-07 17:21:00,P15,,1.0,75.0,,card
nimman,NM-003614,1,2026-05-07 17:33:00,P07,M,1.0,55.0,M0056,card
nimman,NM-003615,1,2026-05-07 18:34:00,P05,S,1.0,60.0,,qr
nimman,NM-003616,1,2026-05-07 19:00:00,P09,L,1.0,60.0,,qr
nimman,NM-003617,1,2026-05-07 19:08:00,P06,S,1.0,65.0,M0186,card
nimman,NM-003617,2,2026-05-07 19:08:00,P13,,1.0,50.0,M0186,card
nimman,NM-003618,1,2026-05-08 08:08:00,P02,L,1.0,65.0,,cash
nimman,NM-003618,2,2026-05-08 08:08:00,P13,,1.0,50.0,,cash
nimman,NM-003619,1,2026-05-08 08:24:00,P05,M,1.0,70.0,,cash
nimman,NM-003619,2,2026-05-08 08:24:00,P15,,1.0,75.0,,cash
nimman,NM-003620,1,2026-05-08 08:29:00,P04,L,1.0,75.0,M0768,qr
nimman,NM-003621,1,2026-05-08 09:07:00,P03,L,1.0,75.0,,card
nimman,NM-003622,1,2026-05-08 09:13:00,P08,M,1.0,70.0,,qr
nimman,NM-003622,2,2026-05-08 09:13:00,P03,L,1.0,75.0,,qr
nimman,NM-003623,1,2026-05-08 09:18:00,P09,L,2.0,60.0,M0577,qr
nimman,NM-003624,1,2026-05-08 09:30:00,P08,L,1.0,80.0,,card
nimman,NM-003624,2,2026-05-08 09:30:00,P14,,1.0,85.0,,card
nimman,NM-003625,1,2026-05-08 09:40:00,P03,M,1.0,65.0,M0562,qr
nimman,NM-003625,2,2026-05-08 09:40:00,P14,,1.0,85.0,M0562,qr
nimman,NM-003626,1,2026-05-08 09:45:00,P03,S,1.0,55.0,,qr
nimman,NM-003626,2,2026-05-08 09:45:00,P01,S,1.0,45.0,,qr
nimman,NM-003627,1,2026-05-08 09:50:00,P03,M,2.0,65.0,,card
nimman,NM-003627,2,2026-05-08 09:50:00,P14,,1.0,85.0,,card
nimman,NM-003628,1,2026-05-08 10:51:00,P06,M,1.0,75.0,,qr
nimman,NM-003628,2,2026-05-08 10:51:00,P15,,1.0,75.0,,qr
nimman,NM-003629,1,2026-05-08 11:59:00,P06,M,3.0,75.0,M0058,cash
nimman,NM-003629,2,2026-05-08 11:59:00,P10,M,1.0,60.0,M0058,cash
nimman,NM-003630,1,2026-05-08 12:57:00,P10,S,1.0,50.0,,cash
nimman,NM-003631,1,2026-05-08 13:11:00,P15,,1.0,75.0,M0248,cash
nimman,NM-003632,1,2026-05-08 14:06:00,P03,M,1.0,65.0,,qr
nimman,NM-003633,1,2026-05-08 14:36:00,P10,M,1.0,60.0,,qr
nimman,NM-003634,1,2026-05-08 14:56:00,P12,,1.0,55.0,,qr
nimman,NM-003635,1,2026-05-08 15:06:00,P08,L,1.0,80.0,,qr
nimman,NM-003636,1,2026-05-08 15:09:00,P12,,1.0,55.0,M0003,cash
nimman,NM-003637,1,2026-05-08 16:33:00,P08,M,1.0,70.0,,cash
nimman,NM-003638,1,2026-05-08 16:40:00,P02,M,1.0,55.0,,cash
nimman,NM-003639,1,2026-05-08 16:45:00,P03,M,1.0,65.0,,cash
nimman,NM-003639,2,2026-05-08 16:45:00,P14,,1.0,85.0,,cash
nimman,NM-003640,1,2026-05-08 17:04:00,P09,L,1.0,60.0,M0263,cash
nimman,NM-003641,1,2026-05-08 17:53:00,P02,M,1.0,55.0,M0669,card
nimman,NM-003641,2,2026-05-08 17:53:00,P12,,1.0,55.0,M0669,card
nimman,NM-003642,1,2026-05-08 18:01:00,P02,S,2.0,45.0,,qr
nimman,NM-003643,1,2026-05-08 18:08:00,P03,M,1.0,65.0,,card
nimman,NM-003644,1,2026-05-09 07:19:00,P12,,1.0,55.0,M0399,card
nimman,NM-003645,1,2026-05-09 07:25:00,P09,M,1.0,50.0,M0468,card
nimman,NM-003646,1,2026-05-09 08:02:00,P03,L,1.0,75.0,,qr
nimman,NM-003646,2,2026-05-09 08:02:00,P14,,1.0,85.0,,qr
nimman,NM-003647,1,2026-05-09 08:09:00,P03,M,1.0,65.0,,card
nimman,NM-003647,2,2026-05-09 08:09:00,P14,,1.0,85.0,,card
nimman,NM-003648,1,2026-05-09 08:14:00,P03,M,1.0,65.0,,qr
nimman,NM-003649,1,2026-05-09 08:16:00,P03,L,2.0,75.0,,card
nimman,NM-003649,2,2026-05-09 08:16:00,P14,,1.0,85.0,,card
nimman,NM-003650,1,2026-05-09 08:19:00,P06,L,1.0,85.0,M0089,qr
nimman,NM-003651,1,2026-05-09 08:28:00,P03,S,1.0,55.0,,cash
nimman,NM-003652,1,2026-05-09 08:29:00,P12,,2.0,55.0,M0274,qr
nimman,NM-003652,2,2026-05-09 08:29:00,P07,M,1.0,55.0,M0274,qr
nimman,NM-003653,1,2026-05-09 08:39:00,P13,,1.0,50.0,M0537,qr
nimman,NM-003654,1,2026-05-09 08:43:00,P02,M,1.0,55.0,M0099,qr
nimman,NM-003654,2,2026-05-09 08:43:00,P12,,1.0,55.0,M0099,qr
nimman,NM-003655,1,2026-05-09 08:51:00,P08,M,1.0,70.0,,qr
nimman,NM-003656,1,2026-05-09 08:57:00,P06,M,1.0,75.0,M0722,cash
nimman,NM-003657,1,2026-05-09 09:01:00,P01,M,2.0,55.0,,cash
nimman,NM-003657,2,2026-05-09 09:01:00,P15,,1.0,75.0,,cash
nimman,NM-003658,1,2026-05-09 09:08:00,P02,S,1.0,45.0,,qr
nimman,NM-003658,2,2026-05-09 09:08:00,P12,,1.0,55.0,,qr
nimman,NM-003659,1,2026-05-09 09:32:00,P08,S,2.0,60.0,,card
nimman,NM-003659,2,2026-05-09 09:32:00,P06,M,1.0,75.0,,card
nimman,NM-003660,1,2026-05-09 09:33:00,P08,L,1.0,80.0,,cash
nimman,NM-003661,1,2026-05-09 09:34:00,P15,,1.0,75.0,,cash
nimman,NM-003662,1,2026-05-09 09:50:00,P03,L,1.0,75.0,M0181,card
nimman,NM-003662,2,2026-05-09 09:50:00,P13,,1.0,50.0,M0181,card
nimman,NM-003663,1,2026-05-09 09:58:00,P15,,1.0,75.0,M0444,cash
nimman,NM-003664,1,2026-05-09 10:05:00,P08,S,1.0,60.0,,qr
nimman,NM-003665,1,2026-05-09 10:14:00,P03,S,1.0,55.0,M0258,qr
nimman,NM-003665,2,2026-05-09 10:14:00,P14,,1.0,85.0,M0258,qr
nimman,NM-003666,1,2026-05-09 11:03:00,P06,L,1.0,85.0,M0304,qr
nimman,NM-003667,1,2026-05-09 13:04:00,P10,S,2.0,50.0,,qr
nimman,NM-003668,1,2026-05-09 13:07:00,P07,S,2.0,45.0,M0059,cash
nimman,NM-003668,2,2026-05-09 13:07:00,P12,,1.0,55.0,M0059,cash
nimman,NM-003669,1,2026-05-09 13:14:00,P04,M,1.0,65.0,,qr
nimman,NM-003669,2,2026-05-09 13:14:00,P12,,1.0,55.0,,qr
nimman,NM-003670,1,2026-05-09 13:22:00,P07,S,1.0,45.0,M0217,cash
nimman,NM-003671,1,2026-05-09 13:45:00,P01,L,1.0,65.0,,cash
nimman,NM-003671,2,2026-05-09 13:45:00,P15,,1.0,75.0,,cash
nimman,NM-003672,1,2026-05-09 14:04:00,P02,L,1.0,65.0,,qr
nimman,NM-003673,1,2026-05-09 14:11:00,P03,S,1.0,55.0,,card
nimman,NM-003673,2,2026-05-09 14:11:00,P14,,1.0,85.0,,card
nimman,NM-003674,1,2026-05-09 14:23:00,P08,M,1.0,70.0,,cash
nimman,NM-003675,1,2026-05-09 15:00:00,P06,S,2.0,65.0,,cash
nimman,NM-003676,1,2026-05-09 15:04:00,P11,M,1.0,60.0,,cash
nimman,NM-003677,1,2026-05-09 15:38:00,P03,M,1.0,65.0,,cash
nimman,NM-003678,1,2026-05-09 15:44:00,P06,L,1.0,85.0,M0235,qr
nimman,NM-003679,1,2026-05-09 16:01:00,P13,,1.0,50.0,M0431,qr
nimman,NM-003680,1,2026-05-09 16:08:00,P08,S,3.0,60.0,M0489,cash
nimman,NM-003681,1,2026-05-09 16:34:00,P03,S,1.0,55.0,,card
nimman,NM-003682,1,2026-05-09 16:41:00,P04,M,1.0,65.0,M0768,cash
nimman,NM-003683,1,2026-05-09 17:37:00,P05,L,1.0,80.0,M0009,qr
nimman,NM-003683,2,2026-05-09 17:37:00,P15,,1.0,75.0,M0009,qr
nimman,NM-003684,1,2026-05-09 18:08:00,P08,L,2.0,80.0,,qr
nimman,NM-003685,1,2026-05-09 19:15:00,P06,M,2.0,75.0,M0501,cash
nimman,NM-003685,2,2026-05-09 19:15:00,P10,S,1.0,50.0,M0501,cash
nimman,NM-003686,1,2026-05-10 07:19:00,P05,M,1.0,70.0,,qr
nimman,NM-003686,2,2026-05-10 07:19:00,P14,,1.0,85.0,,qr
nimman,NM-003687,1,2026-05-10 07:46:00,P03,M,1.0,65.0,,card
nimman,NM-003688,1,2026-05-10 08:28:00,P11,S,2.0,50.0,M0094,qr
nimman,NM-003689,1,2026-05-10 08:29:00,P09,M,2.0,50.0,,cash
nimman,NM-003690,1,2026-05-10 08:32:00,P08,S,1.0,60.0,M0706,qr
nimman,NM-003691,1,2026-05-10 08:37:00,P12,,1.0,55.0,,qr
nimman,NM-003692,1,2026-05-10 08:46:00,P10,L,1.0,70.0,,cash
nimman,NM-003692,2,2026-05-10 08:46:00,P09,M,1.0,50.0,,cash
nimman,NM-003693,1,2026-05-10 08:50:00,P04,M,1.0,65.0,,qr
nimman,NM-003694,1,2026-05-10 09:06:00,P02,S,1.0,45.0,M0680,cash
nimman,NM-003695,1,2026-05-10 09:18:00,P03,M,1.0,65.0,M0070,qr
nimman,NM-003695,2,2026-05-10 09:18:00,P14,,1.0,85.0,M0070,qr
nimman,NM-003696,1,2026-05-10 09:28:00,P07,L,1.0,65.0,M0412,qr
nimman,NM-003697,1,2026-05-10 09:45:00,P12,,1.0,55.0,,qr
nimman,NM-003698,1,2026-05-10 09:53:00,P03,M,1.0,65.0,M0434,qr
nimman,NM-003698,2,2026-05-10 09:53:00,P14,,1.0,85.0,M0434,qr
nimman,NM-003699,1,2026-05-10 10:09:00,P03,M,2.0,65.0,M0520,card
nimman,NM-003699,2,2026-05-10 10:09:00,P14,,1.0,85.0,M0520,card
nimman,NM-003700,1,2026-05-10 10:14:00,P02,M,1.0,55.0,,cash
nimman,NM-003701,1,2026-05-10 10:14:00,P01,M,1.0,55.0,,cash
nimman,NM-003702,1,2026-05-10 10:14:00,P07,S,1.0,45.0,M0689,cash
nimman,NM-003703,1,2026-05-10 10:17:00,P04,M,1.0,65.0,,qr
nimman,NM-003704,1,2026-05-10 10:29:00,P02,L,3.0,65.0,M0181,qr
nimman,NM-003705,1,2026-05-10 10:38:00,P03,M,1.0,65.0,,cash
nimman,NM-003705,2,2026-05-10 10:38:00,P13,,1.0,50.0,,cash
nimman,NM-003706,1,2026-05-10 11:16:00,P07,L,1.0,65.0,,qr
nimman,NM-003706,2,2026-05-10 11:16:00,P13,,1.0,50.0,,qr
nimman,NM-003707,1,2026-05-10 12:55:00,P09,M,1.0,50.0,,qr
nimman,NM-003708,1,2026-05-10 13:28:00,P07,M,1.0,55.0,,qr
nimman,NM-003708,2,2026-05-10 13:28:00,P13,,1.0,50.0,,qr
nimman,NM-003709,1,2026-05-10 14:08:00,P08,S,1.0,60.0,M0027,qr
nimman,NM-003710,1,2026-05-10 14:12:00,P05,M,3.0,70.0,M0577,cash
nimman,NM-003711,1,2026-05-10 14:43:00,P11,M,1.0,60.0,,qr
nimman,NM-003712,1,2026-05-10 14:55:00,P10,M,1.0,60.0,,qr
nimman,NM-003713,1,2026-05-10 15:00:00,P07,S,1.0,45.0,,qr
nimman,NM-003713,2,2026-05-10 15:00:00,P13,,1.0,50.0,,qr
nimman,NM-003714,1,2026-05-10 15:29:00,P07,S,1.0,45.0,,qr
nimman,NM-003714,2,2026-05-10 15:29:00,P13,,1.0,50.0,,qr
nimman,NM-003715,1,2026-05-10 15:36:00,P03,L,1.0,75.0,M0502,cash
nimman,NM-003716,1,2026-05-10 15:40:00,P06,M,1.0,75.0,,qr
nimman,NM-003717,1,2026-05-10 15:52:00,P09,L,1.0,60.0,M0454,card
nimman,NM-003718,1,2026-05-10 16:26:00,P06,M,1.0,75.0,M0412,qr
nimman,NM-003719,1,2026-05-10 16:28:00,P10,S,1.0,50.0,,qr
nimman,NM-003720,1,2026-05-10 16:48:00,P03,L,1.0,75.0,,cash
nimman,NM-003721,1,2026-05-10 16:50:00,P09,L,1.0,60.0,M0471,qr
nimman,NM-003722,1,2026-05-10 16:52:00,P06,M,1.0,75.0,M0468,cash
nimman,NM-003723,1,2026-05-10 17:25:00,P14,,1.0,85.0,M0533,qr
nimman,NM-003723,2,2026-05-10 17:25:00,P04,M,1.0,65.0,M0533,qr
nimman,NM-003724,1,2026-05-10 17:52:00,P02,S,1.0,45.0,,cash
nimman,NM-003724,2,2026-05-10 17:52:00,P12,,1.0,55.0,,cash
nimman,NM-003725,1,2026-05-10 18:02:00,P10,L,1.0,70.0,,cash
nimman,NM-003725,2,2026-05-10 18:02:00,P15,,1.0,75.0,,cash
nimman,NM-003726,1,2026-05-10 18:09:00,P10,M,3.0,60.0,,card
nimman,NM-003727,1,2026-05-10 18:49:00,P13,,1.0,50.0,,cash
nimman,NM-003728,1,2026-05-11 08:08:00,P09,L,2.0,60.0,M0361,card
nimman,NM-003729,1,2026-05-11 08:59:00,P07,L,1.0,65.0,,cash
nimman,NM-003729,2,2026-05-11 08:59:00,P13,,1.0,50.0,,cash
nimman,NM-003730,1,2026-05-11 08:59:00,P08,M,1.0,70.0,M0076,qr
nimman,NM-003731,1,2026-05-11 09:40:00,P07,M,1.0,55.0,,qr
nimman,NM-003732,1,2026-05-11 09:41:00,P08,S,1.0,60.0,M0795,card
nimman,NM-003733,1,2026-05-11 09:46:00,P06,S,1.0,65.0,M0003,qr
nimman,NM-003734,1,2026-05-11 10:22:00,P06,L,1.0,85.0,,qr
nimman,NM-003735,1,2026-05-11 11:14:00,P06,M,1.0,75.0,,qr
nimman,NM-003736,1,2026-05-11 11:35:00,P02,M,1.0,55.0,,qr
nimman,NM-003737,1,2026-05-11 11:50:00,P06,S,1.0,65.0,,qr
nimman,NM-003737,2,2026-05-11 11:50:00,P15,,1.0,75.0,,qr
nimman,NM-003738,1,2026-05-11 12:29:00,P08,M,1.0,70.0,,qr
nimman,NM-003738,2,2026-05-11 12:29:00,P05,S,1.0,60.0,,qr
nimman,NM-003739,1,2026-05-11 12:35:00,P11,L,1.0,70.0,M0605,cash
nimman,NM-003740,1,2026-05-11 14:06:00,P06,L,1.0,85.0,,qr
nimman,NM-003741,1,2026-05-11 14:23:00,P13,,1.0,50.0,M0686,qr
nimman,NM-003742,1,2026-05-11 14:27:00,P09,L,2.0,60.0,,cash
nimman,NM-003743,1,2026-05-11 14:30:00,P03,S,1.0,55.0,,card
nimman,NM-003744,1,2026-05-11 14:40:00,P10,L,3.0,70.0,M0060,card
nimman,NM-003745,1,2026-05-11 15:07:00,P12,,1.0,55.0,M0075,cash
nimman,NM-003746,1,2026-05-11 15:11:00,P02,M,1.0,55.0,,qr
nimman,NM-003747,1,2026-05-11 16:43:00,P12,,1.0,55.0,,qr
nimman,NM-003748,1,2026-05-11 16:52:00,P08,M,1.0,70.0,,qr
nimman,NM-003749,1,2026-05-11 17:31:00,P12,,2.0,55.0,,qr
nimman,NM-003750,1,2026-05-11 17:57:00,P03,L,3.0,75.0,,qr
nimman,NM-003750,2,2026-05-11 17:57:00,P14,,1.0,85.0,,qr
nimman,NM-003751,1,2026-05-11 18:30:00,P07,M,2.0,55.0,,card
nimman,NM-003752,1,2026-05-11 18:37:00,P09,M,2.0,50.0,,cash
nimman,NM-003753,1,2026-05-11 19:52:00,P10,L,1.0,70.0,,qr
nimman,NM-003753,2,2026-05-11 19:52:00,P13,,1.0,50.0,,qr
nimman,NM-003754,1,2026-05-12 08:04:00,P03,L,1.0,75.0,M0137,cash
nimman,NM-003754,2,2026-05-12 08:04:00,P04,L,1.0,75.0,M0137,cash
nimman,NM-003755,1,2026-05-12 08:08:00,P06,M,1.0,75.0,,qr
nimman,NM-003756,1,2026-05-12 09:00:00,P01,L,1.0,65.0,,cash
nimman,NM-003757,1,2026-05-12 09:05:00,P02,L,1.0,65.0,,cash
nimman,NM-003758,1,2026-05-12 09:55:00,P04,S,1.0,55.0,M0256,cash
nimman,NM-003759,1,2026-05-12 10:34:00,P03,M,2.0,65.0,,card
nimman,NM-003760,1,2026-05-12 10:36:00,P08,L,2.0,80.0,,qr
nimman,NM-003761,1,2026-05-12 11:06:00,P12,,1.0,55.0,M0744,card
nimman,NM-003761,2,2026-05-12 11:06:00,P05,M,1.0,70.0,M0744,card
nimman,NM-003762,1,2026-05-12 11:49:00,P11,L,2.0,70.0,,qr
nimman,NM-003763,1,2026-05-12 12:03:00,P05,M,1.0,70.0,M0386,card
nimman,NM-003764,1,2026-05-12 13:08:00,P11,L,1.0,70.0,,cash
nimman,NM-003765,1,2026-05-12 13:30:00,P06,S,2.0,65.0,,qr
nimman,NM-003766,1,2026-05-12 13:48:00,P12,,3.0,55.0,M0737,cash
nimman,NM-003767,1,2026-05-12 14:44:00,P15,,2.0,75.0,,cash
nimman,NM-003768,1,2026-05-12 16:00:00,P12,,1.0,55.0,M0768,qr
nimman,NM-003769,1,2026-05-12 16:01:00,P14,,2.0,85.0,M0315,qr
nimman,NM-003770,1,2026-05-12 16:25:00,P05,M,1.0,70.0,,card
nimman,NM-003771,1,2026-05-12 16:35:00,P12,,1.0,55.0,,qr
nimman,NM-003772,1,2026-05-12 17:37:00,P03,M,2.0,65.0,M0562,card
nimman,NM-003773,1,2026-05-13 07:06:00,P09,M,2.0,50.0,M0432,cash
nimman,NM-003774,1,2026-05-13 09:16:00,P12,,1.0,55.0,,qr
nimman,NM-003775,1,2026-05-13 09:21:00,P01,M,1.0,55.0,,cash
nimman,NM-003776,1,2026-05-13 09:33:00,P11,M,2.0,60.0,,qr
nimman,NM-003777,1,2026-05-13 10:05:00,P03,L,1.0,75.0,,cash
nimman,NM-003778,1,2026-05-13 10:07:00,P05,M,1.0,70.0,M0051,cash
nimman,NM-003779,1,2026-05-13 10:41:00,P05,L,1.0,80.0,M0274,card
nimman,NM-003780,1,2026-05-13 10:52:00,P11,L,1.0,70.0,M0006,qr
nimman,NM-003781,1,2026-05-13 11:05:00,P02,L,1.0,65.0,,cash
nimman,NM-003781,2,2026-05-13 11:05:00,P13,,1.0,50.0,,cash
nimman,NM-003782,1,2026-05-13 11:24:00,P02,M,1.0,55.0,,qr
nimman,NM-003782,2,2026-05-13 11:24:00,P12,,1.0,55.0,,qr
nimman,NM-003782,3,2026-05-13 11:24:00,P03,S,1.0,55.0,,qr
nimman,NM-003783,1,2026-05-13 12:26:00,P09,M,2.0,50.0,M0462,qr
nimman,NM-003784,1,2026-05-13 13:07:00,P02,M,1.0,55.0,,qr
nimman,NM-003785,1,2026-05-13 13:10:00,P01,L,1.0,65.0,,cash
nimman,NM-003786,1,2026-05-13 13:53:00,P09,S,1.0,40.0,M0339,cash
nimman,NM-003786,2,2026-05-13 13:53:00,P12,,1.0,55.0,M0339,cash
nimman,NM-003787,1,2026-05-13 14:34:00,P07,L,3.0,65.0,,card
nimman,NM-003788,1,2026-05-13 14:42:00,P02,M,1.0,55.0,,qr
nimman,NM-003788,2,2026-05-13 14:42:00,P05,L,1.0,80.0,,qr
nimman,NM-003789,1,2026-05-13 15:10:00,P10,M,1.0,60.0,,cash
nimman,NM-003790,1,2026-05-13 15:33:00,P10,M,1.0,60.0,,qr
nimman,NM-003791,1,2026-05-13 15:50:00,P12,,1.0,55.0,M0366,qr
nimman,NM-003792,1,2026-05-13 15:59:00,P10,M,1.0,60.0,,cash
nimman,NM-003793,1,2026-05-13 16:36:00,P13,,1.0,50.0,,qr
nimman,NM-003794,1,2026-05-13 16:43:00,P08,M,2.0,70.0,,cash
nimman,NM-003795,1,2026-05-13 17:39:00,P14,,2.0,85.0,M0011,cash
nimman,NM-003795,2,2026-05-13 17:39:00,P08,M,1.0,70.0,M0011,cash
nimman,NM-003796,1,2026-05-13 18:18:00,P10,M,2.0,60.0,M0350,qr
nimman,NM-003797,1,2026-05-13 19:42:00,P07,M,1.0,55.0,M0013,qr
nimman,NM-003797,2,2026-05-13 19:42:00,P15,,1.0,75.0,M0013,qr
nimman,NM-003797,3,2026-05-13 19:42:00,P03,S,1.0,55.0,M0013,qr
nimman,NM-003798,1,2026-05-14 07:31:00,P14,,1.0,85.0,M0651,qr
nimman,NM-003799,1,2026-05-14 07:53:00,P03,S,1.0,55.0,M0698,qr
nimman,NM-003800,1,2026-05-14 07:56:00,P02,L,2.0,65.0,,qr
nimman,NM-003800,2,2026-05-14 07:56:00,P14,,1.0,85.0,,qr
nimman,NM-003801,1,2026-05-14 08:02:00,P10,L,1.0,70.0,,qr
nimman,NM-003801,2,2026-05-14 08:02:00,P05,M,1.0,70.0,,qr
nimman,NM-003802,1,2026-05-14 08:13:00,P14,,3.0,85.0,,cash
nimman,NM-003803,1,2026-05-14 08:31:00,P05,M,3.0,70.0,M0012,qr
nimman,NM-003804,1,2026-05-14 08:43:00,P03,L,3.0,75.0,,qr
nimman,NM-003805,1,2026-05-14 09:28:00,P03,M,1.0,65.0,,cash
nimman,NM-003805,2,2026-05-14 09:28:00,P14,,1.0,85.0,,cash
nimman,NM-003806,1,2026-05-14 10:28:00,P02,L,1.0,65.0,M0382,card
nimman,NM-003807,1,2026-05-14 10:31:00,P04,M,1.0,65.0,,qr
nimman,NM-003808,1,2026-05-14 12:01:00,P09,L,3.0,60.0,,qr
nimman,NM-003808,2,2026-05-14 12:01:00,P12,,1.0,55.0,,qr
nimman,NM-003809,1,2026-05-14 12:15:00,P07,S,1.0,45.0,,qr
nimman,NM-003809,2,2026-05-14 12:15:00,P13,,1.0,50.0,,qr
nimman,NM-003810,1,2026-05-14 12:22:00,P13,,1.0,50.0,M0705,qr
nimman,NM-003811,1,2026-05-14 12:33:00,P13,,1.0,50.0,,card
nimman,NM-003811,2,2026-05-14 12:33:00,P05,S,1.0,60.0,,card
nimman,NM-003812,1,2026-05-14 12:34:00,P01,S,1.0,45.0,,qr
nimman,NM-003812,2,2026-05-14 12:34:00,P15,,1.0,75.0,,qr
nimman,NM-003812,3,2026-05-14 12:34:00,P09,M,1.0,50.0,,qr
nimman,NM-003813,1,2026-05-14 14:20:00,P07,S,1.0,45.0,,qr
nimman,NM-003813,2,2026-05-14 14:20:00,P13,,1.0,50.0,,qr
nimman,NM-003813,3,2026-05-14 14:20:00,P11,S,1.0,50.0,,qr
nimman,NM-003814,1,2026-05-14 15:33:00,P04,M,1.0,65.0,,cash
nimman,NM-003815,1,2026-05-14 15:42:00,P03,M,1.0,65.0,M0716,cash
nimman,NM-003816,1,2026-05-14 16:08:00,P08,S,1.0,60.0,,qr
nimman,NM-003817,1,2026-05-14 17:02:00,P01,M,3.0,55.0,M0383,card
nimman,NM-003817,2,2026-05-14 17:02:00,P07,M,1.0,55.0,M0383,card
nimman,NM-003818,1,2026-05-14 17:43:00,P03,L,1.0,75.0,,qr
nimman,NM-003818,2,2026-05-14 17:43:00,P12,,1.0,55.0,,qr
nimman,NM-003819,1,2026-05-14 19:18:00,P15,,2.0,75.0,,qr
nimman,NM-003820,1,2026-05-14 19:36:00,P05,S,1.0,60.0,M0331,qr
nimman,NM-003820,2,2026-05-14 19:36:00,P10,L,1.0,70.0,M0331,qr
nimman,NM-003821,1,2026-05-15 08:42:00,P10,M,1.0,60.0,M0126,card
nimman,NM-003821,2,2026-05-15 08:42:00,P13,,1.0,50.0,M0126,card
nimman,NM-003821,3,2026-05-15 08:42:00,P03,M,1.0,65.0,M0126,card
nimman,NM-003822,1,2026-05-15 08:55:00,P03,M,1.0,65.0,,qr
nimman,NM-003823,1,2026-05-15 09:26:00,P03,S,2.0,55.0,M0427,cash
nimman,NM-003823,2,2026-05-15 09:26:00,P14,,1.0,85.0,M0427,cash
nimman,NM-003824,1,2026-05-15 10:07:00,P13,,1.0,50.0,M0215,qr
nimman,NM-003825,1,2026-05-15 10:15:00,P08,L,2.0,80.0,,card
nimman,NM-003826,1,2026-05-15 10:24:00,P03,L,1.0,75.0,,card
nimman,NM-003827,1,2026-05-15 12:15:00,P07,M,1.0,55.0,M0793,qr
nimman,NM-003828,1,2026-05-15 12:20:00,P01,L,1.0,65.0,M0645,qr
nimman,NM-003828,2,2026-05-15 12:20:00,P15,,1.0,75.0,M0645,qr
nimman,NM-003828,3,2026-05-15 12:20:00,P09,M,1.0,50.0,M0645,qr
nimman,NM-003829,1,2026-05-15 12:40:00,P01,L,1.0,65.0,M0692,card
nimman,NM-003829,2,2026-05-15 12:40:00,P15,,1.0,75.0,M0692,card
nimman,NM-003830,1,2026-05-15 14:09:00,P10,M,2.0,60.0,M0018,card
nimman,NM-003831,1,2026-05-15 14:14:00,P07,S,1.0,45.0,,qr
nimman,NM-003831,2,2026-05-15 14:14:00,P13,,1.0,50.0,,qr
nimman,NM-003832,1,2026-05-15 15:17:00,P08,M,1.0,70.0,M0571,card
nimman,NM-003832,2,2026-05-15 15:17:00,P15,,1.0,75.0,M0571,card
nimman,NM-003833,1,2026-05-15 15:34:00,P07,L,2.0,65.0,,cash
nimman,NM-003833,2,2026-05-15 15:34:00,P13,,1.0,50.0,,cash
nimman,NM-003834,1,2026-05-15 15:53:00,P10,L,1.0,70.0,,card
nimman,NM-003835,1,2026-05-15 16:25:00,P02,S,1.0,45.0,,qr
nimman,NM-003835,2,2026-05-15 16:25:00,P12,,1.0,55.0,,qr
nimman,NM-003836,1,2026-05-15 17:02:00,P07,M,1.0,55.0,,cash
nimman,NM-003836,2,2026-05-15 17:02:00,P13,,1.0,50.0,,cash
nimman,NM-003837,1,2026-05-15 17:08:00,P08,S,1.0,60.0,M0123,qr
nimman,NM-003838,1,2026-05-15 17:24:00,P12,,1.0,55.0,,qr
nimman,NM-003839,1,2026-05-15 18:01:00,P09,M,1.0,50.0,,qr
nimman,NM-003840,1,2026-05-15 18:03:00,P10,M,2.0,60.0,M0702,card
nimman,NM-003841,1,2026-05-15 18:07:00,P10,M,1.0,60.0,M0065,cash
nimman,NM-003842,1,2026-05-15 18:38:00,P13,,2.0,50.0,,card
nimman,NM-003843,1,2026-05-15 19:15:00,P10,L,1.0,70.0,,qr
nimman,NM-003844,1,2026-05-15 19:21:00,P03,M,1.0,65.0,M0419,qr
nimman,NM-003844,2,2026-05-15 19:21:00,P14,,1.0,85.0,M0419,qr
nimman,NM-003845,1,2026-05-16 07:56:00,P03,L,1.0,75.0,,card
nimman,NM-003846,1,2026-05-16 07:59:00,P13,,1.0,50.0,M0522,cash
nimman,NM-003847,1,2026-05-16 08:15:00,P02,L,1.0,65.0,M0313,cash
nimman,NM-003847,2,2026-05-16 08:15:00,P12,,1.0,55.0,M0313,cash
nimman,NM-003848,1,2026-05-16 08:22:00,P05,M,1.0,70.0,,card
nimman,NM-003849,1,2026-05-16 09:08:00,P14,,2.0,85.0,,cash
nimman,NM-003850,1,2026-05-16 09:15:00,P01,S,1.0,45.0,,cash
nimman,NM-003851,1,2026-05-16 09:22:00,P05,S,1.0,60.0,M0166,qr
nimman,NM-003852,1,2026-05-16 09:25:00,P08,S,2.0,60.0,M0570,qr
nimman,NM-003853,1,2026-05-16 09:29:00,P03,L,1.0,75.0,M0464,qr
nimman,NM-003853,2,2026-05-16 09:29:00,P14,,1.0,85.0,M0464,qr
nimman,NM-003854,1,2026-05-16 09:50:00,P03,L,1.0,75.0,M0470,qr
nimman,NM-003855,1,2026-05-16 10:04:00,P03,M,3.0,65.0,,cash
nimman,NM-003856,1,2026-05-16 10:59:00,P08,M,2.0,70.0,,qr
nimman,NM-003857,1,2026-05-16 11:15:00,P13,,1.0,50.0,,qr
nimman,NM-003858,1,2026-05-16 11:18:00,P12,,1.0,55.0,,qr
nimman,NM-003859,1,2026-05-16 11:20:00,P05,M,1.0,70.0,,card
nimman,NM-003860,1,2026-05-16 11:36:00,P04,S,1.0,55.0,,qr
nimman,NM-003861,1,2026-05-16 12:05:00,P05,L,1.0,80.0,M0316,qr
nimman,NM-003862,1,2026-05-16 12:38:00,P05,M,1.0,70.0,,cash
nimman,NM-003863,1,2026-05-16 13:13:00,P07,M,1.0,55.0,,qr
nimman,NM-003863,2,2026-05-16 13:13:00,P13,,1.0,50.0,,qr
nimman,NM-003864,1,2026-05-16 14:34:00,P08,S,1.0,60.0,M0171,qr
nimman,NM-003865,1,2026-05-16 14:35:00,P09,M,1.0,50.0,,cash
nimman,NM-003866,1,2026-05-16 16:19:00,P12,,1.0,55.0,,card
nimman,NM-003867,1,2026-05-16 16:27:00,P07,M,1.0,55.0,,card
nimman,NM-003868,1,2026-05-16 17:00:00,P10,L,1.0,70.0,,qr
nimman,NM-003869,1,2026-05-16 17:07:00,P05,M,2.0,70.0,M0249,qr
nimman,NM-003870,1,2026-05-16 17:32:00,P12,,1.0,55.0,,qr
nimman,NM-003871,1,2026-05-16 17:49:00,P14,,1.0,85.0,M0198,card
nimman,NM-003871,2,2026-05-16 17:49:00,P10,M,1.0,60.0,M0198,card
nimman,NM-003872,1,2026-05-16 18:16:00,P11,L,1.0,70.0,,qr
nimman,NM-003873,1,2026-05-16 18:40:00,P14,,1.0,85.0,,qr
nimman,NM-003874,1,2026-05-16 18:42:00,P03,M,1.0,65.0,M0193,qr
nimman,NM-003874,2,2026-05-16 18:42:00,P14,,1.0,85.0,M0193,qr
nimman,NM-003875,1,2026-05-16 19:19:00,P13,,2.0,50.0,,qr
nimman,NM-003876,1,2026-05-16 19:56:00,P08,L,2.0,80.0,,qr
nimman,NM-003877,1,2026-05-17 07:33:00,P12,,1.0,55.0,M0181,cash
nimman,NM-003877,2,2026-05-17 07:33:00,P03,S,1.0,55.0,M0181,cash
nimman,NM-003878,1,2026-05-17 07:42:00,P03,S,3.0,55.0,,cash
nimman,NM-003879,1,2026-05-17 07:51:00,P02,M,3.0,55.0,M0327,qr
nimman,NM-003880,1,2026-05-17 08:29:00,P15,,2.0,75.0,,qr
nimman,NM-003881,1,2026-05-17 08:37:00,P02,L,1.0,65.0,,card
nimman,NM-003881,2,2026-05-17 08:37:00,P12,,1.0,55.0,,card
nimman,NM-003882,1,2026-05-17 08:53:00,P15,,3.0,75.0,,card
nimman,NM-003883,1,2026-05-17 09:00:00,P02,M,1.0,55.0,M0344,qr
nimman,NM-003883,2,2026-05-17 09:00:00,P12,,1.0,55.0,M0344,qr
nimman,NM-003884,1,2026-05-17 09:07:00,P05,L,1.0,80.0,M0385,qr
nimman,NM-003885,1,2026-05-17 09:44:00,P02,M,1.0,55.0,,cash
nimman,NM-003886,1,2026-05-17 09:51:00,P03,L,3.0,75.0,M0437,cash
nimman,NM-003887,1,2026-05-17 11:16:00,P02,S,3.0,45.0,,cash
nimman,NM-003887,2,2026-05-17 11:16:00,P12,,1.0,55.0,,cash
nimman,NM-003888,1,2026-05-17 11:22:00,P06,M,2.0,75.0,,qr
nimman,NM-003888,2,2026-05-17 11:22:00,P08,S,1.0,60.0,,qr
nimman,NM-003889,1,2026-05-17 11:41:00,P08,M,1.0,70.0,,qr
nimman,NM-003890,1,2026-05-17 12:38:00,P14,,1.0,85.0,,qr
nimman,NM-003891,1,2026-05-17 12:47:00,P01,M,1.0,55.0,,qr
nimman,NM-003891,2,2026-05-17 12:47:00,P15,,1.0,75.0,,qr
nimman,NM-003892,1,2026-05-17 13:06:00,P02,L,1.0,65.0,,qr
nimman,NM-003892,2,2026-05-17 13:06:00,P12,,1.0,55.0,,qr
nimman,NM-003893,1,2026-05-17 13:52:00,P03,L,1.0,75.0,M0651,qr
nimman,NM-003893,2,2026-05-17 13:52:00,P14,,1.0,85.0,M0651,qr
nimman,NM-003894,1,2026-05-17 14:08:00,P11,L,1.0,70.0,M0044,qr
nimman,NM-003895,1,2026-05-17 14:26:00,P03,M,1.0,65.0,,qr
nimman,NM-003895,2,2026-05-17 14:26:00,P14,,1.0,85.0,,qr
nimman,NM-003896,1,2026-05-17 14:33:00,P07,M,1.0,55.0,,card
nimman,NM-003896,2,2026-05-17 14:33:00,P13,,1.0,50.0,,card
nimman,NM-003897,1,2026-05-17 15:36:00,P13,,1.0,50.0,M0162,qr
nimman,NM-003898,1,2026-05-17 16:13:00,P13,,1.0,50.0,M0664,qr
nimman,NM-003898,2,2026-05-17 16:13:00,P11,L,1.0,70.0,M0664,qr
nimman,NM-003899,1,2026-05-17 16:18:00,P07,M,1.0,55.0,,qr
nimman,NM-003900,1,2026-05-17 16:25:00,P04,M,1.0,65.0,,qr
nimman,NM-003901,1,2026-05-17 16:41:00,P05,M,2.0,70.0,,qr
nimman,NM-003902,1,2026-05-17 18:36:00,P06,S,1.0,65.0,M0179,qr
nimman,NM-003903,1,2026-05-17 18:55:00,P03,S,1.0,55.0,M0569,cash
nimman,NM-003903,2,2026-05-17 18:55:00,P14,,1.0,85.0,M0569,cash
nimman,NM-003904,1,2026-05-18 07:10:00,P04,M,1.0,65.0,,card
nimman,NM-003905,1,2026-05-18 07:19:00,P13,,1.0,50.0,M0214,qr
nimman,NM-003906,1,2026-05-18 08:09:00,P07,M,1.0,55.0,M0226,qr
nimman,NM-003907,1,2026-05-18 08:16:00,P13,,1.0,50.0,,cash
nimman,NM-003908,1,2026-05-18 08:25:00,P10,M,1.0,60.0,M0452,card
nimman,NM-003909,1,2026-05-18 08:26:00,P07,M,2.0,55.0,,qr
nimman,NM-003910,1,2026-05-18 08:47:00,P03,M,1.0,65.0,M0431,qr
nimman,NM-003910,2,2026-05-18 08:47:00,P14,,1.0,85.0,M0431,qr
nimman,NM-003911,1,2026-05-18 08:54:00,P01,S,1.0,45.0,,cash
nimman,NM-003912,1,2026-05-18 09:43:00,P02,M,38.0,55.0,,card
nimman,NM-003913,1,2026-05-18 10:09:00,P10,M,1.0,60.0,,qr
nimman,NM-003914,1,2026-05-18 10:35:00,P10,S,1.0,50.0,M0463,qr
nimman,NM-003915,1,2026-05-18 10:37:00,P09,M,1.0,50.0,,qr
nimman,NM-003915,2,2026-05-18 10:37:00,P14,,1.0,85.0,,qr
nimman,NM-003915,3,2026-05-18 10:37:00,P06,M,1.0,75.0,,qr
nimman,NM-003916,1,2026-05-18 11:08:00,P02,S,1.0,45.0,M0319,qr
nimman,NM-003916,2,2026-05-18 11:08:00,P12,,1.0,55.0,M0319,qr
nimman,NM-003917,1,2026-05-18 11:18:00,P05,S,1.0,60.0,,qr
nimman,NM-003918,1,2026-05-18 11:29:00,P05,L,2.0,80.0,M0605,qr
nimman,NM-003919,1,2026-05-18 11:41:00,P14,,1.0,85.0,,qr
nimman,NM-003920,1,2026-05-18 11:51:00,P12,,1.0,55.0,M0263,qr
nimman,NM-003920,2,2026-05-18 11:51:00,P15,,1.0,75.0,M0263,qr
nimman,NM-003921,1,2026-05-18 12:01:00,P07,L,1.0,65.0,,qr
nimman,NM-003921,2,2026-05-18 12:01:00,P01,S,1.0,45.0,,qr
nimman,NM-003922,1,2026-05-18 12:05:00,P07,S,1.0,45.0,,qr
nimman,NM-003922,2,2026-05-18 12:05:00,P13,,1.0,50.0,,qr
nimman,NM-003923,1,2026-05-18 12:07:00,P10,L,1.0,70.0,,qr
nimman,NM-003923,2,2026-05-18 12:07:00,P12,,1.0,55.0,,qr
nimman,NM-003924,1,2026-05-18 13:35:00,P05,L,1.0,80.0,M0463,qr
nimman,NM-003925,1,2026-05-18 14:11:00,P03,M,2.0,65.0,,card
nimman,NM-003925,2,2026-05-18 14:11:00,P14,,1.0,85.0,,card
nimman,NM-003926,1,2026-05-18 14:34:00,P07,L,1.0,65.0,,cash
nimman,NM-003927,1,2026-05-18 14:47:00,P11,S,1.0,50.0,,cash
nimman,NM-003927,2,2026-05-18 14:47:00,P07,L,1.0,65.0,,cash
nimman,NM-003928,1,2026-05-18 15:09:00,P15,,1.0,75.0,,cash
nimman,NM-003929,1,2026-05-18 15:15:00,P07,M,1.0,55.0,M0605,card
nimman,NM-003929,2,2026-05-18 15:15:00,P13,,1.0,50.0,M0605,card
nimman,NM-003930,1,2026-05-18 15:24:00,P11,M,2.0,60.0,,cash
nimman,NM-003931,1,2026-05-18 15:54:00,P12,,1.0,55.0,,qr
nimman,NM-003931,2,2026-05-18 15:54:00,P03,L,1.0,75.0,,qr
nimman,NM-003932,1,2026-05-18 17:03:00,P09,L,1.0,60.0,,qr
nimman,NM-003933,1,2026-05-18 17:22:00,P08,S,1.0,60.0,,qr
nimman,NM-003933,2,2026-05-18 17:22:00,P13,,1.0,50.0,,qr
nimman,NM-003934,1,2026-05-18 17:26:00,P07,L,1.0,65.0,,cash
nimman,NM-003935,1,2026-05-18 17:33:00,P10,M,1.0,60.0,,cash
nimman,NM-003935,2,2026-05-18 17:33:00,P07,S,1.0,45.0,,cash
nimman,NM-003936,1,2026-05-18 17:37:00,P02,M,1.0,55.0,,cash
nimman,NM-003937,1,2026-05-19 07:30:00,P10,S,1.0,50.0,M0464,card
nimman,NM-003937,2,2026-05-19 07:30:00,P03,L,1.0,75.0,M0464,card
nimman,NM-003938,1,2026-05-19 08:11:00,P02,S,1.0,45.0,,cash
nimman,NM-003938,2,2026-05-19 08:11:00,P12,,1.0,55.0,,cash
nimman,NM-003939,1,2026-05-19 08:13:00,P08,L,1.0,80.0,,cash
nimman,NM-003940,1,2026-05-19 08:18:00,P12,,1.0,55.0,M0256,qr
nimman,NM-003941,1,2026-05-19 08:25:00,P04,M,1.0,65.0,,qr
nimman,NM-003942,1,2026-05-19 08:45:00,P04,M,1.0,65.0,,qr
nimman,NM-003943,1,2026-05-19 08:45:00,P08,M,2.0,70.0,M0240,qr
nimman,NM-003944,1,2026-05-19 09:09:00,P13,,1.0,50.0,,cash
nimman,NM-003944,2,2026-05-19 09:09:00,P07,M,1.0,55.0,,cash
nimman,NM-003945,1,2026-05-19 09:11:00,P02,M,1.0,55.0,,card
nimman,NM-003945,2,2026-05-19 09:11:00,P12,,1.0,55.0,,card
nimman,NM-003946,1,2026-05-19 09:15:00,P01,S,1.0,45.0,,qr
nimman,NM-003947,1,2026-05-19 09:16:00,P07,M,1.0,55.0,M0505,cash
nimman,NM-003948,1,2026-05-19 09:33:00,P08,L,1.0,80.0,,cash
nimman,NM-003949,1,2026-05-19 09:43:00,P04,L,1.0,75.0,M0409,qr
nimman,NM-003950,1,2026-05-19 10:44:00,P03,M,2.0,65.0,,cash
nimman,NM-003951,1,2026-05-19 11:29:00,P14,,2.0,85.0,M0480,qr
nimman,NM-003952,1,2026-05-19 11:50:00,P02,M,1.0,55.0,M0354,card
nimman,NM-003952,2,2026-05-19 11:50:00,P12,,1.0,55.0,M0354,card
nimman,NM-003952,3,2026-05-19 11:50:00,P14,,1.0,85.0,M0354,card
nimman,NM-003953,1,2026-05-19 11:53:00,P05,S,1.0,60.0,,qr
nimman,NM-003954,1,2026-05-19 12:02:00,P03,S,1.0,55.0,M0051,card
nimman,NM-003955,1,2026-05-19 12:23:00,P15,,1.0,75.0,,qr
nimman,NM-003956,1,2026-05-19 12:58:00,P15,,1.0,75.0,M0226,qr
nimman,NM-003957,1,2026-05-19 14:57:00,P06,M,3.0,75.0,M0112,qr
nimman,NM-003958,1,2026-05-19 15:10:00,P07,L,1.0,65.0,M0123,qr
nimman,NM-003958,2,2026-05-19 15:10:00,P13,,1.0,50.0,M0123,qr
nimman,NM-003959,1,2026-05-19 15:15:00,P10,L,2.0,70.0,,card
nimman,NM-003960,1,2026-05-19 15:17:00,P08,M,2.0,70.0,,qr
nimman,NM-003961,1,2026-05-19 15:19:00,P04,S,1.0,55.0,M0716,card
nimman,NM-003962,1,2026-05-19 16:18:00,P13,,1.0,50.0,,card
nimman,NM-003963,1,2026-05-19 16:53:00,P01,S,1.0,45.0,,qr
nimman,NM-003963,2,2026-05-19 16:53:00,P13,,1.0,50.0,,qr
nimman,NM-003963,3,2026-05-19 16:53:00,P05,S,1.0,60.0,,qr
nimman,NM-003964,1,2026-05-19 17:11:00,P08,M,1.0,70.0,,qr
nimman,NM-003965,1,2026-05-19 17:44:00,P07,M,1.0,55.0,M0535,qr
nimman,NM-003966,1,2026-05-19 17:47:00,P07,L,1.0,65.0,,cash
nimman,NM-003967,1,2026-05-19 18:22:00,P13,,1.0,50.0,,cash
nimman,NM-003967,2,2026-05-19 18:22:00,P12,,1.0,55.0,,cash
nimman,NM-003968,1,2026-05-19 18:24:00,P03,M,1.0,65.0,M0081,cash
nimman,NM-003968,2,2026-05-19 18:24:00,P14,,1.0,85.0,M0081,cash
nimman,NM-003968,3,2026-05-19 18:24:00,P12,,1.0,55.0,M0081,cash
nimman,NM-003969,1,2026-05-19 19:56:00,P09,M,1.0,50.0,,card
nimman,NM-003970,1,2026-05-20 07:01:00,P10,M,1.0,60.0,,cash
nimman,NM-003970,2,2026-05-20 07:01:00,P03,M,1.0,65.0,,cash
nimman,NM-003971,1,2026-05-20 08:08:00,P02,S,2.0,45.0,M0154,cash
nimman,NM-003971,2,2026-05-20 08:08:00,P12,,1.0,55.0,M0154,cash
nimman,NM-003972,1,2026-05-20 08:20:00,P02,M,1.0,55.0,,qr
nimman,NM-003973,1,2026-05-20 08:37:00,P14,,2.0,85.0,M0003,card
nimman,NM-003974,1,2026-05-20 08:38:00,P03,S,1.0,55.0,,qr
nimman,NM-003974,2,2026-05-20 08:38:00,P12,,1.0,55.0,,qr
nimman,NM-003975,1,2026-05-20 08:44:00,P01,S,1.0,45.0,M0252,qr
nimman,NM-003975,2,2026-05-20 08:44:00,P15,,1.0,75.0,M0252,qr
nimman,NM-003976,1,2026-05-20 08:52:00,P05,M,1.0,70.0,,qr
nimman,NM-003977,1,2026-05-20 09:24:00,P05,M,1.0,70.0,,card
nimman,NM-003978,1,2026-05-20 10:44:00,P07,M,1.0,55.0,,card
nimman,NM-003978,2,2026-05-20 10:44:00,P13,,1.0,50.0,,card
nimman,NM-003979,1,2026-05-20 11:14:00,P08,L,1.0,80.0,M0702,qr
nimman,NM-003980,1,2026-05-20 11:28:00,P03,M,1.0,65.0,M0155,card
nimman,NM-003980,2,2026-05-20 11:28:00,P14,,1.0,85.0,M0155,card
nimman,NM-003981,1,2026-05-20 12:00:00,P09,M,1.0,50.0,,qr
nimman,NM-003982,1,2026-05-20 12:02:00,P12,,1.0,55.0,M0782,qr
nimman,NM-003982,2,2026-05-20 12:02:00,P15,,1.0,75.0,M0782,qr
nimman,NM-003983,1,2026-05-20 13:08:00,P08,S,3.0,60.0,,qr
nimman,NM-003984,1,2026-05-20 13:40:00,P12,,1.0,55.0,M0770,card
nimman,NM-003985,1,2026-05-20 14:38:00,P02,S,2.0,45.0,,qr
nimman,NM-003986,1,2026-05-20 15:14:00,P08,L,1.0,80.0,,cash
nimman,NM-003987,1,2026-05-20 15:28:00,P13,,1.0,50.0,M0731,card
nimman,NM-003988,1,2026-05-20 15:51:00,P10,L,1.0,70.0,,qr
nimman,NM-003988,2,2026-05-20 15:51:00,P14,,1.0,85.0,,qr
nimman,NM-003989,1,2026-05-20 16:14:00,P07,M,2.0,55.0,,qr
nimman,NM-003989,2,2026-05-20 16:14:00,P08,L,1.0,80.0,,qr
nimman,NM-003990,1,2026-05-20 16:26:00,P05,S,1.0,60.0,,qr
nimman,NM-003991,1,2026-05-20 16:33:00,P07,M,1.0,55.0,,qr
nimman,NM-003992,1,2026-05-20 17:04:00,P03,S,1.0,55.0,,qr
nimman,NM-003993,1,2026-05-20 17:44:00,P02,M,1.0,55.0,M0059,cash
nimman,NM-003993,2,2026-05-20 17:44:00,P03,M,1.0,65.0,M0059,cash
nimman,NM-003994,1,2026-05-20 18:03:00,P03,M,1.0,65.0,,qr
nimman,NM-003995,1,2026-05-20 18:21:00,P06,M,1.0,75.0,,qr
nimman,NM-003996,1,2026-05-20 18:43:00,P02,M,1.0,55.0,,qr
nimman,NM-003997,1,2026-05-20 19:26:00,P13,,1.0,50.0,,cash
nimman,NM-003998,1,2026-05-21 07:48:00,P03,M,1.0,65.0,,cash
nimman,NM-003998,2,2026-05-21 07:48:00,P14,,1.0,85.0,,cash
nimman,NM-003999,1,2026-05-21 08:01:00,P02,M,1.0,55.0,M0315,qr
nimman,NM-003999,2,2026-05-21 08:01:00,P15,,1.0,75.0,M0315,qr
nimman,NM-004000,1,2026-05-21 08:28:00,P10,M,1.0,60.0,,cash
nimman,NM-004001,1,2026-05-21 08:36:00,P09,S,1.0,40.0,,qr
nimman,NM-004001,2,2026-05-21 08:36:00,P15,,1.0,75.0,,qr
nimman,NM-004002,1,2026-05-21 08:39:00,P06,S,2.0,65.0,,qr
nimman,NM-004003,1,2026-05-21 08:46:00,P07,M,27.0,55.0,,card
nimman,NM-004004,1,2026-05-21 08:55:00,P02,M,1.0,55.0,M0282,qr
nimman,NM-004005,1,2026-05-21 09:06:00,P04,S,1.0,55.0,M0583,cash
nimman,NM-004006,1,2026-05-21 09:28:00,P07,M,1.0,55.0,,cash
nimman,NM-004007,1,2026-05-21 09:36:00,P12,,2.0,55.0,,cash
nimman,NM-004008,1,2026-05-21 09:52:00,P08,M,1.0,70.0,,cash
nimman,NM-004008,2,2026-05-21 09:52:00,P03,M,1.0,65.0,,cash
nimman,NM-004009,1,2026-05-21 11:07:00,P12,,1.0,55.0,,qr
nimman,NM-004010,1,2026-05-21 12:16:00,P08,M,2.0,70.0,M0443,card
nimman,NM-004011,1,2026-05-21 12:27:00,P07,M,1.0,55.0,M0657,card
nimman,NM-004011,2,2026-05-21 12:27:00,P13,,1.0,50.0,M0657,card
nimman,NM-004012,1,2026-05-21 13:15:00,P11,S,2.0,50.0,M0772,qr
nimman,NM-004013,1,2026-05-21 13:40:00,P15,,1.0,75.0,,cash
nimman,NM-004013,2,2026-05-21 13:40:00,P10,L,1.0,70.0,,cash
nimman,NM-004014,1,2026-05-21 13:47:00,P07,S,3.0,45.0,M0011,qr
nimman,NM-004014,2,2026-05-21 13:47:00,P13,,1.0,50.0,M0011,qr
nimman,NM-004015,1,2026-05-21 14:34:00,P04,M,1.0,65.0,,card
nimman,NM-004016,1,2026-05-21 14:52:00,P14,,1.0,85.0,,cash
nimman,NM-004017,1,2026-05-21 14:55:00,P01,L,1.0,65.0,M0107,qr
nimman,NM-004017,2,2026-05-21 14:55:00,P09,M,1.0,50.0,M0107,qr
nimman,NM-004018,1,2026-05-21 15:16:00,P11,L,1.0,70.0,M0142,qr
nimman,NM-004018,2,2026-05-21 15:16:00,P07,L,1.0,65.0,M0142,qr
nimman,NM-004019,1,2026-05-21 15:26:00,P03,S,1.0,55.0,M0132,card
nimman,NM-004020,1,2026-05-21 18:00:00,P07,L,2.0,65.0,,cash
nimman,NM-004020,2,2026-05-21 18:00:00,P13,,1.0,50.0,,cash
nimman,NM-004020,3,2026-05-21 18:00:00,P03,S,1.0,55.0,,cash
nimman,NM-004021,1,2026-05-21 18:11:00,P12,,1.0,55.0,M0577,cash
nimman,NM-004022,1,2026-05-21 19:33:00,P06,M,3.0,75.0,M0649,card
nimman,NM-004023,1,2026-05-22 07:37:00,P02,L,1.0,65.0,M0513,qr
nimman,NM-004024,1,2026-05-22 07:51:00,P01,M,1.0,55.0,,qr
nimman,NM-004025,1,2026-05-22 07:53:00,P14,,1.0,85.0,M0360,card
nimman,NM-004025,2,2026-05-22 07:53:00,P02,S,1.0,45.0,M0360,card
nimman,NM-004026,1,2026-05-22 09:12:00,P03,S,1.0,55.0,,qr
nimman,NM-004027,1,2026-05-22 09:38:00,P04,L,1.0,75.0,,cash
nimman,NM-004028,1,2026-05-22 09:51:00,P14,,1.0,85.0,,cash
nimman,NM-004029,1,2026-05-22 10:13:00,P04,S,1.0,55.0,,qr
nimman,NM-004030,1,2026-05-22 10:57:00,P04,M,1.0,65.0,,qr
nimman,NM-004031,1,2026-05-22 11:00:00,P05,M,1.0,70.0,M0225,card
nimman,NM-004032,1,2026-05-22 11:43:00,P12,,1.0,55.0,M0348,qr
nimman,NM-004033,1,2026-05-22 13:14:00,P07,M,1.0,55.0,,qr
nimman,NM-004034,1,2026-05-22 13:33:00,P05,M,2.0,70.0,M0566,qr
nimman,NM-004035,1,2026-05-22 14:31:00,P07,M,2.0,55.0,,card
nimman,NM-004035,2,2026-05-22 14:31:00,P13,,1.0,50.0,,card
nimman,NM-004036,1,2026-05-22 14:45:00,P06,S,1.0,65.0,M0427,qr
nimman,NM-004037,1,2026-05-22 15:05:00,P06,L,1.0,85.0,M0228,qr
nimman,NM-004038,1,2026-05-22 15:08:00,P10,M,1.0,60.0,,qr
nimman,NM-004039,1,2026-05-22 16:00:00,P10,L,1.0,70.0,M0434,cash
nimman,NM-004040,1,2026-05-22 16:50:00,P12,,1.0,55.0,M0426,card
nimman,NM-004041,1,2026-05-22 17:15:00,P13,,1.0,50.0,,qr
nimman,NM-004042,1,2026-05-22 19:31:00,P01,S,1.0,45.0,,cash
nimman,NM-004043,1,2026-05-23 07:09:00,P02,M,1.0,55.0,M0405,cash
nimman,NM-004044,1,2026-05-23 07:23:00,P06,M,3.0,75.0,M0304,qr
nimman,NM-004045,1,2026-05-23 07:26:00,P02,M,1.0,55.0,,card
nimman,NM-004045,2,2026-05-23 07:26:00,P12,,1.0,55.0,,card
nimman,NM-004046,1,2026-05-23 07:32:00,P05,M,3.0,70.0,M0591,card
nimman,NM-004047,1,2026-05-23 08:01:00,P12,,1.0,55.0,,cash
nimman,NM-004048,1,2026-05-23 08:14:00,P12,,1.0,55.0,,qr
nimman,NM-004049,1,2026-05-23 08:38:00,P12,,1.0,55.0,,qr
nimman,NM-004050,1,2026-05-23 09:01:00,P07,S,3.0,45.0,M0223,cash
nimman,NM-004050,2,2026-05-23 09:01:00,P13,,1.0,50.0,M0223,cash
nimman,NM-004051,1,2026-05-23 09:28:00,P02,M,2.0,55.0,,cash
nimman,NM-004051,2,2026-05-23 09:28:00,P12,,1.0,55.0,,cash
nimman,NM-004052,1,2026-05-23 09:30:00,P02,M,1.0,55.0,,qr
nimman,NM-004053,1,2026-05-23 09:34:00,P06,L,1.0,85.0,,card
nimman,NM-004053,2,2026-05-23 09:34:00,P12,,1.0,55.0,,card
nimman,NM-004053,3,2026-05-23 09:34:00,P05,M,1.0,70.0,,card
nimman,NM-004054,1,2026-05-23 09:49:00,P03,M,1.0,65.0,,qr
nimman,NM-004054,2,2026-05-23 09:49:00,P08,L,1.0,80.0,,qr
nimman,NM-004055,1,2026-05-23 09:54:00,P07,M,1.0,55.0,,cash
nimman,NM-004056,1,2026-05-23 10:21:00,P02,S,1.0,45.0,M0248,cash
nimman,NM-004056,2,2026-05-23 10:21:00,P12,,1.0,55.0,M0248,cash
nimman,NM-004057,1,2026-05-23 10:30:00,P02,L,1.0,65.0,,card
nimman,NM-004058,1,2026-05-23 11:08:00,P06,S,3.0,65.0,,cash
nimman,NM-004059,1,2026-05-23 11:23:00,P10,S,1.0,50.0,M0553,cash
nimman,NM-004060,1,2026-05-23 12:21:00,P04,M,1.0,65.0,M0317,qr
nimman,NM-004061,1,2026-05-23 12:28:00,P14,,1.0,85.0,,qr
nimman,NM-004062,1,2026-05-23 13:27:00,P11,M,1.0,60.0,M0249,qr
nimman,NM-004063,1,2026-05-23 13:31:00,P03,L,1.0,75.0,,cash
nimman,NM-004064,1,2026-05-23 13:40:00,P14,,2.0,85.0,,qr
nimman,NM-004065,1,2026-05-23 14:21:00,P03,M,1.0,65.0,M0270,qr
nimman,NM-004066,1,2026-05-23 14:43:00,P02,L,1.0,65.0,,qr
nimman,NM-004066,2,2026-05-23 14:43:00,P12,,1.0,55.0,,qr
nimman,NM-004067,1,2026-05-23 14:57:00,P03,M,1.0,65.0,,cash
nimman,NM-004067,2,2026-05-23 14:57:00,P14,,1.0,85.0,,cash
nimman,NM-004068,1,2026-05-23 15:13:00,P01,L,1.0,65.0,M0626,cash
nimman,NM-004069,1,2026-05-23 16:19:00,P12,,1.0,55.0,,qr
nimman,NM-004070,1,2026-05-23 16:52:00,P03,M,3.0,65.0,,qr
nimman,NM-004070,2,2026-05-23 16:52:00,P14,,1.0,85.0,,qr
nimman,NM-004071,1,2026-05-23 18:02:00,P09,M,2.0,50.0,,qr
nimman,NM-004072,1,2026-05-23 18:13:00,P10,M,2.0,60.0,M0044,qr
nimman,NM-004073,1,2026-05-24 07:23:00,P12,,1.0,55.0,,qr
nimman,NM-004074,1,2026-05-24 07:28:00,P08,S,1.0,60.0,M0604,cash
nimman,NM-004075,1,2026-05-24 07:42:00,P04,M,1.0,65.0,M0137,cash
nimman,NM-004076,1,2026-05-24 07:45:00,P02,S,1.0,45.0,,cash
nimman,NM-004076,2,2026-05-24 07:45:00,P12,,1.0,55.0,,cash
nimman,NM-004077,1,2026-05-24 07:55:00,P07,M,2.0,55.0,M0166,qr
nimman,NM-004078,1,2026-05-24 08:26:00,P02,M,1.0,55.0,M0768,card
nimman,NM-004079,1,2026-05-24 09:54:00,P04,S,1.0,55.0,M0702,card
nimman,NM-004079,2,2026-05-24 09:54:00,P02,M,1.0,55.0,M0702,card
nimman,NM-004080,1,2026-05-24 10:20:00,P03,L,1.0,75.0,M0247,qr
nimman,NM-004080,2,2026-05-24 10:20:00,P14,,1.0,85.0,M0247,qr
nimman,NM-004081,1,2026-05-24 10:35:00,P10,L,2.0,70.0,,card
nimman,NM-004082,1,2026-05-24 11:00:00,P06,L,1.0,85.0,M0776,card
nimman,NM-004083,1,2026-05-24 11:17:00,P01,M,1.0,55.0,,card
nimman,NM-004083,2,2026-05-24 11:17:00,P15,,1.0,75.0,,card
nimman,NM-004084,1,2026-05-24 12:31:00,P10,S,1.0,50.0,M0123,qr
nimman,NM-004085,1,2026-05-24 12:41:00,P15,,1.0,75.0,,qr
nimman,NM-004086,1,2026-05-24 13:42:00,P02,M,1.0,55.0,M0744,qr
nimman,NM-004087,1,2026-05-24 14:00:00,P01,M,1.0,55.0,,card
nimman,NM-004088,1,2026-05-24 14:17:00,P12,,1.0,55.0,M0442,qr
nimman,NM-004089,1,2026-05-24 14:49:00,P04,M,1.0,65.0,M0056,card
nimman,NM-004090,1,2026-05-24 14:55:00,P12,,1.0,55.0,,qr
nimman,NM-004090,2,2026-05-24 14:55:00,P14,,1.0,85.0,,qr
nimman,NM-004091,1,2026-05-24 15:07:00,P10,M,1.0,60.0,,qr
nimman,NM-004092,1,2026-05-24 15:33:00,P13,,1.0,50.0,M0065,qr
nimman,NM-004093,1,2026-05-24 15:48:00,P02,S,1.0,45.0,,cash
nimman,NM-004093,2,2026-05-24 15:48:00,P12,,1.0,55.0,,cash
nimman,NM-004094,1,2026-05-24 16:03:00,P03,M,1.0,65.0,,qr
nimman,NM-004094,2,2026-05-24 16:03:00,P14,,1.0,85.0,,qr
nimman,NM-004095,1,2026-05-24 16:13:00,P02,S,1.0,45.0,M0610,qr
nimman,NM-004095,2,2026-05-24 16:13:00,P12,,1.0,55.0,M0610,qr
nimman,NM-004096,1,2026-05-24 16:20:00,P03,L,1.0,75.0,M0123,qr
nimman,NM-004097,1,2026-05-24 17:05:00,P10,M,1.0,60.0,,qr
nimman,NM-004098,1,2026-05-24 17:23:00,P08,S,1.0,60.0,,card
nimman,NM-004099,1,2026-05-24 17:37:00,P04,S,1.0,55.0,,qr
nimman,NM-004100,1,2026-05-24 17:44:00,P11,S,1.0,50.0,,qr
nimman,NM-004101,1,2026-05-24 18:24:00,P08,L,1.0,80.0,M0059,qr
nimman,NM-004101,2,2026-05-24 18:24:00,P12,,1.0,55.0,M0059,qr
nimman,NM-004102,1,2026-05-24 19:56:00,P07,M,1.0,55.0,,card
nimman,NM-004103,1,2026-05-25 07:49:00,P02,M,1.0,55.0,,cash
nimman,NM-004103,2,2026-05-25 07:49:00,P12,,1.0,55.0,,cash
nimman,NM-004104,1,2026-05-25 08:04:00,P13,,2.0,50.0,,qr
nimman,NM-004105,1,2026-05-25 08:17:00,P12,,2.0,55.0,,qr
nimman,NM-004105,2,2026-05-25 08:17:00,P10,M,1.0,60.0,,qr
nimman,NM-004106,1,2026-05-25 08:56:00,P03,L,2.0,75.0,M0566,qr
nimman,NM-004106,2,2026-05-25 08:56:00,P14,,1.0,85.0,M0566,qr
nimman,NM-004107,1,2026-05-25 09:22:00,P07,S,1.0,45.0,M0544,card
nimman,NM-004108,1,2026-05-25 09:36:00,P05,M,1.0,70.0,,cash
nimman,NM-004109,1,2026-05-25 09:50:00,P03,M,1.0,65.0,,qr
nimman,NM-004110,1,2026-05-25 10:23:00,P02,M,1.0,55.0,M0223,qr
nimman,NM-004111,1,2026-05-25 10:24:00,P04,M,1.0,65.0,,card
nimman,NM-004112,1,2026-05-25 12:50:00,P15,,1.0,75.0,M0637,cash
nimman,NM-004113,1,2026-05-25 13:18:00,P07,S,1.0,45.0,M0777,card
nimman,NM-004114,1,2026-05-25 13:27:00,P08,S,1.0,60.0,,qr
nimman,NM-004115,1,2026-05-25 13:47:00,P08,M,1.0,70.0,,qr
nimman,NM-004116,1,2026-05-25 15:30:00,P01,M,1.0,55.0,,qr
nimman,NM-004116,2,2026-05-25 15:30:00,P15,,1.0,75.0,,qr
nimman,NM-004116,3,2026-05-25 15:30:00,P12,,1.0,55.0,,qr
nimman,NM-004117,1,2026-05-25 15:35:00,P08,L,1.0,80.0,,qr
nimman,NM-004118,1,2026-05-25 16:41:00,P02,M,1.0,55.0,M0244,card
nimman,NM-004118,2,2026-05-25 16:41:00,P12,,1.0,55.0,M0244,card
nimman,NM-004119,1,2026-05-25 16:56:00,P04,M,1.0,65.0,M0782,qr
nimman,NM-004120,1,2026-05-25 17:08:00,P07,L,2.0,65.0,,qr
nimman,NM-004121,1,2026-05-26 07:50:00,P08,L,1.0,80.0,,card
nimman,NM-004122,1,2026-05-26 08:09:00,P07,S,2.0,45.0,,qr
nimman,NM-004122,2,2026-05-26 08:09:00,P13,,1.0,50.0,,qr
nimman,NM-004123,1,2026-05-26 08:14:00,P01,M,1.0,55.0,,qr
nimman,NM-004123,2,2026-05-26 08:14:00,P15,,1.0,75.0,,qr
nimman,NM-004124,1,2026-05-26 08:25:00,P02,M,33.0,55.0,,card
nimman,NM-004125,1,2026-05-26 09:04:00,P14,,1.0,85.0,M0152,qr
nimman,NM-004126,1,2026-05-26 09:05:00,P10,L,2.0,70.0,M0331,cash
nimman,NM-004127,1,2026-05-26 09:11:00,P15,,1.0,75.0,,qr
nimman,NM-004128,1,2026-05-26 09:15:00,P06,L,1.0,85.0,,card
nimman,NM-004128,2,2026-05-26 09:15:00,P15,,1.0,75.0,,card
nimman,NM-004129,1,2026-05-26 09:24:00,P02,M,1.0,55.0,,cash
nimman,NM-004129,2,2026-05-26 09:24:00,P15,,1.0,75.0,,cash
nimman,NM-004130,1,2026-05-26 10:02:00,P04,M,1.0,65.0,M0592,cash
nimman,NM-004130,2,2026-05-26 10:02:00,P12,,1.0,55.0,M0592,cash
nimman,NM-004131,1,2026-05-26 10:37:00,P04,S,1.0,55.0,,qr
nimman,NM-004132,1,2026-05-26 10:40:00,P06,S,2.0,65.0,M0471,qr
nimman,NM-004133,1,2026-05-26 11:32:00,P06,S,1.0,65.0,M0491,qr
nimman,NM-004134,1,2026-05-26 11:35:00,P02,L,1.0,65.0,,cash
nimman,NM-004134,2,2026-05-26 11:35:00,P12,,1.0,55.0,,cash
nimman,NM-004135,1,2026-05-26 11:57:00,P02,M,2.0,55.0,M0406,cash
nimman,NM-004135,2,2026-05-26 11:57:00,P04,L,1.0,75.0,M0406,cash
nimman,NM-004136,1,2026-05-26 12:30:00,P07,S,1.0,45.0,,card
nimman,NM-004137,1,2026-05-26 13:57:00,P08,M,1.0,70.0,M0471,qr
nimman,NM-004138,1,2026-05-26 14:27:00,P08,M,1.0,70.0,,qr
nimman,NM-004139,1,2026-05-26 15:38:00,P07,M,3.0,55.0,,qr
nimman,NM-004140,1,2026-05-26 15:43:00,P05,M,1.0,70.0,,qr
nimman,NM-004140,2,2026-05-26 15:43:00,P13,,1.0,50.0,,qr
nimman,NM-004141,1,2026-05-26 16:02:00,P02,M,1.0,55.0,,cash
nimman,NM-004141,2,2026-05-26 16:02:00,P04,S,1.0,55.0,,cash
nimman,NM-004142,1,2026-05-26 18:18:00,P08,S,2.0,60.0,,cash
nimman,NM-004143,1,2026-05-26 19:11:00,P07,L,1.0,65.0,,card
nimman,NM-004144,1,2026-05-27 07:56:00,P03,L,1.0,75.0,,qr
nimman,NM-004144,2,2026-05-27 07:56:00,P14,,1.0,85.0,,qr
nimman,NM-004145,1,2026-05-27 08:02:00,P05,M,3.0,70.0,M0348,cash
nimman,NM-004146,1,2026-05-27 08:02:00,P03,M,1.0,65.0,,qr
nimman,NM-004147,1,2026-05-27 08:18:00,P07,M,1.0,55.0,M0543,qr
nimman,NM-004147,2,2026-05-27 08:18:00,P13,,1.0,50.0,M0543,qr
nimman,NM-004148,1,2026-05-27 08:33:00,P04,M,1.0,65.0,,qr
nimman,NM-004148,2,2026-05-27 08:33:00,P12,,1.0,55.0,,qr
nimman,NM-004148,3,2026-05-27 08:33:00,P09,S,1.0,40.0,,qr
nimman,NM-004149,1,2026-05-27 08:42:00,P02,S,1.0,45.0,,cash
nimman,NM-004149,2,2026-05-27 08:42:00,P12,,1.0,55.0,,cash
nimman,NM-004150,1,2026-05-27 08:50:00,P02,L,1.0,65.0,M0685,cash
nimman,NM-004151,1,2026-05-27 09:04:00,P11,M,1.0,60.0,,cash
nimman,NM-004152,1,2026-05-27 09:18:00,P03,S,1.0,55.0,,qr
nimman,NM-004152,2,2026-05-27 09:18:00,P14,,1.0,85.0,,qr
nimman,NM-004153,1,2026-05-27 09:21:00,P08,M,1.0,70.0,M0084,cash
nimman,NM-004153,2,2026-05-27 09:21:00,P06,S,1.0,65.0,M0084,cash
nimman,NM-004154,1,2026-05-27 09:29:00,P04,S,1.0,55.0,,cash
nimman,NM-004155,1,2026-05-27 09:31:00,P04,L,1.0,75.0,M0730,cash
nimman,NM-004156,1,2026-05-27 09:35:00,P02,L,1.0,65.0,,card
nimman,NM-004156,2,2026-05-27 09:35:00,P12,,1.0,55.0,,card
nimman,NM-004157,1,2026-05-27 10:04:00,P02,L,1.0,65.0,,cash
nimman,NM-004157,2,2026-05-27 10:04:00,P14,,1.0,85.0,,cash
nimman,NM-004157,3,2026-05-27 10:04:00,P08,M,1.0,70.0,,cash
nimman,NM-004158,1,2026-05-27 10:37:00,P05,L,1.0,80.0,,qr
nimman,NM-004159,1,2026-05-27 10:42:00,P08,L,2.0,80.0,M0265,qr
nimman,NM-004160,1,2026-05-27 10:48:00,P04,S,1.0,55.0,,qr
nimman,NM-004161,1,2026-05-27 11:18:00,P09,L,1.0,60.0,M0453,qr
nimman,NM-004162,1,2026-05-27 12:14:00,P03,M,1.0,65.0,M0159,qr
nimman,NM-004162,2,2026-05-27 12:14:00,P14,,1.0,85.0,M0159,qr
nimman,NM-004162,3,2026-05-27 12:14:00,P15,,1.0,75.0,M0159,qr
nimman,NM-004163,1,2026-05-27 12:27:00,P12,,1.0,55.0,,qr
nimman,NM-004164,1,2026-05-27 12:42:00,P07,L,1.0,65.0,,qr
nimman,NM-004164,2,2026-05-27 12:42:00,P13,,1.0,50.0,,qr
nimman,NM-004165,1,2026-05-27 13:09:00,P04,M,1.0,65.0,,qr
nimman,NM-004165,2,2026-05-27 13:09:00,P06,S,1.0,65.0,,qr
nimman,NM-004166,1,2026-05-27 14:22:00,P02,M,1.0,55.0,M0248,qr
nimman,NM-004167,1,2026-05-27 14:32:00,P02,M,1.0,55.0,,cash
nimman,NM-004168,1,2026-05-27 15:09:00,P13,,1.0,50.0,M0233,qr
nimman,NM-004169,1,2026-05-27 15:55:00,P08,S,1.0,60.0,,qr
nimman,NM-004170,1,2026-05-27 17:58:00,P08,M,1.0,70.0,,qr
nimman,NM-004171,1,2026-05-27 18:52:00,P03,M,1.0,65.0,,card
nimman,NM-004171,2,2026-05-27 18:52:00,P14,,1.0,85.0,,card
nimman,NM-004172,1,2026-05-28 07:11:00,P02,S,1.0,45.0,M0664,cash
nimman,NM-004173,1,2026-05-28 07:36:00,P02,M,1.0,55.0,,qr
nimman,NM-004174,1,2026-05-28 08:18:00,P04,L,1.0,75.0,M0702,qr
nimman,NM-004174,2,2026-05-28 08:18:00,P14,,1.0,85.0,M0702,qr
nimman,NM-004175,1,2026-05-28 08:48:00,P03,L,1.0,75.0,,cash
nimman,NM-004176,1,2026-05-28 09:05:00,P03,M,2.0,65.0,M0510,card
nimman,NM-004176,2,2026-05-28 09:05:00,P14,,1.0,85.0,M0510,card
nimman,NM-004177,1,2026-05-28 09:15:00,P12,,1.0,55.0,,cash
nimman,NM-004178,1,2026-05-28 09:18:00,P15,,1.0,75.0,M0032,qr
nimman,NM-004178,2,2026-05-28 09:18:00,P05,M,1.0,70.0,M0032,qr
nimman,NM-004179,1,2026-05-28 09:22:00,P10,S,1.0,50.0,M0016,qr
nimman,NM-004179,2,2026-05-28 09:22:00,P15,,1.0,75.0,M0016,qr
nimman,NM-004180,1,2026-05-28 09:32:00,P03,S,1.0,55.0,,qr
nimman,NM-004180,2,2026-05-28 09:32:00,P14,,1.0,85.0,,qr
nimman,NM-004180,3,2026-05-28 09:32:00,P13,,1.0,50.0,,qr
nimman,NM-004181,1,2026-05-28 09:57:00,P08,L,1.0,80.0,M0133,qr
nimman,NM-004182,1,2026-05-28 09:58:00,P11,M,2.0,60.0,M0275,qr
nimman,NM-004183,1,2026-05-28 10:34:00,P03,M,1.0,65.0,M0149,qr
nimman,NM-004183,2,2026-05-28 10:34:00,P14,,1.0,85.0,M0149,qr
nimman,NM-004184,1,2026-05-28 10:41:00,P10,M,1.0,60.0,M0168,qr
nimman,NM-004185,1,2026-05-28 11:21:00,P12,,1.0,55.0,,qr
nimman,NM-004186,1,2026-05-28 11:38:00,P03,S,2.0,55.0,,qr
nimman,NM-004187,1,2026-05-28 12:05:00,P07,M,2.0,55.0,,qr
nimman,NM-004188,1,2026-05-28 12:29:00,P05,L,3.0,80.0,M0009,qr
nimman,NM-004189,1,2026-05-28 12:33:00,P10,S,1.0,50.0,M0366,card
nimman,NM-004190,1,2026-05-28 13:25:00,P05,M,1.0,70.0,,cash
nimman,NM-004190,2,2026-05-28 13:25:00,P13,,1.0,50.0,,cash
nimman,NM-004190,3,2026-05-28 13:25:00,P09,L,1.0,60.0,,cash
nimman,NM-004191,1,2026-05-28 13:29:00,P08,M,1.0,70.0,,qr
nimman,NM-004191,2,2026-05-28 13:29:00,P14,,1.0,85.0,,qr
nimman,NM-004192,1,2026-05-28 13:54:00,P11,S,1.0,50.0,M0234,qr
nimman,NM-004193,1,2026-05-28 15:06:00,P13,,2.0,50.0,,qr
nimman,NM-004194,1,2026-05-28 15:39:00,P03,L,1.0,75.0,,qr
nimman,NM-004195,1,2026-05-28 16:12:00,P05,M,1.0,70.0,M0043,qr
nimman,NM-004196,1,2026-05-28 16:42:00,P08,M,1.0,70.0,,qr
nimman,NM-004196,2,2026-05-28 16:42:00,P14,,1.0,85.0,,qr
nimman,NM-004197,1,2026-05-28 16:51:00,P11,M,1.0,60.0,,card
nimman,NM-004198,1,2026-05-28 18:42:00,P07,L,1.0,65.0,,qr
nimman,NM-004198,2,2026-05-28 18:42:00,P13,,1.0,50.0,,qr
nimman,NM-004199,1,2026-05-28 19:30:00,P08,L,1.0,80.0,,qr
nimman,NM-004200,1,2026-05-29 07:52:00,P07,S,1.0,45.0,M0268,qr
nimman,NM-004201,1,2026-05-29 08:12:00,P04,L,1.0,75.0,,card
nimman,NM-004201,2,2026-05-29 08:12:00,P02,S,1.0,45.0,,card
nimman,NM-004202,1,2026-05-29 08:14:00,P05,M,1.0,70.0,M0331,qr
nimman,NM-004203,1,2026-05-29 08:32:00,P06,M,1.0,75.0,,card
nimman,NM-004204,1,2026-05-29 08:53:00,P09,L,3.0,60.0,,qr
nimman,NM-004205,1,2026-05-29 08:57:00,P10,L,1.0,70.0,,cash
nimman,NM-004206,1,2026-05-29 09:00:00,P13,,1.0,50.0,M0011,qr
nimman,NM-004207,1,2026-05-29 09:08:00,P02,M,1.0,55.0,,qr
nimman,NM-004208,1,2026-05-29 09:18:00,P02,L,1.0,65.0,,qr
nimman,NM-004208,2,2026-05-29 09:18:00,P12,,1.0,55.0,,qr
nimman,NM-004209,1,2026-05-29 09:31:00,P02,S,2.0,45.0,,qr
nimman,NM-004210,1,2026-05-29 09:56:00,P13,,1.0,50.0,,qr
nimman,NM-004211,1,2026-05-29 10:50:00,P04,M,1.0,65.0,,qr
nimman,NM-004211,2,2026-05-29 10:50:00,P15,,1.0,75.0,,qr
nimman,NM-004212,1,2026-05-29 10:50:00,P01,L,1.0,65.0,M0052,card
nimman,NM-004213,1,2026-05-29 10:54:00,P06,L,1.0,85.0,,qr
nimman,NM-004214,1,2026-05-29 11:12:00,P07,M,1.0,55.0,M0795,qr
nimman,NM-004214,2,2026-05-29 11:12:00,P13,,1.0,50.0,M0795,qr
nimman,NM-004215,1,2026-05-29 11:42:00,P01,M,1.0,55.0,,card
nimman,NM-004215,2,2026-05-29 11:42:00,P03,S,1.0,55.0,,card
nimman,NM-004216,1,2026-05-29 12:20:00,P03,S,1.0,55.0,,cash
nimman,NM-004217,1,2026-05-29 13:16:00,P03,S,1.0,55.0,M0342,card
nimman,NM-004218,1,2026-05-29 13:39:00,P02,S,2.0,45.0,,cash
nimman,NM-004219,1,2026-05-29 15:20:00,P02,M,1.0,55.0,,qr
nimman,NM-004219,2,2026-05-29 15:20:00,P08,M,1.0,70.0,,qr
nimman,NM-004220,1,2026-05-29 16:45:00,P14,,1.0,85.0,,qr
nimman,NM-004221,1,2026-05-29 16:53:00,P12,,1.0,55.0,M0462,card
nimman,NM-004221,2,2026-05-29 16:53:00,P01,L,1.0,65.0,M0462,card
nimman,NM-004222,1,2026-05-29 17:26:00,P03,M,1.0,65.0,,card
nimman,NM-004222,2,2026-05-29 17:26:00,P14,,1.0,85.0,,card
nimman,NM-004223,1,2026-05-29 17:55:00,P08,L,1.0,80.0,M0782,cash
nimman,NM-004224,1,2026-05-30 07:46:00,P14,,1.0,85.0,,qr
nimman,NM-004225,1,2026-05-30 08:02:00,P13,,2.0,50.0,M0637,qr
nimman,NM-004226,1,2026-05-30 08:35:00,P02,M,1.0,55.0,,cash
nimman,NM-004227,1,2026-05-30 08:42:00,P02,L,1.0,65.0,M0154,qr
nimman,NM-004228,1,2026-05-30 09:30:00,P03,S,1.0,55.0,,qr
nimman,NM-004229,1,2026-05-30 09:31:00,P05,M,1.0,70.0,M0325,card
nimman,NM-004230,1,2026-05-30 09:38:00,P04,M,1.0,65.0,,qr
nimman,NM-004231,1,2026-05-30 09:40:00,P06,M,1.0,75.0,M0333,cash
nimman,NM-004232,1,2026-05-30 09:52:00,P02,L,1.0,65.0,,cash
nimman,NM-004232,2,2026-05-30 09:52:00,P12,,1.0,55.0,,cash
nimman,NM-004233,1,2026-05-30 10:26:00,P09,M,1.0,50.0,,qr
nimman,NM-004234,1,2026-05-30 10:57:00,P11,S,1.0,50.0,,cash
nimman,NM-004235,1,2026-05-30 11:16:00,P01,M,1.0,55.0,M0465,qr
nimman,NM-004235,2,2026-05-30 11:16:00,P14,,1.0,85.0,M0465,qr
nimman,NM-004236,1,2026-05-30 11:20:00,P05,S,1.0,60.0,M0634,qr
nimman,NM-004236,2,2026-05-30 11:20:00,P02,S,1.0,45.0,M0634,qr
nimman,NM-004237,1,2026-05-30 12:15:00,P12,,1.0,55.0,M0241,qr
nimman,NM-004238,1,2026-05-30 12:20:00,P04,S,1.0,55.0,,card
nimman,NM-004239,1,2026-05-30 12:27:00,P06,L,2.0,85.0,,qr
nimman,NM-004240,1,2026-05-30 12:55:00,P10,M,1.0,60.0,M0203,qr
nimman,NM-004241,1,2026-05-30 14:22:00,P04,M,1.0,65.0,M0301,qr
nimman,NM-004241,2,2026-05-30 14:22:00,P13,,1.0,50.0,M0301,qr
nimman,NM-004242,1,2026-05-30 14:23:00,P03,L,1.0,75.0,M0689,card
nimman,NM-004243,1,2026-05-30 15:08:00,P09,M,2.0,50.0,M0768,card
nimman,NM-004244,1,2026-05-30 15:15:00,P13,,2.0,50.0,M0217,qr
nimman,NM-004245,1,2026-05-30 15:18:00,P07,S,1.0,45.0,,card
nimman,NM-004245,2,2026-05-30 15:18:00,P13,,1.0,50.0,,card
nimman,NM-004246,1,2026-05-30 15:36:00,P11,S,3.0,50.0,M0662,cash
nimman,NM-004247,1,2026-05-30 15:37:00,P15,,1.0,75.0,,qr
nimman,NM-004248,1,2026-05-30 15:51:00,P03,L,1.0,75.0,,cash
nimman,NM-004249,1,2026-05-30 17:03:00,P11,M,1.0,60.0,,qr
nimman,NM-004250,1,2026-05-30 17:53:00,P08,L,1.0,80.0,,cash
nimman,NM-004250,2,2026-05-30 17:53:00,P11,L,1.0,70.0,,cash
nimman,NM-004251,1,2026-05-30 19:26:00,P02,M,1.0,55.0,,cash
nimman,NM-004252,1,2026-05-30 19:57:00,P10,M,1.0,60.0,,qr
nimman,NM-004253,1,2026-05-31 07:19:00,P03,L,2.0,75.0,,cash
nimman,NM-004254,1,2026-05-31 07:42:00,P02,M,1.0,55.0,,card
nimman,NM-004254,2,2026-05-31 07:42:00,P12,,1.0,55.0,,card
nimman,NM-004255,1,2026-05-31 07:47:00,P02,S,1.0,45.0,,qr
nimman,NM-004255,2,2026-05-31 07:47:00,P12,,1.0,55.0,,qr
nimman,NM-004256,1,2026-05-31 08:05:00,P12,,1.0,55.0,,qr
nimman,NM-004257,1,2026-05-31 08:18:00,P03,M,2.0,65.0,M0436,qr
nimman,NM-004257,2,2026-05-31 08:18:00,P14,,1.0,85.0,M0436,qr
nimman,NM-004258,1,2026-05-31 08:55:00,P11,M,1.0,60.0,,qr
nimman,NM-004259,1,2026-05-31 08:56:00,P01,M,1.0,55.0,M0444,cash
nimman,NM-004259,2,2026-05-31 08:56:00,P15,,1.0,75.0,M0444,cash
nimman,NM-004260,1,2026-05-31 09:04:00,P01,L,1.0,65.0,,cash
nimman,NM-004261,1,2026-05-31 09:04:00,P04,L,1.0,75.0,,qr
nimman,NM-004262,1,2026-05-31 09:40:00,P04,M,1.0,65.0,M0687,cash
nimman,NM-004263,1,2026-05-31 10:27:00,P15,,1.0,75.0,,cash
nimman,NM-004264,1,2026-05-31 11:09:00,P05,S,1.0,60.0,,qr
nimman,NM-004265,1,2026-05-31 11:16:00,P12,,1.0,55.0,,qr
nimman,NM-004265,2,2026-05-31 11:16:00,P09,M,1.0,50.0,,qr
nimman,NM-004266,1,2026-05-31 11:16:00,P13,,3.0,50.0,,qr
nimman,NM-004267,1,2026-05-31 11:35:00,P03,M,1.0,65.0,M0199,card
nimman,NM-004268,1,2026-05-31 11:57:00,P06,S,3.0,65.0,,card
nimman,NM-004269,1,2026-05-31 12:01:00,P01,M,3.0,55.0,M0765,qr
nimman,NM-004269,2,2026-05-31 12:01:00,P14,,1.0,85.0,M0765,qr
nimman,NM-004270,1,2026-05-31 12:35:00,P13,,3.0,50.0,,qr
nimman,NM-004271,1,2026-05-31 12:38:00,P14,,3.0,85.0,,qr
nimman,NM-004272,1,2026-05-31 13:02:00,P10,M,1.0,60.0,M0012,qr
nimman,NM-004273,1,2026-05-31 13:43:00,P13,,1.0,50.0,M0280,card
nimman,NM-004274,1,2026-05-31 13:43:00,P03,M,1.0,65.0,,card
nimman,NM-004275,1,2026-05-31 14:26:00,P03,L,2.0,75.0,,cash
nimman,NM-004275,2,2026-05-31 14:26:00,P14,,1.0,85.0,,cash
nimman,NM-004276,1,2026-05-31 14:40:00,P02,L,1.0,65.0,M0471,qr
nimman,NM-004276,2,2026-05-31 14:40:00,P12,,1.0,55.0,M0471,qr
nimman,NM-004277,1,2026-05-31 14:41:00,P08,L,1.0,80.0,,cash
nimman,NM-004277,2,2026-05-31 14:41:00,P02,S,1.0,45.0,,cash
nimman,NM-004278,1,2026-05-31 14:44:00,P01,M,1.0,55.0,M0781,cash
nimman,NM-004278,2,2026-05-31 14:44:00,P15,,1.0,75.0,M0781,cash
nimman,NM-004279,1,2026-05-31 14:58:00,P09,L,1.0,60.0,,qr
nimman,NM-004280,1,2026-05-31 15:00:00,P14,,1.0,85.0,M0065,cash
nimman,NM-004281,1,2026-05-31 15:04:00,P03,L,1.0,75.0,M0596,qr
nimman,NM-004282,1,2026-05-31 15:09:00,P06,L,1.0,85.0,M0061,qr
nimman,NM-004283,1,2026-05-31 15:29:00,P12,,1.0,55.0,M0642,card
nimman,NM-004284,1,2026-05-31 15:34:00,P07,S,2.0,45.0,,qr
nimman,NM-004284,2,2026-05-31 15:34:00,P13,,1.0,50.0,,qr
nimman,NM-004285,1,2026-05-31 15:36:00,P05,L,1.0,80.0,,card
nimman,NM-004286,1,2026-05-31 16:24:00,P02,L,1.0,65.0,,cash
nimman,NM-004286,2,2026-05-31 16:24:00,P04,L,1.0,75.0,,cash
nimman,NM-004287,1,2026-05-31 17:08:00,P03,M,2.0,65.0,,card
nimman,NM-004287,2,2026-05-31 17:08:00,P12,,1.0,55.0,,card
nimman,NM-004287,3,2026-05-31 17:08:00,P15,,1.0,75.0,,card
nimman,NM-004288,1,2026-05-31 17:36:00,P02,S,1.0,45.0,,qr
nimman,NM-004288,2,2026-05-31 17:36:00,P12,,1.0,55.0,,qr
nimman,NM-004289,1,2026-05-31 18:16:00,P05,M,1.0,70.0,M0666,card
nimman,NM-004290,1,2026-05-31 18:17:00,P01,S,2.0,45.0,M0137,qr
nimman,NM-004290,2,2026-05-31 18:17:00,P15,,1.0,75.0,M0137,qr
nimman,NM-004291,1,2026-05-31 18:38:00,P02,M,3.0,55.0,,qr
nimman,NM-004292,1,2026-05-31 18:52:00,P07,L,1.0,65.0,M0328,cash
nimman,NM-004292,2,2026-05-31 18:52:00,P13,,1.0,50.0,M0328,cash
nimman,NM-004293,1,2026-06-01 07:10:00,P02,M,1.0,55.0,M0730,cash
nimman,NM-004293,2,2026-06-01 07:10:00,P12,,1.0,55.0,M0730,cash
nimman,NM-004294,1,2026-06-01 08:10:00,P01,M,1.0,55.0,M0111,qr
nimman,NM-004295,1,2026-06-01 08:18:00,P10,S,1.0,50.0,,cash
nimman,NM-004296,1,2026-06-01 08:28:00,P03,S,3.0,55.0,,qr
nimman,NM-004297,1,2026-06-01 08:59:00,P06,S,1.0,65.0,,qr
nimman,NM-004298,1,2026-06-01 09:35:00,P02,M,1.0,55.0,,cash
nimman,NM-004299,1,2026-06-01 09:50:00,P04,M,2.0,65.0,,card
nimman,NM-004300,1,2026-06-01 10:49:00,P03,M,1.0,65.0,,cash
nimman,NM-004300,2,2026-06-01 10:49:00,P14,,1.0,85.0,,cash
nimman,NM-004301,1,2026-06-01 11:19:00,P11,S,3.0,50.0,M0280,qr
nimman,NM-004302,1,2026-06-01 11:57:00,P13,,1.0,50.0,,qr
nimman,NM-004303,1,2026-06-01 12:24:00,P09,S,1.0,40.0,M0774,card
nimman,NM-004303,2,2026-06-01 12:24:00,P10,M,1.0,60.0,M0774,card
nimman,NM-004304,1,2026-06-01 13:33:00,P07,L,1.0,65.0,,qr
nimman,NM-004305,1,2026-06-01 13:41:00,P12,,1.0,55.0,,card
nimman,NM-004306,1,2026-06-01 14:16:00,P08,S,1.0,60.0,,cash
nimman,NM-004307,1,2026-06-01 14:39:00,P13,,1.0,50.0,M0278,qr
nimman,NM-004308,1,2026-06-01 15:22:00,P04,M,1.0,65.0,,cash
nimman,NM-004309,1,2026-06-01 15:29:00,P11,M,1.0,60.0,M0468,card
nimman,NM-004309,2,2026-06-01 15:29:00,P14,,1.0,85.0,M0468,card
nimman,NM-004310,1,2026-06-01 15:46:00,P07,S,1.0,45.0,,qr
nimman,NM-004311,1,2026-06-01 16:51:00,P01,S,1.0,45.0,,cash
nimman,NM-004311,2,2026-06-01 16:51:00,P15,,1.0,75.0,,cash
nimman,NM-004312,1,2026-06-01 17:05:00,P05,S,1.0,60.0,,qr
nimman,NM-004313,1,2026-06-01 17:30:00,P07,M,1.0,55.0,,qr
nimman,NM-004314,1,2026-06-01 17:34:00,P14,,1.0,85.0,M0350,cash
nimman,NM-004315,1,2026-06-01 17:37:00,P13,,3.0,50.0,,qr
nimman,NM-004316,1,2026-06-01 17:45:00,P02,S,1.0,45.0,M0023,qr
nimman,NM-004317,1,2026-06-01 18:44:00,P12,,1.0,55.0,,qr
nimman,NM-004318,1,2026-06-01 18:45:00,P10,M,1.0,60.0,M0369,cash
nimman,NM-004319,1,2026-06-02 07:17:00,P04,S,1.0,55.0,,qr
nimman,NM-004320,1,2026-06-02 07:55:00,P13,,1.0,50.0,,qr
nimman,NM-004321,1,2026-06-02 08:05:00,P02,S,1.0,45.0,M0137,cash
nimman,NM-004321,2,2026-06-02 08:05:00,P03,M,1.0,65.0,M0137,cash
nimman,NM-004322,1,2026-06-02 08:27:00,P08,L,1.0,80.0,,qr
nimman,NM-004323,1,2026-06-02 09:35:00,P06,M,1.0,75.0,,qr
nimman,NM-004324,1,2026-06-02 09:35:00,P06,M,1.0,75.0,,qr
nimman,NM-004325,1,2026-06-02 10:02:00,P15,,2.0,75.0,M0471,qr
nimman,NM-004326,1,2026-06-02 10:41:00,P06,L,1.0,85.0,,qr
nimman,NM-004327,1,2026-06-02 11:17:00,P02,M,1.0,55.0,M0138,qr
nimman,NM-004327,2,2026-06-02 11:17:00,P12,,1.0,55.0,M0138,qr
nimman,NM-004328,1,2026-06-02 12:20:00,P03,S,1.0,55.0,M0541,cash
nimman,NM-004329,1,2026-06-02 12:45:00,P10,S,1.0,50.0,M0278,qr
nimman,NM-004330,1,2026-06-02 13:18:00,P09,M,1.0,50.0,M0610,qr
nimman,NM-004331,1,2026-06-02 13:30:00,P05,L,1.0,80.0,,qr
nimman,NM-004331,2,2026-06-02 13:30:00,P10,L,1.0,70.0,,qr
nimman,NM-004332,1,2026-06-02 14:32:00,P12,,1.0,55.0,M0489,cash
nimman,NM-004332,2,2026-06-02 14:32:00,P04,L,1.0,75.0,M0489,cash
nimman,NM-004333,1,2026-06-02 14:57:00,P03,M,1.0,65.0,M0656,cash
nimman,NM-004333,2,2026-06-02 14:57:00,P14,,1.0,85.0,M0656,cash
nimman,NM-004334,1,2026-06-02 15:23:00,P08,M,1.0,70.0,M0640,cash
nimman,NM-004334,2,2026-06-02 15:23:00,P13,,1.0,50.0,M0640,cash
nimman,NM-004335,1,2026-06-02 16:12:00,P07,L,1.0,65.0,,qr
nimman,NM-004335,2,2026-06-02 16:12:00,P10,L,1.0,70.0,,qr
nimman,NM-004336,1,2026-06-02 17:06:00,P07,S,2.0,45.0,,qr
nimman,NM-004337,1,2026-06-02 17:22:00,P08,M,1.0,70.0,M0051,qr
nimman,NM-004338,1,2026-06-02 18:07:00,P07,M,1.0,55.0,M0044,card
nimman,NM-004339,1,2026-06-02 19:35:00,P05,S,1.0,60.0,,qr
nimman,NM-004340,1,2026-06-02 19:36:00,P03,S,1.0,55.0,,qr
nimman,NM-004340,2,2026-06-02 19:36:00,P14,,1.0,85.0,,qr
nimman,NM-004341,1,2026-06-03 08:09:00,P04,S,1.0,55.0,M0011,card
nimman,NM-004342,1,2026-06-03 08:10:00,P03,M,1.0,65.0,,qr
nimman,NM-004343,1,2026-06-03 08:22:00,P12,,2.0,55.0,,qr
nimman,NM-004344,1,2026-06-03 08:41:00,P05,M,3.0,70.0,M0264,qr
nimman,NM-004345,1,2026-06-03 08:56:00,P03,M,1.0,65.0,,cash
nimman,NM-004346,1,2026-06-03 09:00:00,P06,M,1.0,75.0,M0095,qr
nimman,NM-004347,1,2026-06-03 09:03:00,P02,L,1.0,65.0,M0624,card
nimman,NM-004348,1,2026-06-03 09:22:00,P05,M,1.0,70.0,,cash
nimman,NM-004349,1,2026-06-03 09:40:00,P03,L,1.0,75.0,,qr
nimman,NM-004350,1,2026-06-03 09:50:00,P05,M,1.0,70.0,M0359,cash
nimman,NM-004351,1,2026-06-03 09:57:00,P03,L,2.0,75.0,,qr
nimman,NM-004351,2,2026-06-03 09:57:00,P14,,1.0,85.0,,qr
nimman,NM-004352,1,2026-06-03 10:03:00,P07,M,1.0,55.0,,qr
nimman,NM-004353,1,2026-06-03 10:14:00,P11,M,1.0,60.0,M0139,qr
nimman,NM-004354,1,2026-06-03 10:27:00,P11,M,1.0,60.0,,card
nimman,NM-004355,1,2026-06-03 10:30:00,P06,L,1.0,85.0,,cash
nimman,NM-004356,1,2026-06-03 10:35:00,P06,M,2.0,75.0,,qr
nimman,NM-004356,2,2026-06-03 10:35:00,P09,L,1.0,60.0,,qr
nimman,NM-004357,1,2026-06-03 11:00:00,P05,S,1.0,60.0,,cash
nimman,NM-004358,1,2026-06-03 11:11:00,P04,M,1.0,65.0,M0014,card
nimman,NM-004359,1,2026-06-03 11:21:00,P02,M,1.0,55.0,M0627,qr
nimman,NM-004360,1,2026-06-03 11:23:00,P03,S,1.0,55.0,,qr
nimman,NM-004361,1,2026-06-03 11:39:00,P09,L,2.0,60.0,,qr
nimman,NM-004362,1,2026-06-03 12:09:00,P06,M,1.0,75.0,,cash
nimman,NM-004363,1,2026-06-03 12:14:00,P02,M,1.0,55.0,M0003,cash
nimman,NM-004364,1,2026-06-03 12:42:00,P07,L,1.0,65.0,M0275,cash
nimman,NM-004364,2,2026-06-03 12:42:00,P13,,1.0,50.0,M0275,cash
nimman,NM-004365,1,2026-06-03 13:07:00,P01,L,1.0,65.0,M0619,qr
nimman,NM-004365,2,2026-06-03 13:07:00,P15,,1.0,75.0,M0619,qr
nimman,NM-004366,1,2026-06-03 13:09:00,P07,M,1.0,55.0,,qr
nimman,NM-004366,2,2026-06-03 13:09:00,P13,,1.0,50.0,,qr
nimman,NM-004367,1,2026-06-03 14:04:00,P15,,1.0,75.0,M0657,cash
nimman,NM-004368,1,2026-06-03 14:29:00,P10,S,1.0,50.0,M0012,card
nimman,NM-004368,2,2026-06-03 14:29:00,P07,S,1.0,45.0,M0012,card
nimman,NM-004369,1,2026-06-03 14:37:00,P08,M,1.0,70.0,M0081,qr
nimman,NM-004370,1,2026-06-03 14:41:00,P08,M,1.0,70.0,M0105,cash
nimman,NM-004370,2,2026-06-03 14:41:00,P01,L,1.0,65.0,M0105,cash
nimman,NM-004371,1,2026-06-03 14:44:00,P14,,1.0,85.0,,card
nimman,NM-004372,1,2026-06-03 14:50:00,P04,L,1.0,75.0,M0094,qr
nimman,NM-004372,2,2026-06-03 14:50:00,P12,,1.0,55.0,M0094,qr
nimman,NM-004373,1,2026-06-03 14:57:00,P11,M,2.0,60.0,,qr
nimman,NM-004374,1,2026-06-03 16:00:00,P07,M,1.0,55.0,,card
nimman,NM-004374,2,2026-06-03 16:00:00,P13,,1.0,50.0,,card
nimman,NM-004375,1,2026-06-03 18:24:00,P06,M,1.0,75.0,,card
nimman,NM-004376,1,2026-06-03 18:36:00,P13,,1.0,50.0,M0527,qr
nimman,NM-004377,1,2026-06-03 18:58:00,P03,S,1.0,55.0,M0772,qr
nimman,NM-004377,2,2026-06-03 18:58:00,P15,,1.0,75.0,M0772,qr
nimman,NM-004378,1,2026-06-04 07:52:00,P02,L,1.0,65.0,,cash
nimman,NM-004379,1,2026-06-04 08:23:00,P04,L,1.0,75.0,M0346,cash
nimman,NM-004380,1,2026-06-04 08:23:00,P04,L,1.0,75.0,,qr
nimman,NM-004381,1,2026-06-04 08:28:00,P10,L,1.0,70.0,,qr
nimman,NM-004382,1,2026-06-04 08:37:00,P11,M,1.0,60.0,M0730,qr
nimman,NM-004383,1,2026-06-04 08:45:00,P13,,3.0,50.0,,qr
nimman,NM-004384,1,2026-06-04 08:53:00,P08,M,2.0,70.0,,cash
nimman,NM-004385,1,2026-06-04 09:07:00,P13,,1.0,50.0,M0689,qr
nimman,NM-004386,1,2026-06-04 09:52:00,P08,S,2.0,60.0,,card
nimman,NM-004386,2,2026-06-04 09:52:00,P13,,1.0,50.0,,card
nimman,NM-004387,1,2026-06-04 09:59:00,P02,M,1.0,55.0,,card
nimman,NM-004387,2,2026-06-04 09:59:00,P12,,1.0,55.0,,card
nimman,NM-004388,1,2026-06-04 10:12:00,P08,S,1.0,60.0,M0003,qr
nimman,NM-004389,1,2026-06-04 10:21:00,P07,M,1.0,55.0,M0618,cash
nimman,NM-004390,1,2026-06-04 10:32:00,P01,S,1.0,45.0,M0315,qr
nimman,NM-004391,1,2026-06-04 10:39:00,P03,S,3.0,55.0,,cash
nimman,NM-004392,1,2026-06-04 10:54:00,P09,M,2.0,50.0,,cash
nimman,NM-004392,2,2026-06-04 10:54:00,P14,,1.0,85.0,,cash
nimman,NM-004393,1,2026-06-04 11:08:00,P05,L,1.0,80.0,M0289,cash
nimman,NM-004394,1,2026-06-04 11:23:00,P02,L,1.0,65.0,,card
nimman,NM-004394,2,2026-06-04 11:23:00,P12,,1.0,55.0,,card
nimman,NM-004394,3,2026-06-04 11:23:00,P05,L,1.0,80.0,,card
nimman,NM-004395,1,2026-06-04 11:56:00,P08,M,1.0,70.0,M0446,card
nimman,NM-004396,1,2026-06-04 12:16:00,P02,M,2.0,55.0,M0541,qr
nimman,NM-004396,2,2026-06-04 12:16:00,P10,M,1.0,60.0,M0541,qr
nimman,NM-004397,1,2026-06-04 12:23:00,P15,,1.0,75.0,M0065,qr
nimman,NM-004398,1,2026-06-04 13:11:00,P12,,1.0,55.0,M0236,qr
nimman,NM-004399,1,2026-06-04 13:48:00,P07,M,1.0,55.0,,cash
nimman,NM-004400,1,2026-06-04 14:05:00,P07,L,1.0,65.0,,cash
nimman,NM-004401,1,2026-06-04 15:36:00,P12,,2.0,55.0,M0454,qr
nimman,NM-004402,1,2026-06-04 15:44:00,P04,M,1.0,65.0,,qr
nimman,NM-004403,1,2026-06-04 15:56:00,P08,S,1.0,60.0,,qr
nimman,NM-004404,1,2026-06-04 16:08:00,P08,S,1.0,60.0,,cash
nimman,NM-004405,1,2026-06-04 16:58:00,P10,S,1.0,50.0,,qr
nimman,NM-004406,1,2026-06-04 17:01:00,P03,L,2.0,75.0,M0120,qr
nimman,NM-004406,2,2026-06-04 17:01:00,P14,,1.0,85.0,M0120,qr
nimman,NM-004407,1,2026-06-04 18:44:00,P12,,2.0,55.0,,qr
nimman,NM-004408,1,2026-06-04 18:51:00,P11,M,1.0,60.0,M0444,qr
nimman,NM-004409,1,2026-06-04 19:24:00,P07,S,1.0,45.0,,cash
nimman,NM-004409,2,2026-06-04 19:24:00,P13,,1.0,50.0,,cash
nimman,NM-004410,1,2026-06-05 07:32:00,P07,L,1.0,65.0,,qr
nimman,NM-004411,1,2026-06-05 07:50:00,P02,M,1.0,55.0,,cash
nimman,NM-004411,2,2026-06-05 07:50:00,P12,,1.0,55.0,,cash
nimman,NM-004412,1,2026-06-05 07:54:00,P15,,1.0,75.0,,cash
nimman,NM-004413,1,2026-06-05 08:21:00,P03,L,1.0,75.0,,qr
nimman,NM-004414,1,2026-06-05 08:34:00,P07,S,2.0,45.0,,qr
nimman,NM-004414,2,2026-06-05 08:34:00,P13,,1.0,50.0,,qr
nimman,NM-004415,1,2026-06-05 09:11:00,P14,,2.0,85.0,,qr
nimman,NM-004416,1,2026-06-05 10:08:00,P03,S,1.0,55.0,,qr
nimman,NM-004417,1,2026-06-05 10:13:00,P07,M,1.0,55.0,M0138,card
nimman,NM-004418,1,2026-06-05 10:53:00,P02,L,1.0,65.0,,qr
nimman,NM-004419,1,2026-06-05 11:16:00,P02,M,1.0,55.0,M0364,qr
nimman,NM-004420,1,2026-06-05 12:35:00,P03,M,1.0,65.0,M0644,qr
nimman,NM-004420,2,2026-06-05 12:35:00,P14,,1.0,85.0,M0644,qr
nimman,NM-004421,1,2026-06-05 13:22:00,P07,L,1.0,65.0,,qr
nimman,NM-004421,2,2026-06-05 13:22:00,P13,,1.0,50.0,,qr
nimman,NM-004422,1,2026-06-05 13:43:00,P14,,1.0,85.0,M0268,qr
nimman,NM-004423,1,2026-06-05 13:53:00,P09,L,1.0,60.0,,card
nimman,NM-004424,1,2026-06-05 14:58:00,P10,L,2.0,70.0,,qr
nimman,NM-004425,1,2026-06-05 15:58:00,P01,L,2.0,65.0,M0603,cash
nimman,NM-004425,2,2026-06-05 15:58:00,P15,,1.0,75.0,M0603,cash
nimman,NM-004426,1,2026-06-05 17:34:00,P03,S,1.0,55.0,,card
nimman,NM-004426,2,2026-06-05 17:34:00,P14,,1.0,85.0,,card
nimman,NM-004426,3,2026-06-05 17:34:00,P08,L,1.0,80.0,,card
nimman,NM-004427,1,2026-06-05 18:00:00,P09,S,1.0,40.0,,cash
nimman,NM-004428,1,2026-06-05 18:06:00,P15,,2.0,75.0,M0689,qr
nimman,NM-004429,1,2026-06-05 18:35:00,P11,S,1.0,50.0,,qr
nimman,NM-004430,1,2026-06-05 19:14:00,P07,S,1.0,45.0,,cash
nimman,NM-004431,1,2026-06-06 07:02:00,P02,M,2.0,55.0,M0566,qr
nimman,NM-004432,1,2026-06-06 07:15:00,P02,M,2.0,55.0,M0326,card
nimman,NM-004432,2,2026-06-06 07:15:00,P12,,1.0,55.0,M0326,card
nimman,NM-004433,1,2026-06-06 08:13:00,P09,L,3.0,60.0,,cash
nimman,NM-004434,1,2026-06-06 08:42:00,P02,M,1.0,55.0,M0162,qr
nimman,NM-004434,2,2026-06-06 08:42:00,P12,,1.0,55.0,M0162,qr
nimman,NM-004435,1,2026-06-06 08:45:00,P08,M,1.0,70.0,,qr
nimman,NM-004436,1,2026-06-06 09:07:00,P02,M,1.0,55.0,M0252,qr
nimman,NM-004436,2,2026-06-06 09:07:00,P08,M,1.0,70.0,M0252,qr
nimman,NM-004437,1,2026-06-06 09:46:00,P07,M,1.0,55.0,,card
nimman,NM-004438,1,2026-06-06 10:13:00,P10,S,1.0,50.0,M0569,qr
nimman,NM-004438,2,2026-06-06 10:13:00,P15,,1.0,75.0,M0569,qr
nimman,NM-004439,1,2026-06-06 10:29:00,P05,L,1.0,80.0,,card
nimman,NM-004440,1,2026-06-06 11:26:00,P01,M,1.0,55.0,M0501,qr
nimman,NM-004441,1,2026-06-06 11:31:00,P06,S,3.0,65.0,,cash
nimman,NM-004442,1,2026-06-06 11:34:00,P12,,1.0,55.0,M0505,qr
nimman,NM-004443,1,2026-06-06 11:53:00,P03,M,1.0,65.0,,qr
nimman,NM-004444,1,2026-06-06 12:35:00,P08,L,3.0,80.0,,qr
nimman,NM-004444,2,2026-06-06 12:35:00,P14,,1.0,85.0,,qr
nimman,NM-004445,1,2026-06-06 15:09:00,P06,L,1.0,85.0,,qr
nimman,NM-004446,1,2026-06-06 15:20:00,P08,L,2.0,80.0,M0247,qr
nimman,NM-004446,2,2026-06-06 15:20:00,P15,,1.0,75.0,M0247,qr
nimman,NM-004447,1,2026-06-06 16:22:00,P13,,2.0,50.0,,qr
nimman,NM-004448,1,2026-06-06 16:27:00,P08,M,1.0,70.0,M0570,qr
nimman,NM-004449,1,2026-06-06 16:40:00,P07,M,1.0,55.0,M0318,qr
nimman,NM-004449,2,2026-06-06 16:40:00,P13,,1.0,50.0,M0318,qr
nimman,NM-004450,1,2026-06-06 17:38:00,P07,M,1.0,55.0,,qr
nimman,NM-004450,2,2026-06-06 17:38:00,P12,,1.0,55.0,,qr
nimman,NM-004451,1,2026-06-06 18:17:00,P15,,1.0,75.0,,qr
nimman,NM-004452,1,2026-06-06 18:29:00,P07,M,1.0,55.0,,qr
nimman,NM-004452,2,2026-06-06 18:29:00,P13,,1.0,50.0,,qr
nimman,NM-004453,1,2026-06-06 18:31:00,P07,S,1.0,45.0,,qr
nimman,NM-004453,2,2026-06-06 18:31:00,P13,,1.0,50.0,,qr
nimman,NM-004454,1,2026-06-06 18:33:00,P14,,1.0,85.0,,cash
nimman,NM-004455,1,2026-06-06 19:08:00,P12,,1.0,55.0,,qr
nimman,NM-004456,1,2026-06-06 19:29:00,P09,M,1.0,50.0,M0651,qr
nimman,NM-004457,1,2026-06-06 19:34:00,P02,S,1.0,45.0,M0631,card
nimman,NM-004458,1,2026-06-07 07:06:00,P03,L,1.0,75.0,M0190,qr
nimman,NM-004459,1,2026-06-07 07:23:00,P08,L,1.0,80.0,,cash
nimman,NM-004460,1,2026-06-07 07:51:00,P07,L,2.0,65.0,M0681,cash
nimman,NM-004461,1,2026-06-07 08:09:00,P05,S,2.0,60.0,,qr
nimman,NM-004461,2,2026-06-07 08:09:00,P13,,1.0,50.0,,qr
nimman,NM-004462,1,2026-06-07 08:10:00,P04,S,1.0,55.0,,card
nimman,NM-004463,1,2026-06-07 08:14:00,P15,,2.0,75.0,M0208,cash
nimman,NM-004464,1,2026-06-07 08:52:00,P12,,1.0,55.0,,qr
nimman,NM-004465,1,2026-06-07 09:01:00,P15,,1.0,75.0,,qr
nimman,NM-004466,1,2026-06-07 09:07:00,P02,S,1.0,45.0,,qr
nimman,NM-004466,2,2026-06-07 09:07:00,P12,,1.0,55.0,,qr
nimman,NM-004467,1,2026-06-07 09:19:00,P08,S,1.0,60.0,,qr
nimman,NM-004468,1,2026-06-07 09:29:00,P02,L,1.0,65.0,,qr
nimman,NM-004468,2,2026-06-07 09:29:00,P04,M,1.0,65.0,,qr
nimman,NM-004469,1,2026-06-07 09:49:00,P05,M,1.0,70.0,M0419,card
nimman,NM-004469,2,2026-06-07 09:49:00,P08,L,1.0,80.0,M0419,card
nimman,NM-004470,1,2026-06-07 09:49:00,P07,M,1.0,55.0,,card
nimman,NM-004470,2,2026-06-07 09:49:00,P03,L,1.0,75.0,,card
nimman,NM-004471,1,2026-06-07 10:09:00,P04,M,1.0,65.0,,cash
nimman,NM-004472,1,2026-06-07 10:18:00,P04,M,2.0,65.0,M0664,qr
nimman,NM-004473,1,2026-06-07 10:50:00,P06,M,1.0,75.0,,qr
nimman,NM-004474,1,2026-06-07 12:09:00,P13,,1.0,50.0,M0745,card
nimman,NM-004474,2,2026-06-07 12:09:00,P01,S,1.0,45.0,M0745,card
nimman,NM-004475,1,2026-06-07 12:15:00,P02,M,1.0,55.0,M0069,cash
nimman,NM-004476,1,2026-06-07 12:50:00,P09,L,1.0,60.0,,cash
nimman,NM-004477,1,2026-06-07 13:33:00,P15,,1.0,75.0,M0051,qr
nimman,NM-004478,1,2026-06-07 13:39:00,P09,S,1.0,40.0,,qr
nimman,NM-004478,2,2026-06-07 13:39:00,P10,M,1.0,60.0,,qr
nimman,NM-004479,1,2026-06-07 14:07:00,P05,M,1.0,70.0,,qr
nimman,NM-004480,1,2026-06-07 14:12:00,P03,L,1.0,75.0,M0234,cash
nimman,NM-004481,1,2026-06-07 14:30:00,P05,M,1.0,70.0,,cash
nimman,NM-004482,1,2026-06-07 15:02:00,P10,M,1.0,60.0,M0718,cash
nimman,NM-004483,1,2026-06-07 15:16:00,P07,S,2.0,45.0,,qr
nimman,NM-004483,2,2026-06-07 15:16:00,P13,,1.0,50.0,,qr
nimman,NM-004484,1,2026-06-07 15:31:00,P03,M,1.0,65.0,,qr
nimman,NM-004484,2,2026-06-07 15:31:00,P14,,1.0,85.0,,qr
nimman,NM-004485,1,2026-06-07 15:31:00,P07,L,1.0,65.0,M0118,cash
nimman,NM-004486,1,2026-06-07 16:13:00,P02,L,2.0,65.0,,card
nimman,NM-004486,2,2026-06-07 16:13:00,P12,,1.0,55.0,,card
nimman,NM-004487,1,2026-06-07 16:58:00,P10,M,1.0,60.0,,qr
nimman,NM-004488,1,2026-06-07 18:11:00,P07,M,1.0,55.0,,card
nimman,NM-004488,2,2026-06-07 18:11:00,P13,,1.0,50.0,,card
nimman,NM-004489,1,2026-06-07 18:45:00,P07,S,1.0,45.0,,card
nimman,NM-004489,2,2026-06-07 18:45:00,P13,,1.0,50.0,,card
nimman,NM-004489,3,2026-06-07 18:45:00,P09,M,1.0,50.0,,card
nimman,NM-004490,1,2026-06-08 07:11:00,P06,M,1.0,75.0,M0462,qr
nimman,NM-004490,2,2026-06-08 07:11:00,P13,,1.0,50.0,M0462,qr
nimman,NM-004491,1,2026-06-08 07:14:00,P04,L,1.0,75.0,M0442,cash
nimman,NM-004491,2,2026-06-08 07:14:00,P03,S,1.0,55.0,M0442,cash
nimman,NM-004492,1,2026-06-08 07:52:00,P13,,1.0,50.0,M0199,card
nimman,NM-004493,1,2026-06-08 08:29:00,P05,M,1.0,70.0,,qr
nimman,NM-004494,1,2026-06-08 09:11:00,P03,S,1.0,55.0,,qr
nimman,NM-004494,2,2026-06-08 09:11:00,P06,L,1.0,85.0,,qr
nimman,NM-004495,1,2026-06-08 09:23:00,P03,M,1.0,65.0,,qr
nimman,NM-004496,1,2026-06-08 09:50:00,P11,M,1.0,60.0,,cash
nimman,NM-004497,1,2026-06-08 10:09:00,P03,M,1.0,65.0,,qr
nimman,NM-004497,2,2026-06-08 10:09:00,P14,,1.0,85.0,,qr
nimman,NM-004497,3,2026-06-08 10:09:00,P15,,1.0,75.0,,qr
nimman,NM-004498,1,2026-06-08 10:19:00,P13,,1.0,50.0,,cash
nimman,NM-004499,1,2026-06-08 12:29:00,P12,,2.0,55.0,M0112,cash
nimman,NM-004499,2,2026-06-08 12:29:00,P07,S,1.0,45.0,M0112,cash
nimman,NM-004500,1,2026-06-08 13:19:00,P04,M,1.0,65.0,M0056,cash
nimman,NM-004500,2,2026-06-08 13:19:00,P09,L,1.0,60.0,M0056,cash
nimman,NM-004501,1,2026-06-08 13:38:00,P04,S,1.0,55.0,M0156,qr
nimman,NM-004502,1,2026-06-08 13:46:00,P08,M,2.0,70.0,,qr
nimman,NM-004503,1,2026-06-08 14:03:00,P11,M,1.0,60.0,,qr
nimman,NM-004503,2,2026-06-08 14:03:00,P14,,1.0,85.0,,qr
nimman,NM-004504,1,2026-06-08 14:09:00,P07,M,1.0,55.0,,cash
nimman,NM-004505,1,2026-06-08 14:19:00,P12,,2.0,55.0,M0043,card
nimman,NM-004506,1,2026-06-08 14:56:00,P03,S,1.0,55.0,,cash
nimman,NM-004506,2,2026-06-08 14:56:00,P14,,1.0,85.0,,cash
nimman,NM-004507,1,2026-06-08 15:18:00,P09,L,1.0,60.0,,qr
nimman,NM-004508,1,2026-06-08 15:47:00,P02,L,1.0,65.0,M0413,qr
nimman,NM-004509,1,2026-06-08 16:27:00,P06,L,1.0,85.0,,card
nimman,NM-004510,1,2026-06-08 16:39:00,P08,M,2.0,70.0,,card
nimman,NM-004511,1,2026-06-08 16:50:00,P11,M,1.0,60.0,,card
nimman,NM-004512,1,2026-06-08 17:25:00,P09,L,1.0,60.0,M0419,card
nimman,NM-004513,1,2026-06-08 19:45:00,P04,M,1.0,65.0,M0112,cash
nimman,NM-004514,1,2026-06-09 07:21:00,P10,M,2.0,60.0,M0366,qr
nimman,NM-004514,2,2026-06-09 07:21:00,P12,,1.0,55.0,M0366,qr
nimman,NM-004514,3,2026-06-09 07:21:00,P05,M,1.0,70.0,M0366,qr
nimman,NM-004515,1,2026-06-09 08:29:00,P05,M,1.0,70.0,M0775,cash
nimman,NM-004516,1,2026-06-09 09:25:00,P02,M,1.0,55.0,,qr
nimman,NM-004516,2,2026-06-09 09:25:00,P12,,1.0,55.0,,qr
nimman,NM-004517,1,2026-06-09 09:29:00,P10,M,1.0,60.0,M0634,card
nimman,NM-004518,1,2026-06-09 09:34:00,P13,,3.0,50.0,,cash
nimman,NM-004519,1,2026-06-09 10:20:00,P02,M,1.0,55.0,,cash
nimman,NM-004519,2,2026-06-09 10:20:00,P11,M,1.0,60.0,,cash
nimman,NM-004520,1,2026-06-09 10:38:00,P03,M,1.0,65.0,,qr
nimman,NM-004521,1,2026-06-09 10:49:00,P03,L,1.0,75.0,M0248,cash
nimman,NM-004522,1,2026-06-09 10:55:00,P02,S,1.0,45.0,,qr
nimman,NM-004522,2,2026-06-09 10:55:00,P12,,1.0,55.0,,qr
nimman,NM-004523,1,2026-06-09 11:20:00,P05,L,1.0,80.0,M0462,qr
nimman,NM-004524,1,2026-06-09 12:41:00,P08,L,2.0,80.0,,qr
nimman,NM-004525,1,2026-06-09 12:50:00,P15,,1.0,75.0,M0195,qr
nimman,NM-004526,1,2026-06-09 14:04:00,P11,L,1.0,70.0,,card
nimman,NM-004526,2,2026-06-09 14:04:00,P08,L,1.0,80.0,,card
nimman,NM-004527,1,2026-06-09 14:19:00,P08,S,3.0,60.0,M0631,qr
nimman,NM-004528,1,2026-06-09 14:31:00,P14,,1.0,85.0,M0145,cash
nimman,NM-004529,1,2026-06-09 15:14:00,P10,L,1.0,70.0,,qr
nimman,NM-004529,2,2026-06-09 15:14:00,P14,,1.0,85.0,,qr
nimman,NM-004530,1,2026-06-09 16:56:00,P03,L,1.0,75.0,,cash
nimman,NM-004530,2,2026-06-09 16:56:00,P05,L,1.0,80.0,,cash
nimman,NM-004531,1,2026-06-09 18:37:00,P14,,1.0,85.0,M0443,card
nimman,NM-004532,1,2026-06-09 19:20:00,P14,,1.0,85.0,,card
nimman,NM-004532,2,2026-06-09 19:20:00,P07,S,1.0,45.0,,card
nimman,NM-004533,1,2026-06-10 07:09:00,P04,S,2.0,55.0,,card
nimman,NM-004534,1,2026-06-10 08:35:00,P07,M,1.0,55.0,M0097,qr
nimman,NM-004534,2,2026-06-10 08:35:00,P13,,1.0,50.0,M0097,qr
nimman,NM-004534,3,2026-06-10 08:35:00,P14,,1.0,85.0,M0097,qr
nimman,NM-004535,1,2026-06-10 08:38:00,P03,L,1.0,75.0,M0242,qr
nimman,NM-004536,1,2026-06-10 09:30:00,P06,L,1.0,85.0,M0359,qr
nimman,NM-004537,1,2026-06-10 09:48:00,P02,M,3.0,55.0,,qr
nimman,NM-004537,2,2026-06-10 09:48:00,P12,,1.0,55.0,,qr
nimman,NM-004538,1,2026-06-10 09:59:00,P04,S,1.0,55.0,,cash
nimman,NM-004539,1,2026-06-10 10:34:00,P03,S,1.0,55.0,,qr
nimman,NM-004540,1,2026-06-10 10:35:00,P11,S,1.0,50.0,,cash
nimman,NM-004540,2,2026-06-10 10:35:00,P14,,1.0,85.0,,cash
nimman,NM-004541,1,2026-06-10 10:41:00,P08,M,2.0,70.0,M0280,card
nimman,NM-004542,1,2026-06-10 11:09:00,P09,L,1.0,60.0,M0413,cash
nimman,NM-004543,1,2026-06-10 11:43:00,P02,S,1.0,45.0,M0600,qr
nimman,NM-004544,1,2026-06-10 12:01:00,P03,M,2.0,65.0,M0369,qr
nimman,NM-004544,2,2026-06-10 12:01:00,P14,,1.0,85.0,M0369,qr
nimman,NM-004545,1,2026-06-10 13:20:00,P06,M,1.0,75.0,,qr
nimman,NM-004546,1,2026-06-10 13:58:00,P07,S,1.0,45.0,,card
nimman,NM-004546,2,2026-06-10 13:58:00,P13,,1.0,50.0,,card
nimman,NM-004547,1,2026-06-10 14:12:00,P02,S,1.0,45.0,,qr
nimman,NM-004547,2,2026-06-10 14:12:00,P12,,1.0,55.0,,qr
nimman,NM-004548,1,2026-06-10 14:29:00,P12,,1.0,55.0,,qr
nimman,NM-004549,1,2026-06-10 14:49:00,P11,M,1.0,60.0,M0202,card
nimman,NM-004549,2,2026-06-10 14:49:00,P13,,1.0,50.0,M0202,card
nimman,NM-004550,1,2026-06-10 15:06:00,P08,M,1.0,70.0,,card
nimman,NM-004551,1,2026-06-10 15:07:00,P09,M,2.0,50.0,,cash
nimman,NM-004551,2,2026-06-10 15:07:00,P13,,1.0,50.0,,cash
nimman,NM-004552,1,2026-06-10 15:23:00,P10,S,1.0,50.0,,qr
nimman,NM-004552,2,2026-06-10 15:23:00,P12,,1.0,55.0,,qr
nimman,NM-004552,3,2026-06-10 15:23:00,P02,M,1.0,55.0,,qr
nimman,NM-004553,1,2026-06-10 15:53:00,P04,M,1.0,65.0,M0171,cash
nimman,NM-004554,1,2026-06-10 16:01:00,P08,M,2.0,70.0,,qr
nimman,NM-004555,1,2026-06-10 16:30:00,P07,M,1.0,55.0,M0444,cash
nimman,NM-004555,2,2026-06-10 16:30:00,P13,,1.0,50.0,M0444,cash
nimman,NM-004556,1,2026-06-10 17:31:00,P07,M,1.0,55.0,,qr
nimman,NM-004557,1,2026-06-10 17:34:00,P09,M,2.0,50.0,M0533,cash
nimman,NM-004557,2,2026-06-10 17:34:00,P07,M,1.0,55.0,M0533,cash
nimman,NM-004558,1,2026-06-10 17:42:00,P08,M,1.0,70.0,,card
nimman,NM-004558,2,2026-06-10 17:42:00,P15,,1.0,75.0,,card
nimman,NM-004559,1,2026-06-10 18:47:00,P07,M,1.0,55.0,,cash
nimman,NM-004559,2,2026-06-10 18:47:00,P13,,1.0,50.0,,cash
nimman,NM-004560,1,2026-06-10 19:55:00,P08,S,1.0,60.0,M0518,qr
nimman,NM-004561,1,2026-06-11 07:40:00,P04,L,1.0,75.0,M0568,cash
nimman,NM-004562,1,2026-06-11 07:50:00,P03,S,1.0,55.0,,qr
nimman,NM-004563,1,2026-06-11 08:04:00,P01,S,1.0,45.0,,qr
nimman,NM-004563,2,2026-06-11 08:04:00,P15,,1.0,75.0,,qr
nimman,NM-004563,3,2026-06-11 08:04:00,P02,L,1.0,65.0,,qr
nimman,NM-004564,1,2026-06-11 08:52:00,P11,M,1.0,60.0,M0009,qr
nimman,NM-004565,1,2026-06-11 09:04:00,P12,,1.0,55.0,,card
nimman,NM-004566,1,2026-06-11 09:10:00,P05,M,1.0,70.0,M0537,qr
nimman,NM-004567,1,2026-06-11 10:17:00,P09,L,1.0,60.0,,card
nimman,NM-004567,2,2026-06-11 10:17:00,P14,,1.0,85.0,,card
nimman,NM-004567,3,2026-06-11 10:17:00,P02,M,1.0,55.0,,card
nimman,NM-004568,1,2026-06-11 11:17:00,P03,L,2.0,75.0,M0584,card
nimman,NM-004568,2,2026-06-11 11:17:00,P14,,1.0,85.0,M0584,card
nimman,NM-004569,1,2026-06-11 11:48:00,P01,M,1.0,55.0,,qr
nimman,NM-004569,2,2026-06-11 11:48:00,P15,,1.0,75.0,,qr
nimman,NM-004570,1,2026-06-11 11:59:00,P09,M,1.0,50.0,,qr
nimman,NM-004570,2,2026-06-11 11:59:00,P12,,1.0,55.0,,qr
nimman,NM-004571,1,2026-06-11 12:01:00,P07,M,1.0,55.0,M0712,qr
nimman,NM-004572,1,2026-06-11 12:12:00,P06,L,1.0,85.0,M0081,qr
nimman,NM-004573,1,2026-06-11 13:04:00,P14,,1.0,85.0,M0291,cash
nimman,NM-004574,1,2026-06-11 13:22:00,P10,S,1.0,50.0,,qr
nimman,NM-004575,1,2026-06-11 13:59:00,P08,M,1.0,70.0,,qr
nimman,NM-004576,1,2026-06-11 15:08:00,P15,,1.0,75.0,M0436,qr
nimman,NM-004577,1,2026-06-11 15:10:00,P07,M,1.0,55.0,,card
nimman,NM-004577,2,2026-06-11 15:10:00,P13,,1.0,50.0,,card
nimman,NM-004578,1,2026-06-11 15:14:00,P03,L,1.0,75.0,,qr
nimman,NM-004578,2,2026-06-11 15:14:00,P14,,1.0,85.0,,qr
nimman,NM-004579,1,2026-06-11 17:34:00,P08,S,1.0,60.0,,cash
nimman,NM-004580,1,2026-06-11 17:54:00,P02,L,1.0,65.0,,card
nimman,NM-004580,2,2026-06-11 17:54:00,P12,,1.0,55.0,,card
nimman,NM-004581,1,2026-06-11 18:45:00,P12,,2.0,55.0,,card
nimman,NM-004581,2,2026-06-11 18:45:00,P10,M,1.0,60.0,,card
nimman,NM-004582,1,2026-06-12 07:23:00,P14,,1.0,85.0,M0382,card
nimman,NM-004583,1,2026-06-12 07:37:00,P06,L,1.0,85.0,,qr
nimman,NM-004583,2,2026-06-12 07:37:00,P12,,1.0,55.0,,qr
nimman,NM-004584,1,2026-06-12 07:59:00,P02,L,2.0,65.0,,cash
nimman,NM-004584,2,2026-06-12 07:59:00,P13,,1.0,50.0,,cash
nimman,NM-004585,1,2026-06-12 08:36:00,P03,S,1.0,55.0,,card
nimman,NM-004585,2,2026-06-12 08:36:00,P14,,1.0,85.0,,card
nimman,NM-004586,1,2026-06-12 08:46:00,P06,M,2.0,75.0,,qr
nimman,NM-004587,1,2026-06-12 08:48:00,P02,L,1.0,65.0,M0164,card
nimman,NM-004587,2,2026-06-12 08:48:00,P15,,1.0,75.0,M0164,card
nimman,NM-004588,1,2026-06-12 09:06:00,P03,M,1.0,65.0,M0345,cash
nimman,NM-004589,1,2026-06-12 09:41:00,P06,L,1.0,85.0,,card
nimman,NM-004590,1,2026-06-12 10:40:00,P05,L,1.0,80.0,,cash
nimman,NM-004590,2,2026-06-12 10:40:00,P15,,1.0,75.0,,cash
nimman,NM-004591,1,2026-06-12 10:47:00,P12,,2.0,55.0,M0264,card
nimman,NM-004592,1,2026-06-12 11:10:00,P07,S,1.0,45.0,M0231,qr
nimman,NM-004593,1,2026-06-12 12:02:00,P01,S,1.0,45.0,M0219,qr
nimman,NM-004594,1,2026-06-12 12:08:00,P07,L,1.0,65.0,,card
nimman,NM-004594,2,2026-06-12 12:08:00,P13,,1.0,50.0,,card
nimman,NM-004595,1,2026-06-12 12:32:00,P08,M,1.0,70.0,,cash
nimman,NM-004596,1,2026-06-12 12:58:00,P12,,3.0,55.0,,card
nimman,NM-004596,2,2026-06-12 12:58:00,P07,M,1.0,55.0,,card
nimman,NM-004597,1,2026-06-12 13:51:00,P04,S,1.0,55.0,,cash
nimman,NM-004598,1,2026-06-12 14:02:00,P07,M,1.0,55.0,M0287,qr
nimman,NM-004598,2,2026-06-12 14:02:00,P13,,1.0,50.0,M0287,qr
nimman,NM-004599,1,2026-06-12 14:20:00,P06,M,1.0,75.0,,qr
nimman,NM-004599,2,2026-06-12 14:20:00,P12,,1.0,55.0,,qr
nimman,NM-004600,1,2026-06-12 14:46:00,P06,M,1.0,75.0,,card
nimman,NM-004601,1,2026-06-12 14:59:00,P14,,1.0,85.0,,qr
nimman,NM-004602,1,2026-06-12 15:22:00,P14,,1.0,85.0,,qr
nimman,NM-004603,1,2026-06-12 15:38:00,P15,,1.0,75.0,,qr
nimman,NM-004604,1,2026-06-12 15:56:00,P09,M,1.0,50.0,M0011,qr
nimman,NM-004605,1,2026-06-12 16:03:00,P07,M,2.0,55.0,,cash
nimman,NM-004605,2,2026-06-12 16:03:00,P13,,1.0,50.0,,cash
nimman,NM-004605,3,2026-06-12 16:03:00,P11,S,1.0,50.0,,cash
nimman,NM-004606,1,2026-06-12 16:09:00,P13,,1.0,50.0,M0634,qr
nimman,NM-004607,1,2026-06-12 16:36:00,P10,S,1.0,50.0,,qr
nimman,NM-004608,1,2026-06-12 17:40:00,P07,L,1.0,65.0,M0551,card
nimman,NM-004609,1,2026-06-12 18:14:00,P05,L,1.0,80.0,,cash
nimman,NM-004610,1,2026-06-12 18:41:00,P04,L,1.0,75.0,M0208,qr
nimman,NM-004611,1,2026-06-12 19:29:00,P07,M,1.0,55.0,,card
nimman,NM-004611,2,2026-06-12 19:29:00,P13,,1.0,50.0,,card
nimman,NM-004612,1,2026-06-13 08:07:00,P07,M,1.0,55.0,,card
nimman,NM-004612,2,2026-06-13 08:07:00,P13,,1.0,50.0,,card
nimman,NM-004613,1,2026-06-13 08:21:00,P08,L,1.0,80.0,M0498,qr
nimman,NM-004614,1,2026-06-13 08:43:00,P04,S,1.0,55.0,,qr
nimman,NM-004615,1,2026-06-13 08:50:00,P04,S,1.0,55.0,M0502,qr
nimman,NM-004616,1,2026-06-13 09:15:00,P07,M,1.0,55.0,,qr
nimman,NM-004616,2,2026-06-13 09:15:00,P12,,1.0,55.0,,qr
nimman,NM-004617,1,2026-06-13 09:22:00,P06,M,1.0,75.0,,card
nimman,NM-004618,1,2026-06-13 09:27:00,P02,M,1.0,55.0,M0319,cash
nimman,NM-004619,1,2026-06-13 09:44:00,P13,,1.0,50.0,,qr
nimman,NM-004620,1,2026-06-13 10:05:00,P05,M,1.0,70.0,M0610,qr
nimman,NM-004621,1,2026-06-13 10:22:00,P03,S,1.0,55.0,,qr
nimman,NM-004621,2,2026-06-13 10:22:00,P14,,1.0,85.0,,qr
nimman,NM-004622,1,2026-06-13 10:53:00,P12,,1.0,55.0,,qr
nimman,NM-004623,1,2026-06-13 11:16:00,P11,M,1.0,60.0,,cash
nimman,NM-004623,2,2026-06-13 11:16:00,P12,,1.0,55.0,,cash
nimman,NM-004624,1,2026-06-13 11:27:00,P03,M,1.0,65.0,,cash
nimman,NM-004624,2,2026-06-13 11:27:00,P14,,1.0,85.0,,cash
nimman,NM-004625,1,2026-06-13 11:52:00,P05,M,2.0,70.0,,qr
nimman,NM-004626,1,2026-06-13 12:35:00,P08,M,1.0,70.0,,cash
nimman,NM-004627,1,2026-06-13 13:14:00,P15,,1.0,75.0,M0178,cash
nimman,NM-004627,2,2026-06-13 13:14:00,P12,,1.0,55.0,M0178,cash
nimman,NM-004628,1,2026-06-13 13:37:00,P10,S,1.0,50.0,,cash
nimman,NM-004629,1,2026-06-13 14:00:00,P08,L,2.0,80.0,,qr
nimman,NM-004630,1,2026-06-13 14:03:00,P06,M,2.0,75.0,M0649,card
nimman,NM-004631,1,2026-06-13 14:05:00,P09,M,1.0,50.0,M0371,card
nimman,NM-004632,1,2026-06-13 14:12:00,P10,M,1.0,60.0,,qr
nimman,NM-004633,1,2026-06-13 14:26:00,P02,L,3.0,65.0,,qr
nimman,NM-004634,1,2026-06-13 14:26:00,P03,L,1.0,75.0,,qr
nimman,NM-004635,1,2026-06-13 15:37:00,P12,,1.0,55.0,,qr
nimman,NM-004636,1,2026-06-13 16:02:00,P10,L,1.0,70.0,,card
nimman,NM-004637,1,2026-06-13 16:11:00,P02,M,1.0,55.0,,qr
nimman,NM-004638,1,2026-06-13 16:33:00,P07,M,1.0,55.0,,qr
nimman,NM-004638,2,2026-06-13 16:33:00,P13,,1.0,50.0,,qr
nimman,NM-004639,1,2026-06-13 17:04:00,P12,,1.0,55.0,,qr
nimman,NM-004640,1,2026-06-13 17:48:00,P07,M,1.0,55.0,,card
nimman,NM-004641,1,2026-06-13 18:18:00,P07,M,1.0,55.0,,card
nimman,NM-004641,2,2026-06-13 18:18:00,P13,,1.0,50.0,,card
nimman,NM-004642,1,2026-06-13 18:36:00,P14,,1.0,85.0,,qr
nimman,NM-004643,1,2026-06-13 19:12:00,P04,M,1.0,65.0,M0181,qr
nimman,NM-004644,1,2026-06-13 19:45:00,P10,M,1.0,60.0,,cash
nimman,NM-004644,2,2026-06-13 19:45:00,P15,,1.0,75.0,,cash
nimman,NM-004645,1,2026-06-13 19:54:00,P08,S,1.0,60.0,,qr
nimman,NM-004646,1,2026-06-14 08:54:00,P06,M,2.0,75.0,M0069,cash
nimman,NM-004647,1,2026-06-14 09:11:00,P09,L,1.0,60.0,M0006,cash
nimman,NM-004648,1,2026-06-14 10:14:00,P09,M,1.0,50.0,,card
nimman,NM-004649,1,2026-06-14 10:16:00,P01,S,1.0,45.0,,qr
nimman,NM-004650,1,2026-06-14 10:23:00,P07,L,1.0,65.0,,qr
nimman,NM-004650,2,2026-06-14 10:23:00,P13,,1.0,50.0,,qr
nimman,NM-004651,1,2026-06-14 10:25:00,P08,M,1.0,70.0,,qr
nimman,NM-004651,2,2026-06-14 10:25:00,P12,,1.0,55.0,,qr
nimman,NM-004652,1,2026-06-14 10:25:00,P06,L,1.0,85.0,,cash
nimman,NM-004653,1,2026-06-14 10:36:00,P04,M,1.0,65.0,M0511,qr
nimman,NM-004654,1,2026-06-14 10:45:00,P14,,1.0,85.0,M0695,qr
nimman,NM-004655,1,2026-06-14 11:33:00,P05,S,1.0,60.0,,card
nimman,NM-004656,1,2026-06-14 11:41:00,P12,,1.0,55.0,,qr
nimman,NM-004657,1,2026-06-14 11:41:00,P11,S,1.0,50.0,M0003,qr
nimman,NM-004658,1,2026-06-14 11:58:00,P04,S,1.0,55.0,,card
nimman,NM-004659,1,2026-06-14 12:37:00,P03,L,1.0,75.0,,card
nimman,NM-004660,1,2026-06-14 12:57:00,P14,,1.0,85.0,,card
nimman,NM-004661,1,2026-06-14 14:17:00,P09,M,1.0,50.0,,qr
nimman,NM-004662,1,2026-06-14 14:31:00,P03,M,1.0,65.0,,card
nimman,NM-004663,1,2026-06-14 14:59:00,P08,L,2.0,80.0,M0099,cash
nimman,NM-004664,1,2026-06-14 15:01:00,P12,,1.0,55.0,,qr
nimman,NM-004665,1,2026-06-14 15:56:00,P01,S,1.0,45.0,M0631,card
nimman,NM-004666,1,2026-06-14 16:50:00,P13,,2.0,50.0,,qr
nimman,NM-004667,1,2026-06-14 16:58:00,P12,,2.0,55.0,M0020,cash
nimman,NM-004668,1,2026-06-15 07:22:00,P02,M,2.0,55.0,,qr
nimman,NM-004669,1,2026-06-15 08:02:00,P01,M,1.0,55.0,M0672,cash
nimman,NM-004669,2,2026-06-15 08:02:00,P15,,1.0,75.0,M0672,cash
nimman,NM-004670,1,2026-06-15 08:12:00,P13,,2.0,50.0,,qr
nimman,NM-004671,1,2026-06-15 08:29:00,P03,S,1.0,55.0,,qr
nimman,NM-004672,1,2026-06-15 08:45:00,P12,,3.0,55.0,M0577,qr
nimman,NM-004672,2,2026-06-15 08:45:00,P05,L,1.0,80.0,M0577,qr
nimman,NM-004673,1,2026-06-15 09:21:00,P04,S,1.0,55.0,,cash
nimman,NM-004674,1,2026-06-15 10:47:00,P02,S,1.0,45.0,M0171,qr
nimman,NM-004674,2,2026-06-15 10:47:00,P13,,1.0,50.0,M0171,qr
nimman,NM-004675,1,2026-06-15 11:14:00,P08,L,1.0,80.0,,qr
nimman,NM-004675,2,2026-06-15 11:14:00,P04,M,1.0,65.0,,qr
nimman,NM-004676,1,2026-06-15 12:40:00,P05,M,1.0,70.0,M0739,qr
nimman,NM-004677,1,2026-06-15 12:53:00,P06,S,1.0,65.0,M0732,qr
nimman,NM-004678,1,2026-06-15 13:41:00,P06,M,1.0,75.0,,cash
nimman,NM-004679,1,2026-06-15 13:54:00,P03,L,1.0,75.0,,qr
nimman,NM-004679,2,2026-06-15 13:54:00,P02,S,1.0,45.0,,qr
nimman,NM-004680,1,2026-06-15 14:01:00,P10,S,1.0,50.0,,card
nimman,NM-004680,2,2026-06-15 14:01:00,P07,M,1.0,55.0,,card
nimman,NM-004681,1,2026-06-15 15:19:00,P08,M,1.0,70.0,M0266,card
nimman,NM-004682,1,2026-06-15 16:07:00,P06,S,1.0,65.0,,qr
nimman,NM-004682,2,2026-06-15 16:07:00,P03,L,1.0,75.0,,qr
nimman,NM-004683,1,2026-06-15 16:52:00,P02,L,3.0,65.0,,card
nimman,NM-004683,2,2026-06-15 16:52:00,P12,,1.0,55.0,,card
nimman,NM-004684,1,2026-06-15 16:55:00,P03,L,1.0,75.0,,qr
nimman,NM-004685,1,2026-06-15 17:53:00,P11,M,1.0,60.0,,qr
nimman,NM-004686,1,2026-06-15 17:55:00,P10,M,1.0,60.0,M0130,qr
nimman,NM-004687,1,2026-06-15 18:08:00,P13,,2.0,50.0,,qr
nimman,NM-004688,1,2026-06-15 18:20:00,P08,S,1.0,60.0,,qr
nimman,NM-004688,2,2026-06-15 18:20:00,P11,M,1.0,60.0,,qr
nimman,NM-004689,1,2026-06-15 18:42:00,P12,,1.0,55.0,,cash
nimman,NM-004690,1,2026-06-15 19:05:00,P15,,1.0,75.0,M0626,cash
nimman,NM-004691,1,2026-06-16 07:26:00,P03,L,1.0,75.0,M0432,qr
nimman,NM-004691,2,2026-06-16 07:26:00,P14,,1.0,85.0,M0432,qr
nimman,NM-004692,1,2026-06-16 08:05:00,P02,M,2.0,55.0,,card
nimman,NM-004693,1,2026-06-16 08:06:00,P02,M,1.0,55.0,M0139,card
nimman,NM-004693,2,2026-06-16 08:06:00,P15,,1.0,75.0,M0139,card
nimman,NM-004694,1,2026-06-16 08:07:00,P05,L,1.0,80.0,,qr
nimman,NM-004695,1,2026-06-16 08:28:00,P05,M,1.0,70.0,M0256,card
nimman,NM-004696,1,2026-06-16 08:32:00,P08,L,3.0,80.0,M0065,cash
nimman,NM-004697,1,2026-06-16 09:18:00,P03,M,2.0,65.0,M0333,qr
nimman,NM-004697,2,2026-06-16 09:18:00,P14,,1.0,85.0,M0333,qr
nimman,NM-004698,1,2026-06-16 09:39:00,P04,M,1.0,65.0,,qr
nimman,NM-004698,2,2026-06-16 09:39:00,P12,,1.0,55.0,,qr
nimman,NM-004699,1,2026-06-16 09:50:00,P14,,1.0,85.0,M0081,card
nimman,NM-004700,1,2026-06-16 09:57:00,P05,L,1.0,80.0,,qr
nimman,NM-004700,2,2026-06-16 09:57:00,P03,M,1.0,65.0,,qr
nimman,NM-004701,1,2026-06-16 10:20:00,P15,,2.0,75.0,,qr
nimman,NM-004702,1,2026-06-16 10:32:00,P03,M,1.0,65.0,M0427,qr
nimman,NM-004702,2,2026-06-16 10:32:00,P10,L,1.0,70.0,M0427,qr
nimman,NM-004703,1,2026-06-16 10:46:00,P02,S,1.0,45.0,,cash
nimman,NM-004704,1,2026-06-16 10:46:00,P02,L,1.0,65.0,,card
nimman,NM-004704,2,2026-06-16 10:46:00,P12,,1.0,55.0,,card
nimman,NM-004705,1,2026-06-16 10:58:00,P05,M,1.0,70.0,M0657,qr
nimman,NM-004706,1,2026-06-16 10:58:00,P06,M,1.0,75.0,,cash
nimman,NM-004707,1,2026-06-16 11:49:00,P09,S,1.0,40.0,M0779,qr
nimman,NM-004707,2,2026-06-16 11:49:00,P03,M,1.0,65.0,M0779,qr
nimman,NM-004708,1,2026-06-16 12:12:00,P02,M,1.0,55.0,,qr
nimman,NM-004709,1,2026-06-16 12:12:00,P05,S,3.0,60.0,M0326,cash
nimman,NM-004709,2,2026-06-16 12:12:00,P12,,1.0,55.0,M0326,cash
nimman,NM-004710,1,2026-06-16 12:14:00,P06,L,1.0,85.0,,qr
nimman,NM-004710,2,2026-06-16 12:14:00,P03,S,1.0,55.0,,qr
nimman,NM-004711,1,2026-06-16 12:15:00,P02,M,1.0,55.0,,qr
nimman,NM-004711,2,2026-06-16 12:15:00,P12,,1.0,55.0,,qr
nimman,NM-004712,1,2026-06-16 12:47:00,P02,S,1.0,45.0,M0672,qr
nimman,NM-004712,2,2026-06-16 12:47:00,P08,L,1.0,80.0,M0672,qr
nimman,NM-004713,1,2026-06-16 13:32:00,P05,M,1.0,70.0,,cash
nimman,NM-004714,1,2026-06-16 13:43:00,P07,L,2.0,65.0,M0398,qr
nimman,NM-004714,2,2026-06-16 13:43:00,P13,,1.0,50.0,M0398,qr
nimman,NM-004715,1,2026-06-16 14:22:00,P11,M,1.0,60.0,,qr
nimman,NM-004716,1,2026-06-16 14:50:00,P06,M,1.0,75.0,,qr
nimman,NM-004717,1,2026-06-16 16:42:00,P03,M,2.0,65.0,M0333,qr
nimman,NM-004717,2,2026-06-16 16:42:00,P14,,1.0,85.0,M0333,qr
nimman,NM-004718,1,2026-06-16 19:04:00,P02,M,1.0,55.0,,card
nimman,NM-004718,2,2026-06-16 19:04:00,P12,,1.0,55.0,,card
nimman,NM-004719,1,2026-06-17 08:30:00,P03,S,2.0,55.0,,qr
nimman,NM-004719,2,2026-06-17 08:30:00,P14,,1.0,85.0,,qr
nimman,NM-004720,1,2026-06-17 08:47:00,P15,,2.0,75.0,,cash
nimman,NM-004721,1,2026-06-17 09:46:00,P05,S,1.0,60.0,,qr
nimman,NM-004722,1,2026-06-17 10:08:00,P13,,1.0,50.0,M0168,cash
nimman,NM-004723,1,2026-06-17 10:24:00,P07,M,1.0,55.0,M0672,qr
nimman,NM-004723,2,2026-06-17 10:24:00,P14,,1.0,85.0,M0672,qr
nimman,NM-004724,1,2026-06-17 10:32:00,P09,S,1.0,40.0,,qr
nimman,NM-004725,1,2026-06-17 10:58:00,P02,M,1.0,55.0,M0264,qr
nimman,NM-004726,1,2026-06-17 13:11:00,P08,L,1.0,80.0,,qr
nimman,NM-004727,1,2026-06-17 13:18:00,P10,M,2.0,60.0,,qr
nimman,NM-004727,2,2026-06-17 13:18:00,P08,M,1.0,70.0,,qr
nimman,NM-004728,1,2026-06-17 13:28:00,P02,M,3.0,55.0,M0745,qr
nimman,NM-004729,1,2026-06-17 14:05:00,P01,M,1.0,55.0,,qr
nimman,NM-004729,2,2026-06-17 14:05:00,P15,,1.0,75.0,,qr
nimman,NM-004729,3,2026-06-17 14:05:00,P06,M,1.0,75.0,,qr
nimman,NM-004730,1,2026-06-17 14:21:00,P10,L,2.0,70.0,,card
nimman,NM-004731,1,2026-06-17 14:50:00,P04,M,1.0,65.0,M0772,qr
nimman,NM-004732,1,2026-06-17 15:32:00,P07,L,1.0,65.0,,qr
nimman,NM-004732,2,2026-06-17 15:32:00,P13,,1.0,50.0,,qr
nimman,NM-004732,3,2026-06-17 15:32:00,P03,M,1.0,65.0,,qr
nimman,NM-004733,1,2026-06-17 16:59:00,P12,,1.0,55.0,,qr
nimman,NM-004734,1,2026-06-17 18:12:00,P08,M,1.0,70.0,,qr
nimman,NM-004735,1,2026-06-17 19:05:00,P11,M,1.0,60.0,M0631,qr
nimman,NM-004736,1,2026-06-17 19:23:00,P09,S,1.0,40.0,,qr
nimman,NM-004737,1,2026-06-18 07:56:00,P08,M,1.0,70.0,,cash
nimman,NM-004738,1,2026-06-18 08:56:00,P04,S,1.0,55.0,,cash
nimman,NM-004739,1,2026-06-18 09:14:00,P04,S,2.0,55.0,,qr
nimman,NM-004740,1,2026-06-18 09:50:00,P09,L,1.0,60.0,M0282,qr
nimman,NM-004741,1,2026-06-18 10:08:00,P06,M,1.0,75.0,,qr
nimman,NM-004742,1,2026-06-18 10:39:00,P03,L,3.0,75.0,M0133,cash
nimman,NM-004742,2,2026-06-18 10:39:00,P14,,1.0,85.0,M0133,cash
nimman,NM-004743,1,2026-06-18 11:03:00,P08,M,1.0,70.0,M0055,qr
nimman,NM-004744,1,2026-06-18 11:18:00,P03,S,1.0,55.0,M0786,qr
nimman,NM-004744,2,2026-06-18 11:18:00,P14,,1.0,85.0,M0786,qr
nimman,NM-004744,3,2026-06-18 11:18:00,P04,S,1.0,55.0,M0786,qr
nimman,NM-004745,1,2026-06-18 11:28:00,P13,,1.0,50.0,M0132,card
nimman,NM-004746,1,2026-06-18 12:49:00,P10,L,1.0,70.0,,qr
nimman,NM-004747,1,2026-06-18 12:52:00,P05,M,1.0,70.0,,qr
nimman,NM-004748,1,2026-06-18 14:26:00,P07,M,2.0,55.0,,cash
nimman,NM-004748,2,2026-06-18 14:26:00,P13,,1.0,50.0,,cash
nimman,NM-004749,1,2026-06-18 15:14:00,P03,M,2.0,65.0,,cash
nimman,NM-004750,1,2026-06-18 15:42:00,P07,M,1.0,55.0,,cash
nimman,NM-004750,2,2026-06-18 15:42:00,P13,,1.0,50.0,,cash
nimman,NM-004751,1,2026-06-18 16:04:00,P09,M,1.0,50.0,M0744,cash
nimman,NM-004752,1,2026-06-18 16:07:00,P03,L,1.0,75.0,M0443,qr
nimman,NM-004753,1,2026-06-18 16:17:00,P01,M,1.0,55.0,M0406,card
nimman,NM-004753,2,2026-06-18 16:17:00,P15,,1.0,75.0,M0406,card
nimman,NM-004753,3,2026-06-18 16:17:00,P10,M,1.0,60.0,M0406,card
nimman,NM-004754,1,2026-06-18 16:48:00,P02,M,1.0,55.0,,card
nimman,NM-004754,2,2026-06-18 16:48:00,P12,,1.0,55.0,,card
nimman,NM-004755,1,2026-06-18 16:48:00,P05,M,2.0,70.0,M0056,cash
nimman,NM-004756,1,2026-06-18 17:11:00,P15,,2.0,75.0,M0782,card
nimman,NM-004757,1,2026-06-18 17:29:00,P10,L,1.0,70.0,M0782,card
nimman,NM-004758,1,2026-06-18 17:54:00,P11,M,1.0,60.0,,qr
nimman,NM-004759,1,2026-06-18 18:24:00,P09,L,1.0,60.0,M0800,qr
nimman,NM-004760,1,2026-06-19 07:49:00,P06,S,1.0,65.0,M0143,qr
nimman,NM-004761,1,2026-06-19 07:50:00,P02,M,2.0,55.0,,qr
nimman,NM-004761,2,2026-06-19 07:50:00,P14,,1.0,85.0,,qr
nimman,NM-004761,3,2026-06-19 07:50:00,P03,M,1.0,65.0,,qr
nimman,NM-004762,1,2026-06-19 09:04:00,P06,M,1.0,75.0,,qr
nimman,NM-004763,1,2026-06-19 09:27:00,P12,,1.0,55.0,M0049,qr
nimman,NM-004764,1,2026-06-19 09:39:00,P03,M,2.0,65.0,M0784,card
nimman,NM-004765,1,2026-06-19 10:04:00,P04,S,1.0,55.0,M0366,qr
nimman,NM-004766,1,2026-06-19 10:18:00,P12,,1.0,55.0,M0195,qr
nimman,NM-004767,1,2026-06-19 10:43:00,P10,S,1.0,50.0,,cash
nimman,NM-004768,1,2026-06-19 11:22:00,P12,,1.0,55.0,M0171,qr
nimman,NM-004769,1,2026-06-19 11:27:00,P03,L,1.0,75.0,,card
nimman,NM-004769,2,2026-06-19 11:27:00,P14,,1.0,85.0,,card
nimman,NM-004770,1,2026-06-19 11:29:00,P06,L,1.0,85.0,,cash
nimman,NM-004771,1,2026-06-19 11:53:00,P07,M,1.0,55.0,M0204,card
nimman,NM-004771,2,2026-06-19 11:53:00,P13,,1.0,50.0,M0204,card
nimman,NM-004772,1,2026-06-19 14:03:00,P12,,1.0,55.0,,qr
nimman,NM-004773,1,2026-06-19 14:43:00,P12,,1.0,55.0,,qr
nimman,NM-004773,2,2026-06-19 14:43:00,P10,S,1.0,50.0,,qr
nimman,NM-004774,1,2026-06-19 15:22:00,P15,,1.0,75.0,M0544,qr
nimman,NM-004775,1,2026-06-19 15:46:00,P13,,1.0,50.0,,qr
nimman,NM-004776,1,2026-06-19 15:47:00,P03,M,1.0,65.0,M0081,qr
nimman,NM-004777,1,2026-06-19 16:01:00,P14,,2.0,85.0,,cash
nimman,NM-004778,1,2026-06-19 16:39:00,P03,M,3.0,65.0,M0501,cash
nimman,NM-004778,2,2026-06-19 16:39:00,P14,,1.0,85.0,M0501,cash
nimman,NM-004778,3,2026-06-19 16:39:00,P05,S,1.0,60.0,M0501,cash
nimman,NM-004779,1,2026-06-19 16:41:00,P13,,1.0,50.0,M0274,cash
nimman,NM-004780,1,2026-06-19 17:12:00,P08,M,3.0,70.0,M0782,cash
nimman,NM-004781,1,2026-06-19 18:36:00,P11,M,1.0,60.0,M0014,qr
nimman,NM-004782,1,2026-06-19 18:48:00,P08,S,1.0,60.0,,qr
nimman,NM-004783,1,2026-06-20 08:01:00,P09,M,1.0,50.0,,qr
nimman,NM-004784,1,2026-06-20 08:46:00,P13,,1.0,50.0,M0685,qr
nimman,NM-004785,1,2026-06-20 09:07:00,P12,,1.0,55.0,,qr
nimman,NM-004786,1,2026-06-20 09:31:00,P03,S,1.0,55.0,M0739,card
nimman,NM-004786,2,2026-06-20 09:31:00,P14,,1.0,85.0,M0739,card
nimman,NM-004787,1,2026-06-20 09:32:00,P02,S,1.0,45.0,,qr
nimman,NM-004788,1,2026-06-20 09:45:00,P14,,3.0,85.0,M0059,qr
nimman,NM-004789,1,2026-06-20 09:46:00,P09,M,1.0,50.0,M0501,qr
nimman,NM-004790,1,2026-06-20 10:10:00,P04,M,1.0,65.0,,card
nimman,NM-004791,1,2026-06-20 10:42:00,P06,M,1.0,75.0,M0029,qr
nimman,NM-004792,1,2026-06-20 11:10:00,P15,,2.0,75.0,M0784,qr
nimman,NM-004792,2,2026-06-20 11:10:00,P04,L,1.0,75.0,M0784,qr
nimman,NM-004793,1,2026-06-20 11:51:00,P03,S,1.0,55.0,,cash
nimman,NM-004794,1,2026-06-20 11:54:00,P05,M,1.0,70.0,,cash
nimman,NM-004795,1,2026-06-20 11:59:00,P02,M,3.0,55.0,,card
nimman,NM-004795,2,2026-06-20 11:59:00,P12,,1.0,55.0,,card
nimman,NM-004796,1,2026-06-20 12:34:00,P07,S,2.0,45.0,M0432,qr
nimman,NM-004796,2,2026-06-20 12:34:00,P13,,1.0,50.0,M0432,qr
nimman,NM-004797,1,2026-06-20 12:37:00,P08,S,1.0,60.0,,cash
nimman,NM-004797,2,2026-06-20 12:37:00,P03,M,1.0,65.0,,cash
nimman,NM-004798,1,2026-06-20 12:52:00,P02,M,1.0,55.0,M0565,qr
nimman,NM-004799,1,2026-06-20 13:03:00,P07,L,1.0,65.0,M0227,qr
nimman,NM-004800,1,2026-06-20 13:37:00,P03,M,1.0,65.0,,qr
nimman,NM-004800,2,2026-06-20 13:37:00,P07,S,1.0,45.0,,qr
nimman,NM-004801,1,2026-06-20 13:50:00,P07,M,2.0,55.0,M0533,qr
nimman,NM-004801,2,2026-06-20 13:50:00,P12,,1.0,55.0,M0533,qr
nimman,NM-004802,1,2026-06-20 14:27:00,P09,M,2.0,50.0,,card
nimman,NM-004803,1,2026-06-20 14:40:00,P06,L,1.0,85.0,M0544,qr
nimman,NM-004803,2,2026-06-20 14:40:00,P04,M,1.0,65.0,M0544,qr
nimman,NM-004804,1,2026-06-20 14:46:00,P02,L,1.0,65.0,M0407,cash
nimman,NM-004804,2,2026-06-20 14:46:00,P12,,1.0,55.0,M0407,cash
nimman,NM-004805,1,2026-06-20 14:46:00,P11,L,1.0,70.0,M0745,qr
nimman,NM-004805,2,2026-06-20 14:46:00,P13,,1.0,50.0,M0745,qr
nimman,NM-004806,1,2026-06-20 15:03:00,P08,M,1.0,70.0,,qr
nimman,NM-004806,2,2026-06-20 15:03:00,P01,M,1.0,55.0,,qr
nimman,NM-004807,1,2026-06-20 15:14:00,P04,S,1.0,55.0,,cash
nimman,NM-004808,1,2026-06-20 15:59:00,P05,S,1.0,60.0,,card
nimman,NM-004808,2,2026-06-20 15:59:00,P04,S,1.0,55.0,,card
nimman,NM-004809,1,2026-06-20 16:44:00,P06,M,1.0,75.0,,cash
nimman,NM-004810,1,2026-06-20 17:05:00,P07,M,2.0,55.0,M0412,qr
nimman,NM-004810,2,2026-06-20 17:05:00,P13,,1.0,50.0,M0412,qr
nimman,NM-004811,1,2026-06-20 17:47:00,P08,S,1.0,60.0,,qr
nimman,NM-004812,1,2026-06-20 18:06:00,P09,L,1.0,60.0,M0584,cash
nimman,NM-004812,2,2026-06-20 18:06:00,P11,S,1.0,50.0,M0584,cash
nimman,NM-004813,1,2026-06-20 18:10:00,P10,L,3.0,70.0,M0242,card
nimman,NM-004814,1,2026-06-20 18:43:00,P07,M,3.0,55.0,,card
nimman,NM-004814,2,2026-06-20 18:43:00,P04,M,1.0,65.0,,card
nimman,NM-004815,1,2026-06-20 19:33:00,P13,,1.0,50.0,,qr
nimman,NM-004816,1,2026-06-21 07:27:00,P01,S,1.0,45.0,,qr
nimman,NM-004816,2,2026-06-21 07:27:00,P15,,1.0,75.0,,qr
nimman,NM-004817,1,2026-06-21 07:43:00,P06,S,2.0,65.0,,qr
nimman,NM-004818,1,2026-06-21 08:07:00,P11,M,1.0,60.0,,qr
nimman,NM-004819,1,2026-06-21 08:08:00,P08,M,1.0,70.0,M0201,cash
nimman,NM-004819,2,2026-06-21 08:08:00,P12,,1.0,55.0,M0201,cash
nimman,NM-004820,1,2026-06-21 08:15:00,P07,S,1.0,45.0,M0248,cash
nimman,NM-004820,2,2026-06-21 08:15:00,P13,,1.0,50.0,M0248,cash
nimman,NM-004821,1,2026-06-21 08:24:00,P07,M,2.0,55.0,M0304,qr
nimman,NM-004822,1,2026-06-21 08:25:00,P02,M,1.0,55.0,M0720,qr
nimman,NM-004823,1,2026-06-21 08:33:00,P06,L,1.0,85.0,,cash
nimman,NM-004824,1,2026-06-21 08:48:00,P03,M,1.0,65.0,M0012,qr
nimman,NM-004824,2,2026-06-21 08:48:00,P15,,1.0,75.0,M0012,qr
nimman,NM-004825,1,2026-06-21 09:32:00,P02,M,1.0,55.0,,card
nimman,NM-004825,2,2026-06-21 09:32:00,P12,,1.0,55.0,,card
nimman,NM-004826,1,2026-06-21 09:39:00,P03,L,1.0,75.0,M0718,card
nimman,NM-004826,2,2026-06-21 09:39:00,P14,,1.0,85.0,M0718,card
nimman,NM-004827,1,2026-06-21 09:41:00,P09,M,2.0,50.0,,qr
nimman,NM-004827,2,2026-06-21 09:41:00,P14,,1.0,85.0,,qr
nimman,NM-004828,1,2026-06-21 10:01:00,P05,M,1.0,70.0,,qr
nimman,NM-004829,1,2026-06-21 10:32:00,P02,L,1.0,65.0,,cash
nimman,NM-004830,1,2026-06-21 10:46:00,P12,,1.0,55.0,,card
nimman,NM-004831,1,2026-06-21 10:53:00,P13,,1.0,50.0,M0154,qr
nimman,NM-004832,1,2026-06-21 11:20:00,P07,L,1.0,65.0,,qr
nimman,NM-004832,2,2026-06-21 11:20:00,P05,L,1.0,80.0,,qr
nimman,NM-004833,1,2026-06-21 11:53:00,P02,M,3.0,55.0,,cash
nimman,NM-004833,2,2026-06-21 11:53:00,P12,,1.0,55.0,,cash
nimman,NM-004833,3,2026-06-21 11:53:00,P07,M,1.0,55.0,,cash
nimman,NM-004834,1,2026-06-21 11:54:00,P10,L,2.0,70.0,,card
nimman,NM-004835,1,2026-06-21 12:33:00,P15,,1.0,75.0,M0020,cash
nimman,NM-004836,1,2026-06-21 12:34:00,P08,M,1.0,70.0,,qr
nimman,NM-004837,1,2026-06-21 13:13:00,P11,M,1.0,60.0,,card
nimman,NM-004838,1,2026-06-21 13:30:00,P13,,1.0,50.0,,qr
nimman,NM-004839,1,2026-06-21 13:38:00,P12,,2.0,55.0,M0182,cash
nimman,NM-004840,1,2026-06-21 14:06:00,P09,S,2.0,40.0,,card
nimman,NM-004840,2,2026-06-21 14:06:00,P02,S,1.0,45.0,,card
nimman,NM-004841,1,2026-06-21 14:57:00,P01,L,1.0,65.0,,qr
nimman,NM-004841,2,2026-06-21 14:57:00,P13,,1.0,50.0,,qr
nimman,NM-004842,1,2026-06-21 15:03:00,P03,S,1.0,55.0,,qr
nimman,NM-004842,2,2026-06-21 15:03:00,P14,,1.0,85.0,,qr
nimman,NM-004842,3,2026-06-21 15:03:00,P12,,1.0,55.0,,qr
nimman,NM-004843,1,2026-06-21 15:32:00,P08,M,1.0,70.0,M0087,qr
nimman,NM-004844,1,2026-06-21 15:59:00,P01,S,1.0,45.0,,cash
nimman,NM-004844,2,2026-06-21 15:59:00,P06,L,1.0,85.0,,cash
nimman,NM-004845,1,2026-06-21 16:10:00,P03,L,2.0,75.0,M0319,card
nimman,NM-004845,2,2026-06-21 16:10:00,P14,,1.0,85.0,M0319,card
nimman,NM-004846,1,2026-06-21 16:17:00,P15,,1.0,75.0,,qr
nimman,NM-004847,1,2026-06-21 16:21:00,P02,M,1.0,55.0,M0770,qr
nimman,NM-004847,2,2026-06-21 16:21:00,P12,,1.0,55.0,M0770,qr
nimman,NM-004848,1,2026-06-21 16:24:00,P09,M,1.0,50.0,,qr
nimman,NM-004849,1,2026-06-21 17:07:00,P07,M,1.0,55.0,,qr
nimman,NM-004849,2,2026-06-21 17:07:00,P13,,1.0,50.0,,qr
nimman,NM-004850,1,2026-06-21 17:24:00,P07,S,1.0,45.0,,cash
nimman,NM-004850,2,2026-06-21 17:24:00,P13,,1.0,50.0,,cash
nimman,NM-004851,1,2026-06-21 17:26:00,P01,L,1.0,65.0,M0409,qr
nimman,NM-004852,1,2026-06-21 17:32:00,P09,S,1.0,40.0,M0203,card
nimman,NM-004852,2,2026-06-21 17:32:00,P08,M,1.0,70.0,M0203,card
nimman,NM-004853,1,2026-06-21 19:43:00,P09,L,1.0,60.0,M0065,qr
nimman,NM-004853,2,2026-06-21 19:43:00,P08,S,1.0,60.0,M0065,qr
nimman,NM-004854,1,2026-06-22 07:01:00,P07,M,1.0,55.0,M0427,qr
nimman,NM-004854,2,2026-06-22 07:01:00,P14,,1.0,85.0,M0427,qr
nimman,NM-004855,1,2026-06-22 07:28:00,P03,S,2.0,55.0,M0260,qr
nimman,NM-004856,1,2026-06-22 08:03:00,P07,S,1.0,45.0,M0502,cash
nimman,NM-004857,1,2026-06-22 08:30:00,P03,S,1.0,55.0,M0342,cash
nimman,NM-004858,1,2026-06-22 08:59:00,P05,S,1.0,60.0,M0235,card
nimman,NM-004859,1,2026-06-22 09:00:00,P15,,1.0,75.0,M0551,qr
nimman,NM-004860,1,2026-06-22 09:01:00,P04,M,2.0,65.0,,qr
nimman,NM-004861,1,2026-06-22 09:40:00,P03,L,1.0,75.0,M0572,cash
nimman,NM-004861,2,2026-06-22 09:40:00,P13,,1.0,50.0,M0572,cash
nimman,NM-004862,1,2026-06-22 10:10:00,P04,M,2.0,65.0,,qr
nimman,NM-004863,1,2026-06-22 10:10:00,P12,,1.0,55.0,M0023,qr
nimman,NM-004864,1,2026-06-22 10:22:00,P03,M,1.0,65.0,,qr
nimman,NM-004865,1,2026-06-22 10:28:00,P14,,1.0,85.0,,qr
nimman,NM-004866,1,2026-06-22 10:32:00,P09,M,1.0,50.0,,cash
nimman,NM-004867,1,2026-06-22 10:51:00,P03,M,1.0,65.0,,qr
nimman,NM-004867,2,2026-06-22 10:51:00,P14,,1.0,85.0,,qr
nimman,NM-004868,1,2026-06-22 11:02:00,P10,S,1.0,50.0,,qr
nimman,NM-004868,2,2026-06-22 11:02:00,P01,M,1.0,55.0,,qr
nimman,NM-004869,1,2026-06-22 11:04:00,P15,,1.0,75.0,,cash
nimman,NM-004870,1,2026-06-22 12:12:00,P08,M,1.0,70.0,,qr
nimman,NM-004870,2,2026-06-22 12:12:00,P12,,1.0,55.0,,qr
nimman,NM-004871,1,2026-06-22 13:01:00,P04,S,1.0,55.0,,qr
nimman,NM-004872,1,2026-06-22 13:08:00,P15,,1.0,75.0,,cash
nimman,NM-004873,1,2026-06-22 13:37:00,P02,S,1.0,45.0,M0094,qr
nimman,NM-004873,2,2026-06-22 13:37:00,P15,,1.0,75.0,M0094,qr
nimman,NM-004874,1,2026-06-22 13:53:00,P07,M,1.0,55.0,,cash
nimman,NM-004875,1,2026-06-22 13:56:00,P10,L,1.0,70.0,,cash
nimman,NM-004876,1,2026-06-22 14:43:00,P14,,1.0,85.0,,qr
nimman,NM-004877,1,2026-06-22 15:28:00,P13,,1.0,50.0,,qr
nimman,NM-004878,1,2026-06-22 15:53:00,P15,,1.0,75.0,,cash
nimman,NM-004879,1,2026-06-22 16:22:00,P09,M,1.0,50.0,,qr
nimman,NM-004880,1,2026-06-22 16:27:00,P01,S,1.0,45.0,,qr
nimman,NM-004880,2,2026-06-22 16:27:00,P14,,1.0,85.0,,qr
nimman,NM-004881,1,2026-06-22 16:27:00,P12,,1.0,55.0,M0119,cash
nimman,NM-004882,1,2026-06-22 16:36:00,P04,M,1.0,65.0,,cash
nimman,NM-004883,1,2026-06-22 17:25:00,P10,S,1.0,50.0,M0023,cash
nimman,NM-004883,2,2026-06-22 17:25:00,P12,,1.0,55.0,M0023,cash
nimman,NM-004884,1,2026-06-22 17:42:00,P08,M,1.0,70.0,,qr
nimman,NM-004885,1,2026-06-22 19:35:00,P07,L,1.0,65.0,,qr
nimman,NM-004886,1,2026-06-23 08:43:00,P03,M,2.0,65.0,M0631,qr
nimman,NM-004887,1,2026-06-23 09:04:00,P07,S,1.0,45.0,M0076,qr
nimman,NM-004887,2,2026-06-23 09:04:00,P01,S,1.0,45.0,M0076,qr
nimman,NM-004888,1,2026-06-23 09:07:00,P04,M,3.0,65.0,M0107,qr
nimman,NM-004889,1,2026-06-23 09:10:00,P02,M,36.0,55.0,,card
nimman,NM-004890,1,2026-06-23 09:24:00,P01,S,1.0,45.0,M0226,cash
nimman,NM-004890,2,2026-06-23 09:24:00,P14,,1.0,85.0,M0226,cash
nimman,NM-004891,1,2026-06-23 09:28:00,P10,M,1.0,60.0,,qr
nimman,NM-004892,1,2026-06-23 09:29:00,P15,,1.0,75.0,M0031,qr
nimman,NM-004893,1,2026-06-23 10:48:00,P08,M,1.0,70.0,,qr
nimman,NM-004894,1,2026-06-23 11:00:00,P02,M,1.0,55.0,,qr
nimman,NM-004894,2,2026-06-23 11:00:00,P12,,1.0,55.0,,qr
nimman,NM-004895,1,2026-06-23 11:09:00,P13,,1.0,50.0,M0603,qr
nimman,NM-004896,1,2026-06-23 12:06:00,P07,M,1.0,55.0,,qr
nimman,NM-004897,1,2026-06-23 12:58:00,P04,M,2.0,65.0,,card
nimman,NM-004898,1,2026-06-23 13:08:00,P08,S,1.0,60.0,M0634,qr
nimman,NM-004898,2,2026-06-23 13:08:00,P05,M,1.0,70.0,M0634,qr
nimman,NM-004899,1,2026-06-23 13:26:00,P06,L,1.0,85.0,,qr
nimman,NM-004900,1,2026-06-23 13:28:00,P10,L,1.0,70.0,M0170,qr
nimman,NM-004901,1,2026-06-23 13:30:00,P10,L,1.0,70.0,,card
nimman,NM-004902,1,2026-06-23 14:13:00,P13,,2.0,50.0,M0353,qr
nimman,NM-004903,1,2026-06-23 15:04:00,P13,,1.0,50.0,,cash
nimman,NM-004904,1,2026-06-23 15:17:00,P10,M,1.0,60.0,M0280,card
nimman,NM-004904,2,2026-06-23 15:17:00,P07,M,1.0,55.0,M0280,card
nimman,NM-004905,1,2026-06-23 15:24:00,P02,M,2.0,55.0,,qr
nimman,NM-004906,1,2026-06-23 15:52:00,P04,L,2.0,75.0,M0397,qr
nimman,NM-004907,1,2026-06-23 16:40:00,P03,L,1.0,75.0,,cash
nimman,NM-004907,2,2026-06-23 16:40:00,P14,,1.0,85.0,,cash
nimman,NM-004908,1,2026-06-23 16:55:00,P03,S,1.0,55.0,,qr
nimman,NM-004908,2,2026-06-23 16:55:00,P14,,1.0,85.0,,qr
nimman,NM-004909,1,2026-06-23 17:06:00,P04,M,1.0,65.0,,card
nimman,NM-004910,1,2026-06-23 17:18:00,P02,M,1.0,55.0,,cash
nimman,NM-004911,1,2026-06-23 17:24:00,P09,M,1.0,50.0,M0591,qr
nimman,NM-004912,1,2026-06-24 07:23:00,P04,L,1.0,75.0,,qr
nimman,NM-004913,1,2026-06-24 07:52:00,P03,L,1.0,75.0,M0628,qr
nimman,NM-004914,1,2026-06-24 08:00:00,P15,,1.0,75.0,M0704,qr
nimman,NM-004915,1,2026-06-24 08:59:00,P04,M,2.0,65.0,,qr
nimman,NM-004915,2,2026-06-24 08:59:00,P13,,1.0,50.0,,qr
nimman,NM-004916,1,2026-06-24 09:27:00,P02,S,1.0,45.0,,qr
nimman,NM-004917,1,2026-06-24 09:54:00,P04,L,1.0,75.0,M0182,qr
nimman,NM-004918,1,2026-06-24 09:57:00,P12,,1.0,55.0,M0445,qr
nimman,NM-004918,2,2026-06-24 09:57:00,P04,M,1.0,65.0,M0445,qr
nimman,NM-004919,1,2026-06-24 10:29:00,P05,M,2.0,70.0,M0427,card
nimman,NM-004920,1,2026-06-24 11:01:00,P05,S,1.0,60.0,,card
nimman,NM-004921,1,2026-06-24 12:32:00,P07,M,1.0,55.0,,qr
nimman,NM-004921,2,2026-06-24 12:32:00,P13,,1.0,50.0,,qr
nimman,NM-004922,1,2026-06-24 12:38:00,P07,S,1.0,45.0,,card
nimman,NM-004923,1,2026-06-24 13:05:00,P12,,3.0,55.0,M0095,qr
nimman,NM-004924,1,2026-06-24 14:44:00,P02,M,1.0,55.0,M0774,cash
nimman,NM-004924,2,2026-06-24 14:44:00,P12,,1.0,55.0,M0774,cash
nimman,NM-004925,1,2026-06-24 14:47:00,P03,S,1.0,55.0,,card
nimman,NM-004925,2,2026-06-24 14:47:00,P14,,1.0,85.0,,card
nimman,NM-004925,3,2026-06-24 14:47:00,P02,S,1.0,45.0,,card
nimman,NM-004926,1,2026-06-24 15:02:00,P15,,1.0,75.0,,qr
nimman,NM-004927,1,2026-06-24 15:03:00,P04,L,2.0,75.0,,cash
nimman,NM-004927,2,2026-06-24 15:03:00,P13,,1.0,50.0,,cash
nimman,NM-004928,1,2026-06-24 15:22:00,P07,M,1.0,55.0,,qr
nimman,NM-004928,2,2026-06-24 15:22:00,P13,,1.0,50.0,,qr
nimman,NM-004929,1,2026-06-24 17:06:00,P10,S,1.0,50.0,,qr
nimman,NM-004929,2,2026-06-24 17:06:00,P14,,1.0,85.0,,qr
nimman,NM-004930,1,2026-06-24 17:21:00,P02,M,1.0,55.0,M0443,cash
nimman,NM-004930,2,2026-06-24 17:21:00,P12,,1.0,55.0,M0443,cash
nimman,NM-004931,1,2026-06-24 18:00:00,P14,,1.0,85.0,M0641,card
nimman,NM-004932,1,2026-06-24 19:43:00,P08,M,2.0,70.0,M0195,cash
nimman,NM-004933,1,2026-06-25 07:26:00,P03,M,1.0,65.0,M0158,qr
nimman,NM-004934,1,2026-06-25 08:07:00,P07,M,2.0,55.0,,qr
nimman,NM-004934,2,2026-06-25 08:07:00,P13,,1.0,50.0,,qr
nimman,NM-004934,3,2026-06-25 08:07:00,P02,M,1.0,55.0,,qr
nimman,NM-004935,1,2026-06-25 08:13:00,P03,M,40.0,65.0,,card
nimman,NM-004936,1,2026-06-25 08:51:00,P05,S,1.0,60.0,,qr
nimman,NM-004937,1,2026-06-25 09:14:00,P07,L,1.0,65.0,,qr
nimman,NM-004937,2,2026-06-25 09:14:00,P13,,1.0,50.0,,qr
nimman,NM-004937,3,2026-06-25 09:14:00,P11,M,1.0,60.0,,qr
nimman,NM-004938,1,2026-06-25 09:47:00,P06,S,1.0,65.0,,qr
nimman,NM-004939,1,2026-06-25 10:09:00,P02,S,1.0,45.0,M0198,cash
nimman,NM-004939,2,2026-06-25 10:09:00,P12,,1.0,55.0,M0198,cash
nimman,NM-004940,1,2026-06-25 10:16:00,P02,S,1.0,45.0,,qr
nimman,NM-004940,2,2026-06-25 10:16:00,P12,,1.0,55.0,,qr
nimman,NM-004941,1,2026-06-25 11:01:00,P03,M,1.0,65.0,,qr
nimman,NM-004941,2,2026-06-25 11:01:00,P14,,1.0,85.0,,qr
nimman,NM-004941,3,2026-06-25 11:01:00,P09,L,1.0,60.0,,qr
nimman,NM-004942,1,2026-06-25 11:34:00,P03,M,1.0,65.0,M0543,qr
nimman,NM-004943,1,2026-06-25 11:53:00,P07,M,1.0,55.0,M0013,card
nimman,NM-004943,2,2026-06-25 11:53:00,P15,,1.0,75.0,M0013,card
nimman,NM-004944,1,2026-06-25 11:56:00,P12,,2.0,55.0,,cash
nimman,NM-004945,1,2026-06-25 12:57:00,P08,S,2.0,60.0,,qr
nimman,NM-004946,1,2026-06-25 13:13:00,P10,S,1.0,50.0,,qr
nimman,NM-004947,1,2026-06-25 13:55:00,P05,L,1.0,80.0,M0234,card
nimman,NM-004948,1,2026-06-25 14:24:00,P04,S,1.0,55.0,M0133,card
nimman,NM-004949,1,2026-06-25 14:27:00,P10,S,1.0,50.0,M0603,qr
nimman,NM-004950,1,2026-06-25 14:34:00,P07,L,1.0,65.0,,card
nimman,NM-004950,2,2026-06-25 14:34:00,P13,,1.0,50.0,,card
nimman,NM-004951,1,2026-06-25 14:34:00,P10,M,1.0,60.0,,qr
nimman,NM-004952,1,2026-06-25 14:46:00,P15,,1.0,75.0,,cash
nimman,NM-004952,2,2026-06-25 14:46:00,P02,L,1.0,65.0,,cash
nimman,NM-004953,1,2026-06-25 16:02:00,P09,L,1.0,60.0,,cash
nimman,NM-004954,1,2026-06-25 16:07:00,P02,M,1.0,55.0,M0313,qr
nimman,NM-004954,2,2026-06-25 16:07:00,P12,,1.0,55.0,M0313,qr
nimman,NM-004955,1,2026-06-25 16:10:00,P08,L,1.0,80.0,,qr
nimman,NM-004955,2,2026-06-25 16:10:00,P02,M,1.0,55.0,,qr
nimman,NM-004956,1,2026-06-25 16:14:00,P15,,2.0,75.0,M0629,cash
nimman,NM-004957,1,2026-06-25 16:35:00,P08,L,1.0,80.0,,qr
nimman,NM-004958,1,2026-06-25 16:48:00,P05,L,1.0,80.0,,qr
nimman,NM-004959,1,2026-06-25 17:19:00,P08,L,1.0,80.0,,card
nimman,NM-004959,2,2026-06-25 17:19:00,P14,,1.0,85.0,,card
nimman,NM-004960,1,2026-06-25 18:14:00,P03,S,3.0,55.0,M0591,qr
nimman,NM-004960,2,2026-06-25 18:14:00,P14,,1.0,85.0,M0591,qr
nimman,NM-004961,1,2026-06-25 18:40:00,P03,S,1.0,55.0,,qr
nimman,NM-004962,1,2026-06-25 19:11:00,P10,M,1.0,60.0,,card
nimman,NM-004962,2,2026-06-25 19:11:00,P12,,1.0,55.0,,card
nimman,NM-004963,1,2026-06-26 07:45:00,P07,M,1.0,55.0,,card
nimman,NM-004964,1,2026-06-26 08:44:00,P02,S,1.0,45.0,M0646,qr
nimman,NM-004965,1,2026-06-26 08:49:00,P02,S,1.0,45.0,,cash
nimman,NM-004965,2,2026-06-26 08:49:00,P12,,1.0,55.0,,cash
nimman,NM-004966,1,2026-06-26 08:53:00,P11,S,1.0,50.0,M0502,qr
nimman,NM-004967,1,2026-06-26 09:25:00,P12,,1.0,55.0,,card
nimman,NM-004968,1,2026-06-26 09:40:00,P06,M,1.0,75.0,,qr
nimman,NM-004969,1,2026-06-26 10:07:00,P09,S,2.0,40.0,M0596,cash
nimman,NM-004970,1,2026-06-26 10:32:00,P05,S,1.0,60.0,M0427,cash
nimman,NM-004971,1,2026-06-26 11:28:00,P07,S,1.0,45.0,,cash
nimman,NM-004972,1,2026-06-26 11:50:00,P01,L,1.0,65.0,M0246,qr
nimman,NM-004972,2,2026-06-26 11:50:00,P13,,1.0,50.0,M0246,qr
nimman,NM-004973,1,2026-06-26 12:07:00,P10,L,1.0,70.0,,cash
nimman,NM-004973,2,2026-06-26 12:07:00,P14,,1.0,85.0,,cash
nimman,NM-004974,1,2026-06-26 13:29:00,P12,,1.0,55.0,,cash
nimman,NM-004975,1,2026-06-26 13:58:00,P15,,1.0,75.0,,qr
nimman,NM-004976,1,2026-06-26 14:30:00,P03,S,2.0,55.0,M0367,qr
nimman,NM-004977,1,2026-06-26 15:51:00,P03,M,1.0,65.0,,card
nimman,NM-004977,2,2026-06-26 15:51:00,P14,,1.0,85.0,,card
nimman,NM-004977,3,2026-06-26 15:51:00,P08,S,1.0,60.0,,card
nimman,NM-004978,1,2026-06-26 16:44:00,P06,S,1.0,65.0,,qr
nimman,NM-004979,1,2026-06-26 16:55:00,P09,S,1.0,40.0,M0773,cash
nimman,NM-004979,2,2026-06-26 16:55:00,P08,L,1.0,80.0,M0773,cash
nimman,NM-004980,1,2026-06-26 17:18:00,P08,M,1.0,70.0,M0155,card
nimman,NM-004981,1,2026-06-26 17:38:00,P10,M,1.0,60.0,M0779,qr
nimman,NM-004982,1,2026-06-27 07:24:00,P08,L,1.0,80.0,M0427,qr
nimman,NM-004982,2,2026-06-27 07:24:00,P07,L,1.0,65.0,M0427,qr
nimman,NM-004983,1,2026-06-27 07:35:00,P12,,1.0,55.0,,cash
nimman,NM-004984,1,2026-06-27 08:18:00,P07,M,1.0,55.0,M0632,qr
nimman,NM-004984,2,2026-06-27 08:18:00,P13,,1.0,50.0,M0632,qr
nimman,NM-004984,3,2026-06-27 08:18:00,P11,S,1.0,50.0,M0632,qr
nimman,NM-004985,1,2026-06-27 08:46:00,P12,,2.0,55.0,M0631,qr
nimman,NM-004986,1,2026-06-27 09:53:00,P13,,1.0,50.0,,card
nimman,NM-004987,1,2026-06-27 10:21:00,P02,L,1.0,65.0,,qr
nimman,NM-004987,2,2026-06-27 10:21:00,P12,,1.0,55.0,,qr
nimman,NM-004988,1,2026-06-27 10:58:00,P10,S,1.0,50.0,,qr
nimman,NM-004988,2,2026-06-27 10:58:00,P06,S,1.0,65.0,,qr
nimman,NM-004989,1,2026-06-27 11:07:00,P07,S,1.0,45.0,M0249,cash
nimman,NM-004989,2,2026-06-27 11:07:00,P12,,1.0,55.0,M0249,cash
nimman,NM-004990,1,2026-06-27 11:08:00,P13,,2.0,50.0,M0012,cash
nimman,NM-004991,1,2026-06-27 11:10:00,P15,,1.0,75.0,M0156,qr
nimman,NM-004991,2,2026-06-27 11:10:00,P02,M,1.0,55.0,M0156,qr
nimman,NM-004992,1,2026-06-27 11:20:00,P07,S,1.0,45.0,M0130,qr
nimman,NM-004993,1,2026-06-27 11:44:00,P01,M,1.0,55.0,,qr
nimman,NM-004993,2,2026-06-27 11:44:00,P15,,1.0,75.0,,qr
nimman,NM-004994,1,2026-06-27 11:51:00,P03,S,2.0,55.0,,cash
nimman,NM-004995,1,2026-06-27 11:52:00,P01,S,1.0,45.0,,cash
nimman,NM-004995,2,2026-06-27 11:52:00,P15,,1.0,75.0,,cash
nimman,NM-004996,1,2026-06-27 11:57:00,P13,,1.0,50.0,,cash
nimman,NM-004997,1,2026-06-27 12:13:00,P07,L,1.0,65.0,,qr
nimman,NM-004997,2,2026-06-27 12:13:00,P13,,1.0,50.0,,qr
nimman,NM-004998,1,2026-06-27 12:49:00,P05,S,1.0,60.0,,qr
nimman,NM-004999,1,2026-06-27 13:24:00,P07,M,1.0,55.0,M0363,qr
nimman,NM-004999,2,2026-06-27 13:24:00,P13,,1.0,50.0,M0363,qr
nimman,NM-005000,1,2026-06-27 13:31:00,P07,M,1.0,55.0,,cash
nimman,NM-005000,2,2026-06-27 13:31:00,P13,,1.0,50.0,,cash
nimman,NM-005001,1,2026-06-27 13:49:00,P12,,2.0,55.0,M0319,qr
nimman,NM-005002,1,2026-06-27 14:13:00,P04,L,1.0,75.0,,card
nimman,NM-005003,1,2026-06-27 14:14:00,P03,M,1.0,65.0,M0268,cash
nimman,NM-005004,1,2026-06-27 14:42:00,P01,M,1.0,55.0,M0623,qr
nimman,NM-005005,1,2026-06-27 15:00:00,P13,,1.0,50.0,M0637,qr
nimman,NM-005006,1,2026-06-27 15:14:00,P02,M,1.0,55.0,M0205,cash
nimman,NM-005006,2,2026-06-27 15:14:00,P12,,1.0,55.0,M0205,cash
nimman,NM-005007,1,2026-06-27 15:17:00,P03,L,1.0,75.0,,qr
nimman,NM-005008,1,2026-06-27 15:37:00,P05,S,1.0,60.0,,qr
nimman,NM-005008,2,2026-06-27 15:37:00,P13,,1.0,50.0,,qr
nimman,NM-005009,1,2026-06-27 15:44:00,P02,L,1.0,65.0,,card
nimman,NM-005009,2,2026-06-27 15:44:00,P12,,1.0,55.0,,card
nimman,NM-005009,3,2026-06-27 15:44:00,P04,L,1.0,75.0,,card
nimman,NM-005010,1,2026-06-27 16:21:00,P03,L,1.0,75.0,,qr
nimman,NM-005011,1,2026-06-27 17:19:00,P13,,2.0,50.0,,qr
nimman,NM-005012,1,2026-06-27 18:10:00,P02,L,1.0,65.0,,cash
nimman,NM-005013,1,2026-06-27 18:20:00,P09,S,1.0,40.0,M0275,cash
nimman,NM-005013,2,2026-06-27 18:20:00,P12,,1.0,55.0,M0275,cash
nimman,NM-005013,3,2026-06-27 18:20:00,P10,L,1.0,70.0,M0275,cash
nimman,NM-005014,1,2026-06-27 18:55:00,P06,S,1.0,65.0,,card
nimman,NM-005015,1,2026-06-27 19:29:00,P08,M,1.0,70.0,,qr
nimman,NM-005016,1,2026-06-28 07:32:00,P06,L,1.0,85.0,,cash
nimman,NM-005017,1,2026-06-28 07:58:00,P08,M,1.0,70.0,M0181,cash
nimman,NM-005018,1,2026-06-28 08:05:00,P12,,1.0,55.0,,qr
nimman,NM-005019,1,2026-06-28 08:22:00,P06,M,1.0,75.0,,qr
nimman,NM-005020,1,2026-06-28 08:45:00,P14,,1.0,85.0,M0739,qr
nimman,NM-005021,1,2026-06-28 09:28:00,P03,S,1.0,55.0,M0793,qr
nimman,NM-005021,2,2026-06-28 09:28:00,P14,,1.0,85.0,M0793,qr
nimman,NM-005022,1,2026-06-28 09:33:00,P06,M,2.0,75.0,M0730,qr
nimman,NM-005022,2,2026-06-28 09:33:00,P15,,1.0,75.0,M0730,qr
nimman,NM-005023,1,2026-06-28 10:14:00,P02,M,1.0,55.0,,card
nimman,NM-005024,1,2026-06-28 10:30:00,P06,M,1.0,75.0,M0494,qr
nimman,NM-005025,1,2026-06-28 10:35:00,P11,M,1.0,60.0,,qr
nimman,NM-005026,1,2026-06-28 11:24:00,P02,L,1.0,65.0,M0553,card
nimman,NM-005026,2,2026-06-28 11:24:00,P12,,1.0,55.0,M0553,card
nimman,NM-005027,1,2026-06-28 12:26:00,P10,L,1.0,70.0,M0722,qr
nimman,NM-005027,2,2026-06-28 12:26:00,P13,,1.0,50.0,M0722,qr
nimman,NM-005028,1,2026-06-28 12:28:00,P10,S,1.0,50.0,,cash
nimman,NM-005029,1,2026-06-28 12:33:00,P08,S,1.0,60.0,M0171,qr
nimman,NM-005030,1,2026-06-28 13:00:00,P04,M,1.0,65.0,M0396,qr
nimman,NM-005031,1,2026-06-28 13:17:00,P09,M,1.0,50.0,,qr
nimman,NM-005032,1,2026-06-28 13:20:00,P08,M,3.0,70.0,,qr
nimman,NM-005032,2,2026-06-28 13:20:00,P14,,1.0,85.0,,qr
nimman,NM-005033,1,2026-06-28 13:21:00,P14,,1.0,85.0,M0470,card
nimman,NM-005034,1,2026-06-28 13:43:00,P15,,3.0,75.0,M0252,card
nimman,NM-005034,2,2026-06-28 13:43:00,P08,M,1.0,70.0,M0252,card
nimman,NM-005035,1,2026-06-28 13:50:00,P06,L,1.0,85.0,,cash
nimman,NM-005036,1,2026-06-28 14:19:00,P10,M,1.0,60.0,,qr
nimman,NM-005037,1,2026-06-28 14:39:00,P03,M,2.0,65.0,M0642,card
nimman,NM-005037,2,2026-06-28 14:39:00,P14,,1.0,85.0,M0642,card
nimman,NM-005038,1,2026-06-28 14:39:00,P04,M,1.0,65.0,,qr
nimman,NM-005039,1,2026-06-28 15:14:00,P11,M,2.0,60.0,,qr
nimman,NM-005040,1,2026-06-28 15:24:00,P07,L,1.0,65.0,,qr
nimman,NM-005041,1,2026-06-28 15:24:00,P11,M,1.0,60.0,,qr
nimman,NM-005042,1,2026-06-28 15:45:00,P10,M,1.0,60.0,,qr
nimman,NM-005043,1,2026-06-28 16:08:00,P09,S,1.0,40.0,,qr
nimman,NM-005044,1,2026-06-28 16:18:00,P02,S,1.0,45.0,,qr
nimman,NM-005045,1,2026-06-28 18:50:00,P03,M,1.0,65.0,M0467,qr
nimman,NM-005045,2,2026-06-28 18:50:00,P14,,1.0,85.0,M0467,qr
nimman,NM-005046,1,2026-06-29 07:47:00,P04,S,1.0,55.0,,card
nimman,NM-005047,1,2026-06-29 07:48:00,P02,S,1.0,45.0,,qr
nimman,NM-005048,1,2026-06-29 08:29:00,P06,S,1.0,65.0,,qr
nimman,NM-005049,1,2026-06-29 08:43:00,P11,M,1.0,60.0,,card
nimman,NM-005049,2,2026-06-29 08:43:00,P08,M,1.0,70.0,,card
nimman,NM-005050,1,2026-06-29 09:23:00,P03,M,2.0,65.0,M0685,cash
nimman,NM-005050,2,2026-06-29 09:23:00,P15,,1.0,75.0,M0685,cash
nimman,NM-005051,1,2026-06-29 09:26:00,P02,M,3.0,55.0,,qr
nimman,NM-005052,1,2026-06-29 10:04:00,P03,M,1.0,65.0,,qr
nimman,NM-005052,2,2026-06-29 10:04:00,P02,L,1.0,65.0,,qr
nimman,NM-005053,1,2026-06-29 10:17:00,P06,S,1.0,65.0,M0498,qr
nimman,NM-005054,1,2026-06-29 10:25:00,P01,S,1.0,45.0,,card
nimman,NM-005055,1,2026-06-29 10:54:00,P12,,1.0,55.0,,qr
nimman,NM-005055,2,2026-06-29 10:54:00,P01,S,1.0,45.0,,qr
nimman,NM-005056,1,2026-06-29 11:01:00,P13,,1.0,50.0,M0371,qr
nimman,NM-005057,1,2026-06-29 11:35:00,P15,,1.0,75.0,,qr
nimman,NM-005058,1,2026-06-29 11:36:00,P02,M,3.0,55.0,,card
nimman,NM-005058,2,2026-06-29 11:36:00,P12,,1.0,55.0,,card
nimman,NM-005059,1,2026-06-29 12:15:00,P01,M,2.0,55.0,M0642,cash
nimman,NM-005060,1,2026-06-29 12:37:00,P11,L,1.0,70.0,,cash
nimman,NM-005061,1,2026-06-29 12:47:00,P04,M,1.0,65.0,M0730,qr
nimman,NM-005062,1,2026-06-29 13:08:00,P07,M,3.0,55.0,,qr
nimman,NM-005062,2,2026-06-29 13:08:00,P13,,1.0,50.0,,qr
nimman,NM-005063,1,2026-06-29 13:11:00,P04,L,2.0,75.0,M0236,qr
nimman,NM-005064,1,2026-06-29 14:50:00,P04,M,1.0,65.0,,qr
nimman,NM-005065,1,2026-06-29 15:04:00,P10,L,3.0,70.0,,qr
nimman,NM-005065,2,2026-06-29 15:04:00,P12,,1.0,55.0,,qr
nimman,NM-005066,1,2026-06-29 16:04:00,P12,,1.0,55.0,,qr
nimman,NM-005067,1,2026-06-29 16:11:00,P06,M,1.0,75.0,M0012,qr
nimman,NM-005068,1,2026-06-29 17:47:00,P07,L,1.0,65.0,,qr
nimman,NM-005069,1,2026-06-29 17:52:00,P07,S,1.0,45.0,M0412,qr
nimman,NM-005069,2,2026-06-29 17:52:00,P13,,1.0,50.0,M0412,qr
nimman,NM-005070,1,2026-06-30 07:01:00,P03,M,2.0,65.0,M0553,qr
nimman,NM-005070,2,2026-06-30 07:01:00,P14,,1.0,85.0,M0553,qr
nimman,NM-005070,3,2026-06-30 07:01:00,P15,,1.0,75.0,M0553,qr
nimman,NM-005071,1,2026-06-30 07:01:00,P07,M,1.0,55.0,,cash
nimman,NM-005072,1,2026-06-30 07:10:00,P08,M,1.0,70.0,,qr
nimman,NM-005072,2,2026-06-30 07:10:00,P06,M,1.0,75.0,,qr
nimman,NM-005073,1,2026-06-30 08:11:00,P03,S,1.0,55.0,M0372,card
nimman,NM-005074,1,2026-06-30 08:14:00,P15,,1.0,75.0,,cash
nimman,NM-005074,2,2026-06-30 08:14:00,P05,M,1.0,70.0,,cash
nimman,NM-005075,1,2026-06-30 08:46:00,P04,M,1.0,65.0,M0171,qr
nimman,NM-005076,1,2026-06-30 10:54:00,P07,M,1.0,55.0,M0009,qr
nimman,NM-005077,1,2026-06-30 11:11:00,P01,S,2.0,45.0,,qr
nimman,NM-005077,2,2026-06-30 11:11:00,P15,,1.0,75.0,,qr
nimman,NM-005078,1,2026-06-30 11:21:00,P04,M,1.0,65.0,M0419,qr
nimman,NM-005079,1,2026-06-30 11:22:00,P12,,1.0,55.0,,qr
nimman,NM-005080,1,2026-06-30 11:55:00,P14,,1.0,85.0,M0407,qr
nimman,NM-005081,1,2026-06-30 12:21:00,P03,L,3.0,75.0,,qr
nimman,NM-005081,2,2026-06-30 12:21:00,P15,,1.0,75.0,,qr
nimman,NM-005081,3,2026-06-30 12:21:00,P07,L,1.0,65.0,,qr
nimman,NM-005082,1,2026-06-30 12:23:00,P03,M,1.0,65.0,M0052,cash
nimman,NM-005082,2,2026-06-30 12:23:00,P14,,1.0,85.0,M0052,cash
nimman,NM-005083,1,2026-06-30 12:31:00,P06,M,1.0,75.0,M0173,card
nimman,NM-005084,1,2026-06-30 12:39:00,P03,M,1.0,65.0,,qr
nimman,NM-005084,2,2026-06-30 12:39:00,P14,,1.0,85.0,,qr
nimman,NM-005085,1,2026-06-30 12:48:00,P03,M,2.0,65.0,M0718,qr
nimman,NM-005086,1,2026-06-30 13:31:00,P04,M,1.0,65.0,M0464,cash
nimman,NM-005087,1,2026-06-30 13:51:00,P07,L,3.0,65.0,M0331,qr
nimman,NM-005088,1,2026-06-30 14:07:00,P03,S,1.0,55.0,,qr
nimman,NM-005089,1,2026-06-30 14:08:00,P12,,1.0,55.0,,cash
nimman,NM-005090,1,2026-06-30 14:13:00,P06,L,2.0,85.0,M0094,qr
nimman,NM-005091,1,2026-06-30 14:26:00,P05,M,1.0,70.0,,card
nimman,NM-005091,2,2026-06-30 14:26:00,P12,,1.0,55.0,,card
nimman,NM-005092,1,2026-06-30 14:29:00,P09,L,1.0,60.0,,qr
nimman,NM-005093,1,2026-06-30 15:02:00,P08,M,1.0,70.0,,qr
nimman,NM-005094,1,2026-06-30 15:36:00,P08,M,2.0,70.0,M0105,qr
nimman,NM-005095,1,2026-06-30 15:38:00,P06,S,3.0,65.0,,cash
nimman,NM-005096,1,2026-06-30 16:18:00,P12,,1.0,55.0,,qr
nimman,NM-005096,2,2026-06-30 16:18:00,P04,S,1.0,55.0,,qr
nimman,NM-005097,1,2026-06-30 16:35:00,P03,M,1.0,65.0,M0591,qr
nimman,NM-005098,1,2026-06-30 16:53:00,P08,M,1.0,70.0,M0326,qr
nimman,NM-005099,1,2026-06-30 16:55:00,P08,S,1.0,60.0,M0149,cash
nimman,NM-005100,1,2026-06-30 17:05:00,P07,S,1.0,45.0,M0537,qr
nimman,NM-005100,2,2026-06-30 17:05:00,P13,,1.0,50.0,M0537,qr
nimman,NM-005100,3,2026-06-30 17:05:00,P10,M,1.0,60.0,M0537,qr
nimman,NM-005101,1,2026-06-30 18:38:00,P07,M,1.0,55.0,M0770,qr
nimman,NM-005102,1,2026-06-30 18:58:00,P10,M,1.0,60.0,M0563,cash
thaphae,TP-190E4A,1,2026-01-01 07:12:00,P14,,1.0,85.0,,card
thaphae,TP-96B96A,1,2026-01-01 07:35:00,P13,,1.0,50.0,,qr
thaphae,TP-70CBAB,1,2026-01-01 07:55:00,P07,M,1.0,55.0,M0412,cash
thaphae,TP-70CBAB,2,2026-01-01 07:55:00,P13,,1.0,50.0,M0412,cash
thaphae,TP-77D9C5,1,2026-01-01 08:13:00,P09,L,1.0,60.0,M0225,qr
thaphae,TP-65C247,1,2026-01-01 08:24:00,P07,L,1.0,65.0,,qr
thaphae,TP-65C247,2,2026-01-01 08:24:00,P13,,1.0,50.0,,qr
thaphae,TP-099F12,1,2026-01-01 08:24:00,P09,M,3.0,50.0,M0789,qr
thaphae,TP-B7E60E,1,2026-01-01 08:24:00,P04,M,1.0,65.0,,cash
thaphae,TP-B7E60E,2,2026-01-01 08:24:00,P15,,1.0,75.0,,cash
thaphae,TP-071151,1,2026-01-01 08:25:00,P06,M,1.0,75.0,,cash
thaphae,TP-5F8C89,1,2026-01-01 08:27:00,P03,S,2.0,55.0,,qr
thaphae,TP-5F8C89,2,2026-01-01 08:27:00,P14,,1.0,85.0,,qr
thaphae,TP-F4F3FF,1,2026-01-01 08:50:00,P03,L,1.0,75.0,,qr
thaphae,TP-F4F3FF,2,2026-01-01 08:50:00,P14,,1.0,85.0,,qr
thaphae,TP-85708C,1,2026-01-01 09:32:00,P06,M,1.0,75.0,,cash
thaphae,TP-CD92B4,1,2026-01-01 09:37:00,P02,S,3.0,45.0,,cash
thaphae,TP-CD92B4,2,2026-01-01 09:37:00,P12,,1.0,55.0,,cash
thaphae,TP-8CEC2B,1,2026-01-01 09:39:00,P12,,1.0,55.0,,qr
thaphae,TP-44313F,1,2026-01-01 09:48:00,P02,L,1.0,65.0,M0665,card
thaphae,TP-DF0F99,1,2026-01-01 09:56:00,P01,M,3.0,55.0,,qr
thaphae,TP-DF0F99,2,2026-01-01 09:56:00,P15,,1.0,75.0,,qr
thaphae,TP-3C6162,1,2026-01-01 10:01:00,P02,S,1.0,45.0,M0760,card
thaphae,TP-3C6162,2,2026-01-01 10:01:00,P12,,1.0,55.0,M0760,card
thaphae,TP-05EFAE,1,2026-01-01 10:40:00,P11,M,3.0,60.0,M0266,card
thaphae,TP-07EE2E,1,2026-01-01 10:50:00,P11,M,1.0,60.0,,cash
thaphae,TP-2D13B2,1,2026-01-01 11:03:00,P01,M,3.0,55.0,,cash
thaphae,TP-A364AA,1,2026-01-01 11:18:00,P07,M,1.0,55.0,,cash
thaphae,TP-51524C,1,2026-01-01 11:29:00,P09,L,1.0,60.0,,qr
thaphae,TP-5E7FB3,1,2026-01-01 11:32:00,P09,M,2.0,50.0,,qr
thaphae,TP-5BEEEB,1,2026-01-01 12:41:00,P03,L,1.0,75.0,M0399,qr
thaphae,TP-5BEEEB,2,2026-01-01 12:41:00,P14,,1.0,85.0,M0399,qr
thaphae,TP-A37F7B,1,2026-01-01 12:51:00,P11,M,1.0,60.0,,cash
thaphae,TP-C17C0C,1,2026-01-01 13:06:00,P12,,1.0,55.0,M0323,cash
thaphae,TP-80294B,1,2026-01-01 13:07:00,P12,,1.0,55.0,,cash
thaphae,TP-E392FE,1,2026-01-01 13:31:00,P15,,1.0,75.0,,card
thaphae,TP-75D4F9,1,2026-01-01 14:00:00,P13,,1.0,50.0,M0438,cash
thaphae,TP-3CF522,1,2026-01-01 14:11:00,P11,L,1.0,70.0,M0652,qr
thaphae,TP-8DA496,1,2026-01-01 14:14:00,P13,,1.0,50.0,,card
thaphae,TP-C11687,1,2026-01-01 14:17:00,P03,M,1.0,65.0,,qr
thaphae,TP-150DA5,1,2026-01-01 14:45:00,P07,L,1.0,65.0,,card
thaphae,TP-150DA5,2,2026-01-01 14:45:00,P13,,1.0,50.0,,card
thaphae,TP-150DA5,3,2026-01-01 14:45:00,P15,,1.0,75.0,,card
thaphae,TP-EE93EC,1,2026-01-01 14:47:00,P07,S,1.0,45.0,,card
thaphae,TP-708DEB,1,2026-01-01 14:49:00,P01,S,2.0,45.0,,card
thaphae,TP-784CDB,1,2026-01-01 14:49:00,P12,,1.0,55.0,,cash
thaphae,TP-94AFDD,1,2026-01-01 14:50:00,P09,M,1.0,50.0,,cash
thaphae,TP-2F3FA9,1,2026-01-01 14:57:00,P11,M,1.0,60.0,,cash
thaphae,TP-E7B9C3,1,2026-01-01 15:21:00,P04,S,1.0,55.0,M0189,cash
thaphae,TP-9DB095,1,2026-01-01 15:40:00,P12,,1.0,55.0,M0255,card
thaphae,TP-F4BDF0,1,2026-01-01 15:44:00,P09,L,1.0,60.0,,cash
thaphae,TP-F4BDF0,2,2026-01-01 15:44:00,P10,M,1.0,60.0,,cash
thaphae,TP-9125E5,1,2026-01-01 17:00:00,P13,,1.0,50.0,M0089,card
thaphae,TP-6994E3,1,2026-01-01 17:12:00,P12,,1.0,55.0,,cash
thaphae,TP-6994E3,2,2026-01-01 17:12:00,P07,L,1.0,65.0,,cash
thaphae,TP-26F2A6,1,2026-01-01 18:01:00,P05,M,1.0,70.0,M0500,cash
thaphae,TP-3077DD,1,2026-01-01 18:12:00,P04,M,1.0,65.0,,cash
thaphae,TP-65911C,1,2026-01-02 08:06:00,P02,S,1.0,45.0,,card
thaphae,TP-65911C,2,2026-01-02 08:06:00,P12,,1.0,55.0,,card
thaphae,TP-66D6A4,1,2026-01-02 08:08:00,P03,M,1.0,65.0,,cash
thaphae,TP-11F9CB,1,2026-01-02 08:23:00,P02,M,1.0,55.0,M0453,qr
thaphae,TP-B72DA6,1,2026-01-02 08:58:00,P09,L,1.0,60.0,,card
thaphae,TP-C32F6C,1,2026-01-02 09:17:00,P04,L,2.0,75.0,,cash
thaphae,TP-5FD069,1,2026-01-02 09:23:00,P10,L,2.0,70.0,,qr
thaphae,TP-5FD069,2,2026-01-02 09:23:00,P14,,1.0,85.0,,qr
thaphae,TP-5906E4,1,2026-01-02 09:33:00,P03,S,1.0,55.0,,qr
thaphae,TP-5906E4,2,2026-01-02 09:33:00,P14,,1.0,85.0,,qr
thaphae,TP-AA8388,1,2026-01-02 10:18:00,P07,L,1.0,65.0,,cash
thaphae,TP-AA8388,2,2026-01-02 10:18:00,P13,,1.0,50.0,,cash
thaphae,TP-CE6E11,1,2026-01-02 11:09:00,P03,M,2.0,65.0,,qr
thaphae,TP-439973,1,2026-01-02 11:15:00,P11,M,1.0,60.0,,card
thaphae,TP-439973,2,2026-01-02 11:15:00,P12,,1.0,55.0,,card
thaphae,TP-66A44D,1,2026-01-02 11:24:00,P04,L,1.0,75.0,,card
thaphae,TP-9256DA,1,2026-01-02 12:02:00,P07,M,1.0,55.0,,card
thaphae,TP-9256DA,2,2026-01-02 12:02:00,P13,,1.0,50.0,,card
thaphae,TP-7FC2A7,1,2026-01-02 12:27:00,P01,M,1.0,55.0,,card
thaphae,TP-7FC2A7,2,2026-01-02 12:27:00,P15,,1.0,75.0,,card
thaphae,TP-504DF5,1,2026-01-02 12:42:00,P09,M,1.0,50.0,,qr
thaphae,TP-021541,1,2026-01-02 12:59:00,P15,,1.0,75.0,M0143,qr
thaphae,TP-021541,2,2026-01-02 12:59:00,P10,M,1.0,60.0,M0143,qr
thaphae,TP-16CF9C,1,2026-01-02 13:00:00,P06,L,1.0,85.0,,qr
thaphae,TP-16CF9C,2,2026-01-02 13:00:00,P07,S,1.0,45.0,,qr
thaphae,TP-5B17A3,1,2026-01-02 13:25:00,P10,L,1.0,70.0,,cash
thaphae,TP-036CB7,1,2026-01-02 15:05:00,P03,S,2.0,55.0,,cash
thaphae,TP-036CB7,2,2026-01-02 15:05:00,P12,,1.0,55.0,,cash
thaphae,TP-CE4CE5,1,2026-01-02 15:29:00,P10,M,1.0,60.0,,qr
thaphae,TP-A3E16E,1,2026-01-02 16:31:00,P08,M,1.0,70.0,M0002,qr
thaphae,TP-A3E16E,2,2026-01-02 16:31:00,P15,,1.0,75.0,M0002,qr
thaphae,TP-20F128,1,2026-01-02 16:40:00,P09,M,1.0,50.0,,qr
thaphae,TP-668A38,1,2026-01-02 17:59:00,P05,L,1.0,80.0,,card
thaphae,TP-668A38,2,2026-01-02 17:59:00,P12,,1.0,55.0,,card
thaphae,TP-9D0F95,1,2026-01-02 18:00:00,P07,M,1.0,55.0,,card
thaphae,TP-6E15EC,1,2026-01-02 18:13:00,P07,M,1.0,55.0,M0790,card
thaphae,TP-BC533C,1,2026-01-02 19:50:00,P09,S,1.0,40.0,,card
thaphae,TP-B73838,1,2026-01-03 07:38:00,P08,L,1.0,80.0,,card
thaphae,TP-B73838,2,2026-01-03 07:38:00,P12,,1.0,55.0,,card
thaphae,TP-84EAAD,1,2026-01-03 08:47:00,P01,L,1.0,65.0,,cash
thaphae,TP-08D79D,1,2026-01-03 09:14:00,P02,M,1.0,55.0,,qr
thaphae,TP-A9C11C,1,2026-01-03 09:28:00,P04,M,1.0,65.0,M0430,cash
thaphae,TP-BDDB0A,1,2026-01-03 09:29:00,P03,L,1.0,75.0,,cash
thaphae,TP-8FC16F,1,2026-01-03 09:33:00,P03,S,1.0,55.0,,qr
thaphae,TP-8FC16F,2,2026-01-03 09:33:00,P08,S,1.0,60.0,,qr
thaphae,TP-4C4976,1,2026-01-03 10:07:00,P03,M,1.0,65.0,,cash
thaphae,TP-4C4976,2,2026-01-03 10:07:00,P14,,1.0,85.0,,cash
thaphae,TP-C93CE3,1,2026-01-03 10:21:00,P09,S,1.0,40.0,,card
thaphae,TP-0441A9,1,2026-01-03 10:52:00,P05,S,1.0,60.0,,card
thaphae,TP-0441A9,2,2026-01-03 10:52:00,P15,,1.0,75.0,,card
thaphae,TP-D6295D,1,2026-01-03 10:57:00,P05,M,1.0,70.0,M0033,qr
thaphae,TP-393832,1,2026-01-03 11:11:00,P03,M,1.0,65.0,M0611,cash
thaphae,TP-05378F,1,2026-01-03 12:42:00,P07,S,1.0,45.0,M0611,card
thaphae,TP-05378F,2,2026-01-03 12:42:00,P12,,1.0,55.0,M0611,card
thaphae,TP-90A985,1,2026-01-03 12:45:00,P09,M,1.0,50.0,,card
thaphae,TP-1B098B,1,2026-01-03 13:18:00,P07,L,2.0,65.0,,cash
thaphae,TP-3C6026,1,2026-01-03 14:00:00,P12,,1.0,55.0,,qr
thaphae,TP-8C7413,1,2026-01-03 14:47:00,P10,S,3.0,50.0,M0129,card
thaphae,TP-2877A6,1,2026-01-03 15:28:00,P04,S,1.0,55.0,M0670,card
thaphae,TP-F3F228,1,2026-01-03 15:36:00,P07,S,3.0,45.0,,cash
thaphae,TP-17947B,1,2026-01-03 15:47:00,P02,M,3.0,55.0,,card
thaphae,TP-17947B,2,2026-01-03 15:47:00,P12,,1.0,55.0,,card
thaphae,TP-869FCD,1,2026-01-03 16:26:00,P11,M,1.0,60.0,M0004,cash
thaphae,TP-869FCD,2,2026-01-03 16:26:00,P01,S,1.0,45.0,M0004,cash
thaphae,TP-B3C93B,1,2026-01-03 16:46:00,P07,M,2.0,55.0,,cash
thaphae,TP-37F8A8,1,2026-01-03 17:05:00,P12,,1.0,55.0,,card
thaphae,TP-EA1AB6,1,2026-01-03 18:40:00,P10,S,1.0,50.0,M0090,card
thaphae,TP-34DC16,1,2026-01-04 07:43:00,P14,,1.0,85.0,,cash
thaphae,TP-BA4598,1,2026-01-04 08:08:00,P03,S,1.0,55.0,M0529,qr
thaphae,TP-7159AD,1,2026-01-04 08:14:00,P10,L,1.0,70.0,,cash
thaphae,TP-3C40BD,1,2026-01-04 08:18:00,P07,L,1.0,65.0,,card
thaphae,TP-3C40BD,2,2026-01-04 08:18:00,P13,,1.0,50.0,,card
thaphae,TP-653A02,1,2026-01-04 08:22:00,P02,L,1.0,65.0,,cash
thaphae,TP-F9511C,1,2026-01-04 08:30:00,P14,,1.0,85.0,,card
thaphae,TP-D5C6EE,1,2026-01-04 08:55:00,P03,M,1.0,65.0,M0130,card
thaphae,TP-D5C6EE,2,2026-01-04 08:55:00,P14,,1.0,85.0,M0130,card
thaphae,TP-CA99D6,1,2026-01-04 09:35:00,P04,M,1.0,65.0,,cash
thaphae,TP-CC1CCC,1,2026-01-04 09:38:00,P05,L,1.0,80.0,,cash
thaphae,TP-72E853,1,2026-01-04 09:46:00,P06,M,1.0,75.0,,qr
thaphae,TP-0AB04D,1,2026-01-04 09:51:00,P06,M,1.0,75.0,,cash
thaphae,TP-23C410,1,2026-01-04 10:08:00,P10,M,1.0,60.0,,cash
thaphae,TP-F2030F,1,2026-01-04 10:23:00,P07,S,1.0,45.0,,cash
thaphae,TP-FF4F9B,1,2026-01-04 10:25:00,P07,S,1.0,45.0,,qr
thaphae,TP-9B63EF,1,2026-01-04 10:30:00,P07,M,1.0,55.0,,cash
thaphae,TP-65F52A,1,2026-01-04 10:31:00,P14,,1.0,85.0,,qr
thaphae,TP-61AB26,1,2026-01-04 10:46:00,P04,M,1.0,65.0,M0709,card
thaphae,TP-1E68AF,1,2026-01-04 11:15:00,P06,M,1.0,75.0,,qr
thaphae,TP-57228B,1,2026-01-04 12:12:00,P12,,1.0,55.0,,qr
thaphae,TP-636FF4,1,2026-01-04 12:19:00,P07,M,1.0,55.0,,card
thaphae,TP-F98F45,1,2026-01-04 12:35:00,P10,M,1.0,60.0,,card
thaphae,TP-DC7B3D,1,2026-01-04 12:50:00,P15,,1.0,75.0,M0036,cash
thaphae,TP-4CCD6C,1,2026-01-04 13:49:00,P02,S,1.0,45.0,,card
thaphae,TP-2D4954,1,2026-01-04 14:11:00,P08,S,1.0,60.0,,cash
thaphae,TP-89A3D8,1,2026-01-04 14:48:00,P11,M,1.0,60.0,,cash
thaphae,TP-9A3D0D,1,2026-01-04 15:04:00,P02,L,2.0,65.0,,card
thaphae,TP-9A3D0D,2,2026-01-04 15:04:00,P07,M,1.0,55.0,,card
thaphae,TP-F0D271,1,2026-01-04 15:24:00,P09,L,3.0,60.0,,cash
thaphae,TP-5B7F16,1,2026-01-04 15:50:00,P03,M,1.0,65.0,,qr
thaphae,TP-5B7F16,2,2026-01-04 15:50:00,P14,,1.0,85.0,,qr
thaphae,TP-F85E49,1,2026-01-04 16:42:00,P13,,1.0,50.0,,card
thaphae,TP-E0D6C6,1,2026-01-04 17:15:00,P11,M,1.0,60.0,,card
thaphae,TP-00C891,1,2026-01-04 17:28:00,P04,L,1.0,75.0,,card
thaphae,TP-6516B9,1,2026-01-04 17:52:00,P10,M,1.0,60.0,,qr
thaphae,TP-7420C6,1,2026-01-05 07:01:00,P13,,1.0,50.0,,qr
thaphae,TP-FD99FB,1,2026-01-05 07:39:00,P03,L,2.0,75.0,,card
thaphae,TP-FD99FB,2,2026-01-05 07:39:00,P14,,1.0,85.0,,card
thaphae,TP-B7503A,1,2026-01-05 07:48:00,P05,M,1.0,70.0,,card
thaphae,TP-BC3562,1,2026-01-05 08:01:00,P02,S,1.0,45.0,M0439,cash
thaphae,TP-E4E223,1,2026-01-05 08:02:00,P02,M,1.0,55.0,,qr
thaphae,TP-E4E223,2,2026-01-05 08:02:00,P12,,1.0,55.0,,qr
thaphae,TP-26812D,1,2026-01-05 08:33:00,P03,S,2.0,55.0,,qr
thaphae,TP-47BD0E,1,2026-01-05 08:45:00,P08,M,1.0,70.0,,qr
thaphae,TP-CD357F,1,2026-01-05 08:53:00,P03,L,1.0,75.0,,cash
thaphae,TP-CD357F,2,2026-01-05 08:53:00,P14,,1.0,85.0,,cash
thaphae,TP-C0FB9C,1,2026-01-05 09:28:00,P01,M,1.0,55.0,,qr
thaphae,TP-C0FB9C,2,2026-01-05 09:28:00,P12,,1.0,55.0,,qr
thaphae,TP-CD0C74,1,2026-01-05 10:12:00,P07,M,1.0,55.0,M0647,qr
thaphae,TP-CD0C74,2,2026-01-05 10:12:00,P13,,1.0,50.0,M0647,qr
thaphae,TP-AD74D8,1,2026-01-05 10:46:00,P04,M,1.0,65.0,,qr
thaphae,TP-C83189,1,2026-01-05 10:47:00,P01,M,1.0,55.0,M0067,cash
thaphae,TP-C83189,2,2026-01-05 10:47:00,P02,M,1.0,55.0,M0067,cash
thaphae,TP-7D1AC8,1,2026-01-05 11:04:00,P03,M,1.0,65.0,M0711,qr
thaphae,TP-EC47C6,1,2026-01-05 11:55:00,P02,L,1.0,65.0,,qr
thaphae,TP-EC47C6,2,2026-01-05 11:55:00,P03,M,1.0,65.0,,qr
thaphae,TP-B047D7,1,2026-01-05 12:56:00,P12,,1.0,55.0,,card
thaphae,TP-668E6B,1,2026-01-05 13:00:00,P01,M,1.0,55.0,M0514,card
thaphae,TP-668E6B,2,2026-01-05 13:00:00,P15,,1.0,75.0,M0514,card
thaphae,TP-021C7E,1,2026-01-05 13:07:00,P11,M,1.0,60.0,M0500,card
thaphae,TP-62B84F,1,2026-01-05 13:13:00,P12,,2.0,55.0,M0674,cash
thaphae,TP-8844A8,1,2026-01-05 14:07:00,P07,S,1.0,45.0,,qr
thaphae,TP-E95787,1,2026-01-05 14:33:00,P10,M,1.0,60.0,,cash
thaphae,TP-548A89,1,2026-01-05 14:40:00,P07,S,1.0,45.0,,card
thaphae,TP-D9192A,1,2026-01-05 14:40:00,P07,M,1.0,55.0,,card
thaphae,TP-C1C68B,1,2026-01-05 14:48:00,P03,S,2.0,55.0,,qr
thaphae,TP-C1C68B,2,2026-01-05 14:48:00,P14,,1.0,85.0,,qr
thaphae,TP-BA184C,1,2026-01-05 15:30:00,P09,M,1.0,50.0,,card
thaphae,TP-273065,1,2026-01-05 15:46:00,P12,,1.0,55.0,M0063,qr
thaphae,TP-302B75,1,2026-01-05 16:28:00,P15,,2.0,75.0,,qr
thaphae,TP-CB2148,1,2026-01-05 16:38:00,P15,,1.0,75.0,,qr
thaphae,TP-398D62,1,2026-01-05 16:51:00,P08,S,1.0,60.0,,qr
thaphae,TP-5F4623,1,2026-01-05 18:33:00,P15,,2.0,75.0,,card
thaphae,TP-68DB3D,1,2026-01-06 08:39:00,P06,M,1.0,75.0,,card
thaphae,TP-A75845,1,2026-01-06 09:20:00,P02,M,2.0,55.0,,cash
thaphae,TP-A75845,2,2026-01-06 09:20:00,P12,,1.0,55.0,,cash
thaphae,TP-C1A60A,1,2026-01-06 09:44:00,P04,M,1.0,65.0,M0578,qr
thaphae,TP-C1A60A,2,2026-01-06 09:44:00,P14,,1.0,85.0,M0578,qr
thaphae,TP-5B54C8,1,2026-01-06 09:55:00,P15,,1.0,75.0,M0481,card
thaphae,TP-FE6ED0,1,2026-01-06 11:43:00,P12,,2.0,55.0,,cash
thaphae,TP-DEB0DC,1,2026-01-06 12:39:00,P10,M,1.0,60.0,M0286,cash
thaphae,TP-DEB0DC,2,2026-01-06 12:39:00,P15,,1.0,75.0,M0286,cash
thaphae,TP-50EA1A,1,2026-01-06 13:44:00,P08,M,1.0,70.0,M0515,card
thaphae,TP-50EA1A,2,2026-01-06 13:44:00,P15,,1.0,75.0,M0515,card
thaphae,TP-50EA1A,3,2026-01-06 13:44:00,P02,M,1.0,55.0,M0515,card
thaphae,TP-8A7D6E,1,2026-01-06 14:40:00,P06,M,1.0,75.0,,card
thaphae,TP-8BFDC7,1,2026-01-06 16:11:00,P07,L,1.0,65.0,,cash
thaphae,TP-AAF3AF,1,2026-01-06 16:29:00,P02,M,1.0,55.0,,cash
thaphae,TP-BE048C,1,2026-01-06 16:55:00,P06,M,1.0,75.0,,card
thaphae,TP-CF3B41,1,2026-01-06 17:59:00,P03,S,2.0,55.0,M0184,cash
thaphae,TP-CF3B41,2,2026-01-06 17:59:00,P14,,1.0,85.0,M0184,cash
thaphae,TP-AC4ABC,1,2026-01-06 18:10:00,P12,,1.0,55.0,,card
thaphae,TP-66E072,1,2026-01-06 18:40:00,P10,S,1.0,50.0,,cash
thaphae,TP-D33772,1,2026-01-07 08:17:00,P03,M,1.0,65.0,,qr
thaphae,TP-D33772,2,2026-01-07 08:17:00,P14,,1.0,85.0,,qr
thaphae,TP-943EF1,1,2026-01-07 08:39:00,P11,M,1.0,60.0,,cash
thaphae,TP-1CC25E,1,2026-01-07 09:07:00,P09,S,1.0,40.0,M0239,cash
thaphae,TP-393E54,1,2026-01-07 09:49:00,P04,M,1.0,65.0,,card
thaphae,TP-B3FF75,1,2026-01-07 10:04:00,P06,S,2.0,65.0,M0374,qr
thaphae,TP-B3FF75,2,2026-01-07 10:04:00,P03,M,1.0,65.0,M0374,qr
thaphae,TP-C7E262,1,2026-01-07 10:09:00,P08,L,1.0,80.0,,card
thaphae,TP-5FF2B6,1,2026-01-07 10:49:00,P14,,3.0,85.0,M0598,cash
thaphae,TP-3E92D0,1,2026-01-07 11:20:00,P06,M,2.0,75.0,,cash
thaphae,TP-660306,1,2026-01-07 12:08:00,P05,M,1.0,70.0,,cash
thaphae,TP-BF6334,1,2026-01-07 12:09:00,P12,,1.0,55.0,,cash
thaphae,TP-0FA4AB,1,2026-01-07 12:27:00,P10,M,1.0,60.0,,qr
thaphae,TP-E19E40,1,2026-01-07 12:59:00,P12,,1.0,55.0,M0709,cash
thaphae,TP-43F194,1,2026-01-07 13:53:00,P02,S,1.0,45.0,M0790,qr
thaphae,TP-43F194,2,2026-01-07 13:53:00,P12,,1.0,55.0,M0790,qr
thaphae,TP-CFFD78,1,2026-01-07 14:08:00,P12,,1.0,55.0,,qr
thaphae,TP-65DC15,1,2026-01-07 14:35:00,P01,M,1.0,55.0,M0079,cash
thaphae,TP-65DC15,2,2026-01-07 14:35:00,P15,,1.0,75.0,M0079,cash
thaphae,TP-507766,1,2026-01-07 14:49:00,P07,M,1.0,55.0,,card
thaphae,TP-507766,2,2026-01-07 14:49:00,P13,,1.0,50.0,,card
thaphae,TP-5EB479,1,2026-01-07 14:51:00,P07,M,1.0,55.0,M0511,cash
thaphae,TP-5EB479,2,2026-01-07 14:51:00,P13,,1.0,50.0,M0511,cash
thaphae,TP-6F3A24,1,2026-01-07 15:00:00,P14,,1.0,85.0,,cash
thaphae,TP-EE36F2,1,2026-01-07 15:03:00,P13,,2.0,50.0,M0391,qr
thaphae,TP-EE36F2,2,2026-01-07 15:03:00,P07,S,1.0,45.0,M0391,qr
thaphae,TP-99CE4D,1,2026-01-07 15:11:00,P08,M,1.0,70.0,,qr
thaphae,TP-495E1F,1,2026-01-07 15:14:00,P10,M,1.0,60.0,M0292,card
thaphae,TP-495E1F,2,2026-01-07 15:14:00,P14,,1.0,85.0,M0292,card
thaphae,TP-495E1F,3,2026-01-07 15:14:00,P05,L,1.0,80.0,M0292,card
thaphae,TP-49ED06,1,2026-01-07 15:55:00,P08,M,1.0,70.0,,cash
thaphae,TP-87843D,1,2026-01-07 16:25:00,P06,M,1.0,75.0,,card
thaphae,TP-6E12C0,1,2026-01-07 16:59:00,P13,,1.0,50.0,,cash
thaphae,TP-E40056,1,2026-01-07 17:14:00,P01,S,2.0,45.0,,cash
thaphae,TP-E40056,2,2026-01-07 17:14:00,P15,,1.0,75.0,,cash
thaphae,TP-286FFB,1,2026-01-07 18:00:00,P03,M,1.0,65.0,M0117,cash
thaphae,TP-286FFB,2,2026-01-07 18:00:00,P14,,1.0,85.0,M0117,cash
thaphae,TP-286FFB,3,2026-01-07 18:00:00,P07,L,1.0,65.0,M0117,cash
thaphae,TP-180C54,1,2026-01-07 18:50:00,P09,S,1.0,40.0,,cash
thaphae,TP-AF1E5C,1,2026-01-08 07:20:00,P03,S,1.0,55.0,M0237,cash
thaphae,TP-3F0D05,1,2026-01-08 08:19:00,P06,M,2.0,75.0,,cash
thaphae,TP-AFEFDB,1,2026-01-08 09:00:00,P13,,1.0,50.0,,card
thaphae,TP-D6FA6F,1,2026-01-08 09:53:00,P07,M,1.0,55.0,,card
thaphae,TP-45DB94,1,2026-01-08 10:22:00,P06,S,3.0,65.0,,qr
thaphae,TP-45DB94,2,2026-01-08 10:22:00,P02,L,1.0,65.0,,qr
thaphae,TP-CA375F,1,2026-01-08 10:22:00,P04,M,1.0,65.0,M0598,card
thaphae,TP-86FC91,1,2026-01-08 10:28:00,P15,,1.0,75.0,M0040,cash
thaphae,TP-1067EA,1,2026-01-08 10:41:00,P03,M,1.0,65.0,,qr
thaphae,TP-1067EA,2,2026-01-08 10:41:00,P13,,1.0,50.0,,qr
thaphae,TP-5B9D3C,1,2026-01-08 10:43:00,P03,S,1.0,55.0,M0189,card
thaphae,TP-4736EE,1,2026-01-08 10:57:00,P03,M,1.0,65.0,,cash
thaphae,TP-4736EE,2,2026-01-08 10:57:00,P14,,1.0,85.0,,cash
thaphae,TP-6B1BB3,1,2026-01-08 11:40:00,P14,,1.0,85.0,,card
thaphae,TP-CA892F,1,2026-01-08 13:21:00,P09,M,1.0,50.0,,qr
thaphae,TP-DEA999,1,2026-01-08 13:35:00,P09,M,1.0,50.0,,card
thaphae,TP-F5FD0A,1,2026-01-08 15:58:00,P08,M,1.0,70.0,M0728,qr
thaphae,TP-82AC91,1,2026-01-08 16:39:00,P14,,2.0,85.0,,card
thaphae,TP-BA9596,1,2026-01-08 16:55:00,P12,,1.0,55.0,M0127,card
thaphae,TP-20E99B,1,2026-01-08 16:59:00,P01,M,1.0,55.0,,qr
thaphae,TP-20E99B,2,2026-01-08 16:59:00,P15,,1.0,75.0,,qr
thaphae,TP-20E99B,3,2026-01-08 16:59:00,P02,L,1.0,65.0,,qr
thaphae,TP-9135A5,1,2026-01-08 17:11:00,P15,,3.0,75.0,M0650,card
thaphae,TP-90A38D,1,2026-01-08 17:20:00,P06,L,2.0,85.0,,cash
thaphae,TP-4BD84E,1,2026-01-08 17:34:00,P10,M,1.0,60.0,,card
thaphae,TP-54D84D,1,2026-01-08 17:50:00,P08,M,1.0,70.0,M0634,qr
thaphae,TP-54D84D,2,2026-01-08 17:50:00,P13,,1.0,50.0,M0634,qr
thaphae,TP-FFF764,1,2026-01-08 19:15:00,P14,,1.0,85.0,,card
thaphae,TP-C4E76A,1,2026-01-09 07:06:00,P03,L,1.0,75.0,M0450,cash
thaphae,TP-A67004,1,2026-01-09 07:25:00,P03,S,3.0,55.0,M0124,cash
thaphae,TP-38DEED,1,2026-01-09 08:50:00,P09,M,2.0,50.0,M0475,qr
thaphae,TP-2948A8,1,2026-01-09 09:03:00,P04,M,1.0,65.0,M0521,cash
thaphae,TP-854879,1,2026-01-09 09:04:00,P07,L,1.0,65.0,,card
thaphae,TP-854879,2,2026-01-09 09:04:00,P05,M,1.0,70.0,,card
thaphae,TP-C6902D,1,2026-01-09 09:14:00,P02,M,1.0,55.0,,qr
thaphae,TP-C6902D,2,2026-01-09 09:14:00,P03,S,1.0,55.0,,qr
thaphae,TP-E0F4EA,1,2026-01-09 09:18:00,P02,S,1.0,45.0,,card
thaphae,TP-E0F4EA,2,2026-01-09 09:18:00,P12,,1.0,55.0,,card
thaphae,TP-36C80E,1,2026-01-09 09:30:00,P02,M,1.0,55.0,M0778,qr
thaphae,TP-36C80E,2,2026-01-09 09:30:00,P01,L,1.0,65.0,M0778,qr
thaphae,TP-5FFC4A,1,2026-01-09 09:39:00,P07,L,1.0,65.0,M0002,qr
thaphae,TP-2ECEB2,1,2026-01-09 09:39:00,P05,S,1.0,60.0,M0030,card
thaphae,TP-F7B672,1,2026-01-09 09:45:00,P02,S,3.0,45.0,,card
thaphae,TP-B434FD,1,2026-01-09 09:54:00,P13,,1.0,50.0,,card
thaphae,TP-FCE855,1,2026-01-09 10:27:00,P03,M,2.0,65.0,M0043,qr
thaphae,TP-C05FCC,1,2026-01-09 11:00:00,P12,,1.0,55.0,,card
thaphae,TP-BECAA4,1,2026-01-09 11:03:00,P02,M,1.0,55.0,,cash
thaphae,TP-9E0FD3,1,2026-01-09 11:10:00,P08,M,1.0,70.0,,card
thaphae,TP-DAD14C,1,2026-01-09 12:08:00,P03,M,1.0,65.0,M0033,cash
thaphae,TP-DAD14C,2,2026-01-09 12:08:00,P14,,1.0,85.0,M0033,cash
thaphae,TP-0F58B5,1,2026-01-09 13:44:00,P04,L,1.0,75.0,,cash
thaphae,TP-0BE56F,1,2026-01-09 13:46:00,P15,,1.0,75.0,,cash
thaphae,TP-448778,1,2026-01-09 13:50:00,P02,L,1.0,65.0,,qr
thaphae,TP-448778,2,2026-01-09 13:50:00,P12,,1.0,55.0,,qr
thaphae,TP-6EAFD5,1,2026-01-09 13:50:00,P07,M,1.0,55.0,,cash
thaphae,TP-6EAFD5,2,2026-01-09 13:50:00,P13,,1.0,50.0,,cash
thaphae,TP-6EAFD5,3,2026-01-09 13:50:00,P04,M,1.0,65.0,,cash
thaphae,TP-B5FBCC,1,2026-01-09 13:53:00,P12,,2.0,55.0,,cash
thaphae,TP-90918C,1,2026-01-09 14:05:00,P09,S,1.0,40.0,,cash
thaphae,TP-58AD51,1,2026-01-09 14:20:00,P14,,1.0,85.0,,qr
thaphae,TP-F65DC6,1,2026-01-09 14:42:00,P03,M,1.0,65.0,,cash
thaphae,TP-F65DC6,2,2026-01-09 14:42:00,P14,,1.0,85.0,,cash
thaphae,TP-B3A7E5,1,2026-01-09 15:03:00,P11,M,1.0,60.0,M0147,card
thaphae,TP-01B50D,1,2026-01-09 15:18:00,P11,M,2.0,60.0,,card
thaphae,TP-01B50D,2,2026-01-09 15:18:00,P14,,1.0,85.0,,card
thaphae,TP-621B32,1,2026-01-09 15:34:00,P10,S,1.0,50.0,M0079,qr
thaphae,TP-310CAC,1,2026-01-09 16:06:00,P09,L,1.0,60.0,,card
thaphae,TP-32DCCC,1,2026-01-09 16:06:00,P08,L,2.0,80.0,,cash
thaphae,TP-A563BD,1,2026-01-09 16:33:00,P05,S,1.0,60.0,M0433,card
thaphae,TP-A0743F,1,2026-01-09 16:40:00,P08,M,1.0,70.0,,cash
thaphae,TP-A0743F,2,2026-01-09 16:40:00,P12,,1.0,55.0,,cash
thaphae,TP-09DB80,1,2026-01-09 16:41:00,P08,M,2.0,70.0,M0616,card
thaphae,TP-09DB80,2,2026-01-09 16:41:00,P07,L,1.0,65.0,M0616,card
thaphae,TP-22591F,1,2026-01-09 16:53:00,P12,,1.0,55.0,M0323,cash
thaphae,TP-22591F,2,2026-01-09 16:53:00,P10,M,1.0,60.0,M0323,cash
thaphae,TP-3C6385,1,2026-01-09 17:51:00,P02,L,1.0,65.0,,qr
thaphae,TP-3C6385,2,2026-01-09 17:51:00,P13,,1.0,50.0,,qr
thaphae,TP-50A9BC,1,2026-01-09 18:12:00,P08,L,1.0,80.0,,card
thaphae,TP-2166BC,1,2026-01-10 07:00:00,P07,S,2.0,45.0,M0527,card
thaphae,TP-2166BC,2,2026-01-10 07:00:00,P13,,1.0,50.0,M0527,card
thaphae,TP-8E9747,1,2026-01-10 07:03:00,P13,,1.0,50.0,M0653,qr
thaphae,TP-3BF2CA,1,2026-01-10 07:19:00,P07,L,1.0,65.0,,card
thaphae,TP-6E4C4A,1,2026-01-10 08:34:00,P04,M,1.0,65.0,M0389,card
thaphae,TP-4F0399,1,2026-01-10 09:30:00,P07,M,3.0,55.0,,cash
thaphae,TP-4F0399,2,2026-01-10 09:30:00,P13,,1.0,50.0,,cash
thaphae,TP-A5414D,1,2026-01-10 09:51:00,P09,S,1.0,40.0,M0108,qr
thaphae,TP-A81C19,1,2026-01-10 10:31:00,P15,,1.0,75.0,M0527,card
thaphae,TP-4B4864,1,2026-01-10 10:56:00,P08,L,2.0,80.0,,qr
thaphae,TP-4B4864,2,2026-01-10 10:56:00,P11,M,1.0,60.0,,qr
thaphae,TP-EE6C36,1,2026-01-10 11:41:00,P10,M,1.0,60.0,,qr
thaphae,TP-B37DB6,1,2026-01-10 13:14:00,P03,S,1.0,55.0,,cash
thaphae,TP-F678F2,1,2026-01-10 13:38:00,P04,M,1.0,65.0,M0764,card
thaphae,TP-B65302,1,2026-01-10 14:05:00,P08,M,1.0,70.0,M0571,cash
thaphae,TP-B65302,2,2026-01-10 14:05:00,P12,,1.0,55.0,M0571,cash
thaphae,TP-7C7BD1,1,2026-01-10 14:20:00,P02,M,1.0,55.0,,cash
thaphae,TP-7C7BD1,2,2026-01-10 14:20:00,P08,M,1.0,70.0,,cash
thaphae,TP-0085E5,1,2026-01-10 14:55:00,P08,S,2.0,60.0,M0427,card
thaphae,TP-A2E8E6,1,2026-01-10 15:05:00,P12,,1.0,55.0,,card
thaphae,TP-A2E8E6,2,2026-01-10 15:05:00,P07,M,1.0,55.0,,card
thaphae,TP-523111,1,2026-01-10 15:20:00,P11,M,2.0,60.0,M0438,cash
thaphae,TP-0CCACE,1,2026-01-10 16:04:00,P02,M,1.0,55.0,M0022,qr
thaphae,TP-0CCACE,2,2026-01-10 16:04:00,P12,,1.0,55.0,M0022,qr
thaphae,TP-AE4658,1,2026-01-10 16:07:00,P06,M,1.0,75.0,M0457,cash
thaphae,TP-AE4658,2,2026-01-10 16:07:00,P12,,1.0,55.0,M0457,cash
thaphae,TP-A13DED,1,2026-01-10 16:28:00,P07,M,1.0,55.0,,card
thaphae,TP-6D584A,1,2026-01-10 16:37:00,P08,S,1.0,60.0,M0139,card
thaphae,TP-6D584A,2,2026-01-10 16:37:00,P12,,1.0,55.0,M0139,card
thaphae,TP-9681C6,1,2026-01-10 16:42:00,P09,L,1.0,60.0,,cash
thaphae,TP-E85A35,1,2026-01-10 16:46:00,P12,,1.0,55.0,,card
thaphae,TP-8E15F9,1,2026-01-10 17:01:00,P07,L,1.0,65.0,,card
thaphae,TP-6D3F4F,1,2026-01-10 18:05:00,P11,L,1.0,70.0,,qr
thaphae,TP-6D3F4F,2,2026-01-10 18:05:00,P07,L,1.0,65.0,,qr
thaphae,TP-908C34,1,2026-01-10 18:29:00,P12,,1.0,55.0,,card
thaphae,TP-3F973B,1,2026-01-10 19:15:00,P07,M,1.0,55.0,M0660,card
thaphae,TP-3F973B,2,2026-01-10 19:15:00,P13,,1.0,50.0,M0660,card
thaphae,TP-D4D059,1,2026-01-10 19:20:00,P10,M,2.0,60.0,,card
thaphae,TP-EFD3C7,1,2026-01-11 08:06:00,P12,,1.0,55.0,,cash
thaphae,TP-BE4843,1,2026-01-11 08:16:00,P05,M,1.0,70.0,,cash
thaphae,TP-BE4843,2,2026-01-11 08:16:00,P02,M,1.0,55.0,,cash
thaphae,TP-E24E44,1,2026-01-11 08:30:00,P06,M,1.0,75.0,,card
thaphae,TP-D509EE,1,2026-01-11 08:36:00,P05,M,2.0,70.0,,qr
thaphae,TP-28F91E,1,2026-01-11 08:40:00,P02,L,1.0,65.0,,card
thaphae,TP-28F91E,2,2026-01-11 08:40:00,P12,,1.0,55.0,,card
thaphae,TP-743479,1,2026-01-11 08:58:00,P12,,1.0,55.0,,cash
thaphae,TP-743479,2,2026-01-11 08:58:00,P01,L,1.0,65.0,,cash
thaphae,TP-98AF6E,1,2026-01-11 09:58:00,P03,M,1.0,65.0,M0567,qr
thaphae,TP-DB8C2D,1,2026-01-11 10:09:00,P04,M,1.0,65.0,,cash
thaphae,TP-140915,1,2026-01-11 10:33:00,P15,,1.0,75.0,,cash
thaphae,TP-BC1776,1,2026-01-11 10:47:00,P02,M,1.0,55.0,,qr
thaphae,TP-BC1776,2,2026-01-11 10:47:00,P12,,1.0,55.0,,qr
thaphae,TP-19FD35,1,2026-01-11 10:57:00,P15,,1.0,75.0,,cash
thaphae,TP-A5F5A3,1,2026-01-11 12:15:00,P01,S,1.0,45.0,,cash
thaphae,TP-97207E,1,2026-01-11 12:20:00,P07,M,2.0,55.0,,card
thaphae,TP-97207E,2,2026-01-11 12:20:00,P13,,1.0,50.0,,card
thaphae,TP-9D0D6C,1,2026-01-11 12:22:00,P08,M,1.0,70.0,,qr
thaphae,TP-B1A15F,1,2026-01-11 12:38:00,P05,M,1.0,70.0,M0222,qr
thaphae,TP-484D12,1,2026-01-11 13:13:00,P07,M,1.0,55.0,,cash
thaphae,TP-6BC52B,1,2026-01-11 13:56:00,P14,,1.0,85.0,,cash
thaphae,TP-9A791B,1,2026-01-11 14:06:00,P04,M,2.0,65.0,,card
thaphae,TP-92E019,1,2026-01-11 14:06:00,P08,M,1.0,70.0,,card
thaphae,TP-D95D07,1,2026-01-11 14:14:00,P04,M,1.0,65.0,,cash
thaphae,TP-EB7925,1,2026-01-11 14:31:00,P04,M,1.0,65.0,,card
thaphae,TP-5F63DC,1,2026-01-11 14:39:00,P07,M,1.0,55.0,,qr
thaphae,TP-5F63DC,2,2026-01-11 14:39:00,P13,,1.0,50.0,,qr
thaphae,TP-5F63DC,3,2026-01-11 14:39:00,P01,S,1.0,45.0,,qr
thaphae,TP-267086,1,2026-01-11 14:43:00,P08,M,1.0,70.0,,cash
thaphae,TP-B330AD,1,2026-01-11 16:24:00,P04,L,1.0,75.0,,cash
thaphae,TP-A46AE5,1,2026-01-11 16:29:00,P02,M,1.0,55.0,,cash
thaphae,TP-A46AE5,2,2026-01-11 16:29:00,P12,,1.0,55.0,,cash
thaphae,TP-2D7740,1,2026-01-11 16:48:00,P14,,1.0,85.0,,cash
thaphae,TP-EDFF2D,1,2026-01-11 17:37:00,P03,M,1.0,65.0,,card
thaphae,TP-EDFF2D,2,2026-01-11 17:37:00,P14,,1.0,85.0,,card
thaphae,TP-0DF130,1,2026-01-11 18:09:00,P08,S,1.0,60.0,,card
thaphae,TP-D95E82,1,2026-01-11 19:01:00,P12,,1.0,55.0,,qr
thaphae,TP-39B751,1,2026-01-11 19:02:00,P15,,1.0,75.0,,card
thaphae,TP-96DB14,1,2026-01-12 08:18:00,P12,,1.0,55.0,,card
thaphae,TP-D62303,1,2026-01-12 08:44:00,P03,L,1.0,75.0,,cash
thaphae,TP-D98558,1,2026-01-12 09:34:00,P11,S,1.0,50.0,M0417,card
thaphae,TP-55D1F1,1,2026-01-12 09:35:00,P02,M,34.0,55.0,,card
thaphae,TP-3EE3A1,1,2026-01-12 09:55:00,P08,S,1.0,60.0,,cash
thaphae,TP-B25D50,1,2026-01-12 10:34:00,P07,L,1.0,65.0,,card
thaphae,TP-B5EA3B,1,2026-01-12 11:20:00,P03,M,1.0,65.0,M0283,card
thaphae,TP-B5EA3B,2,2026-01-12 11:20:00,P14,,1.0,85.0,M0283,card
thaphae,TP-8706AB,1,2026-01-12 13:05:00,P03,L,1.0,75.0,,qr
thaphae,TP-498CFA,1,2026-01-12 13:40:00,P10,L,1.0,70.0,,card
thaphae,TP-8EB0F9,1,2026-01-12 13:42:00,P08,M,1.0,70.0,,card
thaphae,TP-E2A6C3,1,2026-01-12 13:43:00,P02,S,1.0,45.0,,qr
thaphae,TP-E2A6C3,2,2026-01-12 13:43:00,P12,,1.0,55.0,,qr
thaphae,TP-64CA0D,1,2026-01-12 14:39:00,P08,M,2.0,70.0,M0800,cash
thaphae,TP-64CA0D,2,2026-01-12 14:39:00,P02,L,1.0,65.0,M0800,cash
thaphae,TP-A9C8B0,1,2026-01-12 14:58:00,P08,S,1.0,60.0,M0433,cash
thaphae,TP-C71954,1,2026-01-12 15:16:00,P11,M,2.0,60.0,M0303,qr
thaphae,TP-04B01A,1,2026-01-12 15:30:00,P07,L,1.0,65.0,,cash
thaphae,TP-F33C0C,1,2026-01-12 15:44:00,P03,M,1.0,65.0,,cash
thaphae,TP-F33C0C,2,2026-01-12 15:44:00,P14,,1.0,85.0,,cash
thaphae,TP-F33C0C,3,2026-01-12 15:44:00,P15,,1.0,75.0,,cash
thaphae,TP-BDD410,1,2026-01-12 15:44:00,P12,,1.0,55.0,,cash
thaphae,TP-E17F55,1,2026-01-12 15:58:00,P12,,1.0,55.0,,cash
thaphae,TP-CD578D,1,2026-01-12 16:01:00,P07,S,1.0,45.0,,cash
thaphae,TP-CD578D,2,2026-01-12 16:01:00,P13,,1.0,50.0,,cash
thaphae,TP-B59589,1,2026-01-12 16:10:00,P09,S,1.0,40.0,,cash
thaphae,TP-6F646C,1,2026-01-12 16:48:00,P08,S,1.0,60.0,,card
thaphae,TP-6F0307,1,2026-01-12 18:47:00,P08,M,1.0,70.0,M0714,card
thaphae,TP-9212F5,1,2026-01-12 19:41:00,P08,M,1.0,70.0,M0699,cash
thaphae,TP-C5191C,1,2026-01-13 07:12:00,P06,S,1.0,65.0,,qr
thaphae,TP-3D2A81,1,2026-01-13 09:01:00,P15,,1.0,75.0,,cash
thaphae,TP-439763,1,2026-01-13 09:26:00,P13,,1.0,50.0,,cash
thaphae,TP-483C77,1,2026-01-13 10:06:00,P01,M,2.0,55.0,,cash
thaphae,TP-483C77,2,2026-01-13 10:06:00,P12,,1.0,55.0,,cash
thaphae,TP-E4BAA6,1,2026-01-13 10:07:00,P02,M,1.0,55.0,,cash
thaphae,TP-E4BAA6,2,2026-01-13 10:07:00,P12,,1.0,55.0,,cash
thaphae,TP-7CECEC,1,2026-01-13 10:24:00,P04,S,1.0,55.0,,card
thaphae,TP-B86785,1,2026-01-13 10:45:00,P05,M,1.0,70.0,,card
thaphae,TP-513D81,1,2026-01-13 10:52:00,P10,L,1.0,70.0,,card
thaphae,TP-513D81,2,2026-01-13 10:52:00,P14,,1.0,85.0,,card
thaphae,TP-3CF310,1,2026-01-13 11:02:00,P05,M,1.0,70.0,,cash
thaphae,TP-4C4613,1,2026-01-13 12:10:00,P12,,1.0,55.0,,card
thaphae,TP-351039,1,2026-01-13 12:20:00,P03,M,1.0,65.0,,qr
thaphae,TP-351039,2,2026-01-13 12:20:00,P14,,1.0,85.0,,qr
thaphae,TP-30958B,1,2026-01-13 13:41:00,P12,,1.0,55.0,,card
thaphae,TP-6A09D6,1,2026-01-13 14:12:00,P09,M,1.0,50.0,,cash
thaphae,TP-6A8DA5,1,2026-01-13 14:12:00,P12,,1.0,55.0,,cash
thaphae,TP-7B8DA7,1,2026-01-13 14:50:00,P06,M,1.0,75.0,M0647,cash
thaphae,TP-7B8DA7,2,2026-01-13 14:50:00,P15,,1.0,75.0,M0647,cash
thaphae,TP-E63531,1,2026-01-13 14:59:00,P01,M,1.0,55.0,,cash
thaphae,TP-E63531,2,2026-01-13 14:59:00,P15,,1.0,75.0,,cash
thaphae,TP-9B2611,1,2026-01-13 15:04:00,P09,M,1.0,50.0,M0698,qr
thaphae,TP-3D5DE8,1,2026-01-13 15:04:00,P02,S,1.0,45.0,,qr
thaphae,TP-9C29AD,1,2026-01-13 15:20:00,P15,,1.0,75.0,,qr
thaphae,TP-9C29AD,2,2026-01-13 15:20:00,P03,L,1.0,75.0,,qr
thaphae,TP-3BC6B7,1,2026-01-13 15:49:00,P03,L,1.0,75.0,,qr
thaphae,TP-829B4B,1,2026-01-13 16:18:00,P07,S,1.0,45.0,,card
thaphae,TP-181418,1,2026-01-13 16:29:00,P07,L,2.0,65.0,,cash
thaphae,TP-7CD1BA,1,2026-01-13 16:59:00,P13,,1.0,50.0,,card
thaphae,TP-E2A0C4,1,2026-01-13 18:56:00,P03,M,1.0,65.0,,cash
thaphae,TP-E2A0C4,2,2026-01-13 18:56:00,P14,,1.0,85.0,,cash
thaphae,TP-E2A0C4,3,2026-01-13 18:56:00,P12,,1.0,55.0,,cash
thaphae,TP-63E24A,1,2026-01-14 07:46:00,P03,M,1.0,65.0,M0197,cash
thaphae,TP-63E24A,2,2026-01-14 07:46:00,P14,,1.0,85.0,M0197,cash
thaphae,TP-63E24A,3,2026-01-14 07:46:00,P08,L,1.0,80.0,M0197,cash
thaphae,TP-ABC465,1,2026-01-14 08:00:00,P05,M,1.0,70.0,,card
thaphae,TP-3A27A0,1,2026-01-14 08:03:00,P03,L,1.0,75.0,,cash
thaphae,TP-6FCA70,1,2026-01-14 08:06:00,P02,M,1.0,55.0,,qr
thaphae,TP-6FCA70,2,2026-01-14 08:06:00,P12,,1.0,55.0,,qr
thaphae,TP-D0FA07,1,2026-01-14 08:42:00,P15,,1.0,75.0,M0514,qr
thaphae,TP-EC682E,1,2026-01-14 08:46:00,P04,S,1.0,55.0,M0196,qr
thaphae,TP-EC682E,2,2026-01-14 08:46:00,P08,M,1.0,70.0,M0196,qr
thaphae,TP-3AEF2A,1,2026-01-14 08:49:00,P03,S,1.0,55.0,,card
thaphae,TP-7F47A8,1,2026-01-14 08:55:00,P02,M,1.0,55.0,,cash
thaphae,TP-7B6BE2,1,2026-01-14 09:19:00,P09,L,1.0,60.0,,cash
thaphae,TP-E6C206,1,2026-01-14 09:37:00,P05,M,1.0,70.0,,cash
thaphae,TP-604DA4,1,2026-01-14 09:50:00,P10,L,1.0,70.0,,cash
thaphae,TP-80F5D7,1,2026-01-14 11:17:00,P08,L,1.0,80.0,,card
thaphae,TP-B9DCB3,1,2026-01-14 11:22:00,P08,S,1.0,60.0,,qr
thaphae,TP-6E6FB3,1,2026-01-14 11:42:00,P09,S,3.0,40.0,,card
thaphae,TP-E56A67,1,2026-01-14 12:33:00,P14,,3.0,85.0,,qr
thaphae,TP-1B7DBE,1,2026-01-14 12:58:00,P15,,3.0,75.0,M0393,card
thaphae,TP-8EEFA4,1,2026-01-14 13:02:00,P03,M,1.0,65.0,,cash
thaphae,TP-8EEFA4,2,2026-01-14 13:02:00,P09,M,1.0,50.0,,cash
thaphae,TP-68BA92,1,2026-01-14 14:32:00,P01,M,1.0,55.0,M0389,cash
thaphae,TP-D2D113,1,2026-01-14 15:16:00,P02,L,1.0,65.0,M0665,cash
thaphae,TP-FC1B0E,1,2026-01-14 15:53:00,P04,M,2.0,65.0,,card
thaphae,TP-C15CC4,1,2026-01-14 15:59:00,P14,,2.0,85.0,M0564,card
thaphae,TP-C03417,1,2026-01-14 17:27:00,P07,M,1.0,55.0,M0449,cash
thaphae,TP-CDD2B9,1,2026-01-14 18:58:00,P10,L,1.0,70.0,,cash
thaphae,TP-A1D277,1,2026-01-15 07:06:00,P02,S,1.0,45.0,,card
thaphae,TP-A1D277,2,2026-01-15 07:06:00,P05,L,1.0,80.0,,card
thaphae,TP-6EBAB5,1,2026-01-15 07:16:00,P15,,2.0,75.0,,cash
thaphae,TP-4DF307,1,2026-01-15 08:02:00,P07,M,33.0,55.0,,card
thaphae,TP-F2ABD2,1,2026-01-15 08:05:00,P11,S,2.0,50.0,M0790,qr
thaphae,TP-48BB15,1,2026-01-15 08:15:00,P08,L,1.0,80.0,,card
thaphae,TP-D218E0,1,2026-01-15 09:26:00,P05,M,1.0,70.0,,qr
thaphae,TP-D218E0,2,2026-01-15 09:26:00,P03,L,1.0,75.0,,qr
thaphae,TP-0FDAF4,1,2026-01-15 09:38:00,P07,M,3.0,55.0,,qr
thaphae,TP-0FDAF4,2,2026-01-15 09:38:00,P13,,1.0,50.0,,qr
thaphae,TP-90A0F8,1,2026-01-15 09:54:00,P07,S,1.0,45.0,,qr
thaphae,TP-590D47,1,2026-01-15 09:55:00,P07,S,1.0,45.0,,cash
thaphae,TP-590D47,2,2026-01-15 09:55:00,P13,,1.0,50.0,,cash
thaphae,TP-D1A628,1,2026-01-15 10:06:00,P10,M,2.0,60.0,,card
thaphae,TP-D1A628,2,2026-01-15 10:06:00,P07,S,1.0,45.0,,card
thaphae,TP-31360D,1,2026-01-15 10:15:00,P05,S,1.0,60.0,M0397,cash
thaphae,TP-31360D,2,2026-01-15 10:15:00,P14,,1.0,85.0,M0397,cash
thaphae,TP-26D9AD,1,2026-01-15 11:43:00,P03,M,3.0,65.0,,card
thaphae,TP-26D9AD,2,2026-01-15 11:43:00,P14,,1.0,85.0,,card
thaphae,TP-26D9AD,3,2026-01-15 11:43:00,P09,S,1.0,40.0,,card
thaphae,TP-24DC2E,1,2026-01-15 13:14:00,P09,S,1.0,40.0,M0580,card
thaphae,TP-DC9F23,1,2026-01-15 13:34:00,P11,M,1.0,60.0,M0430,qr
thaphae,TP-6C743E,1,2026-01-15 14:02:00,P08,M,3.0,70.0,M0320,card
thaphae,TP-93FF72,1,2026-01-15 14:13:00,P02,L,1.0,65.0,,qr
thaphae,TP-5C6BD1,1,2026-01-15 14:23:00,P04,S,1.0,55.0,,card
thaphae,TP-FBCFE2,1,2026-01-15 14:58:00,P13,,1.0,50.0,M0168,cash
thaphae,TP-9B5D49,1,2026-01-15 16:04:00,P12,,2.0,55.0,,cash
thaphae,TP-9B5D49,2,2026-01-15 16:04:00,P15,,1.0,75.0,,cash
thaphae,TP-B0E1F5,1,2026-01-15 16:08:00,P07,M,1.0,55.0,M0548,card
thaphae,TP-B0E1F5,2,2026-01-15 16:08:00,P13,,1.0,50.0,M0548,card
thaphae,TP-DD8C75,1,2026-01-15 16:20:00,P08,L,1.0,80.0,,cash
thaphae,TP-DD8C75,2,2026-01-15 16:20:00,P01,L,1.0,65.0,,cash
thaphae,TP-8C9C59,1,2026-01-15 16:58:00,P05,S,1.0,60.0,,cash
thaphae,TP-237A11,1,2026-01-15 17:30:00,P08,M,1.0,70.0,M0616,cash
thaphae,TP-237A11,2,2026-01-15 17:30:00,P11,M,1.0,60.0,M0616,cash
thaphae,TP-43FCC8,1,2026-01-15 17:36:00,P12,,1.0,55.0,,cash
thaphae,TP-84DB46,1,2026-01-15 18:03:00,P07,L,1.0,65.0,,cash
thaphae,TP-093A0B,1,2026-01-15 19:06:00,P11,M,2.0,60.0,,qr
thaphae,TP-9F469C,1,2026-01-15 19:44:00,P04,M,1.0,65.0,,card
thaphae,TP-5CFC37,1,2026-01-16 07:59:00,P04,L,1.0,75.0,,card
thaphae,TP-113D46,1,2026-01-16 08:06:00,P11,L,2.0,70.0,,card
thaphae,TP-7B4E6C,1,2026-01-16 08:36:00,P14,,1.0,85.0,,card
thaphae,TP-17C50A,1,2026-01-16 09:20:00,P04,M,1.0,65.0,,cash
thaphae,TP-79D736,1,2026-01-16 09:30:00,P15,,3.0,75.0,,cash
thaphae,TP-09EB83,1,2026-01-16 10:09:00,P14,,2.0,85.0,,qr
thaphae,TP-5C055F,1,2026-01-16 10:20:00,P06,L,1.0,85.0,M0552,cash
thaphae,TP-E3FAF3,1,2026-01-16 10:23:00,P12,,1.0,55.0,M0389,card
thaphae,TP-66534D,1,2026-01-16 11:00:00,P10,S,1.0,50.0,M0386,qr
thaphae,TP-46F8A2,1,2026-01-16 12:20:00,P12,,1.0,55.0,,qr
thaphae,TP-286C94,1,2026-01-16 12:29:00,P06,M,1.0,75.0,,qr
thaphae,TP-286C94,2,2026-01-16 12:29:00,P03,L,1.0,75.0,,qr
thaphae,TP-A9CFC6,1,2026-01-16 12:36:00,P04,M,1.0,65.0,M0785,cash
thaphae,TP-EEE3FC,1,2026-01-16 12:50:00,P05,L,1.0,80.0,,card
thaphae,TP-EEE3FC,2,2026-01-16 12:50:00,P15,,1.0,75.0,,card
thaphae,TP-6A614F,1,2026-01-16 13:00:00,P03,M,1.0,65.0,,qr
thaphae,TP-6A614F,2,2026-01-16 13:00:00,P15,,1.0,75.0,,qr
thaphae,TP-3AAE79,1,2026-01-16 14:14:00,P12,,1.0,55.0,,qr
thaphae,TP-473920,1,2026-01-16 14:15:00,P11,M,1.0,60.0,,card
thaphae,TP-A05790,1,2026-01-16 14:24:00,P14,,1.0,85.0,,card
thaphae,TP-F01299,1,2026-01-16 14:50:00,P10,M,1.0,60.0,,qr
thaphae,TP-7E8391,1,2026-01-16 16:01:00,P12,,1.0,55.0,,card
thaphae,TP-A08A37,1,2026-01-16 17:00:00,P09,M,1.0,50.0,,cash
thaphae,TP-A08A37,2,2026-01-16 17:00:00,P06,M,1.0,75.0,,cash
thaphae,TP-5FC08A,1,2026-01-16 17:08:00,P12,,3.0,55.0,M0191,card
thaphae,TP-2E2FAE,1,2026-01-16 18:42:00,P12,,1.0,55.0,M0500,card
thaphae,TP-E8D8C9,1,2026-01-17 07:32:00,P08,L,1.0,80.0,,card
thaphae,TP-0BAB63,1,2026-01-17 07:33:00,P03,L,1.0,75.0,,qr
thaphae,TP-9A5CBC,1,2026-01-17 08:11:00,P02,S,1.0,45.0,,qr
thaphae,TP-9A5CBC,2,2026-01-17 08:11:00,P14,,1.0,85.0,,qr
thaphae,TP-1E3D14,1,2026-01-17 08:50:00,P06,L,1.0,85.0,M0481,card
thaphae,TP-B01C34,1,2026-01-17 08:52:00,P13,,1.0,50.0,,cash
thaphae,TP-1059A8,1,2026-01-17 08:56:00,P05,M,1.0,70.0,,cash
thaphae,TP-1059A8,2,2026-01-17 08:56:00,P11,M,1.0,60.0,,cash
thaphae,TP-6E4B27,1,2026-01-17 08:57:00,P07,L,1.0,65.0,,qr
thaphae,TP-6E4B27,2,2026-01-17 08:57:00,P13,,1.0,50.0,,qr
thaphae,TP-38587B,1,2026-01-17 09:05:00,P05,M,1.0,70.0,M0778,card
thaphae,TP-AF648A,1,2026-01-17 09:13:00,P10,M,1.0,60.0,,card
thaphae,TP-2ACCDE,1,2026-01-17 09:48:00,P02,L,1.0,65.0,,cash
thaphae,TP-7ECD70,1,2026-01-17 09:56:00,P04,S,3.0,55.0,,cash
thaphae,TP-7ECD70,2,2026-01-17 09:56:00,P14,,1.0,85.0,,cash
thaphae,TP-13EEF1,1,2026-01-17 10:20:00,P02,M,3.0,55.0,,cash
thaphae,TP-13EEF1,2,2026-01-17 10:20:00,P12,,1.0,55.0,,cash
thaphae,TP-FC7D46,1,2026-01-17 10:30:00,P02,L,2.0,65.0,,card
thaphae,TP-FC7D46,2,2026-01-17 10:30:00,P15,,1.0,75.0,,card
thaphae,TP-D9CD8F,1,2026-01-17 11:24:00,P08,M,1.0,70.0,,cash
thaphae,TP-1E6C8B,1,2026-01-17 11:26:00,P03,S,1.0,55.0,,qr
thaphae,TP-1E6C8B,2,2026-01-17 11:26:00,P02,S,1.0,45.0,,qr
thaphae,TP-22AD31,1,2026-01-17 11:44:00,P01,M,1.0,55.0,,qr
thaphae,TP-22AD31,2,2026-01-17 11:44:00,P15,,1.0,75.0,,qr
thaphae,TP-F6351F,1,2026-01-17 11:57:00,P11,S,2.0,50.0,,card
thaphae,TP-F6351F,2,2026-01-17 11:57:00,P01,L,1.0,65.0,,card
thaphae,TP-894F15,1,2026-01-17 12:15:00,P07,M,2.0,55.0,,qr
thaphae,TP-894F15,2,2026-01-17 12:15:00,P03,S,1.0,55.0,,qr
thaphae,TP-6F1A66,1,2026-01-17 12:21:00,P02,M,1.0,55.0,,cash
thaphae,TP-6F1A66,2,2026-01-17 12:21:00,P09,M,1.0,50.0,,cash
thaphae,TP-D590BF,1,2026-01-17 13:22:00,P10,L,1.0,70.0,,qr
thaphae,TP-964791,1,2026-01-17 13:37:00,P03,M,1.0,65.0,M0121,cash
thaphae,TP-C517AD,1,2026-01-17 13:48:00,P15,,1.0,75.0,,cash
thaphae,TP-3A837D,1,2026-01-17 13:52:00,P03,L,1.0,75.0,,cash
thaphae,TP-6EBF3E,1,2026-01-17 14:40:00,P10,M,1.0,60.0,,cash
thaphae,TP-6D050D,1,2026-01-17 15:01:00,P12,,1.0,55.0,,cash
thaphae,TP-B5B4A7,1,2026-01-17 15:32:00,P03,M,1.0,65.0,,cash
thaphae,TP-42E227,1,2026-01-17 15:39:00,P07,M,2.0,55.0,M0756,qr
thaphae,TP-9666E6,1,2026-01-17 16:09:00,P10,M,1.0,60.0,M0091,qr
thaphae,TP-53CBF8,1,2026-01-17 16:26:00,P02,S,1.0,45.0,,qr
thaphae,TP-29E730,1,2026-01-17 16:59:00,P01,M,1.0,55.0,M0645,card
thaphae,TP-18368A,1,2026-01-17 17:27:00,P07,L,1.0,65.0,,card
thaphae,TP-18368A,2,2026-01-17 17:27:00,P13,,1.0,50.0,,card
thaphae,TP-283CA6,1,2026-01-17 17:35:00,P02,M,1.0,55.0,,card
thaphae,TP-1D6C3E,1,2026-01-17 17:52:00,P10,M,3.0,60.0,M0455,cash
thaphae,TP-67A162,1,2026-01-17 17:53:00,P10,M,1.0,60.0,,qr
thaphae,TP-F7FA66,1,2026-01-17 19:53:00,P08,L,1.0,80.0,M0650,cash
thaphae,TP-E0E32C,1,2026-01-18 07:07:00,P07,L,1.0,65.0,,cash
thaphae,TP-90A18D,1,2026-01-18 07:47:00,P01,M,1.0,55.0,,qr
thaphae,TP-90A18D,2,2026-01-18 07:47:00,P15,,1.0,75.0,,qr
thaphae,TP-0BD108,1,2026-01-18 08:34:00,P06,L,1.0,85.0,,qr
thaphae,TP-BC9134,1,2026-01-18 08:41:00,P12,,1.0,55.0,,cash
thaphae,TP-E643E3,1,2026-01-18 09:33:00,P04,S,1.0,55.0,M0279,cash
thaphae,TP-15F07B,1,2026-01-18 09:49:00,P03,L,1.0,75.0,,cash
thaphae,TP-DCBB2E,1,2026-01-18 10:28:00,P06,L,1.0,85.0,,card
thaphae,TP-DBDC89,1,2026-01-18 10:28:00,P03,M,1.0,65.0,,cash
thaphae,TP-DBDC89,2,2026-01-18 10:28:00,P14,,1.0,85.0,,cash
thaphae,TP-AF3E7B,1,2026-01-18 11:03:00,P07,S,2.0,45.0,M0189,qr
thaphae,TP-AF3E7B,2,2026-01-18 11:03:00,P13,,1.0,50.0,M0189,qr
thaphae,TP-A6A2CF,1,2026-01-18 11:07:00,P03,L,1.0,75.0,M0652,card
thaphae,TP-D74653,1,2026-01-18 11:08:00,P02,L,1.0,65.0,,card
thaphae,TP-D74653,2,2026-01-18 11:08:00,P12,,1.0,55.0,,card
thaphae,TP-36736D,1,2026-01-18 11:27:00,P09,M,1.0,50.0,,cash
thaphae,TP-452DA9,1,2026-01-18 12:02:00,P07,S,1.0,45.0,,cash
thaphae,TP-452DA9,2,2026-01-18 12:02:00,P13,,1.0,50.0,,cash
thaphae,TP-D5E867,1,2026-01-18 12:06:00,P10,L,2.0,70.0,,card
thaphae,TP-3EBF1B,1,2026-01-18 12:32:00,P12,,1.0,55.0,,qr
thaphae,TP-7F542D,1,2026-01-18 13:36:00,P14,,2.0,85.0,,qr
thaphae,TP-A23349,1,2026-01-18 14:08:00,P10,M,1.0,60.0,,card
thaphae,TP-8FCC33,1,2026-01-18 14:13:00,P15,,2.0,75.0,,card
thaphae,TP-F269F7,1,2026-01-18 14:35:00,P10,M,1.0,60.0,,card
thaphae,TP-98D41B,1,2026-01-18 15:02:00,P04,L,1.0,75.0,,card
thaphae,TP-ACC5A8,1,2026-01-18 16:02:00,P01,L,1.0,65.0,M0071,card
thaphae,TP-EF67EF,1,2026-01-18 16:04:00,P14,,2.0,85.0,,cash
thaphae,TP-8B0E03,1,2026-01-18 16:17:00,P12,,1.0,55.0,M0266,card
thaphae,TP-1F1038,1,2026-01-18 16:24:00,P04,L,1.0,75.0,,cash
thaphae,TP-1F1038,2,2026-01-18 16:24:00,P12,,1.0,55.0,,cash
thaphae,TP-947E81,1,2026-01-18 16:42:00,P02,L,1.0,65.0,M0352,cash
thaphae,TP-E3567A,1,2026-01-18 17:29:00,P07,M,1.0,55.0,M0550,qr
thaphae,TP-E3567A,2,2026-01-18 17:29:00,P13,,1.0,50.0,M0550,qr
thaphae,TP-2E7945,1,2026-01-18 17:33:00,P05,S,2.0,60.0,,card
thaphae,TP-44762D,1,2026-01-18 17:48:00,P10,M,1.0,60.0,M0616,cash
thaphae,TP-1F7EE3,1,2026-01-18 18:14:00,P09,S,2.0,40.0,,cash
thaphae,TP-186272,1,2026-01-19 07:58:00,P04,M,2.0,65.0,,card
thaphae,TP-DA3ECC,1,2026-01-19 08:05:00,P15,,1.0,75.0,M0159,cash
thaphae,TP-97E608,1,2026-01-19 08:41:00,P05,M,1.0,70.0,,card
thaphae,TP-A678AD,1,2026-01-19 09:18:00,P02,L,1.0,65.0,,cash
thaphae,TP-A678AD,2,2026-01-19 09:18:00,P12,,1.0,55.0,,cash
thaphae,TP-744E64,1,2026-01-19 09:55:00,P05,M,3.0,70.0,,qr
thaphae,TP-DA76EB,1,2026-01-19 10:27:00,P02,L,1.0,65.0,,card
thaphae,TP-DA76EB,2,2026-01-19 10:27:00,P05,M,1.0,70.0,,card
thaphae,TP-51E9E2,1,2026-01-19 10:51:00,P03,M,1.0,65.0,,qr
thaphae,TP-842DA9,1,2026-01-19 11:37:00,P02,S,1.0,45.0,M0754,card
thaphae,TP-B14CC5,1,2026-01-19 12:23:00,P01,M,1.0,55.0,M0196,card
thaphae,TP-B8BB0B,1,2026-01-19 12:48:00,P05,M,2.0,70.0,,qr
thaphae,TP-43E1D1,1,2026-01-19 12:50:00,P03,M,1.0,65.0,,cash
thaphae,TP-43E1D1,2,2026-01-19 12:50:00,P14,,1.0,85.0,,cash
thaphae,TP-43E1D1,3,2026-01-19 12:50:00,P06,M,1.0,75.0,,cash
thaphae,TP-C79946,1,2026-01-19 14:10:00,P03,L,2.0,75.0,,card
thaphae,TP-A2F9F1,1,2026-01-19 14:24:00,P10,S,1.0,50.0,,cash
thaphae,TP-A2F9F1,2,2026-01-19 14:24:00,P13,,1.0,50.0,,cash
thaphae,TP-A2F9F1,3,2026-01-19 14:24:00,P03,M,1.0,65.0,,cash
thaphae,TP-D9288B,1,2026-01-19 14:24:00,P08,M,1.0,70.0,,card
thaphae,TP-D9288B,2,2026-01-19 14:24:00,P09,M,1.0,50.0,,card
thaphae,TP-578AEC,1,2026-01-19 15:01:00,P07,L,1.0,65.0,,card
thaphae,TP-845E9D,1,2026-01-19 15:18:00,P03,M,1.0,65.0,,qr
thaphae,TP-845E9D,2,2026-01-19 15:18:00,P14,,1.0,85.0,,qr
thaphae,TP-ADB836,1,2026-01-19 15:18:00,P14,,2.0,85.0,,cash
thaphae,TP-44D090,1,2026-01-19 15:21:00,P07,M,1.0,55.0,,card
thaphae,TP-44D090,2,2026-01-19 15:21:00,P13,,1.0,50.0,,card
thaphae,TP-C6DA74,1,2026-01-19 15:35:00,P03,S,2.0,55.0,,cash
thaphae,TP-6B6C97,1,2026-01-19 16:13:00,P15,,1.0,75.0,,cash
thaphae,TP-6B6C97,2,2026-01-19 16:13:00,P12,,1.0,55.0,,cash
thaphae,TP-EA73CE,1,2026-01-19 18:04:00,P13,,1.0,50.0,,qr
thaphae,TP-AB47F2,1,2026-01-20 07:10:00,P02,M,3.0,55.0,,qr
thaphae,TP-C790FB,1,2026-01-20 08:11:00,P02,L,2.0,65.0,,cash
thaphae,TP-C790FB,2,2026-01-20 08:11:00,P12,,1.0,55.0,,cash
thaphae,TP-664DB9,1,2026-01-20 08:57:00,P05,S,1.0,60.0,,cash
thaphae,TP-B23414,1,2026-01-20 09:19:00,P06,S,1.0,65.0,,cash
thaphae,TP-4D475B,1,2026-01-20 09:25:00,P08,S,1.0,60.0,,cash
thaphae,TP-1545DC,1,2026-01-20 09:28:00,P04,M,2.0,65.0,M0288,cash
thaphae,TP-1545DC,2,2026-01-20 09:28:00,P15,,1.0,75.0,M0288,cash
thaphae,TP-3DCF5F,1,2026-01-20 09:36:00,P03,M,2.0,65.0,,qr
thaphae,TP-BB6554,1,2026-01-20 09:41:00,P02,S,2.0,45.0,M0704,cash
thaphae,TP-BB6554,2,2026-01-20 09:41:00,P12,,1.0,55.0,M0704,cash
thaphae,TP-C704FF,1,2026-01-20 09:54:00,P03,M,1.0,65.0,,card
thaphae,TP-C704FF,2,2026-01-20 09:54:00,P14,,1.0,85.0,,card
thaphae,TP-C704FF,3,2026-01-20 09:54:00,P04,L,1.0,75.0,,card
thaphae,TP-4DAC64,1,2026-01-20 10:14:00,P04,M,1.0,65.0,,cash
thaphae,TP-96313F,1,2026-01-20 10:50:00,P08,M,2.0,70.0,M0185,card
thaphae,TP-96313F,2,2026-01-20 10:50:00,P15,,1.0,75.0,M0185,card
thaphae,TP-4DA28A,1,2026-01-20 11:59:00,P03,S,2.0,55.0,,card
thaphae,TP-9E45AA,1,2026-01-20 12:08:00,P08,M,1.0,70.0,,cash
thaphae,TP-1ED525,1,2026-01-20 12:39:00,P02,M,1.0,55.0,,card
thaphae,TP-1ED525,2,2026-01-20 12:39:00,P12,,1.0,55.0,,card
thaphae,TP-538D10,1,2026-01-20 13:03:00,P04,M,1.0,65.0,,cash
thaphae,TP-538D10,2,2026-01-20 13:03:00,P06,M,1.0,75.0,,cash
thaphae,TP-5561AD,1,2026-01-20 13:31:00,P06,S,1.0,65.0,,cash
thaphae,TP-BD51A6,1,2026-01-20 13:38:00,P08,M,1.0,70.0,M0336,card
thaphae,TP-CE1A5F,1,2026-01-20 13:59:00,P08,S,1.0,60.0,M0312,card
thaphae,TP-CE1A5F,2,2026-01-20 13:59:00,P01,L,1.0,65.0,M0312,card
thaphae,TP-4D3522,1,2026-01-20 14:51:00,P11,L,1.0,70.0,,card
thaphae,TP-4A9252,1,2026-01-20 15:01:00,P13,,2.0,50.0,,card
thaphae,TP-4A9252,2,2026-01-20 15:01:00,P05,M,1.0,70.0,,card
thaphae,TP-9FF068,1,2026-01-20 15:32:00,P04,L,1.0,75.0,,card
thaphae,TP-9FF068,2,2026-01-20 15:32:00,P03,S,1.0,55.0,,card
thaphae,TP-FCF121,1,2026-01-20 15:42:00,P04,M,1.0,65.0,,card
thaphae,TP-188EC8,1,2026-01-20 16:15:00,P14,,1.0,85.0,,cash
thaphae,TP-7E655F,1,2026-01-20 16:25:00,P06,L,3.0,85.0,,card
thaphae,TP-B62D0E,1,2026-01-20 16:53:00,P03,M,1.0,65.0,M0751,cash
thaphae,TP-B62D0E,2,2026-01-20 16:53:00,P12,,1.0,55.0,M0751,cash
thaphae,TP-DDFE02,1,2026-01-20 17:04:00,P13,,1.0,50.0,,cash
thaphae,TP-D4D53C,1,2026-01-20 17:42:00,P10,M,1.0,60.0,,card
thaphae,TP-C517DF,1,2026-01-20 19:11:00,P12,,1.0,55.0,,cash
thaphae,TP-F87327,1,2026-01-20 19:15:00,P07,L,1.0,65.0,,cash
thaphae,TP-F87327,2,2026-01-20 19:15:00,P13,,1.0,50.0,,cash
thaphae,TP-F87327,3,2026-01-20 19:15:00,P11,S,1.0,50.0,,cash
thaphae,TP-9E2606,1,2026-01-21 07:29:00,P02,L,1.0,65.0,,qr
thaphae,TP-9E2606,2,2026-01-21 07:29:00,P12,,1.0,55.0,,qr
thaphae,TP-B9A697,1,2026-01-21 07:41:00,P13,,1.0,50.0,M0438,cash
thaphae,TP-EC5041,1,2026-01-21 08:19:00,P06,S,1.0,65.0,,card
thaphae,TP-F1B7AC,1,2026-01-21 08:34:00,P08,S,1.0,60.0,M0472,cash
thaphae,TP-F1B7AC,2,2026-01-21 08:34:00,P14,,1.0,85.0,M0472,cash
thaphae,TP-955FC9,1,2026-01-21 09:18:00,P07,S,1.0,45.0,,qr
thaphae,TP-E51660,1,2026-01-21 10:58:00,P06,M,1.0,75.0,,cash
thaphae,TP-E51660,2,2026-01-21 10:58:00,P12,,1.0,55.0,,cash
thaphae,TP-442D85,1,2026-01-21 11:04:00,P12,,1.0,55.0,,card
thaphae,TP-083AAD,1,2026-01-21 12:42:00,P03,M,1.0,65.0,,qr
thaphae,TP-083AAD,2,2026-01-21 12:42:00,P14,,1.0,85.0,,qr
thaphae,TP-469ACE,1,2026-01-21 13:00:00,P03,M,1.0,65.0,,cash
thaphae,TP-C9B7A1,1,2026-01-21 13:54:00,P03,S,1.0,55.0,M0527,card
thaphae,TP-C9B7A1,2,2026-01-21 13:54:00,P14,,1.0,85.0,M0527,card
thaphae,TP-CC0FD8,1,2026-01-21 14:09:00,P08,S,1.0,60.0,,card
thaphae,TP-968CD2,1,2026-01-21 14:49:00,P02,M,1.0,55.0,,card
thaphae,TP-0BCB9B,1,2026-01-21 15:11:00,P03,S,1.0,55.0,,cash
thaphae,TP-0BCB9B,2,2026-01-21 15:11:00,P14,,1.0,85.0,,cash
thaphae,TP-8E1EF9,1,2026-01-21 15:25:00,P02,L,1.0,65.0,M0565,cash
thaphae,TP-8E1EF9,2,2026-01-21 15:25:00,P12,,1.0,55.0,M0565,cash
thaphae,TP-E0AD99,1,2026-01-21 15:34:00,P10,M,2.0,60.0,M0762,cash
thaphae,TP-D7CDC2,1,2026-01-21 16:10:00,P07,M,1.0,55.0,,card
thaphae,TP-D7CDC2,2,2026-01-21 16:10:00,P13,,1.0,50.0,,card
thaphae,TP-9704DC,1,2026-01-21 16:48:00,P08,M,3.0,70.0,,cash
thaphae,TP-4AC88E,1,2026-01-21 16:48:00,P03,M,1.0,65.0,,cash
thaphae,TP-6CC8F4,1,2026-01-21 16:50:00,P03,L,1.0,75.0,M0286,cash
thaphae,TP-6CC8F4,2,2026-01-21 16:50:00,P14,,1.0,85.0,M0286,cash
thaphae,TP-372F1F,1,2026-01-21 16:59:00,P06,M,1.0,75.0,,cash
thaphae,TP-15C07C,1,2026-01-21 17:22:00,P13,,1.0,50.0,,card
thaphae,TP-F065FA,1,2026-01-21 18:00:00,P07,M,1.0,55.0,M0588,card
thaphae,TP-F065FA,2,2026-01-21 18:00:00,P12,,1.0,55.0,M0588,card
thaphae,TP-77C00B,1,2026-01-22 07:12:00,P06,M,1.0,75.0,,qr
thaphae,TP-77C00B,2,2026-01-22 07:12:00,P09,L,1.0,60.0,,qr
thaphae,TP-0F9CD1,1,2026-01-22 07:18:00,P01,M,1.0,55.0,,qr
thaphae,TP-0F9CD1,2,2026-01-22 07:18:00,P15,,1.0,75.0,,qr
thaphae,TP-B2D6F1,1,2026-01-22 07:21:00,P02,L,1.0,65.0,,qr
thaphae,TP-FAB3B8,1,2026-01-22 07:24:00,P07,S,1.0,45.0,,cash
thaphae,TP-FAB3B8,2,2026-01-22 07:24:00,P13,,1.0,50.0,,cash
thaphae,TP-F41751,1,2026-01-22 07:30:00,P02,L,1.0,65.0,,card
thaphae,TP-2A2ACE,1,2026-01-22 08:15:00,P08,L,1.0,80.0,,card
thaphae,TP-5BE3AC,1,2026-01-22 09:11:00,P02,M,1.0,55.0,,qr
thaphae,TP-5BE3AC,2,2026-01-22 09:11:00,P12,,1.0,55.0,,qr
thaphae,TP-F56A2C,1,2026-01-22 09:54:00,P06,L,1.0,85.0,,cash
thaphae,TP-06B921,1,2026-01-22 09:56:00,P14,,1.0,85.0,,cash
thaphae,TP-D8A342,1,2026-01-22 10:11:00,P11,L,1.0,70.0,,qr
thaphae,TP-86D623,1,2026-01-22 10:14:00,P09,S,1.0,40.0,,qr
thaphae,TP-86D623,2,2026-01-22 10:14:00,P07,L,1.0,65.0,,qr
thaphae,TP-2C3C00,1,2026-01-22 10:18:00,P08,L,1.0,80.0,,cash
thaphae,TP-CC797C,1,2026-01-22 10:29:00,P06,M,1.0,75.0,,cash
thaphae,TP-711BCC,1,2026-01-22 10:43:00,P03,M,1.0,65.0,,cash
thaphae,TP-E95DDA,1,2026-01-22 11:26:00,P03,M,1.0,65.0,M0628,card
thaphae,TP-C36776,1,2026-01-22 12:08:00,P09,M,1.0,50.0,,cash
thaphae,TP-C36776,2,2026-01-22 12:08:00,P15,,1.0,75.0,,cash
thaphae,TP-E905DC,1,2026-01-22 12:09:00,P03,M,1.0,65.0,,qr
thaphae,TP-E905DC,2,2026-01-22 12:09:00,P14,,1.0,85.0,,qr
thaphae,TP-5BC6DD,1,2026-01-22 12:41:00,P08,M,1.0,70.0,,card
thaphae,TP-AB76D2,1,2026-01-22 14:07:00,P13,,1.0,50.0,M0568,cash
thaphae,TP-B2BD8F,1,2026-01-22 14:40:00,P13,,2.0,50.0,,qr
thaphae,TP-4109C8,1,2026-01-22 14:56:00,P08,L,1.0,80.0,,card
thaphae,TP-31E2A4,1,2026-01-22 15:08:00,P03,L,2.0,75.0,M0048,cash
thaphae,TP-31E2A4,2,2026-01-22 15:08:00,P14,,1.0,85.0,M0048,cash
thaphae,TP-FEA2C8,1,2026-01-22 15:20:00,P06,S,1.0,65.0,,cash
thaphae,TP-A1349A,1,2026-01-22 16:30:00,P12,,2.0,55.0,,card
thaphae,TP-E13A3A,1,2026-01-22 16:57:00,P03,M,2.0,65.0,,card
thaphae,TP-E13A3A,2,2026-01-22 16:57:00,P14,,1.0,85.0,,card
thaphae,TP-39D7AC,1,2026-01-22 17:15:00,P10,S,1.0,50.0,,card
thaphae,TP-39D7AC,2,2026-01-22 17:15:00,P14,,1.0,85.0,,card
thaphae,TP-39D7AC,3,2026-01-22 17:15:00,P07,L,1.0,65.0,,card
thaphae,TP-DAA4B5,1,2026-01-22 17:21:00,P14,,1.0,85.0,,card
thaphae,TP-35435C,1,2026-01-22 17:54:00,P07,L,1.0,65.0,,cash
thaphae,TP-35435C,2,2026-01-22 17:54:00,P04,L,1.0,75.0,,cash
thaphae,TP-DCEE1C,1,2026-01-22 19:54:00,P04,L,1.0,75.0,M0258,cash
thaphae,TP-DCEE1C,2,2026-01-22 19:54:00,P15,,1.0,75.0,M0258,cash
thaphae,TP-53AAE9,1,2026-01-23 09:01:00,P02,M,1.0,55.0,,cash
thaphae,TP-E8D294,1,2026-01-23 09:16:00,P04,L,1.0,75.0,,cash
thaphae,TP-574D0C,1,2026-01-23 09:18:00,P07,S,2.0,45.0,M0321,cash
thaphae,TP-9E9E0E,1,2026-01-23 09:22:00,P13,,1.0,50.0,,cash
thaphae,TP-B1197B,1,2026-01-23 09:28:00,P14,,2.0,85.0,,qr
thaphae,TP-667E8F,1,2026-01-23 09:36:00,P12,,1.0,55.0,,qr
thaphae,TP-00DB29,1,2026-01-23 09:40:00,P07,M,1.0,55.0,,qr
thaphae,TP-C86AB5,1,2026-01-23 09:58:00,P02,S,1.0,45.0,,card
thaphae,TP-C86AB5,2,2026-01-23 09:58:00,P12,,1.0,55.0,,card
thaphae,TP-A3606C,1,2026-01-23 10:40:00,P06,S,2.0,65.0,,card
thaphae,TP-FD6F31,1,2026-01-23 10:56:00,P07,S,1.0,45.0,,card
thaphae,TP-FD6F31,2,2026-01-23 10:56:00,P13,,1.0,50.0,,card
thaphae,TP-5A962D,1,2026-01-23 11:17:00,P03,M,1.0,65.0,,cash
thaphae,TP-11B4C5,1,2026-01-23 11:53:00,P10,S,1.0,50.0,M0067,cash
thaphae,TP-2DEA8D,1,2026-01-23 12:07:00,P14,,1.0,85.0,,cash
thaphae,TP-F6B691,1,2026-01-23 12:53:00,P14,,2.0,85.0,,cash
thaphae,TP-753B08,1,2026-01-23 13:13:00,P06,L,2.0,85.0,,cash
thaphae,TP-753B08,2,2026-01-23 13:13:00,P02,S,1.0,45.0,,cash
thaphae,TP-A868E3,1,2026-01-23 13:46:00,P06,M,1.0,75.0,,cash
thaphae,TP-662846,1,2026-01-23 14:10:00,P06,S,1.0,65.0,,card
thaphae,TP-3AB415,1,2026-01-23 14:45:00,P10,L,1.0,70.0,,cash
thaphae,TP-E76C15,1,2026-01-23 15:10:00,P09,M,2.0,50.0,,card
thaphae,TP-E76C15,2,2026-01-23 15:10:00,P10,S,1.0,50.0,,card
thaphae,TP-690317,1,2026-01-23 15:20:00,P10,S,1.0,50.0,,cash
thaphae,TP-DD7D5F,1,2026-01-23 15:43:00,P03,M,1.0,65.0,,qr
thaphae,TP-DD7D5F,2,2026-01-23 15:43:00,P14,,1.0,85.0,,qr
thaphae,TP-95E2E6,1,2026-01-23 15:47:00,P05,M,1.0,70.0,M0143,card
thaphae,TP-B807BD,1,2026-01-23 15:47:00,P13,,1.0,50.0,M0650,card
thaphae,TP-B807BD,2,2026-01-23 15:47:00,P05,M,1.0,70.0,M0650,card
thaphae,TP-E320B0,1,2026-01-23 15:55:00,P08,L,1.0,80.0,M0734,qr
thaphae,TP-E320B0,2,2026-01-23 15:55:00,P09,M,1.0,50.0,M0734,qr
thaphae,TP-D21DC1,1,2026-01-23 16:04:00,P02,M,1.0,55.0,,qr
thaphae,TP-D21DC1,2,2026-01-23 16:04:00,P12,,1.0,55.0,,qr
thaphae,TP-D21DC1,3,2026-01-23 16:04:00,P07,M,1.0,55.0,,qr
thaphae,TP-EE1267,1,2026-01-23 16:29:00,P11,M,1.0,60.0,M0071,cash
thaphae,TP-DDFF67,1,2026-01-23 16:46:00,P10,M,1.0,60.0,,cash
thaphae,TP-DDFF67,2,2026-01-23 16:46:00,P15,,1.0,75.0,,cash
thaphae,TP-54041E,1,2026-01-23 16:47:00,P08,S,1.0,60.0,,qr
thaphae,TP-15FB0E,1,2026-01-23 16:47:00,P08,M,2.0,70.0,M0612,qr
thaphae,TP-9AF859,1,2026-01-23 17:24:00,P10,M,1.0,60.0,,card
thaphae,TP-10A4D8,1,2026-01-23 17:26:00,P04,L,2.0,75.0,,card
thaphae,TP-DA8433,1,2026-01-23 17:40:00,P01,M,1.0,55.0,,qr
thaphae,TP-3590B3,1,2026-01-23 19:10:00,P09,M,3.0,50.0,M0024,qr
thaphae,TP-3590B3,2,2026-01-23 19:10:00,P15,,1.0,75.0,M0024,qr
thaphae,TP-776B25,1,2026-01-24 07:29:00,P02,M,1.0,55.0,,qr
thaphae,TP-776B25,2,2026-01-24 07:29:00,P05,M,1.0,70.0,,qr
thaphae,TP-A5EA7E,1,2026-01-24 07:30:00,P04,S,1.0,55.0,M0043,cash
thaphae,TP-2B8C38,1,2026-01-24 07:31:00,P09,M,1.0,50.0,M0523,cash
thaphae,TP-523F9B,1,2026-01-24 09:11:00,P08,S,1.0,60.0,,card
thaphae,TP-B1D27A,1,2026-01-24 09:26:00,P14,,2.0,85.0,M0029,card
thaphae,TP-7ED84B,1,2026-01-24 09:27:00,P07,S,3.0,45.0,,card
thaphae,TP-7ED84B,2,2026-01-24 09:27:00,P13,,1.0,50.0,,card
thaphae,TP-6A8879,1,2026-01-24 09:28:00,P03,M,1.0,65.0,,cash
thaphae,TP-E3FDE0,1,2026-01-24 09:39:00,P03,M,1.0,65.0,,qr
thaphae,TP-E3FDE0,2,2026-01-24 09:39:00,P14,,1.0,85.0,,qr
thaphae,TP-27B95B,1,2026-01-24 09:52:00,P02,M,1.0,55.0,,card
thaphae,TP-69EE37,1,2026-01-24 09:56:00,P14,,1.0,85.0,,card
thaphae,TP-C41DC2,1,2026-01-24 09:59:00,P02,M,1.0,55.0,M0680,card
thaphae,TP-C41DC2,2,2026-01-24 09:59:00,P12,,1.0,55.0,M0680,card
thaphae,TP-093E5B,1,2026-01-24 10:09:00,P03,M,1.0,65.0,,cash
thaphae,TP-B744AA,1,2026-01-24 10:35:00,P02,M,1.0,55.0,,qr
thaphae,TP-B744AA,2,2026-01-24 10:35:00,P12,,1.0,55.0,,qr
thaphae,TP-15BC63,1,2026-01-24 10:44:00,P07,S,1.0,45.0,M0730,card
thaphae,TP-916023,1,2026-01-24 10:58:00,P13,,1.0,50.0,,qr
thaphae,TP-9186BD,1,2026-01-24 11:23:00,P04,M,1.0,65.0,,card
thaphae,TP-9186BD,2,2026-01-24 11:23:00,P01,L,1.0,65.0,,card
thaphae,TP-557DDD,1,2026-01-24 11:24:00,P09,L,1.0,60.0,M0566,card
thaphae,TP-2EC7AC,1,2026-01-24 11:34:00,P06,L,1.0,85.0,,cash
thaphae,TP-C241BE,1,2026-01-24 12:32:00,P12,,1.0,55.0,,card
thaphae,TP-561658,1,2026-01-24 12:39:00,P09,S,1.0,40.0,M0054,cash
thaphae,TP-561658,2,2026-01-24 12:39:00,P06,M,1.0,75.0,M0054,cash
thaphae,TP-F0E53E,1,2026-01-24 15:27:00,P12,,1.0,55.0,,qr
thaphae,TP-5C9B5D,1,2026-01-24 15:34:00,P08,L,3.0,80.0,,card
thaphae,TP-FC4B10,1,2026-01-24 16:52:00,P08,M,1.0,70.0,,qr
thaphae,TP-C5EC74,1,2026-01-24 17:43:00,P07,S,1.0,45.0,M0393,cash
thaphae,TP-DE9237,1,2026-01-24 18:42:00,P08,S,1.0,60.0,M0605,cash
thaphae,TP-15F0FD,1,2026-01-24 18:56:00,P08,S,1.0,60.0,,card
thaphae,TP-EE7CDF,1,2026-01-24 18:58:00,P02,M,1.0,55.0,M0500,card
thaphae,TP-AB6AA9,1,2026-01-24 19:29:00,P13,,1.0,50.0,,qr
thaphae,TP-6E92A9,1,2026-01-24 19:55:00,P07,M,1.0,55.0,,card
thaphae,TP-6E92A9,2,2026-01-24 19:55:00,P13,,1.0,50.0,,card
thaphae,TP-C105D3,1,2026-01-25 07:01:00,P08,M,2.0,70.0,,qr
thaphae,TP-2F1487,1,2026-01-25 07:41:00,P04,L,1.0,75.0,,qr
thaphae,TP-2F1487,2,2026-01-25 07:41:00,P13,,1.0,50.0,,qr
thaphae,TP-8BAE1A,1,2026-01-25 08:05:00,P06,L,1.0,85.0,,cash
thaphae,TP-8BAE1A,2,2026-01-25 08:05:00,P12,,1.0,55.0,,cash
thaphae,TP-0EBA67,1,2026-01-25 08:08:00,P06,M,1.0,75.0,M0590,cash
thaphae,TP-3F324E,1,2026-01-25 08:33:00,P04,M,1.0,65.0,,cash
thaphae,TP-3F324E,2,2026-01-25 08:33:00,P13,,1.0,50.0,,cash
thaphae,TP-EC5294,1,2026-01-25 08:40:00,P01,S,2.0,45.0,,card
thaphae,TP-49DA4F,1,2026-01-25 08:42:00,P04,L,1.0,75.0,M0572,card
thaphae,TP-6591D7,1,2026-01-25 09:03:00,P02,L,1.0,65.0,,qr
thaphae,TP-6591D7,2,2026-01-25 09:03:00,P12,,1.0,55.0,,qr
thaphae,TP-214CDE,1,2026-01-25 09:16:00,P05,S,1.0,60.0,,qr
thaphae,TP-A78050,1,2026-01-25 09:16:00,P03,L,1.0,75.0,M0426,qr
thaphae,TP-A78050,2,2026-01-25 09:16:00,P14,,1.0,85.0,M0426,qr
thaphae,TP-FC5EB2,1,2026-01-25 10:02:00,P01,S,1.0,45.0,,card
thaphae,TP-FC5EB2,2,2026-01-25 10:02:00,P15,,1.0,75.0,,card
thaphae,TP-19A1B5,1,2026-01-25 10:04:00,P03,S,1.0,55.0,,cash
thaphae,TP-19A1B5,2,2026-01-25 10:04:00,P14,,1.0,85.0,,cash
thaphae,TP-F1B016,1,2026-01-25 10:18:00,P08,S,1.0,60.0,,cash
thaphae,TP-94D8F9,1,2026-01-25 10:51:00,P02,M,1.0,55.0,,qr
thaphae,TP-94D8F9,2,2026-01-25 10:51:00,P12,,1.0,55.0,,qr
thaphae,TP-EE29E9,1,2026-01-25 11:52:00,P06,M,2.0,75.0,,card
thaphae,TP-E59C87,1,2026-01-25 12:28:00,P02,M,1.0,55.0,,cash
thaphae,TP-17D472,1,2026-01-25 12:37:00,P04,S,1.0,55.0,,card
thaphae,TP-A2D08B,1,2026-01-25 12:42:00,P09,M,1.0,50.0,,cash
thaphae,TP-709888,1,2026-01-25 13:08:00,P01,M,1.0,55.0,,cash
thaphae,TP-709888,2,2026-01-25 13:08:00,P12,,1.0,55.0,,cash
thaphae,TP-EFDF4A,1,2026-01-25 14:02:00,P05,M,1.0,70.0,,qr
thaphae,TP-2C8971,1,2026-01-25 14:15:00,P14,,1.0,85.0,,card
thaphae,TP-3CE0FE,1,2026-01-25 14:32:00,P04,M,1.0,65.0,,card
thaphae,TP-A33AAF,1,2026-01-25 14:58:00,P13,,2.0,50.0,,qr
thaphae,TP-F04106,1,2026-01-25 15:04:00,P12,,1.0,55.0,,cash
thaphae,TP-323713,1,2026-01-25 15:17:00,P07,M,1.0,55.0,,cash
thaphae,TP-323713,2,2026-01-25 15:17:00,P13,,1.0,50.0,,cash
thaphae,TP-7EEDBB,1,2026-01-25 15:30:00,P10,S,2.0,50.0,M0425,cash
thaphae,TP-97DC17,1,2026-01-25 16:11:00,P03,M,1.0,65.0,,cash
thaphae,TP-97DC17,2,2026-01-25 16:11:00,P14,,1.0,85.0,,cash
thaphae,TP-A258E7,1,2026-01-25 16:15:00,P13,,1.0,50.0,M0760,qr
thaphae,TP-3B6D60,1,2026-01-25 16:35:00,P02,L,1.0,65.0,M0527,card
thaphae,TP-3B6D60,2,2026-01-25 16:35:00,P12,,1.0,55.0,M0527,card
thaphae,TP-926818,1,2026-01-25 16:51:00,P07,L,1.0,65.0,,qr
thaphae,TP-926818,2,2026-01-25 16:51:00,P13,,1.0,50.0,,qr
thaphae,TP-D87593,1,2026-01-25 17:34:00,P07,L,1.0,65.0,,cash
thaphae,TP-4A591E,1,2026-01-25 17:48:00,P05,S,1.0,60.0,,cash
thaphae,TP-E8151A,1,2026-01-25 18:16:00,P07,S,1.0,45.0,,cash
thaphae,TP-C97259,1,2026-01-25 18:27:00,P08,S,1.0,60.0,M0794,cash
thaphae,TP-A3796F,1,2026-01-26 08:09:00,P03,M,1.0,65.0,,card
thaphae,TP-420559,1,2026-01-26 08:18:00,P03,M,1.0,65.0,,card
thaphae,TP-4233A6,1,2026-01-26 09:07:00,P02,M,1.0,55.0,,card
thaphae,TP-4233A6,2,2026-01-26 09:07:00,P12,,1.0,55.0,,card
thaphae,TP-02EA05,1,2026-01-26 09:13:00,P06,L,1.0,85.0,M0221,card
thaphae,TP-ADF06E,1,2026-01-26 09:30:00,P03,L,2.0,75.0,,qr
thaphae,TP-ADF06E,2,2026-01-26 09:30:00,P14,,1.0,85.0,,qr
thaphae,TP-EABC59,1,2026-01-26 09:32:00,P03,S,1.0,55.0,,qr
thaphae,TP-C5A4B9,1,2026-01-26 10:11:00,P09,M,1.0,50.0,,cash
thaphae,TP-0A8A7C,1,2026-01-26 10:15:00,P15,,2.0,75.0,,qr
thaphae,TP-771D72,1,2026-01-26 10:23:00,P07,L,1.0,65.0,,cash
thaphae,TP-771D72,2,2026-01-26 10:23:00,P08,M,1.0,70.0,,cash
thaphae,TP-5260A2,1,2026-01-26 10:40:00,P03,L,1.0,75.0,M0283,card
thaphae,TP-B5EB8F,1,2026-01-26 11:01:00,P07,M,1.0,55.0,,card
thaphae,TP-646C38,1,2026-01-26 11:24:00,P02,S,2.0,45.0,,card
thaphae,TP-646C38,2,2026-01-26 11:24:00,P14,,1.0,85.0,,card
thaphae,TP-01AFE6,1,2026-01-26 12:03:00,P12,,2.0,55.0,M0024,card
thaphae,TP-9C0B84,1,2026-01-26 12:09:00,P09,M,1.0,50.0,,cash
thaphae,TP-9C0B84,2,2026-01-26 12:09:00,P14,,1.0,85.0,,cash
thaphae,TP-A9B50E,1,2026-01-26 14:01:00,P04,L,1.0,75.0,,card
thaphae,TP-BDB151,1,2026-01-26 14:24:00,P08,M,3.0,70.0,,card
thaphae,TP-6F3A6C,1,2026-01-26 14:38:00,P01,L,1.0,65.0,M0388,cash
thaphae,TP-2CFA11,1,2026-01-26 14:39:00,P01,M,1.0,55.0,,qr
thaphae,TP-2CFA11,2,2026-01-26 14:39:00,P15,,1.0,75.0,,qr
thaphae,TP-2CFA11,3,2026-01-26 14:39:00,P05,L,1.0,80.0,,qr
thaphae,TP-0B8647,1,2026-01-26 14:42:00,P07,M,1.0,55.0,M0025,cash
thaphae,TP-0B8647,2,2026-01-26 14:42:00,P13,,1.0,50.0,M0025,cash
thaphae,TP-0B8647,3,2026-01-26 14:42:00,P02,S,1.0,45.0,M0025,cash
thaphae,TP-9F7534,1,2026-01-26 14:51:00,P09,M,1.0,50.0,,card
thaphae,TP-150863,1,2026-01-26 15:08:00,P05,L,1.0,80.0,,cash
thaphae,TP-C9AC70,1,2026-01-26 15:08:00,P04,M,2.0,65.0,,qr
thaphae,TP-C9AC70,2,2026-01-26 15:08:00,P07,S,1.0,45.0,,qr
thaphae,TP-6EF142,1,2026-01-26 15:23:00,P07,M,2.0,55.0,,card
thaphae,TP-6EF142,2,2026-01-26 15:23:00,P13,,1.0,50.0,,card
thaphae,TP-85ED00,1,2026-01-26 15:46:00,P02,S,2.0,45.0,M0397,cash
thaphae,TP-44A08D,1,2026-01-26 16:02:00,P07,M,1.0,55.0,,qr
thaphae,TP-44A08D,2,2026-01-26 16:02:00,P13,,1.0,50.0,,qr
thaphae,TP-2717BB,1,2026-01-26 16:31:00,P11,S,1.0,50.0,,card
thaphae,TP-991CB6,1,2026-01-26 16:34:00,P15,,1.0,75.0,M0019,card
thaphae,TP-B19EA7,1,2026-01-26 17:04:00,P05,M,1.0,70.0,,qr
thaphae,TP-A1B6FC,1,2026-01-26 17:05:00,P03,L,1.0,75.0,M0207,qr
thaphae,TP-A1B6FC,2,2026-01-26 17:05:00,P14,,1.0,85.0,M0207,qr
thaphae,TP-4D22DB,1,2026-01-26 17:14:00,P02,L,1.0,65.0,,cash
thaphae,TP-4D22DB,2,2026-01-26 17:14:00,P12,,1.0,55.0,,cash
thaphae,TP-40B439,1,2026-01-26 17:26:00,P08,M,1.0,70.0,,cash
thaphae,TP-2D12D6,1,2026-01-27 07:08:00,P01,M,1.0,55.0,,cash
thaphae,TP-562BC3,1,2026-01-27 07:26:00,P05,M,1.0,70.0,M0614,qr
thaphae,TP-BBEB58,1,2026-01-27 07:31:00,P03,S,1.0,55.0,,card
thaphae,TP-3470BE,1,2026-01-27 07:53:00,P06,M,1.0,75.0,,cash
thaphae,TP-3470BE,2,2026-01-27 07:53:00,P12,,1.0,55.0,,cash
thaphae,TP-CE64B5,1,2026-01-27 08:05:00,P10,M,3.0,60.0,,cash
thaphae,TP-12C0A7,1,2026-01-27 08:35:00,P04,M,2.0,65.0,,cash
thaphae,TP-18FB0B,1,2026-01-27 10:23:00,P02,S,1.0,45.0,M0256,card
thaphae,TP-18FB0B,2,2026-01-27 10:23:00,P12,,1.0,55.0,M0256,card
thaphae,TP-5C02E3,1,2026-01-27 10:41:00,P02,L,1.0,65.0,,cash
thaphae,TP-5C02E3,2,2026-01-27 10:41:00,P12,,1.0,55.0,,cash
thaphae,TP-1F1A49,1,2026-01-27 11:19:00,P01,M,1.0,55.0,,cash
thaphae,TP-2F37EE,1,2026-01-27 11:21:00,P09,L,1.0,60.0,,qr
thaphae,TP-414BC2,1,2026-01-27 13:20:00,P01,S,2.0,45.0,,card
thaphae,TP-414BC2,2,2026-01-27 13:20:00,P15,,1.0,75.0,,card
thaphae,TP-C227F8,1,2026-01-27 13:20:00,P12,,1.0,55.0,,cash
thaphae,TP-6E985D,1,2026-01-27 13:26:00,P07,S,1.0,45.0,M0143,card
thaphae,TP-F285ED,1,2026-01-27 13:54:00,P03,M,1.0,65.0,,qr
thaphae,TP-007E57,1,2026-01-27 14:41:00,P07,M,1.0,55.0,,card
thaphae,TP-007E57,2,2026-01-27 14:41:00,P13,,1.0,50.0,,card
thaphae,TP-00D38B,1,2026-01-27 15:06:00,P08,L,2.0,80.0,,cash
thaphae,TP-6C4359,1,2026-01-27 15:48:00,P06,M,1.0,75.0,,cash
thaphae,TP-6C4359,2,2026-01-27 15:48:00,P04,M,1.0,65.0,,cash
thaphae,TP-CE02A8,1,2026-01-27 15:56:00,P13,,1.0,50.0,,qr
thaphae,TP-54E38C,1,2026-01-27 16:19:00,P09,M,2.0,50.0,,card
thaphae,TP-54E38C,2,2026-01-27 16:19:00,P10,L,1.0,70.0,,card
thaphae,TP-9C2530,1,2026-01-27 17:43:00,P14,,1.0,85.0,M0483,qr
thaphae,TP-02A028,1,2026-01-27 19:39:00,P08,L,1.0,80.0,M0013,cash
thaphae,TP-02A028,2,2026-01-27 19:39:00,P01,L,1.0,65.0,M0013,cash
thaphae,TP-FCAD4F,1,2026-01-28 08:18:00,P04,M,1.0,65.0,,cash
thaphae,TP-137F20,1,2026-01-28 08:27:00,P02,M,1.0,55.0,M0638,qr
thaphae,TP-B578A5,1,2026-01-28 08:41:00,P03,L,1.0,75.0,,qr
thaphae,TP-22B2BB,1,2026-01-28 08:56:00,P08,L,1.0,80.0,,card
thaphae,TP-22B2BB,2,2026-01-28 08:56:00,P02,S,1.0,45.0,,card
thaphae,TP-23904A,1,2026-01-28 09:25:00,P12,,1.0,55.0,,cash
thaphae,TP-713536,1,2026-01-28 10:00:00,P02,L,1.0,65.0,M0714,qr
thaphae,TP-46FC41,1,2026-01-28 10:14:00,P12,,2.0,55.0,,card
thaphae,TP-5E0EE1,1,2026-01-28 10:45:00,P04,S,1.0,55.0,,card
thaphae,TP-5E0EE1,2,2026-01-28 10:45:00,P14,,1.0,85.0,,card
thaphae,TP-152FAC,1,2026-01-28 11:35:00,P02,M,2.0,55.0,,card
thaphae,TP-3CB19F,1,2026-01-28 11:50:00,P02,M,1.0,55.0,M0022,qr
thaphae,TP-A4F766,1,2026-01-28 11:59:00,P01,S,3.0,45.0,,cash
thaphae,TP-A4F766,2,2026-01-28 11:59:00,P13,,1.0,50.0,,cash
thaphae,TP-4711D3,1,2026-01-28 12:14:00,P02,S,1.0,45.0,M0361,cash
thaphae,TP-4711D3,2,2026-01-28 12:14:00,P12,,1.0,55.0,M0361,cash
thaphae,TP-D0D6C9,1,2026-01-28 13:29:00,P10,M,1.0,60.0,,cash
thaphae,TP-D0D6C9,2,2026-01-28 13:29:00,P13,,1.0,50.0,,cash
thaphae,TP-D19828,1,2026-01-28 14:03:00,P15,,1.0,75.0,,card
thaphae,TP-2CEAF5,1,2026-01-28 14:15:00,P10,M,1.0,60.0,,cash
thaphae,TP-C1D3C2,1,2026-01-28 15:07:00,P01,M,2.0,55.0,M0144,card
thaphae,TP-C1D3C2,2,2026-01-28 15:07:00,P15,,1.0,75.0,M0144,card
thaphae,TP-F05DC0,1,2026-01-28 15:45:00,P02,M,1.0,55.0,,cash
thaphae,TP-AD4AF0,1,2026-01-28 15:51:00,P06,S,1.0,65.0,,card
thaphae,TP-BC0A04,1,2026-01-28 15:55:00,P03,S,2.0,55.0,,card
thaphae,TP-BC0A04,2,2026-01-28 15:55:00,P13,,1.0,50.0,,card
thaphae,TP-724398,1,2026-01-28 16:47:00,P08,S,1.0,60.0,,cash
thaphae,TP-0CD369,1,2026-01-28 16:57:00,P12,,1.0,55.0,,qr
thaphae,TP-0CD369,2,2026-01-28 16:57:00,P07,L,1.0,65.0,,qr
thaphae,TP-D51974,1,2026-01-28 17:01:00,P07,M,1.0,55.0,,cash
thaphae,TP-382590,1,2026-01-28 17:34:00,P10,M,1.0,60.0,,qr
thaphae,TP-8E0E77,1,2026-01-28 17:39:00,P03,M,1.0,65.0,,cash
thaphae,TP-8E0E77,2,2026-01-28 17:39:00,P14,,1.0,85.0,,cash
thaphae,TP-8E0E77,3,2026-01-28 17:39:00,P10,S,1.0,50.0,,cash
thaphae,TP-09D0F9,1,2026-01-28 18:28:00,P14,,1.0,85.0,M0684,cash
thaphae,TP-09D0F9,2,2026-01-28 18:28:00,P08,L,1.0,80.0,M0684,cash
thaphae,TP-756CEE,1,2026-01-29 08:19:00,P09,M,1.0,50.0,,cash
thaphae,TP-756CEE,2,2026-01-29 08:19:00,P02,L,1.0,65.0,,cash
thaphae,TP-80C331,1,2026-01-29 08:57:00,P05,M,2.0,70.0,,cash
thaphae,TP-80C331,2,2026-01-29 08:57:00,P15,,1.0,75.0,,cash
thaphae,TP-42BB5F,1,2026-01-29 08:58:00,P04,M,1.0,65.0,M0416,cash
thaphae,TP-42BB5F,2,2026-01-29 08:58:00,P02,M,1.0,55.0,M0416,cash
thaphae,TP-3055A7,1,2026-01-29 09:33:00,P02,M,1.0,55.0,,cash
thaphae,TP-3055A7,2,2026-01-29 09:33:00,P12,,1.0,55.0,,cash
thaphae,TP-1629A3,1,2026-01-29 11:10:00,P03,S,1.0,55.0,M0266,qr
thaphae,TP-1629A3,2,2026-01-29 11:10:00,P14,,1.0,85.0,M0266,qr
thaphae,TP-26E855,1,2026-01-29 12:36:00,P01,M,1.0,55.0,,card
thaphae,TP-11B145,1,2026-01-29 13:23:00,P03,M,1.0,65.0,,qr
thaphae,TP-11B145,2,2026-01-29 13:23:00,P14,,1.0,85.0,,qr
thaphae,TP-97F362,1,2026-01-29 13:25:00,P02,L,1.0,65.0,,cash
thaphae,TP-97F362,2,2026-01-29 13:25:00,P12,,1.0,55.0,,cash
thaphae,TP-9A1142,1,2026-01-29 13:27:00,P08,L,1.0,80.0,,card
thaphae,TP-A7A27A,1,2026-01-29 13:28:00,P06,M,1.0,75.0,,cash
thaphae,TP-78D526,1,2026-01-29 14:17:00,P11,M,1.0,60.0,M0096,cash
thaphae,TP-4F5E68,1,2026-01-29 14:29:00,P07,L,1.0,65.0,M0395,cash
thaphae,TP-4F5E68,2,2026-01-29 14:29:00,P13,,1.0,50.0,M0395,cash
thaphae,TP-B09A13,1,2026-01-29 14:56:00,P14,,2.0,85.0,,cash
thaphae,TP-406E3B,1,2026-01-29 15:06:00,P06,M,2.0,75.0,,card
thaphae,TP-698521,1,2026-01-29 15:19:00,P03,S,1.0,55.0,,cash
thaphae,TP-D2A4D8,1,2026-01-29 15:40:00,P04,M,2.0,65.0,M0043,qr
thaphae,TP-96E55F,1,2026-01-29 15:59:00,P10,S,2.0,50.0,,cash
thaphae,TP-8DBCD6,1,2026-01-29 16:24:00,P07,M,1.0,55.0,M0196,qr
thaphae,TP-8DBCD6,2,2026-01-29 16:24:00,P13,,1.0,50.0,M0196,qr
thaphae,TP-A4D231,1,2026-01-29 16:26:00,P12,,2.0,55.0,,card
thaphae,TP-A4D231,2,2026-01-29 16:26:00,P02,M,1.0,55.0,,card
thaphae,TP-AEEEA8,1,2026-01-29 17:48:00,P13,,2.0,50.0,,qr
thaphae,TP-FE1D30,1,2026-01-29 18:41:00,P15,,1.0,75.0,,cash
thaphae,TP-2B2ADD,1,2026-01-29 18:57:00,P02,S,1.0,45.0,,qr
thaphae,TP-2B9F91,1,2026-01-30 07:25:00,P02,M,3.0,55.0,,card
thaphae,TP-2B9F91,2,2026-01-30 07:25:00,P12,,1.0,55.0,,card
thaphae,TP-5C6037,1,2026-01-30 07:27:00,P07,L,1.0,65.0,M0143,cash
thaphae,TP-5C6037,2,2026-01-30 07:27:00,P13,,1.0,50.0,M0143,cash
thaphae,TP-DB4F39,1,2026-01-30 07:32:00,P10,L,1.0,70.0,,card
thaphae,TP-DB4F39,2,2026-01-30 07:32:00,P14,,1.0,85.0,,card
thaphae,TP-DB4F39,3,2026-01-30 07:32:00,P03,S,1.0,55.0,,card
thaphae,TP-C089FA,1,2026-01-30 07:46:00,P01,S,1.0,45.0,,cash
thaphae,TP-C089FA,2,2026-01-30 07:46:00,P08,L,1.0,80.0,,cash
thaphae,TP-B70F15,1,2026-01-30 09:00:00,P09,L,1.0,60.0,,cash
thaphae,TP-516BEA,1,2026-01-30 09:09:00,P01,S,2.0,45.0,,qr
thaphae,TP-2A9EF0,1,2026-01-30 09:45:00,P10,S,1.0,50.0,,cash
thaphae,TP-95CA4C,1,2026-01-30 09:45:00,P15,,1.0,75.0,,qr
thaphae,TP-E4668B,1,2026-01-30 09:58:00,P03,S,1.0,55.0,M0131,qr
thaphae,TP-E4668B,2,2026-01-30 09:58:00,P14,,1.0,85.0,M0131,qr
thaphae,TP-1DE9A9,1,2026-01-30 10:06:00,P01,L,1.0,65.0,M0767,qr
thaphae,TP-1DE9A9,2,2026-01-30 10:06:00,P15,,1.0,75.0,M0767,qr
thaphae,TP-5132BE,1,2026-01-30 10:25:00,P03,L,1.0,75.0,,cash
thaphae,TP-A05FF1,1,2026-01-30 10:52:00,P01,S,1.0,45.0,M0025,cash
thaphae,TP-A05FF1,2,2026-01-30 10:52:00,P15,,1.0,75.0,M0025,cash
thaphae,TP-6B9C0B,1,2026-01-30 10:58:00,P03,M,2.0,65.0,,card
thaphae,TP-6B9C0B,2,2026-01-30 10:58:00,P14,,1.0,85.0,,card
thaphae,TP-14BF54,1,2026-01-30 11:00:00,P01,M,1.0,55.0,,card
thaphae,TP-14BF54,2,2026-01-30 11:00:00,P12,,1.0,55.0,,card
thaphae,TP-81826C,1,2026-01-30 11:03:00,P07,M,1.0,55.0,,qr
thaphae,TP-E57D3F,1,2026-01-30 12:30:00,P07,S,1.0,45.0,,qr
thaphae,TP-E57D3F,2,2026-01-30 12:30:00,P13,,1.0,50.0,,qr
thaphae,TP-7C6415,1,2026-01-30 12:34:00,P10,L,1.0,70.0,,cash
thaphae,TP-311D72,1,2026-01-30 12:50:00,P10,L,1.0,70.0,M0035,qr
thaphae,TP-3E2E61,1,2026-01-30 13:08:00,P07,L,2.0,65.0,,qr
thaphae,TP-7BEEE3,1,2026-01-30 13:31:00,P08,M,2.0,70.0,M0548,qr
thaphae,TP-7BEEE3,2,2026-01-30 13:31:00,P07,S,1.0,45.0,M0548,qr
thaphae,TP-041F32,1,2026-01-30 14:30:00,P10,M,1.0,60.0,,cash
thaphae,TP-041F32,2,2026-01-30 14:30:00,P07,S,1.0,45.0,,cash
thaphae,TP-627FB3,1,2026-01-30 14:53:00,P08,L,1.0,80.0,,qr
thaphae,TP-E31D86,1,2026-01-30 15:40:00,P02,S,1.0,45.0,,cash
thaphae,TP-E31D86,2,2026-01-30 15:40:00,P12,,1.0,55.0,,cash
thaphae,TP-26BB4D,1,2026-01-30 16:11:00,P05,S,1.0,60.0,M0351,card
thaphae,TP-5F9EF1,1,2026-01-30 16:30:00,P07,S,1.0,45.0,,qr
thaphae,TP-2A85A5,1,2026-01-30 16:56:00,P03,L,1.0,75.0,,card
thaphae,TP-2A85A5,2,2026-01-30 16:56:00,P15,,1.0,75.0,,card
thaphae,TP-2A85A5,3,2026-01-30 16:56:00,P10,M,1.0,60.0,,card
thaphae,TP-A80FD9,1,2026-01-30 17:15:00,P06,M,1.0,75.0,M0185,qr
thaphae,TP-A80FD9,2,2026-01-30 17:15:00,P08,M,1.0,70.0,M0185,qr
thaphae,TP-C2D01E,1,2026-01-30 17:26:00,P07,M,3.0,55.0,,cash
thaphae,TP-D49123,1,2026-01-30 17:58:00,P13,,3.0,50.0,,card
thaphae,TP-423136,1,2026-01-30 18:20:00,P07,M,1.0,55.0,M0663,card
thaphae,TP-3AE30E,1,2026-01-30 19:25:00,P11,L,1.0,70.0,,cash
thaphae,TP-3AE30E,2,2026-01-30 19:25:00,P01,S,1.0,45.0,,cash
thaphae,TP-8BDEEB,1,2026-01-31 07:03:00,P04,M,2.0,65.0,M0598,cash
thaphae,TP-2689A0,1,2026-01-31 07:45:00,P01,M,1.0,55.0,,card
thaphae,TP-2689A0,2,2026-01-31 07:45:00,P15,,1.0,75.0,,card
thaphae,TP-4C757A,1,2026-01-31 07:45:00,P04,S,1.0,55.0,,card
thaphae,TP-216B8D,1,2026-01-31 08:15:00,P01,L,1.0,65.0,,qr
thaphae,TP-216B8D,2,2026-01-31 08:15:00,P15,,1.0,75.0,,qr
thaphae,TP-27191D,1,2026-01-31 08:32:00,P12,,1.0,55.0,M0580,card
thaphae,TP-0086EB,1,2026-01-31 08:38:00,P07,M,1.0,55.0,,cash
thaphae,TP-0086EB,2,2026-01-31 08:38:00,P12,,1.0,55.0,,cash
thaphae,TP-C148A1,1,2026-01-31 09:02:00,P03,S,1.0,55.0,,cash
thaphae,TP-D7BD07,1,2026-01-31 09:19:00,P03,M,1.0,65.0,M0698,qr
thaphae,TP-D7BD07,2,2026-01-31 09:19:00,P14,,1.0,85.0,M0698,qr
thaphae,TP-4F7CD6,1,2026-01-31 09:27:00,P07,M,3.0,55.0,,cash
thaphae,TP-4F7CD6,2,2026-01-31 09:27:00,P13,,1.0,50.0,,cash
thaphae,TP-8437E4,1,2026-01-31 09:43:00,P03,M,1.0,65.0,,qr
thaphae,TP-B77B1C,1,2026-01-31 09:57:00,P06,L,1.0,85.0,,card
thaphae,TP-3384EA,1,2026-01-31 10:10:00,P11,M,1.0,60.0,M0067,card
thaphae,TP-52ADC6,1,2026-01-31 10:36:00,P07,S,1.0,45.0,M0564,card
thaphae,TP-52ADC6,2,2026-01-31 10:36:00,P13,,1.0,50.0,M0564,card
thaphae,TP-0FC617,1,2026-01-31 10:59:00,P08,L,1.0,80.0,,cash
thaphae,TP-0FC617,2,2026-01-31 10:59:00,P03,L,1.0,75.0,,cash
thaphae,TP-CCDFA8,1,2026-01-31 11:16:00,P05,M,2.0,70.0,,cash
thaphae,TP-CCDFA8,2,2026-01-31 11:16:00,P13,,1.0,50.0,,cash
thaphae,TP-7BAB58,1,2026-01-31 11:24:00,P12,,1.0,55.0,,card
thaphae,TP-8CF5CA,1,2026-01-31 11:24:00,P02,M,1.0,55.0,M0667,qr
thaphae,TP-ED0C55,1,2026-01-31 12:09:00,P07,M,1.0,55.0,M0406,cash
thaphae,TP-0F08C1,1,2026-01-31 12:10:00,P03,M,3.0,65.0,M0130,card
thaphae,TP-0F08C1,2,2026-01-31 12:10:00,P14,,1.0,85.0,M0130,card
thaphae,TP-0F08C1,3,2026-01-31 12:10:00,P07,L,1.0,65.0,M0130,card
thaphae,TP-E271FA,1,2026-01-31 12:21:00,P02,L,2.0,65.0,M0244,cash
thaphae,TP-98DF64,1,2026-01-31 13:04:00,P11,M,1.0,60.0,,card
thaphae,TP-788E95,1,2026-01-31 14:19:00,P02,S,1.0,45.0,,cash
thaphae,TP-788E95,2,2026-01-31 14:19:00,P12,,1.0,55.0,,cash
thaphae,TP-E0D965,1,2026-01-31 14:43:00,P06,M,3.0,75.0,,card
thaphae,TP-2B59A3,1,2026-01-31 15:04:00,P05,S,1.0,60.0,M0046,cash
thaphae,TP-599F5E,1,2026-01-31 15:17:00,P06,M,1.0,75.0,,card
thaphae,TP-599F5E,2,2026-01-31 15:17:00,P12,,1.0,55.0,,card
thaphae,TP-01F2C3,1,2026-01-31 15:40:00,P14,,1.0,85.0,,cash
thaphae,TP-041FDD,1,2026-01-31 15:40:00,P15,,1.0,75.0,,cash
thaphae,TP-AEA8E3,1,2026-01-31 16:09:00,P13,,1.0,50.0,M0303,cash
thaphae,TP-3ABE59,1,2026-01-31 16:17:00,P14,,2.0,85.0,M0286,card
thaphae,TP-0A3BFA,1,2026-01-31 16:21:00,P05,S,3.0,60.0,,cash
thaphae,TP-B4C079,1,2026-01-31 16:29:00,P07,L,1.0,65.0,,qr
thaphae,TP-B4C079,2,2026-01-31 16:29:00,P13,,1.0,50.0,,qr
thaphae,TP-B34CFB,1,2026-01-31 16:57:00,P11,S,1.0,50.0,,cash
thaphae,TP-E1461A,1,2026-01-31 17:32:00,P12,,1.0,55.0,,qr
thaphae,TP-D4EA8C,1,2026-01-31 17:40:00,P14,,1.0,85.0,,card
thaphae,TP-EAC74F,1,2026-01-31 17:44:00,P03,M,2.0,65.0,,qr
thaphae,TP-02B29D,1,2026-01-31 17:50:00,P12,,1.0,55.0,M0039,card
thaphae,TP-BB3F99,1,2026-01-31 18:09:00,P08,S,1.0,60.0,M0698,cash
thaphae,TP-6D3A7B,1,2026-01-31 19:39:00,P03,L,1.0,75.0,,cash
thaphae,TP-6D3A7B,2,2026-01-31 19:39:00,P14,,1.0,85.0,,cash
thaphae,TP-D999D3,1,2026-02-01 07:26:00,P14,,1.0,85.0,M0747,cash
thaphae,TP-553F5B,1,2026-02-01 08:05:00,P03,S,1.0,55.0,,qr
thaphae,TP-A863A3,1,2026-02-01 08:15:00,P11,M,1.0,60.0,,qr
thaphae,TP-62BF85,1,2026-02-01 08:17:00,P04,M,1.0,65.0,,cash
thaphae,TP-370245,1,2026-02-01 08:32:00,P08,M,1.0,70.0,,cash
thaphae,TP-370245,2,2026-02-01 08:32:00,P09,M,1.0,50.0,,cash
thaphae,TP-03AD8A,1,2026-02-01 08:32:00,P11,L,1.0,70.0,,cash
thaphae,TP-02EF2E,1,2026-02-01 08:33:00,P08,M,1.0,70.0,,qr
thaphae,TP-65C8E1,1,2026-02-01 08:33:00,P04,S,1.0,55.0,,cash
thaphae,TP-0DD0E9,1,2026-02-01 08:45:00,P02,M,3.0,55.0,M0486,card
thaphae,TP-85A65B,1,2026-02-01 09:02:00,P03,S,1.0,55.0,,cash
thaphae,TP-85A65B,2,2026-02-01 09:02:00,P14,,1.0,85.0,,cash
thaphae,TP-5D5A5E,1,2026-02-01 09:20:00,P03,S,1.0,55.0,,qr
thaphae,TP-5D5A5E,2,2026-02-01 09:20:00,P14,,1.0,85.0,,qr
thaphae,TP-C19504,1,2026-02-01 10:01:00,P03,M,1.0,65.0,,cash
thaphae,TP-C19504,2,2026-02-01 10:01:00,P14,,1.0,85.0,,cash
thaphae,TP-D28B25,1,2026-02-01 10:19:00,P08,M,1.0,70.0,,card
thaphae,TP-D28B25,2,2026-02-01 10:19:00,P02,L,1.0,65.0,,card
thaphae,TP-EDA691,1,2026-02-01 10:44:00,P07,M,3.0,55.0,,qr
thaphae,TP-EDA691,2,2026-02-01 10:44:00,P13,,1.0,50.0,,qr
thaphae,TP-79D550,1,2026-02-01 11:09:00,P14,,1.0,85.0,,card
thaphae,TP-FC1563,1,2026-02-01 11:44:00,P04,L,1.0,75.0,,cash
thaphae,TP-8651CE,1,2026-02-01 12:44:00,P14,,1.0,85.0,,card
thaphae,TP-B22FE3,1,2026-02-01 13:00:00,P13,,2.0,50.0,M0189,cash
thaphae,TP-05102B,1,2026-02-01 13:28:00,P02,M,1.0,55.0,,cash
thaphae,TP-05102B,2,2026-02-01 13:28:00,P03,M,1.0,65.0,,cash
thaphae,TP-CBB609,1,2026-02-01 14:35:00,P01,M,1.0,55.0,M0039,card
thaphae,TP-A01FF5,1,2026-02-01 14:46:00,P03,M,1.0,65.0,M0022,card
thaphae,TP-A01FF5,2,2026-02-01 14:46:00,P14,,1.0,85.0,M0022,card
thaphae,TP-A01FF5,3,2026-02-01 14:46:00,P13,,1.0,50.0,M0022,card
thaphae,TP-0577AB,1,2026-02-01 15:43:00,P03,S,1.0,55.0,,cash
thaphae,TP-0577AB,2,2026-02-01 15:43:00,P14,,1.0,85.0,,cash
thaphae,TP-5DF4F6,1,2026-02-01 15:46:00,P07,L,1.0,65.0,,card
thaphae,TP-F55404,1,2026-02-01 17:41:00,P09,M,1.0,50.0,M0624,cash
thaphae,TP-40E34D,1,2026-02-01 17:51:00,P13,,1.0,50.0,,cash
thaphae,TP-2254AE,1,2026-02-01 18:16:00,P08,L,1.0,80.0,,card
thaphae,TP-2254AE,2,2026-02-01 18:16:00,P13,,1.0,50.0,,card
thaphae,TP-BAA18C,1,2026-02-01 19:05:00,P13,,1.0,50.0,,cash
thaphae,TP-1B8733,1,2026-02-01 19:48:00,P13,,1.0,50.0,,card
thaphae,TP-97E7E3,1,2026-02-02 07:41:00,P04,M,1.0,65.0,,card
thaphae,TP-B7BB10,1,2026-02-02 08:09:00,P03,S,1.0,55.0,,card
thaphae,TP-B7BB10,2,2026-02-02 08:09:00,P14,,1.0,85.0,,card
thaphae,TP-BDF854,1,2026-02-02 09:23:00,P07,M,1.0,55.0,M0237,qr
thaphae,TP-BDF854,2,2026-02-02 09:23:00,P13,,1.0,50.0,M0237,qr
thaphae,TP-126C4F,1,2026-02-02 09:39:00,P12,,1.0,55.0,M0245,qr
thaphae,TP-C12E00,1,2026-02-02 10:10:00,P03,L,1.0,75.0,,cash
thaphae,TP-C12E00,2,2026-02-02 10:10:00,P14,,1.0,85.0,,cash
thaphae,TP-D1FFD6,1,2026-02-02 12:18:00,P03,L,2.0,75.0,,qr
thaphae,TP-992BA7,1,2026-02-02 13:56:00,P03,S,2.0,55.0,,card
thaphae,TP-992BA7,2,2026-02-02 13:56:00,P14,,1.0,85.0,,card
thaphae,TP-342626,1,2026-02-02 14:34:00,P13,,1.0,50.0,,card
thaphae,TP-342626,2,2026-02-02 14:34:00,P07,M,1.0,55.0,,card
thaphae,TP-D8BC08,1,2026-02-02 14:54:00,P03,M,1.0,65.0,M0778,cash
thaphae,TP-D8BC08,2,2026-02-02 14:54:00,P14,,1.0,85.0,M0778,cash
thaphae,TP-4A4446,1,2026-02-02 15:21:00,P02,L,2.0,65.0,M0578,cash
thaphae,TP-4A4446,2,2026-02-02 15:21:00,P12,,1.0,55.0,M0578,cash
thaphae,TP-2B3BB6,1,2026-02-02 16:45:00,P04,L,2.0,75.0,,cash
thaphae,TP-305A60,1,2026-02-02 17:28:00,P12,,2.0,55.0,M0283,qr
thaphae,TP-FADD0A,1,2026-02-02 18:08:00,P02,M,1.0,55.0,M0258,qr
thaphae,TP-FADD0A,2,2026-02-02 18:08:00,P12,,1.0,55.0,M0258,qr
thaphae,TP-F7B3B0,1,2026-02-03 07:46:00,P01,L,1.0,65.0,,cash
thaphae,TP-F7B3B0,2,2026-02-03 07:46:00,P15,,1.0,75.0,,cash
thaphae,TP-F7B3B0,3,2026-02-03 07:46:00,P09,L,1.0,60.0,,cash
thaphae,TP-BAFE54,1,2026-02-03 08:18:00,P04,S,1.0,55.0,M0416,cash
thaphae,TP-67345E,1,2026-02-03 08:56:00,P09,S,1.0,40.0,,cash
thaphae,TP-AD720A,1,2026-02-03 09:22:00,P03,M,1.0,65.0,M0665,cash
thaphae,TP-B450A6,1,2026-02-03 09:59:00,P07,M,1.0,55.0,,card
thaphae,TP-B450A6,2,2026-02-03 09:59:00,P03,M,1.0,65.0,,card
thaphae,TP-56F8CB,1,2026-02-03 10:55:00,P05,S,1.0,60.0,,card
thaphae,TP-57523A,1,2026-02-03 10:56:00,P10,L,1.0,70.0,,card
thaphae,TP-57523A,2,2026-02-03 10:56:00,P07,L,1.0,65.0,,card
thaphae,TP-08E74F,1,2026-02-03 11:48:00,P14,,2.0,85.0,,cash
thaphae,TP-BE9085,1,2026-02-03 12:12:00,P03,M,1.0,65.0,M0764,card
thaphae,TP-AA97A7,1,2026-02-03 12:49:00,P02,L,1.0,65.0,M0408,qr
thaphae,TP-AA97A7,2,2026-02-03 12:49:00,P15,,1.0,75.0,M0408,qr
thaphae,TP-39DD3B,1,2026-02-03 13:33:00,P07,M,1.0,55.0,,qr
thaphae,TP-39DD3B,2,2026-02-03 13:33:00,P13,,1.0,50.0,,qr
thaphae,TP-474359,1,2026-02-03 13:45:00,P01,M,2.0,55.0,,card
thaphae,TP-474359,2,2026-02-03 13:45:00,P15,,1.0,75.0,,card
thaphae,TP-B82EFD,1,2026-02-03 14:12:00,P06,M,1.0,75.0,M0351,card
thaphae,TP-E2B9EE,1,2026-02-03 15:12:00,P06,M,1.0,75.0,M0245,cash
thaphae,TP-A584C4,1,2026-02-03 16:19:00,P02,S,1.0,45.0,,qr
thaphae,TP-F5EF3C,1,2026-02-03 16:32:00,P03,L,1.0,75.0,M0598,cash
thaphae,TP-F5EF3C,2,2026-02-03 16:32:00,P14,,1.0,85.0,M0598,cash
thaphae,TP-264BAC,1,2026-02-03 16:35:00,P05,S,1.0,60.0,,cash
thaphae,TP-47E6AF,1,2026-02-03 16:51:00,P07,M,1.0,55.0,,card
thaphae,TP-47E6AF,2,2026-02-03 16:51:00,P13,,1.0,50.0,,card
thaphae,TP-3AAAB7,1,2026-02-04 07:02:00,P08,S,1.0,60.0,,cash
thaphae,TP-DD0D4B,1,2026-02-04 08:04:00,P04,S,2.0,55.0,,cash
thaphae,TP-7CFDB6,1,2026-02-04 08:09:00,P07,M,1.0,55.0,,cash
thaphae,TP-7CFDB6,2,2026-02-04 08:09:00,P13,,1.0,50.0,,cash
thaphae,TP-01F448,1,2026-02-04 08:15:00,P07,M,2.0,55.0,M0255,cash
thaphae,TP-01F448,2,2026-02-04 08:15:00,P13,,1.0,50.0,M0255,cash
thaphae,TP-ECD12F,1,2026-02-04 08:20:00,P01,M,1.0,55.0,,cash
thaphae,TP-ECD12F,2,2026-02-04 08:20:00,P15,,1.0,75.0,,cash
thaphae,TP-26EC67,1,2026-02-04 08:42:00,P13,,1.0,50.0,,card
thaphae,TP-CE385F,1,2026-02-04 08:55:00,P13,,2.0,50.0,,cash
thaphae,TP-C32489,1,2026-02-04 09:16:00,P03,S,3.0,55.0,,card
thaphae,TP-C32489,2,2026-02-04 09:16:00,P14,,1.0,85.0,,card
thaphae,TP-8D71C2,1,2026-02-04 09:18:00,P06,L,1.0,85.0,M0397,card
thaphae,TP-80FF8C,1,2026-02-04 09:59:00,P05,M,2.0,70.0,,card
thaphae,TP-6BE90D,1,2026-02-04 10:50:00,P04,L,1.0,75.0,M0245,card
thaphae,TP-B0A0C3,1,2026-02-04 11:05:00,P11,M,1.0,60.0,,qr
thaphae,TP-C5CB3A,1,2026-02-04 11:14:00,P14,,1.0,85.0,,cash
thaphae,TP-C5CB3A,2,2026-02-04 11:14:00,P08,S,1.0,60.0,,cash
thaphae,TP-71C34A,1,2026-02-04 12:06:00,P10,M,1.0,60.0,,qr
thaphae,TP-3FD7EF,1,2026-02-04 12:19:00,P07,M,1.0,55.0,,qr
thaphae,TP-3FD7EF,2,2026-02-04 12:19:00,P13,,1.0,50.0,,qr
thaphae,TP-190AD3,1,2026-02-04 13:41:00,P05,S,1.0,60.0,,cash
thaphae,TP-60A7FC,1,2026-02-04 13:42:00,P03,S,1.0,55.0,M0737,qr
thaphae,TP-60A7FC,2,2026-02-04 13:42:00,P14,,1.0,85.0,M0737,qr
thaphae,TP-283B56,1,2026-02-04 14:20:00,P03,S,1.0,55.0,,cash
thaphae,TP-283B56,2,2026-02-04 14:20:00,P14,,1.0,85.0,,cash
thaphae,TP-283B56,3,2026-02-04 14:20:00,P11,M,1.0,60.0,,cash
thaphae,TP-A3CA46,1,2026-02-04 14:22:00,P02,M,1.0,55.0,,qr
thaphae,TP-A3CA46,2,2026-02-04 14:22:00,P12,,1.0,55.0,,qr
thaphae,TP-0236F3,1,2026-02-04 14:30:00,P03,L,1.0,75.0,,cash
thaphae,TP-A3BA8C,1,2026-02-04 15:17:00,P06,M,1.0,75.0,,card
thaphae,TP-A3BA8C,2,2026-02-04 15:17:00,P15,,1.0,75.0,,card
thaphae,TP-5F4F16,1,2026-02-04 16:27:00,P10,M,1.0,60.0,M0144,card
thaphae,TP-BB4EB7,1,2026-02-04 18:59:00,P05,L,1.0,80.0,,qr
thaphae,TP-BB4EB7,2,2026-02-04 18:59:00,P08,M,1.0,70.0,,qr
thaphae,TP-D945B4,1,2026-02-05 07:12:00,P15,,2.0,75.0,M0030,cash
thaphae,TP-D945B4,2,2026-02-05 07:12:00,P09,L,1.0,60.0,M0030,cash
thaphae,TP-8C5FFA,1,2026-02-05 07:20:00,P04,S,1.0,55.0,,qr
thaphae,TP-8C5FFA,2,2026-02-05 07:20:00,P13,,1.0,50.0,,qr
thaphae,TP-E3B078,1,2026-02-05 07:26:00,P07,M,1.0,55.0,M0092,cash
thaphae,TP-E3B078,2,2026-02-05 07:26:00,P13,,1.0,50.0,M0092,cash
thaphae,TP-64A16D,1,2026-02-05 09:11:00,P14,,1.0,85.0,M0244,qr
thaphae,TP-1D3DD0,1,2026-02-05 09:13:00,P03,M,1.0,65.0,M0515,card
thaphae,TP-1D3DD0,2,2026-02-05 09:13:00,P14,,1.0,85.0,M0515,card
thaphae,TP-6E03A0,1,2026-02-05 09:15:00,P10,M,1.0,60.0,,card
thaphae,TP-80CC3F,1,2026-02-05 11:39:00,P03,L,2.0,75.0,,cash
thaphae,TP-7680A5,1,2026-02-05 12:23:00,P06,M,1.0,75.0,,cash
thaphae,TP-7680A5,2,2026-02-05 12:23:00,P14,,1.0,85.0,,cash
thaphae,TP-4CD521,1,2026-02-05 14:03:00,P09,L,2.0,60.0,,cash
thaphae,TP-A16DA5,1,2026-02-05 14:43:00,P08,M,1.0,70.0,,cash
thaphae,TP-F63E73,1,2026-02-05 14:47:00,P08,S,1.0,60.0,M0548,cash
thaphae,TP-3ADEB2,1,2026-02-05 16:37:00,P08,M,1.0,70.0,,qr
thaphae,TP-3ADEB2,2,2026-02-05 16:37:00,P13,,1.0,50.0,,qr
thaphae,TP-C37A22,1,2026-02-05 19:19:00,P10,S,2.0,50.0,M0764,card
thaphae,TP-C37A22,2,2026-02-05 19:19:00,P12,,1.0,55.0,M0764,card
thaphae,TP-9B2040,1,2026-02-05 19:30:00,P08,L,1.0,80.0,,card
thaphae,TP-03FA20,1,2026-02-05 19:46:00,P14,,1.0,85.0,,card
thaphae,TP-03FA20,2,2026-02-05 19:46:00,P12,,1.0,55.0,,card
thaphae,TP-3A320E,1,2026-02-05 19:50:00,P11,M,3.0,60.0,M0356,cash
thaphae,TP-3A320E,2,2026-02-05 19:50:00,P08,L,1.0,80.0,M0356,cash
thaphae,TP-D255A6,1,2026-02-06 07:18:00,P08,M,2.0,70.0,,card
thaphae,TP-D255A6,2,2026-02-06 07:18:00,P02,L,1.0,65.0,,card
thaphae,TP-6686F2,1,2026-02-06 07:49:00,P05,M,1.0,70.0,,cash
thaphae,TP-FBF1A5,1,2026-02-06 07:52:00,P04,S,1.0,55.0,,qr
thaphae,TP-FBF1A5,2,2026-02-06 07:52:00,P14,,1.0,85.0,,qr
thaphae,TP-EEEDB5,1,2026-02-06 07:54:00,P02,S,1.0,45.0,M0033,qr
thaphae,TP-87CB22,1,2026-02-06 08:26:00,P03,S,1.0,55.0,,card
thaphae,TP-0CDD98,1,2026-02-06 08:47:00,P13,,2.0,50.0,,card
thaphae,TP-1A1FCD,1,2026-02-06 09:20:00,P05,S,3.0,60.0,,qr
thaphae,TP-1A1FCD,2,2026-02-06 09:20:00,P13,,1.0,50.0,,qr
thaphae,TP-17159D,1,2026-02-06 09:35:00,P09,M,1.0,50.0,M0279,cash
thaphae,TP-17159D,2,2026-02-06 09:35:00,P15,,1.0,75.0,M0279,cash
thaphae,TP-A50FF6,1,2026-02-06 09:54:00,P04,L,1.0,75.0,,cash
thaphae,TP-03A669,1,2026-02-06 09:56:00,P02,S,1.0,45.0,M0245,cash
thaphae,TP-03A669,2,2026-02-06 09:56:00,P14,,1.0,85.0,M0245,cash
thaphae,TP-D286B4,1,2026-02-06 10:07:00,P12,,1.0,55.0,,cash
thaphae,TP-7BF49D,1,2026-02-06 10:43:00,P07,L,1.0,65.0,,cash
thaphae,TP-CFF8A5,1,2026-02-06 12:37:00,P05,M,2.0,70.0,,cash
thaphae,TP-664084,1,2026-02-06 13:06:00,P12,,1.0,55.0,M0580,qr
thaphae,TP-F77F88,1,2026-02-06 14:13:00,P07,M,1.0,55.0,,card
thaphae,TP-F77F88,2,2026-02-06 14:13:00,P14,,1.0,85.0,,card
thaphae,TP-676162,1,2026-02-06 14:23:00,P05,M,1.0,70.0,,qr
thaphae,TP-D3C96B,1,2026-02-06 14:29:00,P15,,1.0,75.0,,qr
thaphae,TP-00B7C3,1,2026-02-06 14:45:00,P02,S,1.0,45.0,M0735,cash
thaphae,TP-AEFC13,1,2026-02-06 14:48:00,P03,L,1.0,75.0,,cash
thaphae,TP-2EE4DE,1,2026-02-06 16:37:00,P07,S,1.0,45.0,,cash
thaphae,TP-2EE4DE,2,2026-02-06 16:37:00,P14,,1.0,85.0,,cash
thaphae,TP-9558F8,1,2026-02-06 17:05:00,P02,S,1.0,45.0,,card
thaphae,TP-9558F8,2,2026-02-06 17:05:00,P12,,1.0,55.0,,card
thaphae,TP-F2DE97,1,2026-02-06 18:18:00,P04,S,1.0,55.0,,cash
thaphae,TP-F2DE97,2,2026-02-06 18:18:00,P15,,1.0,75.0,,cash
thaphae,TP-BF3B22,1,2026-02-07 07:07:00,P15,,1.0,75.0,M0515,qr
thaphae,TP-EE8FA1,1,2026-02-07 07:09:00,P03,M,1.0,65.0,,qr
thaphae,TP-EE8FA1,2,2026-02-07 07:09:00,P14,,1.0,85.0,,qr
thaphae,TP-EE8FA1,3,2026-02-07 07:09:00,P02,M,1.0,55.0,,qr
thaphae,TP-E4F91B,1,2026-02-07 07:12:00,P12,,1.0,55.0,,qr
thaphae,TP-E4F91B,2,2026-02-07 07:12:00,P13,,1.0,50.0,,qr
thaphae,TP-9780CD,1,2026-02-07 07:36:00,P08,M,1.0,70.0,,card
thaphae,TP-4F2A59,1,2026-02-07 07:43:00,P14,,1.0,85.0,,cash
thaphae,TP-579034,1,2026-02-07 08:15:00,P09,M,2.0,50.0,M0191,cash
thaphae,TP-7E1D4D,1,2026-02-07 08:37:00,P10,L,1.0,70.0,M0288,card
thaphae,TP-DF7062,1,2026-02-07 08:51:00,P15,,1.0,75.0,M0338,cash
thaphae,TP-547EB9,1,2026-02-07 09:17:00,P02,M,1.0,55.0,,cash
thaphae,TP-C9A49F,1,2026-02-07 09:56:00,P04,M,1.0,65.0,,card
thaphae,TP-4AD8B5,1,2026-02-07 10:03:00,P06,M,1.0,75.0,,cash
thaphae,TP-80E65F,1,2026-02-07 10:18:00,P07,S,1.0,45.0,M0106,cash
thaphae,TP-80E65F,2,2026-02-07 10:18:00,P13,,1.0,50.0,M0106,cash
thaphae,TP-98D2B7,1,2026-02-07 10:18:00,P07,L,1.0,65.0,M0709,cash
thaphae,TP-98D2B7,2,2026-02-07 10:18:00,P14,,1.0,85.0,M0709,cash
thaphae,TP-D71586,1,2026-02-07 10:35:00,P07,L,1.0,65.0,,qr
thaphae,TP-D71586,2,2026-02-07 10:35:00,P13,,1.0,50.0,,qr
thaphae,TP-D71586,3,2026-02-07 10:35:00,P03,S,1.0,55.0,,qr
thaphae,TP-F72884,1,2026-02-07 10:40:00,P15,,1.0,75.0,M0024,qr
thaphae,TP-1796B6,1,2026-02-07 11:07:00,P02,S,3.0,45.0,M0067,cash
thaphae,TP-900978,1,2026-02-07 11:46:00,P12,,2.0,55.0,M0735,cash
thaphae,TP-3CC747,1,2026-02-07 12:23:00,P10,M,1.0,60.0,,card
thaphae,TP-D3CF13,1,2026-02-07 12:29:00,P14,,2.0,85.0,M0628,cash
thaphae,TP-D3CF13,2,2026-02-07 12:29:00,P09,S,1.0,40.0,M0628,cash
thaphae,TP-342908,1,2026-02-07 12:41:00,P05,S,1.0,60.0,,qr
thaphae,TP-D2623A,1,2026-02-07 13:00:00,P07,M,1.0,55.0,,card
thaphae,TP-962D2B,1,2026-02-07 13:50:00,P04,M,1.0,65.0,,card
thaphae,TP-E93D6A,1,2026-02-07 13:51:00,P06,M,1.0,75.0,,qr
thaphae,TP-4CF256,1,2026-02-07 14:04:00,P03,M,2.0,65.0,,cash
thaphae,TP-75A268,1,2026-02-07 14:19:00,P08,S,1.0,60.0,,qr
thaphae,TP-C3AAB8,1,2026-02-07 14:54:00,P06,S,1.0,65.0,,qr
thaphae,TP-CE02C3,1,2026-02-07 15:05:00,P06,M,1.0,75.0,,cash
thaphae,TP-D7F5F3,1,2026-02-07 15:37:00,P10,L,3.0,70.0,M0120,card
thaphae,TP-D7F5F3,2,2026-02-07 15:37:00,P07,L,1.0,65.0,M0120,card
thaphae,TP-AF7930,1,2026-02-07 15:50:00,P03,L,1.0,75.0,,cash
thaphae,TP-A2AC1D,1,2026-02-07 16:17:00,P07,M,1.0,55.0,M0024,qr
thaphae,TP-A2AC1D,2,2026-02-07 16:17:00,P13,,1.0,50.0,M0024,qr
thaphae,TP-A3B4DF,1,2026-02-07 16:59:00,P10,L,2.0,70.0,,card
thaphae,TP-F8CB67,1,2026-02-07 17:41:00,P02,M,1.0,55.0,,cash
thaphae,TP-F8CB67,2,2026-02-07 17:41:00,P12,,1.0,55.0,,cash
thaphae,TP-F8CB67,3,2026-02-07 17:41:00,P07,L,1.0,65.0,,cash
thaphae,TP-3FCC03,1,2026-02-07 18:25:00,P14,,1.0,85.0,,cash
thaphae,TP-64596C,1,2026-02-07 18:27:00,P08,M,1.0,70.0,,cash
thaphae,TP-BBA55F,1,2026-02-07 19:38:00,P08,M,1.0,70.0,M0370,card
thaphae,TP-70C2AC,1,2026-02-07 19:45:00,P09,L,1.0,60.0,,cash
thaphae,TP-998C41,1,2026-02-08 08:10:00,P11,M,3.0,60.0,,card
thaphae,TP-998C41,2,2026-02-08 08:10:00,P15,,1.0,75.0,,card
thaphae,TP-C34423,1,2026-02-08 08:12:00,P10,S,1.0,50.0,,qr
thaphae,TP-C34423,2,2026-02-08 08:12:00,P15,,1.0,75.0,,qr
thaphae,TP-5CCE69,1,2026-02-08 08:19:00,P04,M,1.0,65.0,,card
thaphae,TP-F0AA12,1,2026-02-08 08:19:00,P03,M,1.0,65.0,,cash
thaphae,TP-F0AA12,2,2026-02-08 08:19:00,P14,,1.0,85.0,,cash
thaphae,TP-DCF649,1,2026-02-08 09:10:00,P14,,2.0,85.0,,card
thaphae,TP-1A37FE,1,2026-02-08 09:17:00,P03,M,1.0,65.0,,cash
thaphae,TP-79A19F,1,2026-02-08 09:50:00,P12,,1.0,55.0,,qr
thaphae,TP-59B988,1,2026-02-08 10:06:00,P08,M,2.0,70.0,,qr
thaphae,TP-E12D7C,1,2026-02-08 10:07:00,P08,M,1.0,70.0,,cash
thaphae,TP-E12D7C,2,2026-02-08 10:07:00,P12,,1.0,55.0,,cash
thaphae,TP-E12D7C,3,2026-02-08 10:07:00,P03,M,1.0,65.0,,cash
thaphae,TP-BA8642,1,2026-02-08 10:22:00,P02,M,2.0,55.0,,card
thaphae,TP-7CFF63,1,2026-02-08 10:26:00,P06,S,1.0,65.0,,cash
thaphae,TP-B9E3DC,1,2026-02-08 10:29:00,P08,M,1.0,70.0,,cash
thaphae,TP-873267,1,2026-02-08 10:38:00,P01,M,2.0,55.0,M0189,cash
thaphae,TP-B333E5,1,2026-02-08 10:42:00,P04,S,1.0,55.0,,card
thaphae,TP-15A231,1,2026-02-08 11:52:00,P06,M,1.0,75.0,,card
thaphae,TP-655E9C,1,2026-02-08 12:31:00,P05,S,1.0,60.0,,card
thaphae,TP-D74157,1,2026-02-08 12:33:00,P11,M,1.0,60.0,,card
thaphae,TP-95C3A1,1,2026-02-08 13:11:00,P07,L,1.0,65.0,M0523,card
thaphae,TP-95C3A1,2,2026-02-08 13:11:00,P13,,1.0,50.0,M0523,card
thaphae,TP-656A00,1,2026-02-08 14:17:00,P07,M,3.0,55.0,,card
thaphae,TP-AB3055,1,2026-02-08 15:05:00,P09,S,1.0,40.0,M0090,card
thaphae,TP-4DEEEC,1,2026-02-08 15:21:00,P03,S,1.0,55.0,M0416,cash
thaphae,TP-F684E3,1,2026-02-08 15:28:00,P04,M,1.0,65.0,,card
thaphae,TP-CA69EF,1,2026-02-08 16:27:00,P14,,1.0,85.0,,card
thaphae,TP-CA69EF,2,2026-02-08 16:27:00,P15,,1.0,75.0,,card
thaphae,TP-341287,1,2026-02-08 17:17:00,P07,S,1.0,45.0,M0717,qr
thaphae,TP-341287,2,2026-02-08 17:17:00,P13,,1.0,50.0,M0717,qr
thaphae,TP-718EBE,1,2026-02-08 17:57:00,P03,S,1.0,55.0,,cash
thaphae,TP-9810B5,1,2026-02-08 18:17:00,P08,M,1.0,70.0,,cash
thaphae,TP-AFC8DD,1,2026-02-08 18:38:00,P10,L,1.0,70.0,,card
thaphae,TP-626D4A,1,2026-02-09 07:29:00,P01,M,1.0,55.0,,cash
thaphae,TP-E868F3,1,2026-02-09 07:34:00,P03,M,1.0,65.0,M0714,cash
thaphae,TP-E868F3,2,2026-02-09 07:34:00,P14,,1.0,85.0,M0714,cash
thaphae,TP-E868F3,3,2026-02-09 07:34:00,P08,M,1.0,70.0,M0714,cash
thaphae,TP-005BAF,1,2026-02-09 09:12:00,P01,M,1.0,55.0,,cash
thaphae,TP-DAC7DB,1,2026-02-09 09:30:00,P14,,1.0,85.0,,qr
thaphae,TP-F448EA,1,2026-02-09 09:37:00,P05,S,2.0,60.0,M0221,cash
thaphae,TP-9156B7,1,2026-02-09 09:56:00,P02,S,3.0,45.0,M0286,cash
thaphae,TP-9156B7,2,2026-02-09 09:56:00,P15,,1.0,75.0,M0286,cash
thaphae,TP-C9D33A,1,2026-02-09 10:11:00,P12,,2.0,55.0,,cash
thaphae,TP-D75F2F,1,2026-02-09 10:18:00,P05,M,1.0,70.0,,cash
thaphae,TP-3F6A26,1,2026-02-09 11:14:00,P12,,1.0,55.0,,card
thaphae,TP-FD3EAE,1,2026-02-09 11:15:00,P05,M,1.0,70.0,,cash
thaphae,TP-ADF28E,1,2026-02-09 11:24:00,P02,M,1.0,55.0,,qr
thaphae,TP-CF344C,1,2026-02-09 11:52:00,P11,M,1.0,60.0,,card
thaphae,TP-21D06C,1,2026-02-09 12:06:00,P08,L,1.0,80.0,M0741,card
thaphae,TP-C5805C,1,2026-02-09 12:20:00,P11,L,1.0,70.0,,cash
thaphae,TP-9A22CC,1,2026-02-09 12:35:00,P03,S,3.0,55.0,,qr
thaphae,TP-9A22CC,2,2026-02-09 12:35:00,P14,,1.0,85.0,,qr
thaphae,TP-E132E1,1,2026-02-09 13:33:00,P04,S,1.0,55.0,M0516,cash
thaphae,TP-451831,1,2026-02-09 14:25:00,P02,S,1.0,45.0,,qr
thaphae,TP-1FDFA1,1,2026-02-09 14:27:00,P09,M,2.0,50.0,M0312,card
thaphae,TP-D5A135,1,2026-02-09 14:29:00,P02,S,1.0,45.0,,cash
thaphae,TP-C9F56F,1,2026-02-09 15:04:00,P06,M,1.0,75.0,,cash
thaphae,TP-FD48A9,1,2026-02-09 15:08:00,P10,M,2.0,60.0,M0282,card
thaphae,TP-3E28FB,1,2026-02-09 15:57:00,P09,M,2.0,50.0,,card
thaphae,TP-3E28FB,2,2026-02-09 15:57:00,P06,S,1.0,65.0,,card
thaphae,TP-EE4F95,1,2026-02-09 16:29:00,P03,M,1.0,65.0,,qr
thaphae,TP-2B70EB,1,2026-02-09 16:30:00,P06,S,1.0,65.0,,cash
thaphae,TP-1755C4,1,2026-02-09 17:19:00,P08,M,2.0,70.0,M0679,cash
thaphae,TP-811256,1,2026-02-10 07:01:00,P03,L,2.0,75.0,,cash
thaphae,TP-96157D,1,2026-02-10 07:30:00,P06,M,1.0,75.0,M0401,qr
thaphae,TP-DC0761,1,2026-02-10 07:37:00,P01,M,1.0,55.0,,card
thaphae,TP-DC0761,2,2026-02-10 07:37:00,P15,,1.0,75.0,,card
thaphae,TP-549076,1,2026-02-10 08:02:00,P01,M,1.0,55.0,,qr
thaphae,TP-67A930,1,2026-02-10 08:41:00,P03,S,1.0,55.0,,qr
thaphae,TP-3066EE,1,2026-02-10 09:42:00,P10,L,1.0,70.0,,cash
thaphae,TP-3066EE,2,2026-02-10 09:42:00,P01,M,1.0,55.0,,cash
thaphae,TP-3D3521,1,2026-02-10 09:49:00,P13,,1.0,50.0,,cash
thaphae,TP-A05147,1,2026-02-10 09:50:00,P03,L,1.0,75.0,,qr
thaphae,TP-A05147,2,2026-02-10 09:50:00,P14,,1.0,85.0,,qr
thaphae,TP-F98DCD,1,2026-02-10 09:55:00,P09,S,1.0,40.0,,qr
thaphae,TP-785ABE,1,2026-02-10 10:07:00,P05,S,2.0,60.0,,card
thaphae,TP-5EB648,1,2026-02-10 10:23:00,P09,L,1.0,60.0,,card
thaphae,TP-B253AC,1,2026-02-10 10:46:00,P07,L,1.0,65.0,M0078,card
thaphae,TP-B253AC,2,2026-02-10 10:46:00,P13,,1.0,50.0,M0078,card
thaphae,TP-31306D,1,2026-02-10 11:42:00,P04,M,1.0,65.0,M0022,cash
thaphae,TP-8E6D91,1,2026-02-10 12:03:00,P09,M,1.0,50.0,,card
thaphae,TP-8E6D91,2,2026-02-10 12:03:00,P07,M,1.0,55.0,,card
thaphae,TP-A0ED4A,1,2026-02-10 14:30:00,P05,M,1.0,70.0,,cash
thaphae,TP-5487D8,1,2026-02-10 15:09:00,P13,,1.0,50.0,,qr
thaphae,TP-3B5606,1,2026-02-10 15:44:00,P15,,2.0,75.0,,qr
thaphae,TP-3B5606,2,2026-02-10 15:44:00,P03,M,1.0,65.0,,qr
thaphae,TP-DB0EBC,1,2026-02-10 15:55:00,P09,M,1.0,50.0,,cash
thaphae,TP-9C1362,1,2026-02-10 16:33:00,P15,,3.0,75.0,,cash
thaphae,TP-9C1362,2,2026-02-10 16:33:00,P06,M,1.0,75.0,,cash
thaphae,TP-B05440,1,2026-02-10 16:57:00,P14,,1.0,85.0,,cash
thaphae,TP-AAD8AF,1,2026-02-10 17:15:00,P12,,1.0,55.0,,cash
thaphae,TP-74AB01,1,2026-02-10 17:21:00,P13,,2.0,50.0,M0237,card
thaphae,TP-7DDA4E,1,2026-02-10 17:22:00,P12,,1.0,55.0,,card
thaphae,TP-6DE030,1,2026-02-10 17:25:00,P02,L,1.0,65.0,,card
thaphae,TP-6DE030,2,2026-02-10 17:25:00,P12,,1.0,55.0,,card
thaphae,TP-21BE7E,1,2026-02-10 18:21:00,P08,M,1.0,70.0,,cash
thaphae,TP-090B37,1,2026-02-11 07:06:00,P14,,1.0,85.0,M0684,card
thaphae,TP-286B81,1,2026-02-11 07:14:00,P10,M,1.0,60.0,,card
thaphae,TP-930DC3,1,2026-02-11 07:23:00,P05,M,1.0,70.0,,cash
thaphae,TP-0AB6FE,1,2026-02-11 07:36:00,P06,M,1.0,75.0,,cash
thaphae,TP-81D324,1,2026-02-11 08:06:00,P03,S,1.0,55.0,,card
thaphae,TP-81D324,2,2026-02-11 08:06:00,P14,,1.0,85.0,,card
thaphae,TP-5400A8,1,2026-02-11 08:13:00,P01,M,1.0,55.0,,qr
thaphae,TP-2FFD90,1,2026-02-11 08:20:00,P07,S,2.0,45.0,,cash
thaphae,TP-2FFD90,2,2026-02-11 08:20:00,P03,M,1.0,65.0,,cash
thaphae,TP-B6720E,1,2026-02-11 09:02:00,P04,L,1.0,75.0,,cash
thaphae,TP-DB22F9,1,2026-02-11 09:14:00,P04,S,2.0,55.0,,qr
thaphae,TP-49275E,1,2026-02-11 09:21:00,P01,M,1.0,55.0,,cash
thaphae,TP-6C754E,1,2026-02-11 09:39:00,P01,M,1.0,55.0,,cash
thaphae,TP-47D3E2,1,2026-02-11 09:48:00,P02,S,2.0,45.0,,card
thaphae,TP-5E291D,1,2026-02-11 10:14:00,P07,M,1.0,55.0,,card
thaphae,TP-5E291D,2,2026-02-11 10:14:00,P13,,1.0,50.0,,card
thaphae,TP-C203FA,1,2026-02-11 10:55:00,P03,L,1.0,75.0,,cash
thaphae,TP-C203FA,2,2026-02-11 10:55:00,P14,,1.0,85.0,,cash
thaphae,TP-CFEBA3,1,2026-02-11 10:58:00,P03,M,1.0,65.0,,qr
thaphae,TP-67237B,1,2026-02-11 11:03:00,P03,M,1.0,65.0,,qr
thaphae,TP-67237B,2,2026-02-11 11:03:00,P14,,1.0,85.0,,qr
thaphae,TP-0B10EF,1,2026-02-11 11:20:00,P08,M,1.0,70.0,,qr
thaphae,TP-18E3E5,1,2026-02-11 11:48:00,P03,M,1.0,65.0,,cash
thaphae,TP-18E3E5,2,2026-02-11 11:48:00,P14,,1.0,85.0,,cash
thaphae,TP-CBF072,1,2026-02-11 12:58:00,P02,M,1.0,55.0,M0486,card
thaphae,TP-293403,1,2026-02-11 13:39:00,P12,,1.0,55.0,,card
thaphae,TP-5ED99F,1,2026-02-11 16:11:00,P07,L,1.0,65.0,,card
thaphae,TP-775E8E,1,2026-02-11 16:11:00,P09,M,1.0,50.0,M0303,cash
thaphae,TP-798D3C,1,2026-02-11 16:19:00,P05,L,1.0,80.0,,card
thaphae,TP-6860BB,1,2026-02-11 16:20:00,P09,S,1.0,40.0,,cash
thaphae,TP-DF8B9D,1,2026-02-11 16:32:00,P03,M,1.0,65.0,,cash
thaphae,TP-DF8B9D,2,2026-02-11 16:32:00,P14,,1.0,85.0,,cash
thaphae,TP-585C04,1,2026-02-11 16:41:00,P13,,1.0,50.0,,card
thaphae,TP-73C003,1,2026-02-11 16:59:00,P03,L,1.0,75.0,M0255,cash
thaphae,TP-73C003,2,2026-02-11 16:59:00,P14,,1.0,85.0,M0255,cash
thaphae,TP-FD086B,1,2026-02-11 17:16:00,P09,M,2.0,50.0,M0033,card
thaphae,TP-F6A61F,1,2026-02-11 19:26:00,P07,L,1.0,65.0,,card
thaphae,TP-F6A61F,2,2026-02-11 19:26:00,P13,,1.0,50.0,,card
thaphae,TP-6A5FBD,1,2026-02-11 19:44:00,P09,M,1.0,50.0,,cash
thaphae,TP-9B0F7D,1,2026-02-12 07:03:00,P03,L,1.0,75.0,M0303,cash
thaphae,TP-33034A,1,2026-02-12 07:06:00,P14,,1.0,85.0,,qr
thaphae,TP-93E268,1,2026-02-12 08:01:00,P06,M,2.0,75.0,,cash
thaphae,TP-3088DB,1,2026-02-12 08:08:00,P02,M,1.0,55.0,M0167,card
thaphae,TP-3088DB,2,2026-02-12 08:08:00,P12,,1.0,55.0,M0167,card
thaphae,TP-36AA45,1,2026-02-12 08:10:00,P01,S,1.0,45.0,,card
thaphae,TP-36AA45,2,2026-02-12 08:10:00,P12,,1.0,55.0,,card
thaphae,TP-A02F94,1,2026-02-12 08:32:00,P11,S,1.0,50.0,M0221,card
thaphae,TP-E8E727,1,2026-02-12 09:07:00,P02,M,1.0,55.0,,qr
thaphae,TP-E8E727,2,2026-02-12 09:07:00,P12,,1.0,55.0,,qr
thaphae,TP-993DF4,1,2026-02-12 10:10:00,P04,S,1.0,55.0,,card
thaphae,TP-82A836,1,2026-02-12 10:55:00,P10,M,1.0,60.0,,card
thaphae,TP-F27AA0,1,2026-02-12 11:06:00,P01,M,1.0,55.0,M0398,qr
thaphae,TP-F27AA0,2,2026-02-12 11:06:00,P12,,1.0,55.0,M0398,qr
thaphae,TP-CFC7AB,1,2026-02-12 12:09:00,P11,M,2.0,60.0,,qr
thaphae,TP-B719CD,1,2026-02-12 13:05:00,P07,M,2.0,55.0,,cash
thaphae,TP-03972A,1,2026-02-12 14:27:00,P08,L,1.0,80.0,,cash
thaphae,TP-405233,1,2026-02-12 15:23:00,P02,M,2.0,55.0,,cash
thaphae,TP-D86A36,1,2026-02-12 16:11:00,P09,L,2.0,60.0,,cash
thaphae,TP-D86A36,2,2026-02-12 16:11:00,P05,S,1.0,60.0,,cash
thaphae,TP-41DF08,1,2026-02-12 16:33:00,P13,,1.0,50.0,,card
thaphae,TP-BD3354,1,2026-02-12 16:44:00,P04,M,1.0,65.0,,cash
thaphae,TP-4CAE20,1,2026-02-12 17:12:00,P07,L,1.0,65.0,,cash
thaphae,TP-4EECB7,1,2026-02-12 17:40:00,P13,,1.0,50.0,M0588,qr
thaphae,TP-3C6B2A,1,2026-02-12 18:38:00,P10,S,2.0,50.0,M0764,qr
thaphae,TP-1A5DF0,1,2026-02-12 18:42:00,P01,L,1.0,65.0,M0026,card
thaphae,TP-1A5DF0,2,2026-02-12 18:42:00,P15,,1.0,75.0,M0026,card
thaphae,TP-501F87,1,2026-02-12 18:55:00,P09,L,1.0,60.0,M0573,card
thaphae,TP-751430,1,2026-02-12 19:08:00,P08,M,1.0,70.0,M0684,qr
thaphae,TP-751430,2,2026-02-12 19:08:00,P07,S,1.0,45.0,M0684,qr
thaphae,TP-F2D80D,1,2026-02-12 19:58:00,P12,,1.0,55.0,M0191,cash
thaphae,TP-DCC58F,1,2026-02-13 07:34:00,P08,S,1.0,60.0,,cash
thaphae,TP-7F6E38,1,2026-02-13 08:14:00,P02,M,2.0,55.0,,card
thaphae,TP-6E9B32,1,2026-02-13 08:49:00,P08,M,1.0,70.0,,card
thaphae,TP-FCF74A,1,2026-02-13 09:21:00,P06,L,1.0,85.0,,card
thaphae,TP-FCF74A,2,2026-02-13 09:21:00,P14,,1.0,85.0,,card
thaphae,TP-08BE79,1,2026-02-13 10:38:00,P05,S,1.0,60.0,,qr
thaphae,TP-08BE79,2,2026-02-13 10:38:00,P02,S,1.0,45.0,,qr
thaphae,TP-AE2E80,1,2026-02-13 11:09:00,P05,L,1.0,80.0,,qr
thaphae,TP-5CFBBB,1,2026-02-13 11:45:00,P12,,1.0,55.0,M0778,qr
thaphae,TP-5CFBBB,2,2026-02-13 11:45:00,P03,L,1.0,75.0,M0778,qr
thaphae,TP-F3CDDA,1,2026-02-13 11:46:00,P01,M,1.0,55.0,,cash
thaphae,TP-F3CDDA,2,2026-02-13 11:46:00,P15,,1.0,75.0,,cash
thaphae,TP-6E0EA6,1,2026-02-13 12:03:00,P02,M,1.0,55.0,,cash
thaphae,TP-0A43E7,1,2026-02-13 15:04:00,P03,M,1.0,65.0,,card
thaphae,TP-55466A,1,2026-02-13 15:19:00,P01,M,1.0,55.0,M0294,card
thaphae,TP-2D056C,1,2026-02-13 15:29:00,P14,,1.0,85.0,,qr
thaphae,TP-EEB633,1,2026-02-13 15:35:00,P12,,1.0,55.0,,card
thaphae,TP-2CEB53,1,2026-02-13 16:06:00,P13,,1.0,50.0,,qr
thaphae,TP-0DF781,1,2026-02-13 16:26:00,P12,,1.0,55.0,M0725,cash
thaphae,TP-0CFA4F,1,2026-02-13 17:49:00,P08,L,2.0,80.0,,qr
thaphae,TP-0CFA4F,2,2026-02-13 17:49:00,P05,S,1.0,60.0,,qr
thaphae,TP-C1F72A,1,2026-02-13 18:39:00,P10,M,1.0,60.0,M0552,cash
thaphae,TP-F0FE73,1,2026-02-14 08:17:00,P03,L,1.0,75.0,,card
thaphae,TP-F0FE73,2,2026-02-14 08:17:00,P14,,1.0,85.0,,card
thaphae,TP-FC9329,1,2026-02-14 08:29:00,P11,S,1.0,50.0,,card
thaphae,TP-A7ABC5,1,2026-02-14 08:43:00,P02,S,1.0,45.0,,qr
thaphae,TP-A7ABC5,2,2026-02-14 08:43:00,P12,,1.0,55.0,,qr
thaphae,TP-A7ABC5,3,2026-02-14 08:43:00,P09,M,1.0,50.0,,qr
thaphae,TP-C86D5A,1,2026-02-14 10:01:00,P02,M,1.0,55.0,,card
thaphae,TP-C86D5A,2,2026-02-14 10:01:00,P12,,1.0,55.0,,card
thaphae,TP-AC2C27,1,2026-02-14 10:12:00,P15,,1.0,75.0,,cash
thaphae,TP-EE3612,1,2026-02-14 10:50:00,P03,M,1.0,65.0,M0481,cash
thaphae,TP-EE3612,2,2026-02-14 10:50:00,P14,,1.0,85.0,M0481,cash
thaphae,TP-81744A,1,2026-02-14 11:42:00,P02,L,1.0,65.0,M0221,qr
thaphae,TP-81744A,2,2026-02-14 11:42:00,P12,,1.0,55.0,M0221,qr
thaphae,TP-AD3331,1,2026-02-14 11:55:00,P03,S,1.0,55.0,,cash
thaphae,TP-AD3331,2,2026-02-14 11:55:00,P05,M,1.0,70.0,,cash
thaphae,TP-67C259,1,2026-02-14 11:56:00,P03,M,1.0,65.0,,cash
thaphae,TP-67C259,2,2026-02-14 11:56:00,P14,,1.0,85.0,,cash
thaphae,TP-8CB41A,1,2026-02-14 12:56:00,P08,M,1.0,70.0,,cash
thaphae,TP-0FE7AD,1,2026-02-14 13:36:00,P05,S,1.0,60.0,,cash
thaphae,TP-0FE7AD,2,2026-02-14 13:36:00,P15,,1.0,75.0,,cash
thaphae,TP-AF2B95,1,2026-02-14 13:37:00,P02,L,2.0,65.0,,qr
thaphae,TP-CD2A66,1,2026-02-14 13:57:00,P08,M,1.0,70.0,M0162,cash
thaphae,TP-9CA804,1,2026-02-14 14:27:00,P03,L,1.0,75.0,,cash
thaphae,TP-0F25D7,1,2026-02-14 14:29:00,P08,S,1.0,60.0,M0207,cash
thaphae,TP-0F25D7,2,2026-02-14 14:29:00,P06,S,1.0,65.0,M0207,cash
thaphae,TP-981772,1,2026-02-14 14:59:00,P02,M,1.0,55.0,M0717,qr
thaphae,TP-60F67C,1,2026-02-14 15:05:00,P12,,1.0,55.0,,qr
thaphae,TP-60F67C,2,2026-02-14 15:05:00,P02,M,1.0,55.0,,qr
thaphae,TP-EA9D8D,1,2026-02-14 15:36:00,P08,M,1.0,70.0,,card
thaphae,TP-32F43B,1,2026-02-14 16:42:00,P03,S,2.0,55.0,,cash
thaphae,TP-6C54A5,1,2026-02-14 16:46:00,P02,L,2.0,65.0,M0135,cash
thaphae,TP-6C54A5,2,2026-02-14 16:46:00,P12,,1.0,55.0,M0135,cash
thaphae,TP-5FA679,1,2026-02-14 17:15:00,P02,M,1.0,55.0,,card
thaphae,TP-5FA679,2,2026-02-14 17:15:00,P12,,1.0,55.0,,card
thaphae,TP-5FA679,3,2026-02-14 17:15:00,P07,L,1.0,65.0,,card
thaphae,TP-0673E2,1,2026-02-14 18:46:00,P07,M,2.0,55.0,M0709,card
thaphae,TP-6C1A14,1,2026-02-14 19:19:00,P07,M,1.0,55.0,,card
thaphae,TP-6C1A14,2,2026-02-14 19:19:00,P13,,1.0,50.0,,card
thaphae,TP-3BFC76,1,2026-02-14 19:28:00,P12,,1.0,55.0,,cash
thaphae,TP-ABE091,1,2026-02-14 19:38:00,P11,M,3.0,60.0,,qr
thaphae,TP-ABE091,2,2026-02-14 19:38:00,P05,S,1.0,60.0,,qr
thaphae,TP-48DF70,1,2026-02-14 19:45:00,P09,L,1.0,60.0,,card
thaphae,TP-176796,1,2026-02-15 07:15:00,P06,S,1.0,65.0,,qr
thaphae,TP-D328A3,1,2026-02-15 07:20:00,P03,L,1.0,75.0,,card
thaphae,TP-006EEE,1,2026-02-15 08:43:00,P04,M,1.0,65.0,,card
thaphae,TP-1DABA5,1,2026-02-15 10:09:00,P02,M,2.0,55.0,,cash
thaphae,TP-1BCFA6,1,2026-02-15 10:19:00,P04,M,1.0,65.0,,cash
thaphae,TP-1BCFA6,2,2026-02-15 10:19:00,P13,,1.0,50.0,,cash
thaphae,TP-CC1FF1,1,2026-02-15 11:29:00,P12,,1.0,55.0,,cash
thaphae,TP-5492B8,1,2026-02-15 13:25:00,P08,L,1.0,80.0,,cash
thaphae,TP-A87E4F,1,2026-02-15 13:27:00,P03,S,1.0,55.0,,cash
thaphae,TP-A87E4F,2,2026-02-15 13:27:00,P14,,1.0,85.0,,cash
thaphae,TP-EE847A,1,2026-02-15 13:46:00,P02,M,1.0,55.0,,cash
thaphae,TP-EE847A,2,2026-02-15 13:46:00,P12,,1.0,55.0,,cash
thaphae,TP-BD3296,1,2026-02-15 14:05:00,P08,M,1.0,70.0,,qr
thaphae,TP-BD3296,2,2026-02-15 14:05:00,P12,,1.0,55.0,,qr
thaphae,TP-41D101,1,2026-02-15 14:12:00,P06,L,1.0,85.0,,cash
thaphae,TP-8CFFD5,1,2026-02-15 14:50:00,P10,M,1.0,60.0,,card
thaphae,TP-C971C0,1,2026-02-15 14:56:00,P13,,1.0,50.0,,qr
thaphae,TP-7EA099,1,2026-02-15 15:48:00,P12,,2.0,55.0,,card
thaphae,TP-61ECAA,1,2026-02-15 15:49:00,P02,M,1.0,55.0,,cash
thaphae,TP-5001FE,1,2026-02-15 17:01:00,P05,M,1.0,70.0,,cash
thaphae,TP-0B161A,1,2026-02-15 18:50:00,P08,L,3.0,80.0,,qr
thaphae,TP-BED5FD,1,2026-02-15 19:44:00,P06,M,1.0,75.0,M0351,card
thaphae,TP-11299E,1,2026-02-15 19:44:00,P05,S,1.0,60.0,,qr
thaphae,TP-D8B292,1,2026-02-15 19:52:00,P07,L,1.0,65.0,,card
thaphae,TP-D8B292,2,2026-02-15 19:52:00,P08,M,1.0,70.0,,card
thaphae,TP-9C22F4,1,2026-02-16 07:13:00,P02,L,2.0,65.0,M0288,qr
thaphae,TP-9C22F4,2,2026-02-16 07:13:00,P07,M,1.0,55.0,M0288,qr
thaphae,TP-27A5FA,1,2026-02-16 07:43:00,P04,M,1.0,65.0,M0789,cash
thaphae,TP-3F6267,1,2026-02-16 09:22:00,P04,M,1.0,65.0,,card
thaphae,TP-FEC7A4,1,2026-02-16 09:25:00,P05,S,1.0,60.0,,cash
thaphae,TP-FEC7A4,2,2026-02-16 09:25:00,P13,,1.0,50.0,,cash
thaphae,TP-FEC7A4,3,2026-02-16 09:25:00,P03,S,1.0,55.0,,cash
thaphae,TP-A30494,1,2026-02-16 09:26:00,P08,M,1.0,70.0,,card
thaphae,TP-A30494,2,2026-02-16 09:26:00,P12,,1.0,55.0,,card
thaphae,TP-8CCA54,1,2026-02-16 10:16:00,P12,,2.0,55.0,,cash
thaphae,TP-611EF9,1,2026-02-16 10:46:00,P02,M,2.0,55.0,M0266,cash
thaphae,TP-1ED778,1,2026-02-16 11:07:00,P15,,2.0,75.0,,card
thaphae,TP-19C495,1,2026-02-16 11:10:00,P07,M,2.0,55.0,M0090,cash
thaphae,TP-19C495,2,2026-02-16 11:10:00,P14,,1.0,85.0,M0090,cash
thaphae,TP-AD3D91,1,2026-02-16 11:24:00,P04,M,1.0,65.0,,cash
thaphae,TP-AD3D91,2,2026-02-16 11:24:00,P15,,1.0,75.0,,cash
thaphae,TP-E95B74,1,2026-02-16 11:29:00,P03,M,1.0,65.0,,qr
thaphae,TP-E95B74,2,2026-02-16 11:29:00,P02,M,1.0,55.0,,qr
thaphae,TP-17F8D3,1,2026-02-16 12:23:00,P03,S,1.0,55.0,,qr
thaphae,TP-C6DFD6,1,2026-02-16 13:02:00,P10,M,1.0,60.0,,card
thaphae,TP-C6DFD6,2,2026-02-16 13:02:00,P03,M,1.0,65.0,,card
thaphae,TP-7F21FA,1,2026-02-16 13:17:00,P02,M,1.0,55.0,M0416,qr
thaphae,TP-7F21FA,2,2026-02-16 13:17:00,P12,,1.0,55.0,M0416,qr
thaphae,TP-EA5E09,1,2026-02-16 13:21:00,P10,L,1.0,70.0,,cash
thaphae,TP-C2BF74,1,2026-02-16 13:55:00,P07,L,1.0,65.0,,cash
thaphae,TP-2D733D,1,2026-02-16 13:57:00,P07,M,1.0,55.0,,card
thaphae,TP-2D733D,2,2026-02-16 13:57:00,P13,,1.0,50.0,,card
thaphae,TP-2CE764,1,2026-02-16 14:59:00,P07,S,1.0,45.0,,card
thaphae,TP-03B6B7,1,2026-02-16 15:06:00,P10,L,1.0,70.0,,cash
thaphae,TP-15A420,1,2026-02-16 15:11:00,P03,M,1.0,65.0,,card
thaphae,TP-15A420,2,2026-02-16 15:11:00,P14,,1.0,85.0,,card
thaphae,TP-370E02,1,2026-02-16 15:33:00,P02,M,1.0,55.0,,cash
thaphae,TP-370E02,2,2026-02-16 15:33:00,P12,,1.0,55.0,,cash
thaphae,TP-8A6A56,1,2026-02-16 16:20:00,P01,L,1.0,65.0,,qr
thaphae,TP-8A6A56,2,2026-02-16 16:20:00,P15,,1.0,75.0,,qr
thaphae,TP-D0E52F,1,2026-02-16 17:15:00,P10,M,2.0,60.0,,card
thaphae,TP-8D23A5,1,2026-02-16 17:22:00,P06,M,1.0,75.0,,card
thaphae,TP-D719B6,1,2026-02-16 18:19:00,P07,S,1.0,45.0,,cash
thaphae,TP-242BF2,1,2026-02-16 18:40:00,P07,M,2.0,55.0,,card
thaphae,TP-96E8DE,1,2026-02-17 07:35:00,P05,M,1.0,70.0,M0262,card
thaphae,TP-FEEB9A,1,2026-02-17 08:46:00,P14,,1.0,85.0,,cash
thaphae,TP-922C1C,1,2026-02-17 08:57:00,P03,L,1.0,75.0,,qr
thaphae,TP-922C1C,2,2026-02-17 08:57:00,P14,,1.0,85.0,,qr
thaphae,TP-2C8396,1,2026-02-17 09:10:00,P04,L,1.0,75.0,,cash
thaphae,TP-12FE23,1,2026-02-17 09:20:00,P15,,2.0,75.0,M0288,cash
thaphae,TP-2746A1,1,2026-02-17 09:27:00,P03,M,1.0,65.0,M0147,cash
thaphae,TP-516D12,1,2026-02-17 09:54:00,P07,L,1.0,65.0,M0676,cash
thaphae,TP-516D12,2,2026-02-17 09:54:00,P13,,1.0,50.0,M0676,cash
thaphae,TP-CDF53C,1,2026-02-17 10:09:00,P13,,1.0,50.0,,cash
thaphae,TP-1B0172,1,2026-02-17 10:18:00,P05,M,1.0,70.0,,qr
thaphae,TP-28D29F,1,2026-02-17 10:24:00,P07,S,1.0,45.0,M0737,qr
thaphae,TP-28D29F,2,2026-02-17 10:24:00,P13,,1.0,50.0,M0737,qr
thaphae,TP-B60473,1,2026-02-17 10:40:00,P06,M,1.0,75.0,M0129,card
thaphae,TP-FFF283,1,2026-02-17 10:44:00,P02,M,2.0,55.0,,card
thaphae,TP-FFF283,2,2026-02-17 10:44:00,P12,,1.0,55.0,,card
thaphae,TP-7E2531,1,2026-02-17 10:58:00,P03,S,1.0,55.0,,cash
thaphae,TP-7E2531,2,2026-02-17 10:58:00,P14,,1.0,85.0,,cash
thaphae,TP-F7CF41,1,2026-02-17 11:05:00,P15,,3.0,75.0,,cash
thaphae,TP-573AAA,1,2026-02-17 12:06:00,P05,M,1.0,70.0,,card
thaphae,TP-188319,1,2026-02-17 12:18:00,P07,M,1.0,55.0,,cash
thaphae,TP-230F45,1,2026-02-17 12:21:00,P08,S,1.0,60.0,M0734,card
thaphae,TP-0CB8A7,1,2026-02-17 12:53:00,P08,L,1.0,80.0,,qr
thaphae,TP-0CB8A7,2,2026-02-17 12:53:00,P13,,1.0,50.0,,qr
thaphae,TP-19EE11,1,2026-02-17 13:46:00,P08,L,2.0,80.0,M0386,cash
thaphae,TP-03D1E3,1,2026-02-17 14:07:00,P12,,1.0,55.0,,cash
thaphae,TP-899535,1,2026-02-17 14:20:00,P12,,1.0,55.0,M0046,card
thaphae,TP-A2CCA4,1,2026-02-17 14:59:00,P08,M,1.0,70.0,,qr
thaphae,TP-28ACCB,1,2026-02-17 15:01:00,P10,L,1.0,70.0,M0457,card
thaphae,TP-E4E65A,1,2026-02-17 15:14:00,P13,,1.0,50.0,M0063,cash
thaphae,TP-D5C803,1,2026-02-17 15:19:00,P03,L,1.0,75.0,,cash
thaphae,TP-D5C803,2,2026-02-17 15:19:00,P14,,1.0,85.0,,cash
thaphae,TP-D5C803,3,2026-02-17 15:19:00,P09,L,1.0,60.0,,cash
thaphae,TP-BDE53E,1,2026-02-17 16:40:00,P08,L,1.0,80.0,M0647,cash
thaphae,TP-C1AE35,1,2026-02-17 16:59:00,P07,M,1.0,55.0,,qr
thaphae,TP-C1AE35,2,2026-02-17 16:59:00,P13,,1.0,50.0,,qr
thaphae,TP-C1AE35,3,2026-02-17 16:59:00,P02,M,1.0,55.0,,qr
thaphae,TP-1A4006,1,2026-02-18 07:03:00,P03,S,1.0,55.0,,cash
thaphae,TP-1A4006,2,2026-02-18 07:03:00,P14,,1.0,85.0,,cash
thaphae,TP-BF2DD6,1,2026-02-18 07:25:00,P06,M,1.0,75.0,,card
thaphae,TP-6AA7E7,1,2026-02-18 07:36:00,P02,M,1.0,55.0,,card
thaphae,TP-6AA7E7,2,2026-02-18 07:36:00,P12,,1.0,55.0,,card
thaphae,TP-BDB101,1,2026-02-18 07:37:00,P15,,1.0,75.0,M0652,cash
thaphae,TP-19F59D,1,2026-02-18 08:13:00,P03,M,1.0,65.0,,qr
thaphae,TP-19F59D,2,2026-02-18 08:13:00,P15,,1.0,75.0,,qr
thaphae,TP-0AF16C,1,2026-02-18 08:22:00,P04,S,1.0,55.0,,cash
thaphae,TP-5AA073,1,2026-02-18 08:30:00,P02,M,2.0,55.0,,cash
thaphae,TP-5AA073,2,2026-02-18 08:30:00,P12,,1.0,55.0,,cash
thaphae,TP-5AA073,3,2026-02-18 08:30:00,P04,M,1.0,65.0,,cash
thaphae,TP-C9AFA6,1,2026-02-18 08:53:00,P11,L,1.0,70.0,,qr
thaphae,TP-F986D3,1,2026-02-18 08:56:00,P03,M,1.0,65.0,,card
thaphae,TP-F986D3,2,2026-02-18 08:56:00,P14,,1.0,85.0,,card
thaphae,TP-B5C1ED,1,2026-02-18 09:22:00,P05,M,1.0,70.0,M0728,card
thaphae,TP-1235B5,1,2026-02-18 09:44:00,P03,M,1.0,65.0,M0728,qr
thaphae,TP-1235B5,2,2026-02-18 09:44:00,P14,,1.0,85.0,M0728,qr
thaphae,TP-327A71,1,2026-02-18 10:15:00,P05,S,1.0,60.0,,card
thaphae,TP-327A71,2,2026-02-18 10:15:00,P14,,1.0,85.0,,card
thaphae,TP-C53CF9,1,2026-02-18 10:17:00,P01,L,1.0,65.0,M0580,qr
thaphae,TP-92C7EB,1,2026-02-18 10:34:00,P01,M,1.0,55.0,M0628,cash
thaphae,TP-92C7EB,2,2026-02-18 10:34:00,P15,,1.0,75.0,M0628,cash
thaphae,TP-90FD2C,1,2026-02-18 10:39:00,P03,S,2.0,55.0,,cash
thaphae,TP-E7FFA5,1,2026-02-18 10:57:00,P02,S,2.0,45.0,,qr
thaphae,TP-E7FFA5,2,2026-02-18 10:57:00,P12,,1.0,55.0,,qr
thaphae,TP-E7FFA5,3,2026-02-18 10:57:00,P03,L,1.0,75.0,,qr
thaphae,TP-DEB497,1,2026-02-18 10:59:00,P13,,1.0,50.0,,cash
thaphae,TP-DEB497,2,2026-02-18 10:59:00,P03,L,1.0,75.0,,cash
thaphae,TP-7C8784,1,2026-02-18 12:44:00,P10,M,3.0,60.0,,cash
thaphae,TP-99DB53,1,2026-02-18 13:20:00,P05,M,1.0,70.0,,card
thaphae,TP-BDEC9F,1,2026-02-18 13:27:00,P08,M,1.0,70.0,,card
thaphae,TP-5C0B46,1,2026-02-18 13:32:00,P08,M,1.0,70.0,,cash
thaphae,TP-031F41,1,2026-02-18 14:00:00,P03,S,1.0,55.0,M0255,card
thaphae,TP-6EC865,1,2026-02-18 14:09:00,P05,L,1.0,80.0,,qr
thaphae,TP-6EC865,2,2026-02-18 14:09:00,P10,S,1.0,50.0,,qr
thaphae,TP-724E04,1,2026-02-18 14:13:00,P04,M,1.0,65.0,,card
thaphae,TP-16B00E,1,2026-02-18 14:13:00,P03,M,1.0,65.0,,cash
thaphae,TP-16B00E,2,2026-02-18 14:13:00,P14,,1.0,85.0,,cash
thaphae,TP-084A32,1,2026-02-18 14:50:00,P04,M,2.0,65.0,,card
thaphae,TP-084A32,2,2026-02-18 14:50:00,P10,M,1.0,60.0,,card
thaphae,TP-608405,1,2026-02-18 14:57:00,P15,,1.0,75.0,,qr
thaphae,TP-3655B4,1,2026-02-18 15:17:00,P13,,1.0,50.0,,cash
thaphae,TP-C31597,1,2026-02-18 16:34:00,P12,,1.0,55.0,M0457,cash
thaphae,TP-693BC0,1,2026-02-18 16:34:00,P10,M,1.0,60.0,,cash
thaphae,TP-693BC0,2,2026-02-18 16:34:00,P09,S,1.0,40.0,,cash
thaphae,TP-6CAC1E,1,2026-02-18 17:20:00,P10,M,2.0,60.0,,cash
thaphae,TP-6CAC1E,2,2026-02-18 17:20:00,P02,L,1.0,65.0,,cash
thaphae,TP-688F10,1,2026-02-18 17:48:00,P08,S,2.0,60.0,M0790,card
thaphae,TP-682E46,1,2026-02-18 18:11:00,P07,L,1.0,65.0,,card
thaphae,TP-7D3C0C,1,2026-02-19 09:20:00,P02,M,1.0,55.0,,cash
thaphae,TP-7D3C0C,2,2026-02-19 09:20:00,P06,S,1.0,65.0,,cash
thaphae,TP-286A83,1,2026-02-19 09:33:00,P15,,1.0,75.0,M0770,cash
thaphae,TP-A1EF50,1,2026-02-19 09:40:00,P15,,1.0,75.0,M0184,cash
thaphae,TP-9E837C,1,2026-02-19 09:50:00,P14,,1.0,85.0,,qr
thaphae,TP-9E837C,2,2026-02-19 09:50:00,P04,M,1.0,65.0,,qr
thaphae,TP-662E10,1,2026-02-19 10:02:00,P08,M,1.0,70.0,,card
thaphae,TP-576832,1,2026-02-19 10:23:00,P02,S,1.0,45.0,,cash
thaphae,TP-576832,2,2026-02-19 10:23:00,P12,,1.0,55.0,,cash
thaphae,TP-1EB67B,1,2026-02-19 10:34:00,P04,M,2.0,65.0,,cash
thaphae,TP-91B88B,1,2026-02-19 10:35:00,P05,L,1.0,80.0,,card
thaphae,TP-D323CD,1,2026-02-19 10:47:00,P06,S,2.0,65.0,,qr
thaphae,TP-623326,1,2026-02-19 11:03:00,P12,,1.0,55.0,,qr
thaphae,TP-56DEAE,1,2026-02-19 11:11:00,P08,L,1.0,80.0,,qr
thaphae,TP-56DEAE,2,2026-02-19 11:11:00,P02,S,1.0,45.0,,qr
thaphae,TP-B68637,1,2026-02-19 11:17:00,P14,,1.0,85.0,,cash
thaphae,TP-5EC5A5,1,2026-02-19 11:24:00,P10,M,2.0,60.0,,card
thaphae,TP-6C5B23,1,2026-02-19 11:28:00,P06,M,1.0,75.0,,card
thaphae,TP-6C5B23,2,2026-02-19 11:28:00,P13,,1.0,50.0,,card
thaphae,TP-416E42,1,2026-02-19 12:12:00,P12,,1.0,55.0,,cash
thaphae,TP-D5DFC7,1,2026-02-19 12:49:00,P11,M,1.0,60.0,,cash
thaphae,TP-9801FD,1,2026-02-19 12:53:00,P07,S,3.0,45.0,,card
thaphae,TP-9801FD,2,2026-02-19 12:53:00,P13,,1.0,50.0,,card
thaphae,TP-8DC614,1,2026-02-19 13:09:00,P04,L,2.0,75.0,,qr
thaphae,TP-8DC614,2,2026-02-19 13:09:00,P09,L,1.0,60.0,,qr
thaphae,TP-873493,1,2026-02-19 13:31:00,P09,M,3.0,50.0,,qr
thaphae,TP-E168E1,1,2026-02-19 14:27:00,P02,M,1.0,55.0,,card
thaphae,TP-78A5EC,1,2026-02-19 14:33:00,P08,M,1.0,70.0,M0245,card
thaphae,TP-4BA9D2,1,2026-02-19 14:45:00,P15,,1.0,75.0,,card
thaphae,TP-3A2D98,1,2026-02-19 14:59:00,P03,S,1.0,55.0,,cash
thaphae,TP-3A2D98,2,2026-02-19 14:59:00,P14,,1.0,85.0,,cash
thaphae,TP-F2393A,1,2026-02-19 15:04:00,P07,L,1.0,65.0,,qr
thaphae,TP-1F35C8,1,2026-02-19 15:13:00,P07,L,1.0,65.0,,cash
thaphae,TP-D087F8,1,2026-02-19 15:36:00,P14,,1.0,85.0,,cash
thaphae,TP-D087F8,2,2026-02-19 15:36:00,P08,M,1.0,70.0,,cash
thaphae,TP-F814FC,1,2026-02-19 15:48:00,P15,,2.0,75.0,,cash
thaphae,TP-B2CEAD,1,2026-02-19 16:35:00,P03,M,1.0,65.0,,card
thaphae,TP-B2CEAD,2,2026-02-19 16:35:00,P14,,1.0,85.0,,card
thaphae,TP-2EB473,1,2026-02-19 16:51:00,P05,S,1.0,60.0,,card
thaphae,TP-719AA8,1,2026-02-19 18:25:00,P08,M,1.0,70.0,,qr
thaphae,TP-33537F,1,2026-02-19 18:40:00,P07,L,1.0,65.0,,qr
thaphae,TP-F864D3,1,2026-02-19 19:48:00,P10,M,1.0,60.0,M0336,qr
thaphae,TP-147E7D,1,2026-02-20 07:38:00,P03,M,1.0,65.0,,qr
thaphae,TP-29086E,1,2026-02-20 07:38:00,P04,L,2.0,75.0,,cash
thaphae,TP-33EFA3,1,2026-02-20 07:48:00,P11,L,1.0,70.0,,qr
thaphae,TP-48789C,1,2026-02-20 08:19:00,P01,S,1.0,45.0,,card
thaphae,TP-9FD2D4,1,2026-02-20 09:07:00,P02,M,2.0,55.0,,cash
thaphae,TP-9FD2D4,2,2026-02-20 09:07:00,P01,M,1.0,55.0,,cash
thaphae,TP-6CF502,1,2026-02-20 09:10:00,P03,S,1.0,55.0,M0046,card
thaphae,TP-EB9F84,1,2026-02-20 09:13:00,P03,M,1.0,65.0,,card
thaphae,TP-EBBA4C,1,2026-02-20 09:49:00,P08,M,1.0,70.0,,cash
thaphae,TP-BFBB11,1,2026-02-20 10:01:00,P12,,1.0,55.0,,card
thaphae,TP-A32610,1,2026-02-20 10:45:00,P14,,1.0,85.0,M0362,cash
thaphae,TP-2D26AC,1,2026-02-20 14:01:00,P15,,1.0,75.0,,card
thaphae,TP-2D26AC,2,2026-02-20 14:01:00,P03,L,1.0,75.0,,card
thaphae,TP-AE0644,1,2026-02-20 14:10:00,P13,,2.0,50.0,,qr
thaphae,TP-961C55,1,2026-02-20 14:49:00,P08,M,1.0,70.0,M0523,cash
thaphae,TP-961C55,2,2026-02-20 14:49:00,P09,L,1.0,60.0,M0523,cash
thaphae,TP-D5A0E3,1,2026-02-20 15:43:00,P14,,1.0,85.0,,card
thaphae,TP-D5A0E3,2,2026-02-20 15:43:00,P08,L,1.0,80.0,,card
thaphae,TP-D2198F,1,2026-02-20 16:36:00,P04,M,1.0,65.0,M0389,card
thaphae,TP-604449,1,2026-02-20 16:48:00,P08,M,1.0,70.0,M0613,cash
thaphae,TP-0019F2,1,2026-02-20 17:48:00,P06,S,1.0,65.0,,qr
thaphae,TP-0019F2,2,2026-02-20 17:48:00,P14,,1.0,85.0,,qr
thaphae,TP-371A78,1,2026-02-20 19:16:00,P01,M,1.0,55.0,M0388,qr
thaphae,TP-371A78,2,2026-02-20 19:16:00,P12,,1.0,55.0,M0388,qr
thaphae,TP-C9ECCC,1,2026-02-21 07:00:00,P14,,1.0,85.0,,qr
thaphae,TP-CCAD93,1,2026-02-21 07:08:00,P06,L,1.0,85.0,,qr
thaphae,TP-F2A58D,1,2026-02-21 07:36:00,P03,L,1.0,75.0,,cash
thaphae,TP-25B9B4,1,2026-02-21 08:21:00,P04,S,2.0,55.0,,cash
thaphae,TP-9D7675,1,2026-02-21 08:31:00,P04,L,1.0,75.0,,card
thaphae,TP-17C039,1,2026-02-21 09:05:00,P03,S,2.0,55.0,,qr
thaphae,TP-A20F84,1,2026-02-21 09:08:00,P14,,1.0,85.0,,qr
thaphae,TP-03189C,1,2026-02-21 09:21:00,P02,M,1.0,55.0,,qr
thaphae,TP-625032,1,2026-02-21 09:50:00,P13,,1.0,50.0,,card
thaphae,TP-C12AD0,1,2026-02-21 09:58:00,P05,M,1.0,70.0,,cash
thaphae,TP-F0FBC0,1,2026-02-21 12:38:00,P04,M,2.0,65.0,,qr
thaphae,TP-F623EB,1,2026-02-21 12:51:00,P14,,1.0,85.0,,card
thaphae,TP-6A92F0,1,2026-02-21 13:23:00,P07,M,1.0,55.0,M0361,cash
thaphae,TP-6A92F0,2,2026-02-21 13:23:00,P13,,1.0,50.0,M0361,cash
thaphae,TP-A62F96,1,2026-02-21 13:34:00,P11,M,1.0,60.0,,qr
thaphae,TP-483987,1,2026-02-21 13:59:00,P07,M,1.0,55.0,,card
thaphae,TP-483987,2,2026-02-21 13:59:00,P13,,1.0,50.0,,card
thaphae,TP-F322A1,1,2026-02-21 14:11:00,P08,S,1.0,60.0,M0144,qr
thaphae,TP-F322A1,2,2026-02-21 14:11:00,P12,,1.0,55.0,M0144,qr
thaphae,TP-1E6572,1,2026-02-21 14:55:00,P08,M,2.0,70.0,,qr
thaphae,TP-8D3164,1,2026-02-21 14:59:00,P08,S,1.0,60.0,,cash
thaphae,TP-49B9E2,1,2026-02-21 15:15:00,P07,M,2.0,55.0,,cash
thaphae,TP-49B9E2,2,2026-02-21 15:15:00,P13,,1.0,50.0,,cash
thaphae,TP-49B9E2,3,2026-02-21 15:15:00,P09,M,1.0,50.0,,cash
thaphae,TP-F2C586,1,2026-02-21 15:16:00,P01,M,1.0,55.0,,card
thaphae,TP-F2C586,2,2026-02-21 15:16:00,P15,,1.0,75.0,,card
thaphae,TP-9A5E5C,1,2026-02-21 16:04:00,P08,L,1.0,80.0,,cash
thaphae,TP-8E122F,1,2026-02-21 16:10:00,P15,,1.0,75.0,,qr
thaphae,TP-7A9166,1,2026-02-21 16:35:00,P07,M,1.0,55.0,,card
thaphae,TP-79CF91,1,2026-02-21 16:50:00,P04,M,1.0,65.0,,cash
thaphae,TP-9ACE14,1,2026-02-21 17:35:00,P09,S,1.0,40.0,,cash
thaphae,TP-9ACE14,2,2026-02-21 17:35:00,P13,,1.0,50.0,,cash
thaphae,TP-711916,1,2026-02-21 18:32:00,P12,,1.0,55.0,,card
thaphae,TP-AE5135,1,2026-02-21 18:39:00,P08,L,1.0,80.0,M0556,card
thaphae,TP-7DD114,1,2026-02-22 07:07:00,P04,S,1.0,55.0,,qr
thaphae,TP-7DD114,2,2026-02-22 07:07:00,P02,S,1.0,45.0,,qr
thaphae,TP-618809,1,2026-02-22 07:58:00,P01,M,2.0,55.0,,cash
thaphae,TP-618809,2,2026-02-22 07:58:00,P15,,1.0,75.0,,cash
thaphae,TP-B6A9BF,1,2026-02-22 08:24:00,P08,M,1.0,70.0,M0033,card
thaphae,TP-41C7D1,1,2026-02-22 08:43:00,P09,M,1.0,50.0,,cash
thaphae,TP-DC5BA9,1,2026-02-22 09:07:00,P07,M,2.0,55.0,,card
thaphae,TP-DC5BA9,2,2026-02-22 09:07:00,P14,,1.0,85.0,,card
thaphae,TP-289BBF,1,2026-02-22 09:27:00,P03,S,1.0,55.0,,qr
thaphae,TP-E5DA38,1,2026-02-22 09:52:00,P09,L,1.0,60.0,,cash
thaphae,TP-259CE0,1,2026-02-22 10:03:00,P05,M,2.0,70.0,,cash
thaphae,TP-5FBF91,1,2026-02-22 10:17:00,P05,M,1.0,70.0,,card
thaphae,TP-7CB1F4,1,2026-02-22 10:18:00,P06,L,1.0,85.0,,cash
thaphae,TP-67EDFF,1,2026-02-22 10:22:00,P10,M,1.0,60.0,,card
thaphae,TP-432569,1,2026-02-22 10:23:00,P02,L,2.0,65.0,M0153,card
thaphae,TP-432569,2,2026-02-22 10:23:00,P12,,1.0,55.0,M0153,card
thaphae,TP-E41EC8,1,2026-02-22 11:32:00,P04,S,1.0,55.0,,cash
thaphae,TP-A02E7A,1,2026-02-22 11:34:00,P02,M,1.0,55.0,M0140,cash
thaphae,TP-D4CA2D,1,2026-02-22 12:21:00,P12,,2.0,55.0,,qr
thaphae,TP-4110DB,1,2026-02-22 12:49:00,P12,,1.0,55.0,,qr
thaphae,TP-4110DB,2,2026-02-22 12:49:00,P08,M,1.0,70.0,,qr
thaphae,TP-4BCA0D,1,2026-02-22 13:40:00,P05,M,1.0,70.0,,card
thaphae,TP-B290EE,1,2026-02-22 13:58:00,P08,M,1.0,70.0,,cash
thaphae,TP-ADC518,1,2026-02-22 14:51:00,P07,M,1.0,55.0,,cash
thaphae,TP-ADC518,2,2026-02-22 14:51:00,P13,,1.0,50.0,,cash
thaphae,TP-9F9445,1,2026-02-22 16:07:00,P12,,1.0,55.0,,cash
thaphae,TP-686539,1,2026-02-22 16:30:00,P02,M,1.0,55.0,,cash
thaphae,TP-686539,2,2026-02-22 16:30:00,P12,,1.0,55.0,,cash
thaphae,TP-8FC90C,1,2026-02-22 16:37:00,P14,,1.0,85.0,,cash
thaphae,TP-1ACDE3,1,2026-02-22 17:09:00,P12,,1.0,55.0,,card
thaphae,TP-CA9DCC,1,2026-02-22 17:23:00,P03,M,2.0,65.0,,qr
thaphae,TP-CA9DCC,2,2026-02-22 17:23:00,P07,M,1.0,55.0,,qr
thaphae,TP-A4FFB6,1,2026-02-23 07:50:00,P09,L,1.0,60.0,,cash
thaphae,TP-A4FFB6,2,2026-02-23 07:50:00,P03,M,1.0,65.0,,cash
thaphae,TP-DDADB0,1,2026-02-23 08:01:00,P03,L,1.0,75.0,M0647,cash
thaphae,TP-DDADB0,2,2026-02-23 08:01:00,P14,,1.0,85.0,M0647,cash
thaphae,TP-5093E9,1,2026-02-23 08:03:00,P11,M,1.0,60.0,,cash
thaphae,TP-7E5F74,1,2026-02-23 08:05:00,P05,M,1.0,70.0,,qr
thaphae,TP-13575B,1,2026-02-23 08:06:00,P02,L,1.0,65.0,M0108,qr
thaphae,TP-13575B,2,2026-02-23 08:06:00,P03,S,1.0,55.0,M0108,qr
thaphae,TP-45A293,1,2026-02-23 08:08:00,P08,S,2.0,60.0,,card
thaphae,TP-159313,1,2026-02-23 08:35:00,P06,L,1.0,85.0,M0351,cash
thaphae,TP-A03BE5,1,2026-02-23 08:35:00,P04,L,1.0,75.0,,card
thaphae,TP-60E693,1,2026-02-23 09:49:00,P07,M,1.0,55.0,,qr
thaphae,TP-60E693,2,2026-02-23 09:49:00,P13,,1.0,50.0,,qr
thaphae,TP-DA995A,1,2026-02-23 09:54:00,P14,,1.0,85.0,,card
thaphae,TP-319771,1,2026-02-23 10:00:00,P01,S,2.0,45.0,,card
thaphae,TP-319771,2,2026-02-23 10:00:00,P14,,1.0,85.0,,card
thaphae,TP-A5A82E,1,2026-02-23 10:35:00,P02,S,1.0,45.0,,qr
thaphae,TP-A5A82E,2,2026-02-23 10:35:00,P12,,1.0,55.0,,qr
thaphae,TP-1E5C12,1,2026-02-23 13:06:00,P11,M,1.0,60.0,,card
thaphae,TP-1E5C12,2,2026-02-23 13:06:00,P14,,1.0,85.0,,card
thaphae,TP-1E5C12,3,2026-02-23 13:06:00,P08,M,1.0,70.0,,card
thaphae,TP-BA0E69,1,2026-02-23 15:29:00,P08,M,1.0,70.0,,card
thaphae,TP-BA0E69,2,2026-02-23 15:29:00,P15,,1.0,75.0,,card
thaphae,TP-7F79D4,1,2026-02-23 15:35:00,P15,,1.0,75.0,M0494,card
thaphae,TP-489946,1,2026-02-23 15:38:00,P02,M,1.0,55.0,,cash
thaphae,TP-489946,2,2026-02-23 15:38:00,P12,,1.0,55.0,,cash
thaphae,TP-9DB3CB,1,2026-02-23 15:39:00,P08,M,1.0,70.0,M0556,cash
thaphae,TP-547769,1,2026-02-23 16:32:00,P11,M,1.0,60.0,,cash
thaphae,TP-547769,2,2026-02-23 16:32:00,P06,L,1.0,85.0,,cash
thaphae,TP-76DDEF,1,2026-02-23 16:40:00,P14,,1.0,85.0,,card
thaphae,TP-DDC209,1,2026-02-23 16:45:00,P04,M,1.0,65.0,,cash
thaphae,TP-CF1B87,1,2026-02-23 18:06:00,P07,M,1.0,55.0,,qr
thaphae,TP-35270F,1,2026-02-23 19:24:00,P10,M,1.0,60.0,,card
thaphae,TP-7EE674,1,2026-02-24 07:47:00,P03,M,1.0,65.0,,cash
thaphae,TP-6D8F43,1,2026-02-24 08:05:00,P03,M,1.0,65.0,,card
thaphae,TP-6D8F43,2,2026-02-24 08:05:00,P14,,1.0,85.0,,card
thaphae,TP-E14E81,1,2026-02-24 08:34:00,P03,M,1.0,65.0,,qr
thaphae,TP-A77C8F,1,2026-02-24 09:04:00,P03,M,1.0,65.0,M0655,cash
thaphae,TP-3F7CB0,1,2026-02-24 09:10:00,P03,L,1.0,75.0,,card
thaphae,TP-37B118,1,2026-02-24 09:38:00,P03,M,1.0,65.0,M0022,card
thaphae,TP-8052B4,1,2026-02-24 09:54:00,P03,M,2.0,65.0,,card
thaphae,TP-979A61,1,2026-02-24 10:30:00,P02,L,1.0,65.0,,cash
thaphae,TP-979A61,2,2026-02-24 10:30:00,P12,,1.0,55.0,,cash
thaphae,TP-129180,1,2026-02-24 10:40:00,P04,M,1.0,65.0,,card
thaphae,TP-4A6359,1,2026-02-24 10:52:00,P13,,1.0,50.0,,cash
thaphae,TP-FBB26F,1,2026-02-24 11:05:00,P05,M,1.0,70.0,,cash
thaphae,TP-231C7F,1,2026-02-24 11:41:00,P05,S,2.0,60.0,,qr
thaphae,TP-E3C80F,1,2026-02-24 12:22:00,P05,M,1.0,70.0,M0747,cash
thaphae,TP-6B985A,1,2026-02-24 12:46:00,P02,M,1.0,55.0,M0303,card
thaphae,TP-6B985A,2,2026-02-24 12:46:00,P12,,1.0,55.0,M0303,card
thaphae,TP-78BE34,1,2026-02-24 13:00:00,P10,M,2.0,60.0,,qr
thaphae,TP-1E5B87,1,2026-02-24 14:13:00,P02,L,1.0,65.0,,cash
thaphae,TP-D42E20,1,2026-02-24 14:21:00,P08,M,1.0,70.0,,qr
thaphae,TP-D42E20,2,2026-02-24 14:21:00,P12,,1.0,55.0,,qr
thaphae,TP-87C0B2,1,2026-02-24 14:40:00,P03,M,3.0,65.0,,qr
thaphae,TP-324DDE,1,2026-02-24 15:20:00,P02,S,1.0,45.0,M0126,card
thaphae,TP-298104,1,2026-02-24 15:46:00,P05,M,1.0,70.0,,card
thaphae,TP-FAE631,1,2026-02-24 15:57:00,P06,M,1.0,75.0,,qr
thaphae,TP-4E3C85,1,2026-02-24 16:02:00,P02,S,1.0,45.0,,card
thaphae,TP-4D0725,1,2026-02-24 16:05:00,P08,S,1.0,60.0,,qr
thaphae,TP-4D0725,2,2026-02-24 16:05:00,P12,,1.0,55.0,,qr
thaphae,TP-E02CCB,1,2026-02-24 16:22:00,P02,L,1.0,65.0,,card
thaphae,TP-E02CCB,2,2026-02-24 16:22:00,P13,,1.0,50.0,,card
thaphae,TP-A74EF6,1,2026-02-24 16:52:00,P15,,1.0,75.0,,qr
thaphae,TP-4D5508,1,2026-02-24 16:55:00,P10,S,1.0,50.0,M0382,cash
thaphae,TP-3C16FF,1,2026-02-24 17:02:00,P12,,1.0,55.0,,cash
thaphae,TP-80116B,1,2026-02-24 17:39:00,P11,L,1.0,70.0,,card
thaphae,TP-7CBDFB,1,2026-02-24 18:17:00,P08,S,1.0,60.0,,card
thaphae,TP-7CBDFB,2,2026-02-24 18:17:00,P12,,1.0,55.0,,card
thaphae,TP-DDB4DB,1,2026-02-24 18:33:00,P09,M,1.0,50.0,,qr
thaphae,TP-D448DF,1,2026-02-24 19:36:00,P13,,1.0,50.0,,card
thaphae,TP-B45292,1,2026-02-25 07:37:00,P02,M,1.0,55.0,,cash
thaphae,TP-B45292,2,2026-02-25 07:37:00,P12,,1.0,55.0,,cash
thaphae,TP-B45292,3,2026-02-25 07:37:00,P03,S,1.0,55.0,,cash
thaphae,TP-B1B17F,1,2026-02-25 08:33:00,P03,M,1.0,65.0,,cash
thaphae,TP-B1B17F,2,2026-02-25 08:33:00,P07,S,1.0,45.0,,cash
thaphae,TP-A99D94,1,2026-02-25 08:39:00,P09,S,1.0,40.0,M0684,cash
thaphae,TP-22AB36,1,2026-02-25 08:57:00,P03,L,1.0,75.0,M0567,card
thaphae,TP-22AB36,2,2026-02-25 08:57:00,P14,,1.0,85.0,M0567,card
thaphae,TP-6AA26D,1,2026-02-25 09:17:00,P05,L,2.0,80.0,,cash
thaphae,TP-6AA26D,2,2026-02-25 09:17:00,P12,,1.0,55.0,,cash
thaphae,TP-480B6E,1,2026-02-25 09:27:00,P07,L,1.0,65.0,M0394,qr
thaphae,TP-67069E,1,2026-02-25 09:40:00,P08,L,1.0,80.0,,cash
thaphae,TP-673C88,1,2026-02-25 09:42:00,P14,,1.0,85.0,,cash
thaphae,TP-E7C774,1,2026-02-25 10:01:00,P02,M,1.0,55.0,,card
thaphae,TP-E7C774,2,2026-02-25 10:01:00,P12,,1.0,55.0,,card
thaphae,TP-633209,1,2026-02-25 10:21:00,P02,L,1.0,65.0,,qr
thaphae,TP-633209,2,2026-02-25 10:21:00,P12,,1.0,55.0,,qr
thaphae,TP-8D5A93,1,2026-02-25 10:44:00,P03,M,1.0,65.0,,qr
thaphae,TP-F7C91A,1,2026-02-25 10:50:00,P09,L,1.0,60.0,,card
thaphae,TP-BEECEE,1,2026-02-25 10:59:00,P15,,2.0,75.0,M0433,card
thaphae,TP-0BAAC3,1,2026-02-25 11:13:00,P05,M,1.0,70.0,,cash
thaphae,TP-0BAAC3,2,2026-02-25 11:13:00,P09,L,1.0,60.0,,cash
thaphae,TP-5CDDBB,1,2026-02-25 12:05:00,P08,L,1.0,80.0,,card
thaphae,TP-3947C7,1,2026-02-25 12:14:00,P06,S,1.0,65.0,M0202,cash
thaphae,TP-D03E50,1,2026-02-25 13:16:00,P07,S,1.0,45.0,,card
thaphae,TP-D03E50,2,2026-02-25 13:16:00,P13,,1.0,50.0,,card
thaphae,TP-C816A3,1,2026-02-25 13:38:00,P07,S,2.0,45.0,M0511,card
thaphae,TP-F4D624,1,2026-02-25 13:43:00,P14,,1.0,85.0,M0202,qr
thaphae,TP-678C92,1,2026-02-25 13:46:00,P11,M,1.0,60.0,,cash
thaphae,TP-678C92,2,2026-02-25 13:46:00,P07,M,1.0,55.0,,cash
thaphae,TP-04E89C,1,2026-02-25 13:51:00,P06,S,1.0,65.0,M0181,cash
thaphae,TP-04E89C,2,2026-02-25 13:51:00,P07,M,1.0,55.0,M0181,cash
thaphae,TP-A4A529,1,2026-02-25 14:39:00,P09,M,1.0,50.0,,card
thaphae,TP-A4A529,2,2026-02-25 14:39:00,P05,M,1.0,70.0,,card
thaphae,TP-11620F,1,2026-02-25 15:22:00,P07,L,2.0,65.0,M0251,card
thaphae,TP-B08259,1,2026-02-25 15:54:00,P13,,1.0,50.0,,cash
thaphae,TP-516AB5,1,2026-02-25 15:56:00,P04,M,1.0,65.0,,qr
thaphae,TP-65C79F,1,2026-02-25 16:19:00,P09,M,1.0,50.0,,cash
thaphae,TP-F9625D,1,2026-02-25 16:49:00,P06,S,1.0,65.0,,cash
thaphae,TP-96C71B,1,2026-02-25 17:46:00,P03,S,1.0,55.0,,card
thaphae,TP-4C828F,1,2026-02-25 17:46:00,P05,L,1.0,80.0,M0593,qr
thaphae,TP-4C828F,2,2026-02-25 17:46:00,P14,,1.0,85.0,M0593,qr
thaphae,TP-FC0449,1,2026-02-26 07:18:00,P10,S,1.0,50.0,,qr
thaphae,TP-C784A4,1,2026-02-26 07:33:00,P12,,1.0,55.0,,qr
thaphae,TP-465E0C,1,2026-02-26 09:13:00,P11,M,1.0,60.0,,cash
thaphae,TP-B6EDEC,1,2026-02-26 09:29:00,P04,M,1.0,65.0,,cash
thaphae,TP-2BFB2E,1,2026-02-26 09:59:00,P08,M,1.0,70.0,,card
thaphae,TP-109139,1,2026-02-26 10:29:00,P09,L,1.0,60.0,,cash
thaphae,TP-109139,2,2026-02-26 10:29:00,P13,,1.0,50.0,,cash
thaphae,TP-C1C8DB,1,2026-02-26 11:00:00,P04,L,1.0,75.0,,qr
thaphae,TP-C6CDDF,1,2026-02-26 11:33:00,P02,S,1.0,45.0,,cash
thaphae,TP-C6CDDF,2,2026-02-26 11:33:00,P12,,1.0,55.0,,cash
thaphae,TP-169760,1,2026-02-26 11:37:00,P09,M,3.0,50.0,,qr
thaphae,TP-AD37CF,1,2026-02-26 11:38:00,P03,M,1.0,65.0,,card
thaphae,TP-AD37CF,2,2026-02-26 11:38:00,P14,,1.0,85.0,,card
thaphae,TP-AD37CF,3,2026-02-26 11:38:00,P05,L,1.0,80.0,,card
thaphae,TP-65D79C,1,2026-02-26 12:20:00,P10,L,1.0,70.0,M0167,card
thaphae,TP-D83A4B,1,2026-02-26 12:45:00,P07,M,1.0,55.0,,cash
thaphae,TP-D83A4B,2,2026-02-26 12:45:00,P13,,1.0,50.0,,cash
thaphae,TP-92002C,1,2026-02-26 14:48:00,P02,S,1.0,45.0,M0153,card
thaphae,TP-92002C,2,2026-02-26 14:48:00,P12,,1.0,55.0,M0153,card
thaphae,TP-257C1C,1,2026-02-26 14:50:00,P12,,1.0,55.0,,qr
thaphae,TP-84357C,1,2026-02-26 14:53:00,P10,M,1.0,60.0,M0279,card
thaphae,TP-A6D96C,1,2026-02-26 15:24:00,P05,S,2.0,60.0,,cash
thaphae,TP-E2B5C5,1,2026-02-26 15:41:00,P11,M,1.0,60.0,,qr
thaphae,TP-2E3FD2,1,2026-02-26 15:44:00,P09,M,1.0,50.0,,cash
thaphae,TP-2E3FD2,2,2026-02-26 15:44:00,P13,,1.0,50.0,,cash
thaphae,TP-DB0FED,1,2026-02-26 16:15:00,P07,M,2.0,55.0,,card
thaphae,TP-103E9C,1,2026-02-26 18:25:00,P13,,1.0,50.0,,card
thaphae,TP-9AF1AA,1,2026-02-26 18:44:00,P04,S,1.0,55.0,,card
thaphae,TP-C3D654,1,2026-02-26 18:45:00,P04,S,1.0,55.0,,cash
thaphae,TP-C3D654,2,2026-02-26 18:45:00,P15,,1.0,75.0,,cash
thaphae,TP-B942D1,1,2026-02-26 18:59:00,P13,,1.0,50.0,,qr
thaphae,TP-FD7382,1,2026-02-27 08:37:00,P02,M,1.0,55.0,,cash
thaphae,TP-76E7FF,1,2026-02-27 08:37:00,P14,,1.0,85.0,,qr
thaphae,TP-1B540F,1,2026-02-27 09:40:00,P08,M,1.0,70.0,,card
thaphae,TP-764196,1,2026-02-27 09:41:00,P12,,1.0,55.0,M0760,qr
thaphae,TP-D9B80A,1,2026-02-27 09:44:00,P02,M,2.0,55.0,M0320,card
thaphae,TP-37E806,1,2026-02-27 09:55:00,P02,L,1.0,65.0,,card
thaphae,TP-F88AF7,1,2026-02-27 09:58:00,P04,L,1.0,75.0,,qr
thaphae,TP-18FB96,1,2026-02-27 10:05:00,P02,S,1.0,45.0,,card
thaphae,TP-18FB96,2,2026-02-27 10:05:00,P12,,1.0,55.0,,card
thaphae,TP-876B38,1,2026-02-27 10:19:00,P01,M,2.0,55.0,,qr
thaphae,TP-993BE3,1,2026-02-27 10:19:00,P01,L,1.0,65.0,,cash
thaphae,TP-A6130D,1,2026-02-27 10:33:00,P02,M,1.0,55.0,,cash
thaphae,TP-A6130D,2,2026-02-27 10:33:00,P12,,1.0,55.0,,cash
thaphae,TP-E15229,1,2026-02-27 10:47:00,P05,M,1.0,70.0,,qr
thaphae,TP-E9A701,1,2026-02-27 12:04:00,P10,L,1.0,70.0,,cash
thaphae,TP-E9A701,2,2026-02-27 12:04:00,P15,,1.0,75.0,,cash
thaphae,TP-9462B4,1,2026-02-27 13:08:00,P09,M,2.0,50.0,,card
thaphae,TP-B3B482,1,2026-02-27 14:32:00,P04,S,2.0,55.0,M0397,cash
thaphae,TP-B3B482,2,2026-02-27 14:32:00,P12,,1.0,55.0,M0397,cash
thaphae,TP-1ED586,1,2026-02-27 15:20:00,P03,L,1.0,75.0,M0189,cash
thaphae,TP-1ED586,2,2026-02-27 15:20:00,P14,,1.0,85.0,M0189,cash
thaphae,TP-2FC953,1,2026-02-27 15:26:00,P15,,1.0,75.0,,cash
thaphae,TP-47881D,1,2026-02-27 16:42:00,P08,M,1.0,70.0,M0144,qr
thaphae,TP-47881D,2,2026-02-27 16:42:00,P15,,1.0,75.0,M0144,qr
thaphae,TP-AD4BE3,1,2026-02-27 16:58:00,P03,L,1.0,75.0,M0751,cash
thaphae,TP-AD4BE3,2,2026-02-27 16:58:00,P14,,1.0,85.0,M0751,cash
thaphae,TP-A32AD0,1,2026-02-27 17:19:00,P02,M,1.0,55.0,M0391,cash
thaphae,TP-A32AD0,2,2026-02-27 17:19:00,P12,,1.0,55.0,M0391,cash
thaphae,TP-B5769D,1,2026-02-27 18:42:00,P13,,2.0,50.0,,card
thaphae,TP-0CBCA5,1,2026-02-27 19:50:00,P10,M,1.0,60.0,,cash
thaphae,TP-0CBCA5,2,2026-02-27 19:50:00,P12,,1.0,55.0,,cash
thaphae,TP-C3D9CD,1,2026-02-28 07:48:00,P04,M,1.0,65.0,,card
thaphae,TP-C3D9CD,2,2026-02-28 07:48:00,P14,,1.0,85.0,,card
thaphae,TP-4C6A7B,1,2026-02-28 09:04:00,P07,L,1.0,65.0,,card
thaphae,TP-4C6A7B,2,2026-02-28 09:04:00,P13,,1.0,50.0,,card
thaphae,TP-4C6A7B,3,2026-02-28 09:04:00,P04,M,1.0,65.0,,card
thaphae,TP-172CD8,1,2026-02-28 09:12:00,P04,S,1.0,55.0,,qr
thaphae,TP-32C501,1,2026-02-28 09:17:00,P03,L,1.0,75.0,,card
thaphae,TP-32C501,2,2026-02-28 09:17:00,P14,,1.0,85.0,,card
thaphae,TP-32C501,3,2026-02-28 09:17:00,P02,S,1.0,45.0,,card
thaphae,TP-987C47,1,2026-02-28 09:29:00,P12,,1.0,55.0,M0771,cash
thaphae,TP-DF9244,1,2026-02-28 10:00:00,P09,M,1.0,50.0,,cash
thaphae,TP-DF9244,2,2026-02-28 10:00:00,P10,M,1.0,60.0,,cash
thaphae,TP-71F1AA,1,2026-02-28 10:03:00,P02,L,1.0,65.0,,cash
thaphae,TP-84C16A,1,2026-02-28 10:09:00,P05,M,2.0,70.0,,cash
thaphae,TP-180210,1,2026-02-28 10:17:00,P07,M,2.0,55.0,,qr
thaphae,TP-177CB1,1,2026-02-28 10:20:00,P04,S,1.0,55.0,M0488,card
thaphae,TP-177CB1,2,2026-02-28 10:20:00,P08,M,1.0,70.0,M0488,card
thaphae,TP-0F1C6C,1,2026-02-28 10:50:00,P07,M,1.0,55.0,,cash
thaphae,TP-0F1C6C,2,2026-02-28 10:50:00,P13,,1.0,50.0,,cash
thaphae,TP-3138E3,1,2026-02-28 10:52:00,P07,M,1.0,55.0,,card
thaphae,TP-30F19A,1,2026-02-28 11:44:00,P03,L,1.0,75.0,,cash
thaphae,TP-58FD36,1,2026-02-28 12:10:00,P03,L,1.0,75.0,,qr
thaphae,TP-58FD36,2,2026-02-28 12:10:00,P14,,1.0,85.0,,qr
thaphae,TP-5166C0,1,2026-02-28 13:02:00,P11,S,1.0,50.0,M0407,cash
thaphae,TP-173021,1,2026-02-28 13:15:00,P01,M,2.0,55.0,,cash
thaphae,TP-13CF26,1,2026-02-28 13:57:00,P07,S,1.0,45.0,,cash
thaphae,TP-13CF26,2,2026-02-28 13:57:00,P14,,1.0,85.0,,cash
thaphae,TP-886D78,1,2026-02-28 14:10:00,P14,,3.0,85.0,M0090,card
thaphae,TP-5F3E7B,1,2026-02-28 14:26:00,P13,,1.0,50.0,,qr
thaphae,TP-5F3E7B,2,2026-02-28 14:26:00,P03,S,1.0,55.0,,qr
thaphae,TP-52E79E,1,2026-02-28 14:48:00,P07,L,1.0,65.0,,card
thaphae,TP-52E79E,2,2026-02-28 14:48:00,P13,,1.0,50.0,,card
thaphae,TP-DB0420,1,2026-02-28 14:50:00,P07,S,1.0,45.0,,card
thaphae,TP-DB0420,2,2026-02-28 14:50:00,P13,,1.0,50.0,,card
thaphae,TP-DB0420,3,2026-02-28 14:50:00,P02,M,1.0,55.0,,card
thaphae,TP-D38A30,1,2026-02-28 14:51:00,P02,M,1.0,55.0,,cash
thaphae,TP-AF02B0,1,2026-02-28 14:52:00,P03,L,1.0,75.0,,card
thaphae,TP-AF02B0,2,2026-02-28 14:52:00,P13,,1.0,50.0,,card
thaphae,TP-59C268,1,2026-02-28 14:59:00,P02,M,3.0,55.0,,cash
thaphae,TP-F0ABD3,1,2026-02-28 15:01:00,P07,S,1.0,45.0,,cash
thaphae,TP-C9DC2B,1,2026-02-28 15:29:00,P10,S,1.0,50.0,,card
thaphae,TP-C9DC2B,2,2026-02-28 15:29:00,P13,,1.0,50.0,,card
thaphae,TP-6BB3DB,1,2026-02-28 15:47:00,P02,L,1.0,65.0,M0747,qr
thaphae,TP-6BB3DB,2,2026-02-28 15:47:00,P12,,1.0,55.0,M0747,qr
thaphae,TP-6BB3DB,3,2026-02-28 15:47:00,P08,S,1.0,60.0,M0747,qr
thaphae,TP-B21DBD,1,2026-02-28 15:58:00,P03,L,1.0,75.0,M0588,cash
thaphae,TP-6F3C15,1,2026-02-28 16:43:00,P15,,1.0,75.0,,qr
thaphae,TP-B4D3DE,1,2026-02-28 16:52:00,P01,L,1.0,65.0,M0425,cash
thaphae,TP-B4D3DE,2,2026-02-28 16:52:00,P12,,1.0,55.0,M0425,cash
thaphae,TP-DEF316,1,2026-02-28 16:57:00,P02,S,1.0,45.0,,cash
thaphae,TP-DEF316,2,2026-02-28 16:57:00,P12,,1.0,55.0,,cash
thaphae,TP-7CDC23,1,2026-02-28 17:14:00,P01,M,1.0,55.0,,card
thaphae,TP-02E4D9,1,2026-02-28 18:31:00,P01,M,1.0,55.0,,qr
thaphae,TP-2B422B,1,2026-02-28 19:13:00,P07,M,1.0,55.0,,cash
thaphae,TP-2DB7BD,1,2026-03-01 07:05:00,P07,M,1.0,55.0,,qr
thaphae,TP-CDC4C0,1,2026-03-01 07:19:00,P05,S,1.0,60.0,,card
thaphae,TP-C49A93,1,2026-03-01 08:02:00,P12,,1.0,55.0,,card
thaphae,TP-273B4A,1,2026-03-01 08:43:00,P01,S,1.0,45.0,,qr
thaphae,TP-8FA59A,1,2026-03-01 09:09:00,P05,M,1.0,70.0,M0048,cash
thaphae,TP-690A07,1,2026-03-01 09:11:00,P02,M,1.0,55.0,,qr
thaphae,TP-A84649,1,2026-03-01 09:39:00,P04,M,1.0,65.0,,card
thaphae,TP-0AE0CE,1,2026-03-01 10:03:00,P12,,1.0,55.0,M0362,card
thaphae,TP-0AE0CE,2,2026-03-01 10:03:00,P09,L,1.0,60.0,M0362,card
thaphae,TP-38DE83,1,2026-03-01 10:06:00,P09,M,2.0,50.0,,cash
thaphae,TP-728FAC,1,2026-03-01 10:32:00,P10,S,1.0,50.0,,cash
thaphae,TP-728FAC,2,2026-03-01 10:32:00,P12,,1.0,55.0,,cash
thaphae,TP-7F950A,1,2026-03-01 10:40:00,P05,M,1.0,70.0,,qr
thaphae,TP-7F950A,2,2026-03-01 10:40:00,P13,,1.0,50.0,,qr
thaphae,TP-F1061D,1,2026-03-01 11:17:00,P02,S,1.0,45.0,,cash
thaphae,TP-E9DD97,1,2026-03-01 11:18:00,P01,M,1.0,55.0,,cash
thaphae,TP-804524,1,2026-03-01 11:21:00,P03,M,2.0,65.0,,cash
thaphae,TP-7EA480,1,2026-03-01 12:28:00,P05,M,1.0,70.0,,card
thaphae,TP-7EA480,2,2026-03-01 12:28:00,P14,,1.0,85.0,,card
thaphae,TP-7EA480,3,2026-03-01 12:28:00,P10,M,1.0,60.0,,card
thaphae,TP-0348C4,1,2026-03-01 13:18:00,P15,,1.0,75.0,,cash
thaphae,TP-7C65FA,1,2026-03-01 13:55:00,P10,M,1.0,60.0,,card
thaphae,TP-7C65FA,2,2026-03-01 13:55:00,P14,,1.0,85.0,,card
thaphae,TP-F84AAA,1,2026-03-01 13:59:00,P04,S,2.0,55.0,M0593,cash
thaphae,TP-F1D7AA,1,2026-03-01 14:27:00,P07,L,1.0,65.0,M0110,qr
thaphae,TP-F1D7AA,2,2026-03-01 14:27:00,P13,,1.0,50.0,M0110,qr
thaphae,TP-8C9C4A,1,2026-03-01 14:30:00,P13,,1.0,50.0,,cash
thaphae,TP-6CC6E8,1,2026-03-01 14:45:00,P15,,1.0,75.0,,qr
thaphae,TP-9E9B95,1,2026-03-01 15:06:00,P04,L,1.0,75.0,M0473,card
thaphae,TP-F7EC51,1,2026-03-01 15:10:00,P08,S,3.0,60.0,M0486,cash
thaphae,TP-AE2EAF,1,2026-03-01 15:21:00,P07,M,1.0,55.0,,card
thaphae,TP-F31910,1,2026-03-01 15:52:00,P13,,1.0,50.0,,qr
thaphae,TP-1D391F,1,2026-03-01 16:50:00,P04,L,1.0,75.0,,qr
thaphae,TP-B0CF81,1,2026-03-01 17:04:00,P10,M,1.0,60.0,,cash
thaphae,TP-1709BB,1,2026-03-01 17:53:00,P13,,1.0,50.0,,card
thaphae,TP-9AC600,1,2026-03-02 07:13:00,P06,L,1.0,85.0,,cash
thaphae,TP-D477DD,1,2026-03-02 07:13:00,P08,M,2.0,70.0,,qr
thaphae,TP-D59771,1,2026-03-02 07:19:00,P13,,2.0,50.0,M0244,card
thaphae,TP-8F7D57,1,2026-03-02 08:33:00,P03,L,1.0,75.0,,cash
thaphae,TP-FF5069,1,2026-03-02 08:44:00,P02,S,2.0,45.0,,qr
thaphae,TP-FF5069,2,2026-03-02 08:44:00,P12,,1.0,55.0,,qr
thaphae,TP-C24B05,1,2026-03-02 08:46:00,P13,,1.0,50.0,,card
thaphae,TP-7AA4B8,1,2026-03-02 08:59:00,P03,L,1.0,75.0,,card
thaphae,TP-7AA4B8,2,2026-03-02 08:59:00,P14,,1.0,85.0,,card
thaphae,TP-1CEB21,1,2026-03-02 09:52:00,P06,S,1.0,65.0,,cash
thaphae,TP-1CEB21,2,2026-03-02 09:52:00,P15,,1.0,75.0,,cash
thaphae,TP-95A6C9,1,2026-03-02 10:38:00,P13,,1.0,50.0,,card
thaphae,TP-274037,1,2026-03-02 10:49:00,P06,S,1.0,65.0,,card
thaphae,TP-274037,2,2026-03-02 10:49:00,P07,L,1.0,65.0,,card
thaphae,TP-47B1C5,1,2026-03-02 11:15:00,P15,,1.0,75.0,,card
thaphae,TP-99C00C,1,2026-03-02 11:35:00,P03,M,1.0,65.0,M0244,cash
thaphae,TP-99C00C,2,2026-03-02 11:35:00,P14,,1.0,85.0,M0244,cash
thaphae,TP-6AEAEC,1,2026-03-02 12:29:00,P08,M,1.0,70.0,,cash
thaphae,TP-6AEAEC,2,2026-03-02 12:29:00,P07,M,1.0,55.0,,cash
thaphae,TP-E23AF9,1,2026-03-02 12:48:00,P01,M,1.0,55.0,M0533,cash
thaphae,TP-EF3C37,1,2026-03-02 14:16:00,P10,S,1.0,50.0,M0245,card
thaphae,TP-3FB219,1,2026-03-02 14:19:00,P15,,1.0,75.0,,card
thaphae,TP-D706F0,1,2026-03-02 14:38:00,P03,S,1.0,55.0,,cash
thaphae,TP-D706F0,2,2026-03-02 14:38:00,P14,,1.0,85.0,,cash
thaphae,TP-713FD7,1,2026-03-02 15:17:00,P04,M,1.0,65.0,,qr
thaphae,TP-A04930,1,2026-03-02 15:40:00,P07,S,1.0,45.0,,cash
thaphae,TP-A04930,2,2026-03-02 15:40:00,P13,,1.0,50.0,,cash
thaphae,TP-06F4C5,1,2026-03-02 16:30:00,P11,L,1.0,70.0,,cash
thaphae,TP-BE20DE,1,2026-03-02 17:08:00,P11,M,1.0,60.0,M0714,qr
thaphae,TP-BE20DE,2,2026-03-02 17:08:00,P15,,1.0,75.0,M0714,qr
thaphae,TP-2F6734,1,2026-03-02 17:51:00,P02,M,1.0,55.0,,qr
thaphae,TP-CB73CA,1,2026-03-02 17:55:00,P08,L,2.0,80.0,,qr
thaphae,TP-CB73CA,2,2026-03-02 17:55:00,P05,M,1.0,70.0,,qr
thaphae,TP-6FA473,1,2026-03-02 17:57:00,P11,M,1.0,60.0,M0393,cash
thaphae,TP-815D3B,1,2026-03-02 18:03:00,P05,S,1.0,60.0,M0394,cash
thaphae,TP-12980C,1,2026-03-02 18:12:00,P07,L,2.0,65.0,,cash
thaphae,TP-12980C,2,2026-03-02 18:12:00,P13,,1.0,50.0,,cash
thaphae,TP-12980C,3,2026-03-02 18:12:00,P09,M,1.0,50.0,,cash
thaphae,TP-A1A7AC,1,2026-03-02 18:40:00,P04,L,2.0,75.0,M0374,cash
thaphae,TP-A1A7AC,2,2026-03-02 18:40:00,P13,,1.0,50.0,M0374,cash
thaphae,TP-755C70,1,2026-03-02 18:52:00,P11,L,1.0,70.0,,card
thaphae,TP-028293,1,2026-03-03 08:02:00,P02,M,1.0,55.0,,cash
thaphae,TP-028293,2,2026-03-03 08:02:00,P07,M,1.0,55.0,,cash
thaphae,TP-D2C45B,1,2026-03-03 08:23:00,P05,S,1.0,60.0,,card
thaphae,TP-A2855E,1,2026-03-03 08:32:00,P10,M,1.0,60.0,,card
thaphae,TP-A2855E,2,2026-03-03 08:32:00,P12,,1.0,55.0,,card
thaphae,TP-BE1C48,1,2026-03-03 09:21:00,P12,,1.0,55.0,M0096,cash
thaphae,TP-DE3D26,1,2026-03-03 09:36:00,P02,S,2.0,45.0,,cash
thaphae,TP-509454,1,2026-03-03 09:57:00,P03,L,1.0,75.0,M0735,qr
thaphae,TP-A4D16A,1,2026-03-03 10:22:00,P07,M,1.0,55.0,M0598,card
thaphae,TP-A4D16A,2,2026-03-03 10:22:00,P13,,1.0,50.0,M0598,card
thaphae,TP-A4D16A,3,2026-03-03 10:22:00,P02,L,1.0,65.0,M0598,card
thaphae,TP-26143C,1,2026-03-03 10:23:00,P06,L,1.0,85.0,M0343,card
thaphae,TP-82B2F6,1,2026-03-03 10:38:00,P03,M,1.0,65.0,,cash
thaphae,TP-B82E49,1,2026-03-03 10:38:00,P02,M,1.0,55.0,,qr
thaphae,TP-B82E49,2,2026-03-03 10:38:00,P13,,1.0,50.0,,qr
thaphae,TP-556B63,1,2026-03-03 13:42:00,P12,,2.0,55.0,,cash
thaphae,TP-00A995,1,2026-03-03 14:35:00,P14,,1.0,85.0,,card
thaphae,TP-6A5856,1,2026-03-03 14:41:00,P11,S,1.0,50.0,,cash
thaphae,TP-C8E8B8,1,2026-03-03 15:05:00,P15,,2.0,75.0,,card
thaphae,TP-2F46D9,1,2026-03-03 15:51:00,P09,L,1.0,60.0,,card
thaphae,TP-2F46D9,2,2026-03-03 15:51:00,P15,,1.0,75.0,,card
thaphae,TP-57CD2D,1,2026-03-03 16:33:00,P12,,2.0,55.0,,cash
thaphae,TP-BFC645,1,2026-03-03 17:21:00,P07,M,1.0,55.0,M0389,card
thaphae,TP-BB4E2F,1,2026-03-03 17:57:00,P09,L,1.0,60.0,,card
thaphae,TP-BB4E2F,2,2026-03-03 17:57:00,P07,L,1.0,65.0,,card
thaphae,TP-DDAF60,1,2026-03-03 17:58:00,P13,,2.0,50.0,M0144,qr
thaphae,TP-DDAF60,2,2026-03-03 17:58:00,P04,S,1.0,55.0,M0144,qr
thaphae,TP-81FB06,1,2026-03-03 18:10:00,P02,S,1.0,45.0,M0598,card
thaphae,TP-8F1090,1,2026-03-03 18:27:00,P08,L,2.0,80.0,,card
thaphae,TP-60AD11,1,2026-03-03 18:36:00,P12,,1.0,55.0,,card
thaphae,TP-F819BC,1,2026-03-03 19:57:00,P10,M,3.0,60.0,,cash
thaphae,TP-C2DD02,1,2026-03-04 08:10:00,P11,M,1.0,60.0,,cash
thaphae,TP-45368E,1,2026-03-04 08:42:00,P14,,2.0,85.0,M0573,cash
thaphae,TP-262376,1,2026-03-04 10:01:00,P06,L,1.0,85.0,,qr
thaphae,TP-6E9866,1,2026-03-04 11:33:00,P11,S,1.0,50.0,,card
thaphae,TP-05D5D5,1,2026-03-04 11:33:00,P04,L,1.0,75.0,,card
thaphae,TP-4A4030,1,2026-03-04 11:44:00,P03,M,1.0,65.0,,cash
thaphae,TP-4A4030,2,2026-03-04 11:44:00,P14,,1.0,85.0,,cash
thaphae,TP-3B274E,1,2026-03-04 14:01:00,P09,M,2.0,50.0,,card
thaphae,TP-4C7D13,1,2026-03-04 14:04:00,P08,M,2.0,70.0,,cash
thaphae,TP-4C7D13,2,2026-03-04 14:04:00,P07,M,1.0,55.0,,cash
thaphae,TP-1E019E,1,2026-03-04 14:22:00,P10,M,1.0,60.0,M0224,qr
thaphae,TP-822375,1,2026-03-04 14:42:00,P06,M,1.0,75.0,,card
thaphae,TP-BC3F44,1,2026-03-04 14:46:00,P08,M,1.0,70.0,,card
thaphae,TP-6C1B3E,1,2026-03-04 14:57:00,P09,S,2.0,40.0,,cash
thaphae,TP-541394,1,2026-03-04 16:51:00,P05,S,1.0,60.0,M0616,cash
thaphae,TP-F4D491,1,2026-03-04 17:53:00,P07,M,1.0,55.0,,cash
thaphae,TP-856BEC,1,2026-03-04 18:56:00,P02,M,3.0,55.0,,qr
thaphae,TP-856BEC,2,2026-03-04 18:56:00,P12,,1.0,55.0,,qr
thaphae,TP-240857,1,2026-03-04 19:44:00,P11,M,1.0,60.0,,card
thaphae,TP-152419,1,2026-03-05 08:38:00,P05,L,2.0,80.0,M0457,cash
thaphae,TP-04B12C,1,2026-03-05 09:14:00,P09,S,1.0,40.0,M0728,cash
thaphae,TP-33EE74,1,2026-03-05 09:45:00,P03,M,1.0,65.0,,cash
thaphae,TP-DBFDB0,1,2026-03-05 10:04:00,P10,S,1.0,50.0,M0389,cash
thaphae,TP-C3AEEC,1,2026-03-05 10:16:00,P12,,2.0,55.0,,card
thaphae,TP-65F116,1,2026-03-05 10:19:00,P15,,1.0,75.0,M0106,qr
thaphae,TP-8400B7,1,2026-03-05 10:22:00,P01,M,1.0,55.0,,cash
thaphae,TP-05C217,1,2026-03-05 10:23:00,P10,M,1.0,60.0,,cash
thaphae,TP-32A3CC,1,2026-03-05 10:29:00,P11,M,1.0,60.0,,card
thaphae,TP-32A3CC,2,2026-03-05 10:29:00,P13,,1.0,50.0,,card
thaphae,TP-34C864,1,2026-03-05 10:30:00,P04,M,1.0,65.0,,card
thaphae,TP-B3A7D0,1,2026-03-05 10:43:00,P01,S,1.0,45.0,,qr
thaphae,TP-01DC12,1,2026-03-05 11:20:00,P01,L,1.0,65.0,,qr
thaphae,TP-01DC12,2,2026-03-05 11:20:00,P02,M,1.0,55.0,,qr
thaphae,TP-6FBB9F,1,2026-03-05 12:42:00,P08,L,1.0,80.0,,card
thaphae,TP-FC06E9,1,2026-03-05 12:52:00,P03,M,1.0,65.0,,card
thaphae,TP-1DBD8E,1,2026-03-05 13:02:00,P02,M,1.0,55.0,,card
thaphae,TP-1DBD8E,2,2026-03-05 13:02:00,P15,,1.0,75.0,,card
thaphae,TP-46A1E3,1,2026-03-05 14:12:00,P10,M,2.0,60.0,,cash
thaphae,TP-46A1E3,2,2026-03-05 14:12:00,P13,,1.0,50.0,,cash
thaphae,TP-45F6E2,1,2026-03-05 14:23:00,P03,S,1.0,55.0,,card
thaphae,TP-45F6E2,2,2026-03-05 14:23:00,P14,,1.0,85.0,,card
thaphae,TP-EC1EA9,1,2026-03-05 14:24:00,P15,,2.0,75.0,,cash
thaphae,TP-8A4B54,1,2026-03-05 14:51:00,P07,M,1.0,55.0,,qr
thaphae,TP-8A4B54,2,2026-03-05 14:51:00,P13,,1.0,50.0,,qr
thaphae,TP-357CF5,1,2026-03-05 15:45:00,P11,L,1.0,70.0,M0455,card
thaphae,TP-76583E,1,2026-03-05 16:35:00,P08,M,1.0,70.0,M0270,card
thaphae,TP-DB089D,1,2026-03-05 16:47:00,P04,M,1.0,65.0,,qr
thaphae,TP-DB089D,2,2026-03-05 16:47:00,P12,,1.0,55.0,,qr
thaphae,TP-06C6B7,1,2026-03-05 18:03:00,P14,,1.0,85.0,,qr
thaphae,TP-FD1CB1,1,2026-03-05 19:04:00,P12,,1.0,55.0,M0168,card
thaphae,TP-0606B2,1,2026-03-05 19:39:00,P12,,3.0,55.0,,qr
thaphae,TP-0606B2,2,2026-03-05 19:39:00,P10,S,1.0,50.0,,qr
thaphae,TP-7444A2,1,2026-03-06 08:03:00,P08,L,1.0,80.0,,card
thaphae,TP-77EACE,1,2026-03-06 08:44:00,P03,M,1.0,65.0,,card
thaphae,TP-D59074,1,2026-03-06 08:49:00,P03,M,1.0,65.0,,cash
thaphae,TP-D59074,2,2026-03-06 08:49:00,P14,,1.0,85.0,,cash
thaphae,TP-6649B3,1,2026-03-06 08:49:00,P04,S,2.0,55.0,,qr
thaphae,TP-6649B3,2,2026-03-06 08:49:00,P07,L,1.0,65.0,,qr
thaphae,TP-F1A710,1,2026-03-06 08:52:00,P08,M,1.0,70.0,M0655,cash
thaphae,TP-F1A710,2,2026-03-06 08:52:00,P04,L,1.0,75.0,M0655,cash
thaphae,TP-C4D1F9,1,2026-03-06 08:54:00,P08,L,1.0,80.0,,cash
thaphae,TP-C4D1F9,2,2026-03-06 08:54:00,P14,,1.0,85.0,,cash
thaphae,TP-C4D1F9,3,2026-03-06 08:54:00,P07,M,1.0,55.0,,cash
thaphae,TP-8E1868,1,2026-03-06 08:59:00,P02,M,3.0,55.0,,qr
thaphae,TP-8E1868,2,2026-03-06 08:59:00,P12,,1.0,55.0,,qr
thaphae,TP-92D57E,1,2026-03-06 09:02:00,P03,L,1.0,75.0,M0386,qr
thaphae,TP-34C5B7,1,2026-03-06 10:27:00,P02,S,2.0,45.0,,card
thaphae,TP-C6E34B,1,2026-03-06 10:53:00,P08,M,2.0,70.0,,cash
thaphae,TP-C6E34B,2,2026-03-06 10:53:00,P13,,1.0,50.0,,cash
thaphae,TP-804824,1,2026-03-06 11:16:00,P02,S,1.0,45.0,,card
thaphae,TP-804824,2,2026-03-06 11:16:00,P12,,1.0,55.0,,card
thaphae,TP-317BDC,1,2026-03-06 14:14:00,P05,S,1.0,60.0,,cash
thaphae,TP-317BDC,2,2026-03-06 14:14:00,P12,,1.0,55.0,,cash
thaphae,TP-009964,1,2026-03-06 14:19:00,P03,L,2.0,75.0,,card
thaphae,TP-009964,2,2026-03-06 14:19:00,P14,,1.0,85.0,,card
thaphae,TP-1B176D,1,2026-03-06 14:35:00,P07,M,2.0,55.0,,card
thaphae,TP-1B176D,2,2026-03-06 14:35:00,P03,M,1.0,65.0,,card
thaphae,TP-316F63,1,2026-03-06 15:04:00,P07,M,1.0,55.0,,cash
thaphae,TP-FB100E,1,2026-03-06 15:10:00,P10,M,2.0,60.0,,card
thaphae,TP-A9F75A,1,2026-03-06 15:10:00,P06,M,3.0,75.0,,cash
thaphae,TP-A9F75A,2,2026-03-06 15:10:00,P15,,1.0,75.0,,cash
thaphae,TP-BAFECA,1,2026-03-06 16:49:00,P01,M,1.0,55.0,,qr
thaphae,TP-BAFECA,2,2026-03-06 16:49:00,P14,,1.0,85.0,,qr
thaphae,TP-CC9464,1,2026-03-06 19:50:00,P05,L,1.0,80.0,,cash
thaphae,TP-82AC5B,1,2026-03-06 19:55:00,P07,S,1.0,45.0,M0740,cash
thaphae,TP-C2357D,1,2026-03-07 07:08:00,P12,,1.0,55.0,,cash
thaphae,TP-4944C9,1,2026-03-07 07:48:00,P07,M,1.0,55.0,,cash
thaphae,TP-3B6D8C,1,2026-03-07 08:26:00,P06,M,2.0,75.0,,cash
thaphae,TP-3B6D8C,2,2026-03-07 08:26:00,P13,,1.0,50.0,,cash
thaphae,TP-05F080,1,2026-03-07 09:30:00,P06,S,1.0,65.0,,cash
thaphae,TP-D9CBFD,1,2026-03-07 11:12:00,P08,M,1.0,70.0,,card
thaphae,TP-3FC76A,1,2026-03-07 12:14:00,P08,L,1.0,80.0,,card
thaphae,TP-3FC76A,2,2026-03-07 12:14:00,P14,,1.0,85.0,,card
thaphae,TP-6674DE,1,2026-03-07 12:51:00,P02,M,1.0,55.0,M0764,card
thaphae,TP-642868,1,2026-03-07 13:55:00,P01,M,2.0,55.0,,card
thaphae,TP-642868,2,2026-03-07 13:55:00,P14,,1.0,85.0,,card
thaphae,TP-642868,3,2026-03-07 13:55:00,P02,S,1.0,45.0,,card
thaphae,TP-D25181,1,2026-03-07 14:17:00,P12,,2.0,55.0,M0434,card
thaphae,TP-5C8937,1,2026-03-07 14:31:00,P12,,2.0,55.0,M0717,card
thaphae,TP-D547C5,1,2026-03-07 14:32:00,P12,,1.0,55.0,,card
thaphae,TP-976E1A,1,2026-03-07 14:52:00,P15,,1.0,75.0,,cash
thaphae,TP-976E1A,2,2026-03-07 14:52:00,P10,S,1.0,50.0,,cash
thaphae,TP-6DDC59,1,2026-03-07 16:05:00,P07,M,1.0,55.0,,card
thaphae,TP-6DDC59,2,2026-03-07 16:05:00,P13,,1.0,50.0,,card
thaphae,TP-81AEBC,1,2026-03-07 17:45:00,P12,,1.0,55.0,,cash
thaphae,TP-301252,1,2026-03-07 18:18:00,P10,L,1.0,70.0,,card
thaphae,TP-084189,1,2026-03-07 19:18:00,P05,M,1.0,70.0,,card
thaphae,TP-50D478,1,2026-03-08 07:08:00,P03,M,1.0,65.0,,cash
thaphae,TP-61144D,1,2026-03-08 07:43:00,P07,M,1.0,55.0,M0294,card
thaphae,TP-D0AF41,1,2026-03-08 07:43:00,P01,L,1.0,65.0,,card
thaphae,TP-D0AF41,2,2026-03-08 07:43:00,P14,,1.0,85.0,,card
thaphae,TP-39EC4E,1,2026-03-08 07:47:00,P01,L,1.0,65.0,,qr
thaphae,TP-E9835E,1,2026-03-08 07:53:00,P04,M,1.0,65.0,,cash
thaphae,TP-3FFAE0,1,2026-03-08 08:09:00,P02,L,1.0,65.0,,cash
thaphae,TP-3FFAE0,2,2026-03-08 08:09:00,P12,,1.0,55.0,,cash
thaphae,TP-603B5E,1,2026-03-08 08:13:00,P04,S,1.0,55.0,,qr
thaphae,TP-EDDD2C,1,2026-03-08 08:23:00,P06,L,1.0,85.0,,cash
thaphae,TP-AA8E5D,1,2026-03-08 09:46:00,P11,M,1.0,60.0,,card
thaphae,TP-AA8E5D,2,2026-03-08 09:46:00,P10,S,1.0,50.0,,card
thaphae,TP-7CE3BB,1,2026-03-08 09:50:00,P03,L,1.0,75.0,,card
thaphae,TP-7CE3BB,2,2026-03-08 09:50:00,P11,L,1.0,70.0,,card
thaphae,TP-AEDBBC,1,2026-03-08 09:55:00,P03,L,1.0,75.0,,cash
thaphae,TP-409DBB,1,2026-03-08 09:57:00,P04,L,2.0,75.0,,card
thaphae,TP-C62D11,1,2026-03-08 09:57:00,P05,M,1.0,70.0,M0429,cash
thaphae,TP-459289,1,2026-03-08 10:06:00,P03,L,2.0,75.0,,qr
thaphae,TP-459289,2,2026-03-08 10:06:00,P14,,1.0,85.0,,qr
thaphae,TP-2D2D0A,1,2026-03-08 10:11:00,P03,M,1.0,65.0,,qr
thaphae,TP-39ABDE,1,2026-03-08 10:15:00,P04,M,2.0,65.0,,cash
thaphae,TP-81CC22,1,2026-03-08 10:32:00,P08,M,1.0,70.0,,cash
thaphae,TP-701E4D,1,2026-03-08 10:37:00,P10,M,1.0,60.0,,cash
thaphae,TP-C8B510,1,2026-03-08 11:03:00,P04,L,2.0,75.0,,qr
thaphae,TP-4B3871,1,2026-03-08 12:24:00,P12,,1.0,55.0,M0760,qr
thaphae,TP-A29886,1,2026-03-08 15:00:00,P09,S,1.0,40.0,,card
thaphae,TP-871411,1,2026-03-08 15:08:00,P05,M,1.0,70.0,,qr
thaphae,TP-871411,2,2026-03-08 15:08:00,P06,S,1.0,65.0,,qr
thaphae,TP-D5B8FE,1,2026-03-08 16:13:00,P03,M,1.0,65.0,M0030,qr
thaphae,TP-BBDF1B,1,2026-03-08 16:20:00,P09,S,1.0,40.0,,card
thaphae,TP-BBDF1B,2,2026-03-08 16:20:00,P04,M,1.0,65.0,,card
thaphae,TP-0EFB96,1,2026-03-08 16:35:00,P09,M,1.0,50.0,,cash
thaphae,TP-B6AAA1,1,2026-03-08 17:46:00,P07,M,1.0,55.0,,card
thaphae,TP-B6AAA1,2,2026-03-08 17:46:00,P13,,1.0,50.0,,card
thaphae,TP-E1146A,1,2026-03-08 19:04:00,P02,L,2.0,65.0,M0676,cash
thaphae,TP-F4076F,1,2026-03-08 19:08:00,P05,M,2.0,70.0,,qr
thaphae,TP-F4076F,2,2026-03-08 19:08:00,P12,,1.0,55.0,,qr
thaphae,TP-87305C,1,2026-03-09 09:10:00,P01,M,1.0,55.0,M0373,cash
thaphae,TP-4E4410,1,2026-03-09 09:21:00,P08,M,2.0,70.0,M0283,cash
thaphae,TP-D717AA,1,2026-03-09 09:39:00,P03,S,1.0,55.0,,cash
thaphae,TP-D717AA,2,2026-03-09 09:39:00,P14,,1.0,85.0,,cash
thaphae,TP-D717AA,3,2026-03-09 09:39:00,P02,M,1.0,55.0,,cash
thaphae,TP-E7A968,1,2026-03-09 09:57:00,P05,S,1.0,60.0,,cash
thaphae,TP-E7A968,2,2026-03-09 09:57:00,P12,,1.0,55.0,,cash
thaphae,TP-6A0C53,1,2026-03-09 10:06:00,P08,S,1.0,60.0,,cash
thaphae,TP-7063EA,1,2026-03-09 10:26:00,P04,M,2.0,65.0,,qr
thaphae,TP-7063EA,2,2026-03-09 10:26:00,P01,M,1.0,55.0,,qr
thaphae,TP-DE8912,1,2026-03-09 10:42:00,P03,S,2.0,55.0,,card
thaphae,TP-DE8912,2,2026-03-09 10:42:00,P14,,1.0,85.0,,card
thaphae,TP-F3A08D,1,2026-03-09 10:58:00,P01,S,1.0,45.0,,qr
thaphae,TP-F3A08D,2,2026-03-09 10:58:00,P13,,1.0,50.0,,qr
thaphae,TP-37DF96,1,2026-03-09 11:19:00,P03,S,1.0,55.0,M0449,qr
thaphae,TP-B118AC,1,2026-03-09 11:42:00,P03,S,1.0,55.0,,cash
thaphae,TP-ED8513,1,2026-03-09 11:50:00,P14,,1.0,85.0,M0292,card
thaphae,TP-0D1CD0,1,2026-03-09 12:16:00,P10,M,1.0,60.0,M0742,card
thaphae,TP-B9CC3C,1,2026-03-09 14:42:00,P03,L,1.0,75.0,,cash
thaphae,TP-38817D,1,2026-03-09 14:54:00,P10,M,1.0,60.0,,qr
thaphae,TP-F2A196,1,2026-03-09 15:19:00,P14,,1.0,85.0,,cash
thaphae,TP-939DF8,1,2026-03-09 15:44:00,P12,,1.0,55.0,,qr
thaphae,TP-939DF8,2,2026-03-09 15:44:00,P13,,1.0,50.0,,qr
thaphae,TP-BBDB45,1,2026-03-09 15:49:00,P07,L,2.0,65.0,M0143,qr
thaphae,TP-BBDB45,2,2026-03-09 15:49:00,P13,,1.0,50.0,M0143,qr
thaphae,TP-816BA4,1,2026-03-09 17:18:00,P01,M,1.0,55.0,M0315,qr
thaphae,TP-816BA4,2,2026-03-09 17:18:00,P15,,1.0,75.0,M0315,qr
thaphae,TP-7AD894,1,2026-03-09 19:00:00,P12,,1.0,55.0,,cash
thaphae,TP-7CD3BF,1,2026-03-10 08:02:00,P14,,2.0,85.0,,card
thaphae,TP-7CD3BF,2,2026-03-10 08:02:00,P04,S,1.0,55.0,,card
thaphae,TP-7FF26C,1,2026-03-10 09:48:00,P04,M,1.0,65.0,M0025,qr
thaphae,TP-FECC26,1,2026-03-10 12:05:00,P14,,1.0,85.0,,card
thaphae,TP-FECC26,2,2026-03-10 12:05:00,P05,M,1.0,70.0,,card
thaphae,TP-8BCE7E,1,2026-03-10 12:44:00,P07,M,1.0,55.0,,card
thaphae,TP-8BCE7E,2,2026-03-10 12:44:00,P13,,1.0,50.0,,card
thaphae,TP-D9C482,1,2026-03-10 13:05:00,P07,L,2.0,65.0,,card
thaphae,TP-D9C482,2,2026-03-10 13:05:00,P13,,1.0,50.0,,card
thaphae,TP-960C5C,1,2026-03-10 14:11:00,P07,L,1.0,65.0,,cash
thaphae,TP-ABB731,1,2026-03-10 14:18:00,P08,M,1.0,70.0,,card
thaphae,TP-9F5499,1,2026-03-10 15:32:00,P03,M,1.0,65.0,,cash
thaphae,TP-7236AF,1,2026-03-10 15:50:00,P08,M,1.0,70.0,,card
thaphae,TP-CAC83B,1,2026-03-10 16:59:00,P04,S,1.0,55.0,,cash
thaphae,TP-714D10,1,2026-03-10 17:09:00,P07,M,1.0,55.0,,cash
thaphae,TP-714D10,2,2026-03-10 17:09:00,P14,,1.0,85.0,,cash
thaphae,TP-AD9D3F,1,2026-03-10 18:27:00,P07,S,1.0,45.0,M0144,cash
thaphae,TP-AD9D3F,2,2026-03-10 18:27:00,P13,,1.0,50.0,M0144,cash
thaphae,TP-951CDD,1,2026-03-10 18:28:00,P07,M,1.0,55.0,,qr
thaphae,TP-13642B,1,2026-03-11 07:22:00,P02,L,1.0,65.0,M0756,qr
thaphae,TP-13642B,2,2026-03-11 07:22:00,P12,,1.0,55.0,M0756,qr
thaphae,TP-609E0C,1,2026-03-11 07:35:00,P08,M,1.0,70.0,,cash
thaphae,TP-461B3F,1,2026-03-11 07:45:00,P03,S,2.0,55.0,,cash
thaphae,TP-461B3F,2,2026-03-11 07:45:00,P14,,1.0,85.0,,cash
thaphae,TP-461B3F,3,2026-03-11 07:45:00,P09,L,1.0,60.0,,cash
thaphae,TP-674270,1,2026-03-11 07:53:00,P06,S,1.0,65.0,,qr
thaphae,TP-15485C,1,2026-03-11 09:22:00,P09,M,1.0,50.0,,qr
thaphae,TP-8FBF54,1,2026-03-11 09:23:00,P04,M,1.0,65.0,,qr
thaphae,TP-8FBF54,2,2026-03-11 09:23:00,P10,M,1.0,60.0,,qr
thaphae,TP-6A095C,1,2026-03-11 09:24:00,P03,M,1.0,65.0,,card
thaphae,TP-6A095C,2,2026-03-11 09:24:00,P14,,1.0,85.0,,card
thaphae,TP-80F67F,1,2026-03-11 09:31:00,P05,L,1.0,80.0,,qr
thaphae,TP-6627A5,1,2026-03-11 10:12:00,P11,M,1.0,60.0,,cash
thaphae,TP-A9E662,1,2026-03-11 10:53:00,P09,S,1.0,40.0,,cash
thaphae,TP-F91A22,1,2026-03-11 11:16:00,P03,L,1.0,75.0,M0698,qr
thaphae,TP-F91A22,2,2026-03-11 11:16:00,P02,M,1.0,55.0,M0698,qr
thaphae,TP-4D9777,1,2026-03-11 12:12:00,P14,,1.0,85.0,,card
thaphae,TP-CFE377,1,2026-03-11 12:17:00,P03,M,1.0,65.0,,card
thaphae,TP-2B0753,1,2026-03-11 13:20:00,P02,M,1.0,55.0,,card
thaphae,TP-2B0753,2,2026-03-11 13:20:00,P12,,1.0,55.0,,card
thaphae,TP-D3F70C,1,2026-03-11 14:32:00,P01,M,3.0,55.0,,cash
thaphae,TP-D3F70C,2,2026-03-11 14:32:00,P04,M,1.0,65.0,,cash
thaphae,TP-1D7FA0,1,2026-03-11 15:18:00,P07,M,1.0,55.0,,card
thaphae,TP-1D7FA0,2,2026-03-11 15:18:00,P13,,1.0,50.0,,card
thaphae,TP-4F9319,1,2026-03-11 15:19:00,P12,,1.0,55.0,,qr
thaphae,TP-7F64EC,1,2026-03-11 15:21:00,P13,,1.0,50.0,M0117,cash
thaphae,TP-C45056,1,2026-03-11 15:34:00,P10,M,1.0,60.0,,card
thaphae,TP-16B7A0,1,2026-03-11 16:12:00,P07,L,1.0,65.0,,cash
thaphae,TP-16B7A0,2,2026-03-11 16:12:00,P13,,1.0,50.0,,cash
thaphae,TP-9CFC88,1,2026-03-11 16:37:00,P15,,1.0,75.0,,card
thaphae,TP-9CFC88,2,2026-03-11 16:37:00,P07,M,1.0,55.0,,card
thaphae,TP-D0CE07,1,2026-03-11 16:46:00,P06,M,2.0,75.0,,cash
thaphae,TP-FE09B5,1,2026-03-11 17:24:00,P03,M,1.0,65.0,,cash
thaphae,TP-BD034B,1,2026-03-11 19:27:00,P08,M,1.0,70.0,,cash
thaphae,TP-C16922,1,2026-03-12 07:05:00,P02,M,1.0,55.0,,qr
thaphae,TP-509F8F,1,2026-03-12 08:31:00,P04,M,2.0,65.0,,card
thaphae,TP-58B9B5,1,2026-03-12 08:50:00,P07,S,1.0,45.0,,card
thaphae,TP-58B9B5,2,2026-03-12 08:50:00,P13,,1.0,50.0,,card
thaphae,TP-6D639B,1,2026-03-12 08:57:00,P08,L,1.0,80.0,M0429,card
thaphae,TP-AF43F9,1,2026-03-12 09:18:00,P04,S,1.0,55.0,,card
thaphae,TP-A358ED,1,2026-03-12 09:29:00,P08,M,1.0,70.0,M0570,card
thaphae,TP-BA09F0,1,2026-03-12 09:50:00,P06,M,1.0,75.0,M0352,cash
thaphae,TP-0491E5,1,2026-03-12 10:38:00,P12,,1.0,55.0,,cash
thaphae,TP-08B967,1,2026-03-12 12:21:00,P02,M,1.0,55.0,M0674,qr
thaphae,TP-08B967,2,2026-03-12 12:21:00,P12,,1.0,55.0,M0674,qr
thaphae,TP-17949B,1,2026-03-12 12:21:00,P02,M,1.0,55.0,,card
thaphae,TP-17949B,2,2026-03-12 12:21:00,P12,,1.0,55.0,,card
thaphae,TP-09DBD7,1,2026-03-12 12:23:00,P11,L,1.0,70.0,,card
thaphae,TP-65ABD9,1,2026-03-12 15:28:00,P07,S,1.0,45.0,,qr
thaphae,TP-65ABD9,2,2026-03-12 15:28:00,P13,,1.0,50.0,,qr
thaphae,TP-9EA9FE,1,2026-03-12 15:34:00,P04,S,1.0,55.0,,qr
thaphae,TP-9EA9FE,2,2026-03-12 15:34:00,P14,,1.0,85.0,,qr
thaphae,TP-1AAEF6,1,2026-03-12 17:44:00,P08,S,2.0,60.0,,card
thaphae,TP-E083F9,1,2026-03-13 08:40:00,P07,M,1.0,55.0,,cash
thaphae,TP-E083F9,2,2026-03-13 08:40:00,P08,M,1.0,70.0,,cash
thaphae,TP-7268AF,1,2026-03-13 09:01:00,P14,,1.0,85.0,,qr
thaphae,TP-EC3A44,1,2026-03-13 10:16:00,P03,L,1.0,75.0,,card
thaphae,TP-B83F4E,1,2026-03-13 10:21:00,P05,S,1.0,60.0,,cash
thaphae,TP-B83F4E,2,2026-03-13 10:21:00,P12,,1.0,55.0,,cash
thaphae,TP-4B1526,1,2026-03-13 11:45:00,P10,L,1.0,70.0,,cash
thaphae,TP-00976D,1,2026-03-13 13:57:00,P07,L,1.0,65.0,,cash
thaphae,TP-3C1806,1,2026-03-13 14:14:00,P12,,1.0,55.0,,cash
thaphae,TP-4173E7,1,2026-03-13 14:22:00,P03,M,1.0,65.0,M0747,card
thaphae,TP-F5D87E,1,2026-03-13 14:49:00,P02,L,1.0,65.0,,card
thaphae,TP-F5D87E,2,2026-03-13 14:49:00,P12,,1.0,55.0,,card
thaphae,TP-1348D8,1,2026-03-13 14:55:00,P10,L,3.0,70.0,M0033,cash
thaphae,TP-00C981,1,2026-03-13 16:02:00,P02,L,1.0,65.0,,cash
thaphae,TP-00C981,2,2026-03-13 16:02:00,P12,,1.0,55.0,,cash
thaphae,TP-957FE8,1,2026-03-13 16:21:00,P14,,1.0,85.0,,card
thaphae,TP-712248,1,2026-03-13 17:13:00,P08,S,1.0,60.0,,qr
thaphae,TP-712248,2,2026-03-13 17:13:00,P07,S,1.0,45.0,,qr
thaphae,TP-5AA870,1,2026-03-13 17:20:00,P04,M,1.0,65.0,,qr
thaphae,TP-CC787B,1,2026-03-13 19:13:00,P11,M,2.0,60.0,,qr
thaphae,TP-CC787B,2,2026-03-13 19:13:00,P14,,1.0,85.0,,qr
thaphae,TP-8FC301,1,2026-03-14 07:00:00,P02,L,1.0,65.0,,cash
thaphae,TP-8FC301,2,2026-03-14 07:00:00,P12,,1.0,55.0,,cash
thaphae,TP-A51868,1,2026-03-14 07:39:00,P02,L,1.0,65.0,,cash
thaphae,TP-CE7546,1,2026-03-14 07:49:00,P03,S,2.0,55.0,,qr
thaphae,TP-CE7546,2,2026-03-14 07:49:00,P05,L,1.0,80.0,,qr
thaphae,TP-127853,1,2026-03-14 08:17:00,P05,M,1.0,70.0,M0516,card
thaphae,TP-324B06,1,2026-03-14 08:19:00,P05,L,1.0,80.0,,cash
thaphae,TP-324B06,2,2026-03-14 08:19:00,P14,,1.0,85.0,,cash
thaphae,TP-1A0462,1,2026-03-14 08:27:00,P12,,1.0,55.0,M0067,cash
thaphae,TP-BB4221,1,2026-03-14 08:58:00,P03,M,2.0,65.0,,cash
thaphae,TP-BB4221,2,2026-03-14 08:58:00,P14,,1.0,85.0,,cash
thaphae,TP-BB4221,3,2026-03-14 08:58:00,P04,M,1.0,65.0,,cash
thaphae,TP-182435,1,2026-03-14 09:27:00,P09,L,2.0,60.0,,card
thaphae,TP-786D23,1,2026-03-14 10:06:00,P02,M,1.0,55.0,,card
thaphae,TP-786D23,2,2026-03-14 10:06:00,P12,,1.0,55.0,,card
thaphae,TP-37CF89,1,2026-03-14 10:29:00,P02,M,2.0,55.0,M0789,qr
thaphae,TP-6D1ED1,1,2026-03-14 11:17:00,P12,,2.0,55.0,M0639,qr
thaphae,TP-32EAA9,1,2026-03-14 11:31:00,P08,M,2.0,70.0,,cash
thaphae,TP-1E5277,1,2026-03-14 11:34:00,P15,,3.0,75.0,,card
thaphae,TP-8B25A7,1,2026-03-14 12:09:00,P10,L,1.0,70.0,,cash
thaphae,TP-E08339,1,2026-03-14 12:54:00,P01,M,1.0,55.0,,cash
thaphae,TP-8ACFD3,1,2026-03-14 13:44:00,P02,M,1.0,55.0,,card
thaphae,TP-8ACFD3,2,2026-03-14 13:44:00,P10,L,1.0,70.0,,card
thaphae,TP-9A7E9B,1,2026-03-14 13:58:00,P14,,1.0,85.0,,card
thaphae,TP-9A7E9B,2,2026-03-14 13:58:00,P11,S,1.0,50.0,,card
thaphae,TP-638145,1,2026-03-14 14:00:00,P07,S,1.0,45.0,,card
thaphae,TP-638145,2,2026-03-14 14:00:00,P13,,1.0,50.0,,card
thaphae,TP-60A86A,1,2026-03-14 14:08:00,P15,,1.0,75.0,,card
thaphae,TP-2519FE,1,2026-03-14 15:43:00,P08,M,3.0,70.0,M0523,cash
thaphae,TP-645F11,1,2026-03-14 17:27:00,P03,M,2.0,65.0,,card
thaphae,TP-DA73C6,1,2026-03-14 18:50:00,P02,M,1.0,55.0,,card
thaphae,TP-A5F031,1,2026-03-15 07:00:00,P03,M,1.0,65.0,,cash
thaphae,TP-8754CB,1,2026-03-15 08:23:00,P04,M,1.0,65.0,,card
thaphae,TP-EDFB8B,1,2026-03-15 09:11:00,P12,,1.0,55.0,,card
thaphae,TP-224CEE,1,2026-03-15 09:31:00,P05,S,3.0,60.0,,card
thaphae,TP-235714,1,2026-03-15 09:41:00,P08,S,1.0,60.0,,qr
thaphae,TP-19840A,1,2026-03-15 09:46:00,P04,M,1.0,65.0,,cash
thaphae,TP-19840A,2,2026-03-15 09:46:00,P14,,1.0,85.0,,cash
thaphae,TP-236E5A,1,2026-03-15 09:50:00,P01,M,1.0,55.0,,cash
thaphae,TP-19CAA8,1,2026-03-15 09:54:00,P09,S,1.0,40.0,M0279,card
thaphae,TP-5C16C7,1,2026-03-15 10:42:00,P02,M,3.0,55.0,,cash
thaphae,TP-4394D1,1,2026-03-15 12:10:00,P05,M,1.0,70.0,,qr
thaphae,TP-D29B94,1,2026-03-15 12:29:00,P03,S,1.0,55.0,M0393,cash
thaphae,TP-D29B94,2,2026-03-15 12:29:00,P15,,1.0,75.0,M0393,cash
thaphae,TP-78B977,1,2026-03-15 13:36:00,P12,,1.0,55.0,,card
thaphae,TP-B56884,1,2026-03-15 14:09:00,P13,,1.0,50.0,,cash
thaphae,TP-42FD41,1,2026-03-15 14:17:00,P06,M,1.0,75.0,,cash
thaphae,TP-F06921,1,2026-03-15 14:39:00,P06,M,1.0,75.0,,card
thaphae,TP-3E20F2,1,2026-03-15 15:05:00,P10,M,2.0,60.0,,card
thaphae,TP-F72E0D,1,2026-03-15 16:15:00,P07,M,1.0,55.0,,qr
thaphae,TP-F72E0D,2,2026-03-15 16:15:00,P13,,1.0,50.0,,qr
thaphae,TP-F72E0D,3,2026-03-15 16:15:00,P10,S,1.0,50.0,,qr
thaphae,TP-785A68,1,2026-03-15 19:32:00,P07,M,1.0,55.0,M0292,card
thaphae,TP-62A877,1,2026-03-15 19:35:00,P08,M,1.0,70.0,,card
thaphae,TP-394330,1,2026-03-16 07:26:00,P05,S,2.0,60.0,,cash
thaphae,TP-5E5544,1,2026-03-16 07:34:00,P13,,1.0,50.0,M0455,qr
thaphae,TP-E18D29,1,2026-03-16 07:50:00,P02,M,1.0,55.0,,card
thaphae,TP-822922,1,2026-03-16 09:01:00,P04,L,1.0,75.0,,card
thaphae,TP-829D17,1,2026-03-16 09:06:00,P05,M,1.0,70.0,,card
thaphae,TP-829D17,2,2026-03-16 09:06:00,P07,M,1.0,55.0,,card
thaphae,TP-E34208,1,2026-03-16 09:31:00,P07,M,1.0,55.0,M0698,card
thaphae,TP-E34208,2,2026-03-16 09:31:00,P13,,1.0,50.0,M0698,card
thaphae,TP-DF9D33,1,2026-03-16 09:45:00,P10,M,2.0,60.0,M0764,card
thaphae,TP-DF9D33,2,2026-03-16 09:45:00,P06,M,1.0,75.0,M0764,card
thaphae,TP-F62E0C,1,2026-03-16 09:47:00,P12,,1.0,55.0,,card
thaphae,TP-951ABC,1,2026-03-16 10:18:00,P01,M,1.0,55.0,,cash
thaphae,TP-7AFA63,1,2026-03-16 11:38:00,P11,M,1.0,60.0,M0394,cash
thaphae,TP-6E4BAE,1,2026-03-16 13:12:00,P04,M,1.0,65.0,M0737,cash
thaphae,TP-C611A2,1,2026-03-16 13:19:00,P03,S,2.0,55.0,M0515,qr
thaphae,TP-E12AA9,1,2026-03-16 13:43:00,P07,M,1.0,55.0,,card
thaphae,TP-E12AA9,2,2026-03-16 13:43:00,P13,,1.0,50.0,,card
thaphae,TP-9BA076,1,2026-03-16 15:02:00,P02,M,1.0,55.0,,qr
thaphae,TP-9BA076,2,2026-03-16 15:02:00,P12,,1.0,55.0,,qr
thaphae,TP-C1B2B0,1,2026-03-16 15:06:00,P02,S,1.0,45.0,,qr
thaphae,TP-C1B2B0,2,2026-03-16 15:06:00,P12,,1.0,55.0,,qr
thaphae,TP-C1B2B0,3,2026-03-16 15:06:00,P09,S,1.0,40.0,,qr
thaphae,TP-575828,1,2026-03-16 15:58:00,P06,M,1.0,75.0,,qr
thaphae,TP-0CF84F,1,2026-03-16 15:59:00,P06,S,1.0,65.0,,qr
thaphae,TP-00AB05,1,2026-03-16 16:11:00,P12,,1.0,55.0,,cash
thaphae,TP-B102EE,1,2026-03-16 16:31:00,P07,M,1.0,55.0,,cash
thaphae,TP-B784E6,1,2026-03-16 19:14:00,P12,,1.0,55.0,,card
thaphae,TP-B784E6,2,2026-03-16 19:14:00,P07,M,1.0,55.0,,card
thaphae,TP-E670C3,1,2026-03-17 08:21:00,P15,,1.0,75.0,,cash
thaphae,TP-37C6B3,1,2026-03-17 08:26:00,P06,S,3.0,65.0,,qr
thaphae,TP-8CEBFD,1,2026-03-17 08:46:00,P08,M,1.0,70.0,,cash
thaphae,TP-8CEBFD,2,2026-03-17 08:46:00,P14,,1.0,85.0,,cash
thaphae,TP-A842B2,1,2026-03-17 09:17:00,P08,L,1.0,80.0,M0778,qr
thaphae,TP-90EE9C,1,2026-03-17 09:38:00,P11,M,2.0,60.0,M0186,card
thaphae,TP-90EE9C,2,2026-03-17 09:38:00,P12,,1.0,55.0,M0186,card
thaphae,TP-B33142,1,2026-03-17 10:17:00,P06,L,1.0,85.0,,card
thaphae,TP-90F2FB,1,2026-03-17 11:04:00,P02,L,1.0,65.0,,cash
thaphae,TP-2D5C80,1,2026-03-17 11:17:00,P02,M,1.0,55.0,,card
thaphae,TP-2D5C80,2,2026-03-17 11:17:00,P12,,1.0,55.0,,card
thaphae,TP-02A754,1,2026-03-17 12:53:00,P12,,2.0,55.0,,qr
thaphae,TP-FB1F76,1,2026-03-17 13:34:00,P02,S,1.0,45.0,,cash
thaphae,TP-FB1F76,2,2026-03-17 13:34:00,P12,,1.0,55.0,,cash
thaphae,TP-BAF150,1,2026-03-17 13:35:00,P07,S,1.0,45.0,,qr
thaphae,TP-BAF150,2,2026-03-17 13:35:00,P08,L,1.0,80.0,,qr
thaphae,TP-123D7C,1,2026-03-17 13:52:00,P13,,1.0,50.0,,cash
thaphae,TP-A71C56,1,2026-03-17 14:17:00,P13,,1.0,50.0,,cash
thaphae,TP-6D7D51,1,2026-03-17 15:11:00,P13,,1.0,50.0,,cash
thaphae,TP-6D7D51,2,2026-03-17 15:11:00,P04,M,1.0,65.0,,cash
thaphae,TP-8A354E,1,2026-03-17 17:35:00,P09,S,1.0,40.0,,cash
thaphae,TP-F3D707,1,2026-03-17 18:37:00,P15,,1.0,75.0,,cash
thaphae,TP-BADDCD,1,2026-03-18 07:08:00,P15,,1.0,75.0,,cash
thaphae,TP-B55016,1,2026-03-18 07:09:00,P04,L,1.0,75.0,,cash
thaphae,TP-CBEB4D,1,2026-03-18 07:19:00,P01,S,1.0,45.0,,cash
thaphae,TP-CBEB4D,2,2026-03-18 07:19:00,P15,,1.0,75.0,,cash
thaphae,TP-B246AD,1,2026-03-18 07:56:00,P13,,1.0,50.0,,card
thaphae,TP-159784,1,2026-03-18 08:17:00,P14,,1.0,85.0,,cash
thaphae,TP-0BF0D7,1,2026-03-18 08:19:00,P01,M,1.0,55.0,,cash
thaphae,TP-0BF0D7,2,2026-03-18 08:19:00,P14,,1.0,85.0,,cash
thaphae,TP-44E539,1,2026-03-18 08:20:00,P07,S,1.0,45.0,,qr
thaphae,TP-44E539,2,2026-03-18 08:20:00,P13,,1.0,50.0,,qr
thaphae,TP-E69CEA,1,2026-03-18 09:25:00,P06,M,1.0,75.0,,cash
thaphae,TP-AE0C0D,1,2026-03-18 09:40:00,P06,M,1.0,75.0,,cash
thaphae,TP-984536,1,2026-03-18 10:28:00,P15,,1.0,75.0,,qr
thaphae,TP-3D24C3,1,2026-03-18 10:35:00,P12,,1.0,55.0,,cash
thaphae,TP-3D24C3,2,2026-03-18 10:35:00,P01,M,1.0,55.0,,cash
thaphae,TP-4161A9,1,2026-03-18 10:36:00,P03,L,1.0,75.0,,cash
thaphae,TP-134F01,1,2026-03-18 10:44:00,P08,S,1.0,60.0,,card
thaphae,TP-8E0830,1,2026-03-18 11:08:00,P05,M,1.0,70.0,M0040,card
thaphae,TP-A8CB72,1,2026-03-18 11:09:00,P04,L,1.0,75.0,,cash
thaphae,TP-A8CB72,2,2026-03-18 11:09:00,P15,,1.0,75.0,,cash
thaphae,TP-BBB227,1,2026-03-18 12:39:00,P01,S,1.0,45.0,,qr
thaphae,TP-BBB227,2,2026-03-18 12:39:00,P15,,1.0,75.0,,qr
thaphae,TP-B19ACE,1,2026-03-18 13:13:00,P05,M,1.0,70.0,,qr
thaphae,TP-626FD9,1,2026-03-18 13:37:00,P13,,1.0,50.0,,card
thaphae,TP-B10AAD,1,2026-03-18 14:26:00,P07,M,3.0,55.0,M0598,qr
thaphae,TP-B10AAD,2,2026-03-18 14:26:00,P13,,1.0,50.0,M0598,qr
thaphae,TP-9C0AEC,1,2026-03-18 14:37:00,P03,S,1.0,55.0,,card
thaphae,TP-9C0AEC,2,2026-03-18 14:37:00,P14,,1.0,85.0,,card
thaphae,TP-2C8FAC,1,2026-03-18 15:51:00,P11,S,1.0,50.0,,cash
thaphae,TP-2C8FAC,2,2026-03-18 15:51:00,P15,,1.0,75.0,,cash
thaphae,TP-505EAC,1,2026-03-18 16:30:00,P10,M,1.0,60.0,M0790,cash
thaphae,TP-B47932,1,2026-03-18 17:02:00,P03,L,2.0,75.0,M0065,card
thaphae,TP-B47932,2,2026-03-18 17:02:00,P14,,1.0,85.0,M0065,card
thaphae,TP-B47932,3,2026-03-18 17:02:00,P07,S,1.0,45.0,M0065,card
thaphae,TP-E8F744,1,2026-03-19 08:11:00,P03,M,1.0,65.0,M0791,card
thaphae,TP-99725E,1,2026-03-19 08:22:00,P07,M,1.0,55.0,M0090,card
thaphae,TP-99725E,2,2026-03-19 08:22:00,P13,,1.0,50.0,M0090,card
thaphae,TP-99725E,3,2026-03-19 08:22:00,P05,S,1.0,60.0,M0090,card
thaphae,TP-73E7D5,1,2026-03-19 08:28:00,P08,L,1.0,80.0,,qr
thaphae,TP-73E7D5,2,2026-03-19 08:28:00,P12,,1.0,55.0,,qr
thaphae,TP-338031,1,2026-03-19 09:34:00,P04,M,1.0,65.0,,card
thaphae,TP-622D6C,1,2026-03-19 09:46:00,P01,M,1.0,55.0,,card
thaphae,TP-622D6C,2,2026-03-19 09:46:00,P15,,1.0,75.0,,card
thaphae,TP-0868C9,1,2026-03-19 10:22:00,P06,S,1.0,65.0,,cash
thaphae,TP-D83794,1,2026-03-19 10:41:00,P09,M,3.0,50.0,,cash
thaphae,TP-1A331C,1,2026-03-19 11:09:00,P14,,2.0,85.0,,cash
thaphae,TP-021FC9,1,2026-03-19 11:22:00,P09,S,1.0,40.0,,qr
thaphae,TP-A8B49D,1,2026-03-19 12:54:00,P13,,1.0,50.0,,cash
thaphae,TP-3A0F6A,1,2026-03-19 13:04:00,P04,M,1.0,65.0,,cash
thaphae,TP-F3F105,1,2026-03-19 13:22:00,P04,M,1.0,65.0,,card
thaphae,TP-8D0545,1,2026-03-19 14:01:00,P01,S,1.0,45.0,,qr
thaphae,TP-8D0545,2,2026-03-19 14:01:00,P15,,1.0,75.0,,qr
thaphae,TP-882059,1,2026-03-19 14:05:00,P08,S,2.0,60.0,M0108,cash
thaphae,TP-0C66CA,1,2026-03-19 15:34:00,P10,M,2.0,60.0,,qr
thaphae,TP-D46938,1,2026-03-19 15:40:00,P07,S,1.0,45.0,,qr
thaphae,TP-D46938,2,2026-03-19 15:40:00,P13,,1.0,50.0,,qr
thaphae,TP-7C756B,1,2026-03-19 16:05:00,P09,L,1.0,60.0,,cash
thaphae,TP-7C756B,2,2026-03-19 16:05:00,P12,,1.0,55.0,,cash
thaphae,TP-6D4306,1,2026-03-19 16:17:00,P10,S,1.0,50.0,M0307,cash
thaphae,TP-8A4A09,1,2026-03-19 16:53:00,P04,M,1.0,65.0,,cash
thaphae,TP-D07696,1,2026-03-19 17:53:00,P09,L,2.0,60.0,,qr
thaphae,TP-D07696,2,2026-03-19 17:53:00,P12,,1.0,55.0,,qr
thaphae,TP-62F2CC,1,2026-03-19 18:02:00,P02,S,1.0,45.0,M0503,cash
thaphae,TP-62F2CC,2,2026-03-19 18:02:00,P12,,1.0,55.0,M0503,cash
thaphae,TP-F18B6B,1,2026-03-19 18:11:00,P09,S,1.0,40.0,M0668,cash
thaphae,TP-F18B6B,2,2026-03-19 18:11:00,P13,,1.0,50.0,M0668,cash
thaphae,TP-F18B6B,3,2026-03-19 18:11:00,P02,M,1.0,55.0,M0668,cash
thaphae,TP-6BB91D,1,2026-03-20 07:34:00,P10,M,1.0,60.0,,card
thaphae,TP-116553,1,2026-03-20 08:37:00,P06,L,1.0,85.0,,cash
thaphae,TP-10D30D,1,2026-03-20 08:59:00,P12,,1.0,55.0,,qr
thaphae,TP-3A3E22,1,2026-03-20 09:22:00,P13,,1.0,50.0,,qr
thaphae,TP-FAB0DE,1,2026-03-20 09:39:00,P15,,1.0,75.0,M0500,cash
thaphae,TP-5AF0A0,1,2026-03-20 10:12:00,P03,M,1.0,65.0,,qr
thaphae,TP-5AF0A0,2,2026-03-20 10:12:00,P05,M,1.0,70.0,,qr
thaphae,TP-82FFAA,1,2026-03-20 10:27:00,P03,M,2.0,65.0,,qr
thaphae,TP-000A60,1,2026-03-20 10:29:00,P03,M,1.0,65.0,,qr
thaphae,TP-3DD245,1,2026-03-20 10:30:00,P15,,1.0,75.0,,card
thaphae,TP-37DDF2,1,2026-03-20 10:32:00,P15,,1.0,75.0,M0204,cash
thaphae,TP-D705C3,1,2026-03-20 10:52:00,P04,L,1.0,75.0,,card
thaphae,TP-11A54F,1,2026-03-20 11:09:00,P07,M,1.0,55.0,,qr
thaphae,TP-11A54F,2,2026-03-20 11:09:00,P13,,1.0,50.0,,qr
thaphae,TP-A1876D,1,2026-03-20 12:41:00,P15,,3.0,75.0,,cash
thaphae,TP-C2CA48,1,2026-03-20 12:45:00,P01,S,1.0,45.0,,cash
thaphae,TP-8D2751,1,2026-03-20 12:51:00,P03,M,1.0,65.0,M0515,card
thaphae,TP-8D2751,2,2026-03-20 12:51:00,P14,,1.0,85.0,M0515,card
thaphae,TP-766736,1,2026-03-20 12:54:00,P01,M,1.0,55.0,M0791,card
thaphae,TP-766736,2,2026-03-20 12:54:00,P15,,1.0,75.0,M0791,card
thaphae,TP-92C7E7,1,2026-03-20 14:16:00,P08,L,1.0,80.0,,cash
thaphae,TP-4DA320,1,2026-03-20 14:40:00,P04,M,1.0,65.0,,card
thaphae,TP-E7FEAE,1,2026-03-20 15:06:00,P12,,1.0,55.0,,qr
thaphae,TP-991906,1,2026-03-20 16:07:00,P04,M,1.0,65.0,,cash
thaphae,TP-991906,2,2026-03-20 16:07:00,P01,M,1.0,55.0,,cash
thaphae,TP-6CEEBF,1,2026-03-20 17:44:00,P07,L,1.0,65.0,,cash
thaphae,TP-6CEEBF,2,2026-03-20 17:44:00,P13,,1.0,50.0,,cash
thaphae,TP-C93D84,1,2026-03-20 19:29:00,P07,L,2.0,65.0,M0235,card
thaphae,TP-C93D84,2,2026-03-20 19:29:00,P13,,1.0,50.0,M0235,card
thaphae,TP-E8DE03,1,2026-03-21 08:08:00,P10,L,1.0,70.0,,card
thaphae,TP-4DABBA,1,2026-03-21 08:38:00,P02,M,1.0,55.0,,card
thaphae,TP-71D3A6,1,2026-03-21 08:42:00,P15,,1.0,75.0,,qr
thaphae,TP-73E6B3,1,2026-03-21 09:41:00,P12,,2.0,55.0,M0025,cash
thaphae,TP-AE0A63,1,2026-03-21 09:49:00,P13,,2.0,50.0,,card
thaphae,TP-3C06AD,1,2026-03-21 10:23:00,P03,M,3.0,65.0,,card
thaphae,TP-3C06AD,2,2026-03-21 10:23:00,P14,,1.0,85.0,,card
thaphae,TP-83B1D7,1,2026-03-21 12:34:00,P14,,1.0,85.0,,card
thaphae,TP-83B1D7,2,2026-03-21 12:34:00,P10,L,1.0,70.0,,card
thaphae,TP-0106DC,1,2026-03-21 12:51:00,P02,M,1.0,55.0,,card
thaphae,TP-0106DC,2,2026-03-21 12:51:00,P12,,1.0,55.0,,card
thaphae,TP-0106DC,3,2026-03-21 12:51:00,P10,M,1.0,60.0,,card
thaphae,TP-C5FA0C,1,2026-03-21 14:03:00,P11,M,1.0,60.0,,qr
thaphae,TP-6E4CDE,1,2026-03-21 14:05:00,P14,,1.0,85.0,,cash
thaphae,TP-476156,1,2026-03-21 14:10:00,P08,S,1.0,60.0,M0430,qr
thaphae,TP-476156,2,2026-03-21 14:10:00,P02,M,1.0,55.0,M0430,qr
thaphae,TP-678CA0,1,2026-03-21 14:15:00,P09,S,1.0,40.0,,cash
thaphae,TP-678CA0,2,2026-03-21 14:15:00,P02,L,1.0,65.0,,cash
thaphae,TP-8B2A01,1,2026-03-21 14:40:00,P10,S,1.0,50.0,,card
thaphae,TP-8B2A01,2,2026-03-21 14:40:00,P07,L,1.0,65.0,,card
thaphae,TP-562452,1,2026-03-21 15:29:00,P03,M,3.0,65.0,M0207,qr
thaphae,TP-562452,2,2026-03-21 15:29:00,P05,M,1.0,70.0,M0207,qr
thaphae,TP-CE950A,1,2026-03-21 15:36:00,P02,M,1.0,55.0,,card
thaphae,TP-CE950A,2,2026-03-21 15:36:00,P12,,1.0,55.0,,card
thaphae,TP-6C48E3,1,2026-03-21 15:44:00,P15,,2.0,75.0,M0486,cash
thaphae,TP-7B532E,1,2026-03-21 16:08:00,P05,S,1.0,60.0,,card
thaphae,TP-0C46B7,1,2026-03-21 16:23:00,P10,L,1.0,70.0,,cash
thaphae,TP-0C46B7,2,2026-03-21 16:23:00,P08,S,1.0,60.0,,cash
thaphae,TP-B5F0FC,1,2026-03-21 16:32:00,P10,L,1.0,70.0,M0303,card
thaphae,TP-82F993,1,2026-03-21 17:22:00,P08,M,1.0,70.0,M0317,cash
thaphae,TP-0D00DE,1,2026-03-21 19:04:00,P08,M,1.0,70.0,,qr
thaphae,TP-3483A6,1,2026-03-21 19:14:00,P07,S,1.0,45.0,,cash
thaphae,TP-3483A6,2,2026-03-21 19:14:00,P13,,1.0,50.0,,cash
thaphae,TP-4B9BD7,1,2026-03-21 19:34:00,P12,,2.0,55.0,,card
thaphae,TP-AA61A9,1,2026-03-22 07:06:00,P06,M,1.0,75.0,,cash
thaphae,TP-95DA58,1,2026-03-22 07:11:00,P02,S,1.0,45.0,,qr
thaphae,TP-2DD4F4,1,2026-03-22 07:49:00,P03,M,1.0,65.0,,card
thaphae,TP-6C79FD,1,2026-03-22 08:03:00,P02,L,1.0,65.0,,card
thaphae,TP-87602A,1,2026-03-22 08:05:00,P02,M,2.0,55.0,,cash
thaphae,TP-87602A,2,2026-03-22 08:05:00,P12,,1.0,55.0,,cash
thaphae,TP-A309F0,1,2026-03-22 08:07:00,P07,L,1.0,65.0,M0647,cash
thaphae,TP-A309F0,2,2026-03-22 08:07:00,P13,,1.0,50.0,M0647,cash
thaphae,TP-4169C7,1,2026-03-22 08:52:00,P09,M,1.0,50.0,,qr
thaphae,TP-4169C7,2,2026-03-22 08:52:00,P12,,1.0,55.0,,qr
thaphae,TP-432545,1,2026-03-22 08:57:00,P10,M,1.0,60.0,M0704,cash
thaphae,TP-546A6C,1,2026-03-22 09:08:00,P04,M,1.0,65.0,M0764,card
thaphae,TP-F636A8,1,2026-03-22 09:30:00,P06,M,1.0,75.0,M0449,cash
thaphae,TP-F14561,1,2026-03-22 09:49:00,P01,M,1.0,55.0,M0571,qr
thaphae,TP-6D97C4,1,2026-03-22 10:14:00,P08,M,2.0,70.0,,card
thaphae,TP-BA6F04,1,2026-03-22 10:56:00,P03,L,1.0,75.0,,qr
thaphae,TP-BA6F04,2,2026-03-22 10:56:00,P14,,1.0,85.0,,qr
thaphae,TP-600461,1,2026-03-22 11:25:00,P02,M,1.0,55.0,,card
thaphae,TP-964D39,1,2026-03-22 12:27:00,P12,,1.0,55.0,M0196,qr
thaphae,TP-C84701,1,2026-03-22 12:59:00,P05,M,1.0,70.0,,card
thaphae,TP-C84701,2,2026-03-22 12:59:00,P15,,1.0,75.0,,card
thaphae,TP-7486FF,1,2026-03-22 13:13:00,P08,M,1.0,70.0,,qr
thaphae,TP-7486FF,2,2026-03-22 13:13:00,P10,S,1.0,50.0,,qr
thaphae,TP-CD6771,1,2026-03-22 14:18:00,P03,S,1.0,55.0,,cash
thaphae,TP-CD6771,2,2026-03-22 14:18:00,P14,,1.0,85.0,,cash
thaphae,TP-59186E,1,2026-03-22 15:22:00,P14,,1.0,85.0,,card
thaphae,TP-59186E,2,2026-03-22 15:22:00,P05,L,1.0,80.0,,card
thaphae,TP-C1E6F1,1,2026-03-22 15:29:00,P12,,1.0,55.0,,qr
thaphae,TP-739FCD,1,2026-03-22 16:20:00,P07,L,1.0,65.0,M0286,cash
thaphae,TP-739FCD,2,2026-03-22 16:20:00,P13,,1.0,50.0,M0286,cash
thaphae,TP-AB1177,1,2026-03-22 16:39:00,P02,L,1.0,65.0,,card
thaphae,TP-9FB827,1,2026-03-22 17:22:00,P06,M,1.0,75.0,M0771,card
thaphae,TP-E38673,1,2026-03-22 19:14:00,P11,M,1.0,60.0,,qr
thaphae,TP-46E7A0,1,2026-03-23 08:27:00,P04,M,1.0,65.0,,qr
thaphae,TP-183975,1,2026-03-23 09:32:00,P03,S,1.0,55.0,,qr
thaphae,TP-183975,2,2026-03-23 09:32:00,P14,,1.0,85.0,,qr
thaphae,TP-C7B22C,1,2026-03-23 10:05:00,P02,M,1.0,55.0,,cash
thaphae,TP-76B5E3,1,2026-03-23 10:22:00,P02,S,1.0,45.0,,card
thaphae,TP-44A7DE,1,2026-03-23 10:58:00,P02,S,1.0,45.0,,card
thaphae,TP-44A7DE,2,2026-03-23 10:58:00,P12,,1.0,55.0,,card
thaphae,TP-159252,1,2026-03-23 11:01:00,P07,L,1.0,65.0,,cash
thaphae,TP-159252,2,2026-03-23 11:01:00,P13,,1.0,50.0,,cash
thaphae,TP-465C37,1,2026-03-23 12:14:00,P05,L,1.0,80.0,,cash
thaphae,TP-9E5B4F,1,2026-03-23 12:42:00,P02,M,3.0,55.0,,qr
thaphae,TP-9E5B4F,2,2026-03-23 12:42:00,P12,,1.0,55.0,,qr
thaphae,TP-BA4472,1,2026-03-23 14:04:00,P04,M,2.0,65.0,,qr
thaphae,TP-22ADB2,1,2026-03-23 14:04:00,P03,L,2.0,75.0,,card
thaphae,TP-22ADB2,2,2026-03-23 14:04:00,P14,,1.0,85.0,,card
thaphae,TP-730E92,1,2026-03-23 14:44:00,P11,S,1.0,50.0,,cash
thaphae,TP-730E92,2,2026-03-23 14:44:00,P12,,1.0,55.0,,cash
thaphae,TP-FF2D50,1,2026-03-23 15:27:00,P01,M,1.0,55.0,,cash
thaphae,TP-FF2D50,2,2026-03-23 15:27:00,P15,,1.0,75.0,,cash
thaphae,TP-34A878,1,2026-03-23 15:43:00,P14,,1.0,85.0,M0343,qr
thaphae,TP-34A878,2,2026-03-23 15:43:00,P13,,1.0,50.0,M0343,qr
thaphae,TP-275E01,1,2026-03-23 15:45:00,P01,M,1.0,55.0,,qr
thaphae,TP-2A207F,1,2026-03-23 16:13:00,P12,,1.0,55.0,,qr
thaphae,TP-95F19E,1,2026-03-23 16:46:00,P11,L,2.0,70.0,,card
thaphae,TP-9E34EF,1,2026-03-23 17:30:00,P03,M,1.0,65.0,,card
thaphae,TP-9E34EF,2,2026-03-23 17:30:00,P12,,1.0,55.0,,card
thaphae,TP-8AF8AD,1,2026-03-23 18:11:00,P07,S,1.0,45.0,,card
thaphae,TP-434428,1,2026-03-23 18:22:00,P04,M,1.0,65.0,,card
thaphae,TP-8F8458,1,2026-03-23 19:19:00,P07,S,1.0,45.0,,cash
thaphae,TP-8F8458,2,2026-03-23 19:19:00,P13,,1.0,50.0,,cash
thaphae,TP-67EAF7,1,2026-03-24 08:02:00,P12,,1.0,55.0,,card
thaphae,TP-127372,1,2026-03-24 08:30:00,P07,S,1.0,45.0,,card
thaphae,TP-68F8DE,1,2026-03-24 09:41:00,P06,M,1.0,75.0,M0258,card
thaphae,TP-68F8DE,2,2026-03-24 09:41:00,P12,,1.0,55.0,M0258,card
thaphae,TP-1459C5,1,2026-03-24 09:59:00,P06,M,1.0,75.0,,card
thaphae,TP-9E5F22,1,2026-03-24 10:17:00,P07,M,3.0,55.0,,qr
thaphae,TP-9E5F22,2,2026-03-24 10:17:00,P13,,1.0,50.0,,qr
thaphae,TP-A8E8B1,1,2026-03-24 11:30:00,P02,M,1.0,55.0,,qr
thaphae,TP-72F455,1,2026-03-24 12:11:00,P03,S,1.0,55.0,M0308,cash
thaphae,TP-72F455,2,2026-03-24 12:11:00,P14,,1.0,85.0,M0308,cash
thaphae,TP-DDF081,1,2026-03-24 13:04:00,P14,,1.0,85.0,M0048,cash
thaphae,TP-70D2F2,1,2026-03-24 14:50:00,P02,L,1.0,65.0,,card
thaphae,TP-9B9C1B,1,2026-03-24 15:20:00,P02,S,1.0,45.0,M0655,qr
thaphae,TP-C452F0,1,2026-03-24 16:01:00,P05,S,1.0,60.0,,cash
thaphae,TP-8FE0DF,1,2026-03-24 16:38:00,P07,M,1.0,55.0,M0548,card
thaphae,TP-8FE0DF,2,2026-03-24 16:38:00,P13,,1.0,50.0,M0548,card
thaphae,TP-972E1C,1,2026-03-24 17:41:00,P03,S,1.0,55.0,,cash
thaphae,TP-972E1C,2,2026-03-24 17:41:00,P14,,1.0,85.0,,cash
thaphae,TP-08A1ED,1,2026-03-24 17:42:00,P03,S,1.0,55.0,,cash
thaphae,TP-E55211,1,2026-03-25 08:36:00,P14,,2.0,85.0,,card
thaphae,TP-D8DFC8,1,2026-03-25 08:58:00,P04,L,1.0,75.0,,cash
thaphae,TP-219E33,1,2026-03-25 08:58:00,P03,M,1.0,65.0,,card
thaphae,TP-219E33,2,2026-03-25 08:58:00,P14,,1.0,85.0,,card
thaphae,TP-37E5CA,1,2026-03-25 10:30:00,P13,,1.0,50.0,,card
thaphae,TP-37E5CA,2,2026-03-25 10:30:00,P06,L,1.0,85.0,,card
thaphae,TP-A3F145,1,2026-03-25 10:44:00,P09,M,3.0,50.0,,card
thaphae,TP-79C045,1,2026-03-25 10:54:00,P15,,1.0,75.0,M0144,cash
thaphae,TP-FB7FFF,1,2026-03-25 10:54:00,P12,,2.0,55.0,,card
thaphae,TP-37B9A7,1,2026-03-25 12:17:00,P08,M,1.0,70.0,M0789,card
thaphae,TP-AB400F,1,2026-03-25 12:54:00,P03,S,1.0,55.0,,cash
thaphae,TP-1282AF,1,2026-03-25 12:58:00,P05,L,1.0,80.0,,qr
thaphae,TP-1282AF,2,2026-03-25 12:58:00,P07,S,1.0,45.0,,qr
thaphae,TP-19505B,1,2026-03-25 13:30:00,P01,M,2.0,55.0,M0590,qr
thaphae,TP-19505B,2,2026-03-25 13:30:00,P15,,1.0,75.0,M0590,qr
thaphae,TP-6604D3,1,2026-03-25 13:37:00,P08,M,1.0,70.0,,qr
thaphae,TP-6CB0C5,1,2026-03-25 13:41:00,P15,,1.0,75.0,M0448,card
thaphae,TP-6CB0C5,2,2026-03-25 13:41:00,P08,S,1.0,60.0,M0448,card
thaphae,TP-C9207C,1,2026-03-25 13:59:00,P11,M,2.0,60.0,M0590,qr
thaphae,TP-C9207C,2,2026-03-25 13:59:00,P04,L,1.0,75.0,M0590,qr
thaphae,TP-C8BA73,1,2026-03-25 14:34:00,P05,S,1.0,60.0,,qr
thaphae,TP-C8BA73,2,2026-03-25 14:34:00,P12,,1.0,55.0,,qr
thaphae,TP-C8BA73,3,2026-03-25 14:34:00,P03,L,1.0,75.0,,qr
thaphae,TP-3BE2E4,1,2026-03-25 14:36:00,P11,L,1.0,70.0,,card
thaphae,TP-FC74F2,1,2026-03-25 14:44:00,P11,L,1.0,70.0,M0751,card
thaphae,TP-FC74F2,2,2026-03-25 14:44:00,P13,,1.0,50.0,M0751,card
thaphae,TP-4FB412,1,2026-03-25 15:21:00,P09,L,1.0,60.0,,card
thaphae,TP-4FB412,2,2026-03-25 15:21:00,P08,L,1.0,80.0,,card
thaphae,TP-0F259B,1,2026-03-25 16:25:00,P04,S,2.0,55.0,,card
thaphae,TP-0F259B,2,2026-03-25 16:25:00,P14,,1.0,85.0,,card
thaphae,TP-786BA4,1,2026-03-26 09:06:00,P13,,1.0,50.0,,card
thaphae,TP-786BA4,2,2026-03-26 09:06:00,P02,M,1.0,55.0,,card
thaphae,TP-60C24F,1,2026-03-26 09:08:00,P03,L,1.0,75.0,M0194,card
thaphae,TP-EF2003,1,2026-03-26 09:10:00,P07,M,3.0,55.0,,card
thaphae,TP-247EE3,1,2026-03-26 10:21:00,P06,M,2.0,75.0,M0578,cash
thaphae,TP-36871F,1,2026-03-26 12:17:00,P14,,1.0,85.0,M0514,qr
thaphae,TP-803C6D,1,2026-03-26 12:25:00,P03,L,1.0,75.0,M0597,qr
thaphae,TP-5FB69B,1,2026-03-26 13:07:00,P14,,1.0,85.0,,cash
thaphae,TP-EE9842,1,2026-03-26 13:13:00,P03,M,1.0,65.0,,cash
thaphae,TP-EE9842,2,2026-03-26 13:13:00,P14,,1.0,85.0,,cash
thaphae,TP-5CF195,1,2026-03-26 14:20:00,P07,S,1.0,45.0,,qr
thaphae,TP-5CF195,2,2026-03-26 14:20:00,P13,,1.0,50.0,,qr
thaphae,TP-C72D3E,1,2026-03-26 14:24:00,P03,M,3.0,65.0,M0106,cash
thaphae,TP-6BD965,1,2026-03-26 15:12:00,P02,M,1.0,55.0,,cash
thaphae,TP-6BD965,2,2026-03-26 15:12:00,P12,,1.0,55.0,,cash
thaphae,TP-79988B,1,2026-03-26 15:28:00,P07,M,1.0,55.0,,card
thaphae,TP-79988B,2,2026-03-26 15:28:00,P13,,1.0,50.0,,card
thaphae,TP-183D32,1,2026-03-26 16:45:00,P03,M,2.0,65.0,,card
thaphae,TP-183D32,2,2026-03-26 16:45:00,P14,,1.0,85.0,,card
thaphae,TP-99D4A5,1,2026-03-26 17:03:00,P05,M,1.0,70.0,M0652,card
thaphae,TP-A4954A,1,2026-03-26 17:44:00,P15,,1.0,75.0,,card
thaphae,TP-F9C6CD,1,2026-03-27 08:38:00,P08,M,2.0,70.0,,qr
thaphae,TP-8E4434,1,2026-03-27 09:04:00,P14,,1.0,85.0,,card
thaphae,TP-35EA39,1,2026-03-27 09:10:00,P13,,1.0,50.0,,cash
thaphae,TP-D21B58,1,2026-03-27 10:07:00,P07,L,1.0,65.0,,card
thaphae,TP-A83182,1,2026-03-27 10:31:00,P15,,1.0,75.0,,cash
thaphae,TP-05A66B,1,2026-03-27 10:56:00,P12,,1.0,55.0,,qr
thaphae,TP-6E2B2B,1,2026-03-27 12:06:00,P07,L,1.0,65.0,,qr
thaphae,TP-6E2B2B,2,2026-03-27 12:06:00,P13,,1.0,50.0,,qr
thaphae,TP-6E2B2B,3,2026-03-27 12:06:00,P10,M,1.0,60.0,,qr
thaphae,TP-481AA4,1,2026-03-27 12:13:00,P11,L,1.0,70.0,,cash
thaphae,TP-73770E,1,2026-03-27 12:31:00,P07,S,2.0,45.0,,card
thaphae,TP-73770E,2,2026-03-27 12:31:00,P13,,1.0,50.0,,card
thaphae,TP-5E81FB,1,2026-03-27 13:44:00,P07,M,1.0,55.0,,cash
thaphae,TP-5E81FB,2,2026-03-27 13:44:00,P02,L,1.0,65.0,,cash
thaphae,TP-AF5286,1,2026-03-27 14:08:00,P07,L,1.0,65.0,,card
thaphae,TP-A4F474,1,2026-03-27 14:45:00,P13,,1.0,50.0,,card
thaphae,TP-E98AB7,1,2026-03-27 14:46:00,P08,L,1.0,80.0,,card
thaphae,TP-AE2072,1,2026-03-27 15:22:00,P11,M,1.0,60.0,,qr
thaphae,TP-1B1DE6,1,2026-03-27 15:29:00,P02,M,1.0,55.0,M0513,qr
thaphae,TP-1B1DE6,2,2026-03-27 15:29:00,P12,,1.0,55.0,M0513,qr
thaphae,TP-6EA25F,1,2026-03-27 15:47:00,P01,M,1.0,55.0,M0185,cash
thaphae,TP-01693C,1,2026-03-27 15:51:00,P08,L,1.0,80.0,,qr
thaphae,TP-A384D6,1,2026-03-27 15:57:00,P07,S,1.0,45.0,,cash
thaphae,TP-A384D6,2,2026-03-27 15:57:00,P13,,1.0,50.0,,cash
thaphae,TP-9511D6,1,2026-03-27 16:07:00,P11,M,1.0,60.0,,qr
thaphae,TP-539081,1,2026-03-27 16:45:00,P07,M,1.0,55.0,,card
thaphae,TP-539081,2,2026-03-27 16:45:00,P13,,1.0,50.0,,card
thaphae,TP-C10368,1,2026-03-27 17:38:00,P15,,3.0,75.0,,cash
thaphae,TP-5B8AE9,1,2026-03-28 07:29:00,P13,,2.0,50.0,,card
thaphae,TP-B8B1E6,1,2026-03-28 07:35:00,P01,S,1.0,45.0,,qr
thaphae,TP-B8B1E6,2,2026-03-28 07:35:00,P15,,1.0,75.0,,qr
thaphae,TP-5CD5E1,1,2026-03-28 07:44:00,P08,M,1.0,70.0,,card
thaphae,TP-266114,1,2026-03-28 07:46:00,P07,L,1.0,65.0,,qr
thaphae,TP-266114,2,2026-03-28 07:46:00,P13,,1.0,50.0,,qr
thaphae,TP-B4B7D5,1,2026-03-28 09:52:00,P07,S,1.0,45.0,,cash
thaphae,TP-B4B7D5,2,2026-03-28 09:52:00,P13,,1.0,50.0,,cash
thaphae,TP-B4B7D5,3,2026-03-28 09:52:00,P03,M,1.0,65.0,,cash
thaphae,TP-27E043,1,2026-03-28 10:17:00,P05,M,1.0,70.0,,qr
thaphae,TP-D99AF9,1,2026-03-28 11:05:00,P03,M,2.0,65.0,,qr
thaphae,TP-D99AF9,2,2026-03-28 11:05:00,P14,,1.0,85.0,,qr
thaphae,TP-D045B7,1,2026-03-28 14:07:00,P12,,1.0,55.0,M0528,qr
thaphae,TP-156629,1,2026-03-28 14:09:00,P07,M,1.0,55.0,,qr
thaphae,TP-C2D8B1,1,2026-03-28 14:18:00,P07,M,1.0,55.0,M0731,cash
thaphae,TP-C2D8B1,2,2026-03-28 14:18:00,P13,,1.0,50.0,M0731,cash
thaphae,TP-AC2DBA,1,2026-03-28 14:37:00,P03,M,2.0,65.0,M0174,card
thaphae,TP-13B012,1,2026-03-28 14:43:00,P09,S,1.0,40.0,,card
thaphae,TP-9C9983,1,2026-03-28 15:05:00,P02,M,1.0,55.0,,cash
thaphae,TP-E09D50,1,2026-03-28 16:26:00,P06,M,2.0,75.0,,cash
thaphae,TP-E09D50,2,2026-03-28 16:26:00,P04,S,1.0,55.0,,cash
thaphae,TP-62DE16,1,2026-03-28 17:05:00,P09,L,1.0,60.0,,qr
thaphae,TP-20EB67,1,2026-03-28 17:10:00,P08,M,1.0,70.0,,card
thaphae,TP-0AAACE,1,2026-03-28 17:37:00,P14,,1.0,85.0,,cash
thaphae,TP-8FCC4A,1,2026-03-28 17:52:00,P03,S,1.0,55.0,,card
thaphae,TP-B9DD6B,1,2026-03-28 18:04:00,P08,L,1.0,80.0,,qr
thaphae,TP-55BF89,1,2026-03-28 19:54:00,P03,S,2.0,55.0,,card
thaphae,TP-55BF89,2,2026-03-28 19:54:00,P14,,1.0,85.0,,card
thaphae,TP-566B34,1,2026-03-29 07:34:00,P10,M,1.0,60.0,M0760,card
thaphae,TP-AFB4C4,1,2026-03-29 07:54:00,P10,M,2.0,60.0,,card
thaphae,TP-DDFA6A,1,2026-03-29 08:08:00,P01,L,2.0,65.0,,qr
thaphae,TP-1110E0,1,2026-03-29 08:52:00,P14,,1.0,85.0,,card
thaphae,TP-70E021,1,2026-03-29 10:24:00,P06,M,1.0,75.0,,card
thaphae,TP-70E021,2,2026-03-29 10:24:00,P13,,1.0,50.0,,card
thaphae,TP-70E021,3,2026-03-29 10:24:00,P02,S,1.0,45.0,,card
thaphae,TP-732AA0,1,2026-03-29 10:44:00,P12,,1.0,55.0,,card
thaphae,TP-E1C0DB,1,2026-03-29 10:48:00,P15,,1.0,75.0,,qr
thaphae,TP-EEF224,1,2026-03-29 11:18:00,P03,M,3.0,65.0,,card
thaphae,TP-EEF224,2,2026-03-29 11:18:00,P14,,1.0,85.0,,card
thaphae,TP-DD8DF2,1,2026-03-29 11:43:00,P07,M,1.0,55.0,,cash
thaphae,TP-97D7D9,1,2026-03-29 12:44:00,P13,,1.0,50.0,,card
thaphae,TP-7EA163,1,2026-03-29 14:08:00,P09,L,1.0,60.0,,qr
thaphae,TP-ED98B7,1,2026-03-29 15:02:00,P15,,1.0,75.0,,card
thaphae,TP-151B6D,1,2026-03-29 15:15:00,P12,,1.0,55.0,,cash
thaphae,TP-27D156,1,2026-03-29 15:22:00,P09,S,1.0,40.0,,qr
thaphae,TP-4DF3CF,1,2026-03-29 15:46:00,P02,L,1.0,65.0,M0680,cash
thaphae,TP-74F687,1,2026-03-29 15:46:00,P08,M,1.0,70.0,,card
thaphae,TP-74F687,2,2026-03-29 15:46:00,P13,,1.0,50.0,,card
thaphae,TP-74F687,3,2026-03-29 15:46:00,P07,M,1.0,55.0,,card
thaphae,TP-406E20,1,2026-03-29 16:15:00,P12,,2.0,55.0,,card
thaphae,TP-406E20,2,2026-03-29 16:15:00,P07,M,1.0,55.0,,card
thaphae,TP-175B91,1,2026-03-29 16:19:00,P08,L,1.0,80.0,,qr
thaphae,TP-175B91,2,2026-03-29 16:19:00,P13,,1.0,50.0,,qr
thaphae,TP-660EBF,1,2026-03-29 18:34:00,P07,M,1.0,55.0,,qr
thaphae,TP-660EBF,2,2026-03-29 18:34:00,P13,,1.0,50.0,,qr
thaphae,TP-660EBF,3,2026-03-29 18:34:00,P08,M,1.0,70.0,,qr
thaphae,TP-4E4934,1,2026-03-29 18:57:00,P14,,1.0,85.0,M0312,cash
thaphae,TP-988839,1,2026-03-29 19:21:00,P07,S,1.0,45.0,,card
thaphae,TP-988839,2,2026-03-29 19:21:00,P13,,1.0,50.0,,card
thaphae,TP-96A213,1,2026-03-30 08:54:00,P05,S,1.0,60.0,,cash
thaphae,TP-612C0A,1,2026-03-30 09:15:00,P04,M,1.0,65.0,,cash
thaphae,TP-349B37,1,2026-03-30 09:19:00,P05,M,2.0,70.0,,card
thaphae,TP-349B37,2,2026-03-30 09:19:00,P03,L,1.0,75.0,,card
thaphae,TP-E1F0EA,1,2026-03-30 09:58:00,P10,M,2.0,60.0,,card
thaphae,TP-3F95D0,1,2026-03-30 10:24:00,P06,L,1.0,85.0,M0258,cash
thaphae,TP-6DCAF5,1,2026-03-30 10:46:00,P01,M,1.0,55.0,M0588,cash
thaphae,TP-6DCAF5,2,2026-03-30 10:46:00,P15,,1.0,75.0,M0588,cash
thaphae,TP-D877CB,1,2026-03-30 10:58:00,P01,L,2.0,65.0,,qr
thaphae,TP-D877CB,2,2026-03-30 10:58:00,P15,,1.0,75.0,,qr
thaphae,TP-FC5E7B,1,2026-03-30 11:06:00,P03,S,2.0,55.0,,cash
thaphae,TP-FC5E7B,2,2026-03-30 11:06:00,P14,,1.0,85.0,,cash
thaphae,TP-EAD0F5,1,2026-03-30 11:13:00,P04,M,1.0,65.0,,cash
thaphae,TP-5E79E3,1,2026-03-30 11:23:00,P14,,2.0,85.0,,cash
thaphae,TP-5E79E3,2,2026-03-30 11:23:00,P02,S,1.0,45.0,,cash
thaphae,TP-8F66B6,1,2026-03-30 14:10:00,P01,L,1.0,65.0,,cash
thaphae,TP-597C33,1,2026-03-30 14:50:00,P13,,1.0,50.0,,cash
thaphae,TP-1813D3,1,2026-03-30 14:51:00,P03,S,1.0,55.0,M0455,card
thaphae,TP-1813D3,2,2026-03-30 14:51:00,P14,,1.0,85.0,M0455,card
thaphae,TP-82F853,1,2026-03-30 15:04:00,P05,L,1.0,80.0,,cash
thaphae,TP-82F853,2,2026-03-30 15:04:00,P07,L,1.0,65.0,,cash
thaphae,TP-8E048A,1,2026-03-30 16:22:00,P02,L,1.0,65.0,M0051,card
thaphae,TP-8E048A,2,2026-03-30 16:22:00,P12,,1.0,55.0,M0051,card
thaphae,TP-8E048A,3,2026-03-30 16:22:00,P06,S,1.0,65.0,M0051,card
thaphae,TP-923258,1,2026-03-30 17:00:00,P15,,1.0,75.0,,qr
thaphae,TP-80A578,1,2026-03-30 18:25:00,P07,S,2.0,45.0,,qr
thaphae,TP-80A578,2,2026-03-30 18:25:00,P12,,1.0,55.0,,qr
thaphae,TP-269968,1,2026-03-30 19:50:00,P15,,1.0,75.0,M0285,qr
thaphae,TP-590199,1,2026-03-31 08:00:00,P03,S,1.0,55.0,,qr
thaphae,TP-A4AAB7,1,2026-03-31 08:01:00,P02,M,1.0,55.0,,cash
thaphae,TP-A4AAB7,2,2026-03-31 08:01:00,P12,,1.0,55.0,,cash
thaphae,TP-1AC52E,1,2026-03-31 08:40:00,P03,M,3.0,65.0,,qr
thaphae,TP-1AC52E,2,2026-03-31 08:40:00,P14,,1.0,85.0,,qr
thaphae,TP-ACB121,1,2026-03-31 08:43:00,P06,M,3.0,75.0,,qr
thaphae,TP-15823A,1,2026-03-31 08:44:00,P03,M,1.0,65.0,,card
thaphae,TP-DAB496,1,2026-03-31 08:46:00,P09,M,2.0,50.0,,card
thaphae,TP-7EF53D,1,2026-03-31 08:46:00,P03,S,2.0,55.0,,card
thaphae,TP-BD84C9,1,2026-03-31 08:52:00,P06,M,1.0,75.0,,cash
thaphae,TP-EC048D,1,2026-03-31 09:01:00,P03,M,1.0,65.0,,cash
thaphae,TP-EC048D,2,2026-03-31 09:01:00,P14,,1.0,85.0,,cash
thaphae,TP-EC048D,3,2026-03-31 09:01:00,P06,M,1.0,75.0,,cash
thaphae,TP-16455F,1,2026-03-31 09:31:00,P02,S,1.0,45.0,,cash
thaphae,TP-5A1AFA,1,2026-03-31 09:33:00,P03,S,1.0,55.0,M0548,qr
thaphae,TP-0D3791,1,2026-03-31 09:49:00,P05,L,1.0,80.0,M0129,qr
thaphae,TP-183DD3,1,2026-03-31 09:56:00,P10,L,1.0,70.0,,qr
thaphae,TP-71FF76,1,2026-03-31 09:59:00,P02,M,3.0,55.0,M0614,qr
thaphae,TP-71FF76,2,2026-03-31 09:59:00,P14,,1.0,85.0,M0614,qr
thaphae,TP-71FF76,3,2026-03-31 09:59:00,P03,M,1.0,65.0,M0614,qr
thaphae,TP-47CCBC,1,2026-03-31 10:22:00,P06,M,1.0,75.0,M0388,qr
thaphae,TP-7CE0B9,1,2026-03-31 10:47:00,P06,L,2.0,85.0,,qr
thaphae,TP-70552C,1,2026-03-31 12:21:00,P15,,2.0,75.0,,qr
thaphae,TP-7A4142,1,2026-03-31 13:03:00,P09,L,1.0,60.0,,card
thaphae,TP-6DE5CB,1,2026-03-31 14:08:00,P06,M,2.0,75.0,M0004,cash
thaphae,TP-B0E9C3,1,2026-03-31 14:52:00,P06,S,1.0,65.0,M0767,cash
thaphae,TP-09E8ED,1,2026-03-31 14:57:00,P03,S,1.0,55.0,,cash
thaphae,TP-09E8ED,2,2026-03-31 14:57:00,P14,,1.0,85.0,,cash
thaphae,TP-1C4F28,1,2026-03-31 15:10:00,P01,L,3.0,65.0,M0191,cash
thaphae,TP-1C4F28,2,2026-03-31 15:10:00,P15,,1.0,75.0,M0191,cash
thaphae,TP-EB6504,1,2026-03-31 15:11:00,P02,M,1.0,55.0,,qr
thaphae,TP-EB6504,2,2026-03-31 15:11:00,P12,,1.0,55.0,,qr
thaphae,TP-FA3E27,1,2026-03-31 15:21:00,P02,M,2.0,55.0,,qr
thaphae,TP-16CF6F,1,2026-03-31 15:22:00,P08,M,1.0,70.0,,cash
thaphae,TP-16CF6F,2,2026-03-31 15:22:00,P10,L,1.0,70.0,,cash
thaphae,TP-0B70C7,1,2026-03-31 15:28:00,P08,S,1.0,60.0,,card
thaphae,TP-1896A2,1,2026-03-31 16:40:00,P13,,2.0,50.0,,cash
thaphae,TP-BC5225,1,2026-03-31 17:55:00,P13,,1.0,50.0,,cash
thaphae,TP-49D2B5,1,2026-04-01 08:05:00,P06,S,2.0,65.0,,cash
thaphae,TP-016D26,1,2026-04-01 08:06:00,P06,M,1.0,75.0,,qr
thaphae,TP-276482,1,2026-04-01 08:46:00,P02,M,1.0,55.0,,qr
thaphae,TP-276482,2,2026-04-01 08:46:00,P12,,1.0,55.0,,qr
thaphae,TP-74CB38,1,2026-04-01 09:11:00,P14,,1.0,85.0,,card
thaphae,TP-C738F8,1,2026-04-01 09:12:00,P15,,1.0,75.0,M0362,cash
thaphae,TP-6D4746,1,2026-04-01 10:56:00,P02,S,1.0,45.0,,card
thaphae,TP-6D4746,2,2026-04-01 10:56:00,P12,,1.0,55.0,,card
thaphae,TP-03F276,1,2026-04-01 11:53:00,P13,,1.0,50.0,M0356,cash
thaphae,TP-31BA2D,1,2026-04-01 12:11:00,P06,M,1.0,75.0,,cash
thaphae,TP-31BA2D,2,2026-04-01 12:11:00,P14,,1.0,85.0,,cash
thaphae,TP-72F4A5,1,2026-04-01 12:22:00,P12,,2.0,55.0,,qr
thaphae,TP-34B157,1,2026-04-01 14:24:00,P07,M,2.0,55.0,M0144,card
thaphae,TP-34B157,2,2026-04-01 14:24:00,P12,,1.0,55.0,M0144,card
thaphae,TP-34B157,3,2026-04-01 14:24:00,P02,M,1.0,55.0,M0144,card
thaphae,TP-C5A0C0,1,2026-04-01 14:47:00,P04,M,1.0,65.0,M0044,card
thaphae,TP-69CD54,1,2026-04-01 14:52:00,P07,S,1.0,45.0,,cash
thaphae,TP-8A3E18,1,2026-04-01 16:05:00,P05,M,1.0,70.0,,cash
thaphae,TP-8A3E18,2,2026-04-01 16:05:00,P14,,1.0,85.0,,cash
thaphae,TP-E6D2F1,1,2026-04-01 16:08:00,P12,,1.0,55.0,,cash
thaphae,TP-4734D7,1,2026-04-01 17:17:00,P03,S,1.0,55.0,,cash
thaphae,TP-4734D7,2,2026-04-01 17:17:00,P14,,1.0,85.0,,cash
thaphae,TP-34AD0E,1,2026-04-01 19:42:00,P13,,1.0,50.0,M0616,card
thaphae,TP-1471C2,1,2026-04-02 09:07:00,P02,M,1.0,55.0,M0516,cash
thaphae,TP-1471C2,2,2026-04-02 09:07:00,P12,,1.0,55.0,M0516,cash
thaphae,TP-B1755A,1,2026-04-02 09:18:00,P04,M,1.0,65.0,,card
thaphae,TP-153B07,1,2026-04-02 09:36:00,P12,,1.0,55.0,,cash
thaphae,TP-153B07,2,2026-04-02 09:36:00,P11,S,1.0,50.0,,cash
thaphae,TP-8414D8,1,2026-04-02 09:47:00,P04,M,1.0,65.0,,cash
thaphae,TP-828B74,1,2026-04-02 10:02:00,P02,M,1.0,55.0,M0448,qr
thaphae,TP-828B74,2,2026-04-02 10:02:00,P12,,1.0,55.0,M0448,qr
thaphae,TP-21E484,1,2026-04-02 10:09:00,P03,L,3.0,75.0,,card
thaphae,TP-21E484,2,2026-04-02 10:09:00,P14,,1.0,85.0,,card
thaphae,TP-87590B,1,2026-04-02 10:20:00,P03,M,1.0,65.0,M0108,card
thaphae,TP-87590B,2,2026-04-02 10:20:00,P14,,1.0,85.0,M0108,card
thaphae,TP-CB68A6,1,2026-04-02 14:29:00,P03,M,1.0,65.0,,card
thaphae,TP-3B49FE,1,2026-04-02 14:48:00,P12,,1.0,55.0,,cash
thaphae,TP-892C71,1,2026-04-02 14:51:00,P06,M,1.0,75.0,,card
thaphae,TP-6E8F28,1,2026-04-02 14:54:00,P08,M,1.0,70.0,,card
thaphae,TP-F054E4,1,2026-04-02 14:54:00,P03,L,1.0,75.0,,card
thaphae,TP-F054E4,2,2026-04-02 14:54:00,P14,,1.0,85.0,,card
thaphae,TP-18DD14,1,2026-04-02 16:24:00,P03,M,1.0,65.0,,cash
thaphae,TP-18DD14,2,2026-04-02 16:24:00,P14,,1.0,85.0,,cash
thaphae,TP-18DD14,3,2026-04-02 16:24:00,P10,M,1.0,60.0,,cash
thaphae,TP-EB3920,1,2026-04-02 16:35:00,P07,M,2.0,55.0,M0055,cash
thaphae,TP-0E2B71,1,2026-04-02 16:43:00,P05,S,1.0,60.0,,card
thaphae,TP-0E2B71,2,2026-04-02 16:43:00,P13,,1.0,50.0,,card
thaphae,TP-0E2B71,3,2026-04-02 16:43:00,P11,S,1.0,50.0,,card
thaphae,TP-D24640,1,2026-04-02 17:33:00,P14,,1.0,85.0,M0665,card
thaphae,TP-9509EE,1,2026-04-02 17:52:00,P07,M,1.0,55.0,,card
thaphae,TP-9509EE,2,2026-04-02 17:52:00,P13,,1.0,50.0,,card
thaphae,TP-6E6AE5,1,2026-04-02 18:15:00,P09,M,1.0,50.0,,card
thaphae,TP-CDD4F8,1,2026-04-02 19:56:00,P02,L,3.0,65.0,,card
thaphae,TP-CDD4F8,2,2026-04-02 19:56:00,P12,,1.0,55.0,,card
thaphae,TP-53A028,1,2026-04-03 08:21:00,P03,L,1.0,75.0,,qr
thaphae,TP-7EEBA1,1,2026-04-03 08:57:00,P03,L,1.0,75.0,M0578,cash
thaphae,TP-F4D9D3,1,2026-04-03 09:30:00,P01,L,1.0,65.0,,qr
thaphae,TP-F4D9D3,2,2026-04-03 09:30:00,P15,,1.0,75.0,,qr
thaphae,TP-DDCAE5,1,2026-04-03 10:31:00,P06,S,1.0,65.0,,cash
thaphae,TP-A7421E,1,2026-04-03 10:42:00,P08,S,1.0,60.0,M0620,cash
thaphae,TP-B917C5,1,2026-04-03 11:55:00,P02,M,1.0,55.0,,qr
thaphae,TP-AB9940,1,2026-04-03 12:50:00,P04,M,1.0,65.0,M0653,qr
thaphae,TP-F8B53B,1,2026-04-03 13:11:00,P09,S,2.0,40.0,,card
thaphae,TP-FAA983,1,2026-04-03 13:56:00,P10,L,1.0,70.0,,card
thaphae,TP-B2ED24,1,2026-04-03 14:40:00,P05,S,1.0,60.0,M0103,qr
thaphae,TP-2E3D85,1,2026-04-03 14:48:00,P07,S,1.0,45.0,,card
thaphae,TP-2E3D85,2,2026-04-03 14:48:00,P13,,1.0,50.0,,card
thaphae,TP-C690A0,1,2026-04-03 16:49:00,P02,M,1.0,55.0,,cash
thaphae,TP-C690A0,2,2026-04-03 16:49:00,P12,,1.0,55.0,,cash
thaphae,TP-82C571,1,2026-04-03 18:22:00,P02,S,1.0,45.0,,cash
thaphae,TP-82C571,2,2026-04-03 18:22:00,P12,,1.0,55.0,,cash
thaphae,TP-82C571,3,2026-04-03 18:22:00,P04,S,1.0,55.0,,cash
thaphae,TP-197312,1,2026-04-03 18:47:00,P02,M,1.0,55.0,,card
thaphae,TP-140214,1,2026-04-04 07:10:00,P08,M,1.0,70.0,M0285,cash
thaphae,TP-D6CEAF,1,2026-04-04 07:39:00,P04,M,1.0,65.0,,cash
thaphae,TP-D1E449,1,2026-04-04 07:42:00,P05,M,3.0,70.0,,qr
thaphae,TP-D1E449,2,2026-04-04 07:42:00,P14,,1.0,85.0,,qr
thaphae,TP-9AFFF3,1,2026-04-04 08:36:00,P02,L,2.0,65.0,,cash
thaphae,TP-9AFFF3,2,2026-04-04 08:36:00,P12,,1.0,55.0,,cash
thaphae,TP-F22E2B,1,2026-04-04 08:54:00,P03,S,1.0,55.0,M0375,card
thaphae,TP-F22E2B,2,2026-04-04 08:54:00,P14,,1.0,85.0,M0375,card
thaphae,TP-0143A2,1,2026-04-04 09:37:00,P01,M,1.0,55.0,M0285,cash
thaphae,TP-FDA5B5,1,2026-04-04 10:03:00,P14,,1.0,85.0,M0250,cash
thaphae,TP-FDA5B5,2,2026-04-04 10:03:00,P09,L,1.0,60.0,M0250,cash
thaphae,TP-E8144F,1,2026-04-04 10:47:00,P03,L,1.0,75.0,M0676,card
thaphae,TP-D57570,1,2026-04-04 10:53:00,P01,S,1.0,45.0,,qr
thaphae,TP-D57570,2,2026-04-04 10:53:00,P14,,1.0,85.0,,qr
thaphae,TP-B575CC,1,2026-04-04 11:55:00,P09,L,3.0,60.0,M0135,qr
thaphae,TP-F8CA03,1,2026-04-04 11:59:00,P12,,1.0,55.0,,card
thaphae,TP-917D8E,1,2026-04-04 11:59:00,P14,,1.0,85.0,,qr
thaphae,TP-917D8E,2,2026-04-04 11:59:00,P03,L,1.0,75.0,,qr
thaphae,TP-264186,1,2026-04-04 12:17:00,P12,,1.0,55.0,,card
thaphae,TP-0221EE,1,2026-04-04 13:36:00,P13,,1.0,50.0,,qr
thaphae,TP-718AFC,1,2026-04-04 13:38:00,P02,M,1.0,55.0,M0245,qr
thaphae,TP-718AFC,2,2026-04-04 13:38:00,P12,,1.0,55.0,M0245,qr
thaphae,TP-578D89,1,2026-04-04 14:20:00,P13,,1.0,50.0,,card
thaphae,TP-1B43C5,1,2026-04-04 14:30:00,P15,,2.0,75.0,,card
thaphae,TP-B20C6B,1,2026-04-04 15:35:00,P09,M,1.0,50.0,,card
thaphae,TP-5A63FE,1,2026-04-04 15:38:00,P08,M,1.0,70.0,,card
thaphae,TP-5203A4,1,2026-04-04 16:01:00,P07,S,1.0,45.0,,cash
thaphae,TP-5203A4,2,2026-04-04 16:01:00,P13,,1.0,50.0,,cash
thaphae,TP-9B0867,1,2026-04-04 16:23:00,P07,M,1.0,55.0,,card
thaphae,TP-9B0867,2,2026-04-04 16:23:00,P13,,1.0,50.0,,card
thaphae,TP-E46FFB,1,2026-04-04 17:25:00,P07,M,1.0,55.0,,cash
thaphae,TP-6B5D43,1,2026-04-04 18:00:00,P09,M,2.0,50.0,M0778,card
thaphae,TP-066369,1,2026-04-04 18:36:00,P07,S,1.0,45.0,,card
thaphae,TP-BD8151,1,2026-04-04 18:43:00,P03,M,3.0,65.0,M0493,qr
thaphae,TP-66E9C6,1,2026-04-04 19:37:00,P09,M,1.0,50.0,,qr
thaphae,TP-66E9C6,2,2026-04-04 19:37:00,P07,M,1.0,55.0,,qr
thaphae,TP-71B02D,1,2026-04-04 19:42:00,P06,S,1.0,65.0,,qr
thaphae,TP-6F2274,1,2026-04-05 07:27:00,P07,M,1.0,55.0,,card
thaphae,TP-81903C,1,2026-04-05 07:44:00,P14,,1.0,85.0,,card
thaphae,TP-81903C,2,2026-04-05 07:44:00,P05,M,1.0,70.0,,card
thaphae,TP-1ECF42,1,2026-04-05 07:49:00,P05,L,1.0,80.0,,cash
thaphae,TP-6CB69F,1,2026-04-05 08:19:00,P04,L,3.0,75.0,,card
thaphae,TP-55606F,1,2026-04-05 08:30:00,P08,S,1.0,60.0,,card
thaphae,TP-E8E866,1,2026-04-05 08:34:00,P02,L,2.0,65.0,M0091,cash
thaphae,TP-3808F5,1,2026-04-05 08:52:00,P03,L,1.0,75.0,,cash
thaphae,TP-3808F5,2,2026-04-05 08:52:00,P14,,1.0,85.0,,cash
thaphae,TP-F225D3,1,2026-04-05 09:24:00,P05,M,1.0,70.0,,qr
thaphae,TP-934775,1,2026-04-05 09:43:00,P12,,2.0,55.0,,card
thaphae,TP-153762,1,2026-04-05 09:46:00,P03,S,1.0,55.0,,cash
thaphae,TP-59B6BD,1,2026-04-05 09:54:00,P03,S,1.0,55.0,,qr
thaphae,TP-59B6BD,2,2026-04-05 09:54:00,P14,,1.0,85.0,,qr
thaphae,TP-59B6BD,3,2026-04-05 09:54:00,P07,L,1.0,65.0,,qr
thaphae,TP-187BD6,1,2026-04-05 09:55:00,P14,,3.0,85.0,,card
thaphae,TP-F2D9AA,1,2026-04-05 10:11:00,P02,L,1.0,65.0,,qr
thaphae,TP-F2D9AA,2,2026-04-05 10:11:00,P12,,1.0,55.0,,qr
thaphae,TP-F89170,1,2026-04-05 10:27:00,P10,L,1.0,70.0,,cash
thaphae,TP-C72B9D,1,2026-04-05 10:29:00,P01,M,1.0,55.0,,qr
thaphae,TP-C72B9D,2,2026-04-05 10:29:00,P15,,1.0,75.0,,qr
thaphae,TP-698DA7,1,2026-04-05 10:30:00,P11,M,1.0,60.0,,cash
thaphae,TP-2CD49D,1,2026-04-05 11:26:00,P01,L,1.0,65.0,M0433,cash
thaphae,TP-BC254C,1,2026-04-05 13:12:00,P09,M,1.0,50.0,,cash
thaphae,TP-BC254C,2,2026-04-05 13:12:00,P14,,1.0,85.0,,cash
thaphae,TP-5A3CE5,1,2026-04-05 14:31:00,P01,S,1.0,45.0,M0598,card
thaphae,TP-5A3CE5,2,2026-04-05 14:31:00,P15,,1.0,75.0,M0598,card
thaphae,TP-5A3CE5,3,2026-04-05 14:31:00,P08,M,1.0,70.0,M0598,card
thaphae,TP-B94B0D,1,2026-04-05 15:43:00,P14,,1.0,85.0,,cash
thaphae,TP-1844DB,1,2026-04-05 15:58:00,P03,M,1.0,65.0,,qr
thaphae,TP-BE326A,1,2026-04-05 16:28:00,P11,S,1.0,50.0,M0561,cash
thaphae,TP-671A35,1,2026-04-05 18:41:00,P13,,1.0,50.0,,cash
thaphae,TP-232105,1,2026-04-05 19:29:00,P08,M,2.0,70.0,,cash
thaphae,TP-274F3E,1,2026-04-06 07:22:00,P04,L,2.0,75.0,,cash
thaphae,TP-57624D,1,2026-04-06 08:11:00,P03,M,1.0,65.0,,card
thaphae,TP-57624D,2,2026-04-06 08:11:00,P14,,1.0,85.0,,card
thaphae,TP-4D2A73,1,2026-04-06 09:41:00,P01,M,1.0,55.0,,cash
thaphae,TP-4D2A73,2,2026-04-06 09:41:00,P15,,1.0,75.0,,cash
thaphae,TP-BEACED,1,2026-04-06 10:02:00,P05,L,2.0,80.0,,card
thaphae,TP-CE37DC,1,2026-04-06 11:09:00,P12,,1.0,55.0,,cash
thaphae,TP-CE37DC,2,2026-04-06 11:09:00,P06,M,1.0,75.0,,cash
thaphae,TP-126911,1,2026-04-06 11:12:00,P05,M,1.0,70.0,,cash
thaphae,TP-3D3BDD,1,2026-04-06 12:46:00,P13,,2.0,50.0,M0399,card
thaphae,TP-BCAD14,1,2026-04-06 13:29:00,P11,S,1.0,50.0,M0063,cash
thaphae,TP-592624,1,2026-04-06 13:50:00,P14,,1.0,85.0,M0159,cash
thaphae,TP-90A5A1,1,2026-04-06 13:53:00,P06,M,1.0,75.0,,cash
thaphae,TP-5DA598,1,2026-04-06 14:01:00,P03,L,1.0,75.0,M0667,card
thaphae,TP-5DA598,2,2026-04-06 14:01:00,P14,,1.0,85.0,M0667,card
thaphae,TP-6BC01B,1,2026-04-06 14:09:00,P10,L,1.0,70.0,,card
thaphae,TP-6BC01B,2,2026-04-06 14:09:00,P07,S,1.0,45.0,,card
thaphae,TP-64DF01,1,2026-04-06 14:17:00,P12,,2.0,55.0,,card
thaphae,TP-9E7F1C,1,2026-04-06 14:29:00,P07,S,2.0,45.0,,card
thaphae,TP-9E7F1C,2,2026-04-06 14:29:00,P13,,1.0,50.0,,card
thaphae,TP-AB8C8F,1,2026-04-06 15:10:00,P02,S,1.0,45.0,,qr
thaphae,TP-AB8C8F,2,2026-04-06 15:10:00,P12,,1.0,55.0,,qr
thaphae,TP-765B66,1,2026-04-06 16:19:00,P11,S,1.0,50.0,,qr
thaphae,TP-E557FF,1,2026-04-06 17:27:00,P03,S,1.0,55.0,,card
thaphae,TP-E557FF,2,2026-04-06 17:27:00,P14,,1.0,85.0,,card
thaphae,TP-8E6933,1,2026-04-06 17:41:00,P09,M,1.0,50.0,,cash
thaphae,TP-8E6933,2,2026-04-06 17:41:00,P15,,1.0,75.0,,cash
thaphae,TP-08F725,1,2026-04-06 18:55:00,P07,M,2.0,55.0,,cash
thaphae,TP-08F725,2,2026-04-06 18:55:00,P13,,1.0,50.0,,cash
thaphae,TP-FF6239,1,2026-04-06 18:56:00,P02,M,2.0,55.0,,cash
thaphae,TP-0EEC60,1,2026-04-07 07:40:00,P11,M,1.0,60.0,,qr
thaphae,TP-2FE494,1,2026-04-07 09:00:00,P03,M,1.0,65.0,,qr
thaphae,TP-2FE494,2,2026-04-07 09:00:00,P14,,1.0,85.0,,qr
thaphae,TP-34A4DE,1,2026-04-07 09:45:00,P10,M,1.0,60.0,,card
thaphae,TP-2276C8,1,2026-04-07 09:53:00,P02,S,1.0,45.0,,card
thaphae,TP-2276C8,2,2026-04-07 09:53:00,P12,,1.0,55.0,,card
thaphae,TP-2276C8,3,2026-04-07 09:53:00,P03,M,1.0,65.0,,card
thaphae,TP-D1B6DA,1,2026-04-07 10:26:00,P07,L,1.0,65.0,,cash
thaphae,TP-D1B6DA,2,2026-04-07 10:26:00,P13,,1.0,50.0,,cash
thaphae,TP-3034E2,1,2026-04-07 11:14:00,P08,M,1.0,70.0,M0366,cash
thaphae,TP-171013,1,2026-04-07 13:59:00,P03,M,1.0,65.0,M0100,cash
thaphae,TP-A19460,1,2026-04-07 16:11:00,P07,S,2.0,45.0,,cash
thaphae,TP-A19460,2,2026-04-07 16:11:00,P13,,1.0,50.0,,cash
thaphae,TP-1B683F,1,2026-04-07 16:29:00,P10,L,2.0,70.0,,cash
thaphae,TP-8621C8,1,2026-04-07 16:36:00,P04,L,1.0,75.0,,cash
thaphae,TP-8BF1CE,1,2026-04-07 16:59:00,P04,S,2.0,55.0,,card
thaphae,TP-27D1A5,1,2026-04-07 17:29:00,P01,S,1.0,45.0,M0179,qr
thaphae,TP-27D1A5,2,2026-04-07 17:29:00,P15,,1.0,75.0,M0179,qr
thaphae,TP-4B2C87,1,2026-04-07 17:36:00,P06,M,1.0,75.0,,card
thaphae,TP-52AD3B,1,2026-04-07 18:21:00,P12,,1.0,55.0,,qr
thaphae,TP-5A02B9,1,2026-04-08 07:12:00,P04,M,1.0,65.0,,qr
thaphae,TP-5A02B9,2,2026-04-08 07:12:00,P15,,1.0,75.0,,qr
thaphae,TP-BBF691,1,2026-04-08 10:07:00,P03,S,1.0,55.0,,card
thaphae,TP-BBF691,2,2026-04-08 10:07:00,P14,,1.0,85.0,,card
thaphae,TP-E85903,1,2026-04-08 10:09:00,P02,S,1.0,45.0,,cash
thaphae,TP-E85903,2,2026-04-08 10:09:00,P12,,1.0,55.0,,cash
thaphae,TP-1E3BCF,1,2026-04-08 10:28:00,P07,S,1.0,45.0,,card
thaphae,TP-1E3BCF,2,2026-04-08 10:28:00,P13,,1.0,50.0,,card
thaphae,TP-775101,1,2026-04-08 13:38:00,P03,M,2.0,65.0,M0248,qr
thaphae,TP-8F5FBF,1,2026-04-08 14:09:00,P01,L,1.0,65.0,,card
thaphae,TP-8F5FBF,2,2026-04-08 14:09:00,P15,,1.0,75.0,,card
thaphae,TP-9AD796,1,2026-04-08 14:33:00,P03,S,1.0,55.0,,card
thaphae,TP-782DEE,1,2026-04-08 14:56:00,P01,M,1.0,55.0,,card
thaphae,TP-D8B3D6,1,2026-04-08 15:14:00,P08,L,3.0,80.0,,qr
thaphae,TP-C924A1,1,2026-04-08 15:30:00,P04,M,2.0,65.0,M0121,card
thaphae,TP-0D34B4,1,2026-04-08 17:46:00,P09,M,3.0,50.0,,qr
thaphae,TP-91DB30,1,2026-04-09 07:47:00,P02,M,1.0,55.0,,card
thaphae,TP-BF2DE2,1,2026-04-09 07:56:00,P03,M,1.0,65.0,,qr
thaphae,TP-BF2DE2,2,2026-04-09 07:56:00,P14,,1.0,85.0,,qr
thaphae,TP-56C4FB,1,2026-04-09 08:01:00,P05,M,1.0,70.0,,card
thaphae,TP-B2FC27,1,2026-04-09 08:32:00,P14,,1.0,85.0,,cash
thaphae,TP-A4CFBB,1,2026-04-09 10:08:00,P13,,1.0,50.0,M0657,card
thaphae,TP-3A3569,1,2026-04-09 10:42:00,P01,M,1.0,55.0,,qr
thaphae,TP-40C6F4,1,2026-04-09 11:29:00,P03,M,1.0,65.0,M0714,card
thaphae,TP-FC22F4,1,2026-04-09 11:59:00,P06,M,1.0,75.0,,cash
thaphae,TP-A4EF6E,1,2026-04-09 12:14:00,P03,M,1.0,65.0,,qr
thaphae,TP-4AB6E8,1,2026-04-09 12:54:00,P07,L,1.0,65.0,M0185,cash
thaphae,TP-4AB6E8,2,2026-04-09 12:54:00,P14,,1.0,85.0,M0185,cash
thaphae,TP-E6D0BB,1,2026-04-09 14:24:00,P10,L,1.0,70.0,,cash
thaphae,TP-D60C52,1,2026-04-09 14:27:00,P09,S,1.0,40.0,,qr
thaphae,TP-D60C52,2,2026-04-09 14:27:00,P03,L,1.0,75.0,,qr
thaphae,TP-DF5A9B,1,2026-04-09 14:52:00,P07,M,1.0,55.0,M0417,qr
thaphae,TP-FD90A7,1,2026-04-09 15:05:00,P09,S,1.0,40.0,,card
thaphae,TP-F9B873,1,2026-04-09 15:35:00,P10,M,1.0,60.0,M0620,card
thaphae,TP-EBC07D,1,2026-04-09 15:54:00,P06,L,1.0,85.0,,cash
thaphae,TP-EBC07D,2,2026-04-09 15:54:00,P01,M,1.0,55.0,,cash
thaphae,TP-C53169,1,2026-04-09 17:07:00,P02,L,3.0,65.0,,cash
thaphae,TP-20878A,1,2026-04-09 17:11:00,P02,M,1.0,55.0,M0481,card
thaphae,TP-8B93C0,1,2026-04-09 18:12:00,P14,,1.0,85.0,,card
thaphae,TP-FB7A11,1,2026-04-09 19:29:00,P07,L,3.0,65.0,,qr
thaphae,TP-BA0DBB,1,2026-04-10 07:31:00,P08,L,1.0,80.0,,qr
thaphae,TP-449795,1,2026-04-10 07:56:00,P02,M,1.0,55.0,,qr
thaphae,TP-7A674C,1,2026-04-10 08:51:00,P02,M,1.0,55.0,,card
thaphae,TP-7A674C,2,2026-04-10 08:51:00,P12,,1.0,55.0,,card
thaphae,TP-35A885,1,2026-04-10 08:55:00,P10,M,1.0,60.0,,cash
thaphae,TP-1B2B4A,1,2026-04-10 09:17:00,P03,M,1.0,65.0,,qr
thaphae,TP-1B2B4A,2,2026-04-10 09:17:00,P14,,1.0,85.0,,qr
thaphae,TP-AF157E,1,2026-04-10 09:26:00,P02,S,2.0,45.0,,cash
thaphae,TP-AF157E,2,2026-04-10 09:26:00,P12,,1.0,55.0,,cash
thaphae,TP-6FFD6C,1,2026-04-10 10:12:00,P02,M,1.0,55.0,,cash
thaphae,TP-6FFD6C,2,2026-04-10 10:12:00,P12,,1.0,55.0,,cash
thaphae,TP-CD5490,1,2026-04-10 10:40:00,P08,L,2.0,80.0,,card
thaphae,TP-CD5490,2,2026-04-10 10:40:00,P02,M,1.0,55.0,,card
thaphae,TP-8B36D8,1,2026-04-10 10:52:00,P02,L,1.0,65.0,,qr
thaphae,TP-57F85D,1,2026-04-10 13:05:00,P09,M,3.0,50.0,,card
thaphae,TP-57F85D,2,2026-04-10 13:05:00,P13,,1.0,50.0,,card
thaphae,TP-7A8292,1,2026-04-10 13:12:00,P12,,1.0,55.0,,cash
thaphae,TP-A7B5E9,1,2026-04-10 14:33:00,P04,M,2.0,65.0,,card
thaphae,TP-3DB8D5,1,2026-04-10 15:12:00,P07,M,1.0,55.0,,card
thaphae,TP-3DB8D5,2,2026-04-10 15:12:00,P13,,1.0,50.0,,card
thaphae,TP-0FE34A,1,2026-04-10 18:27:00,P09,S,1.0,40.0,,cash
thaphae,TP-DFBAD7,1,2026-04-11 07:46:00,P04,M,1.0,65.0,,cash
thaphae,TP-0CE81B,1,2026-04-11 07:50:00,P03,M,2.0,65.0,,cash
thaphae,TP-0CE81B,2,2026-04-11 07:50:00,P14,,1.0,85.0,,cash
thaphae,TP-809352,1,2026-04-11 07:50:00,P01,L,1.0,65.0,,card
thaphae,TP-809352,2,2026-04-11 07:50:00,P15,,1.0,75.0,,card
thaphae,TP-809352,3,2026-04-11 07:50:00,P04,M,1.0,65.0,,card
thaphae,TP-576447,1,2026-04-11 08:09:00,P09,S,1.0,40.0,,qr
thaphae,TP-209C91,1,2026-04-11 08:16:00,P06,M,1.0,75.0,,qr
thaphae,TP-E5DFAB,1,2026-04-11 09:14:00,P07,M,1.0,55.0,,qr
thaphae,TP-E66ABC,1,2026-04-11 09:52:00,P14,,2.0,85.0,,card
thaphae,TP-2AD266,1,2026-04-11 10:49:00,P05,M,1.0,70.0,,card
thaphae,TP-2AD266,2,2026-04-11 10:49:00,P13,,1.0,50.0,,card
thaphae,TP-2AD266,3,2026-04-11 10:49:00,P03,M,1.0,65.0,,card
thaphae,TP-B2AFB2,1,2026-04-11 11:32:00,P04,M,1.0,65.0,,qr
thaphae,TP-B2AFB2,2,2026-04-11 11:32:00,P12,,1.0,55.0,,qr
thaphae,TP-12AC65,1,2026-04-11 11:55:00,P12,,1.0,55.0,,cash
thaphae,TP-2A1681,1,2026-04-11 12:50:00,P03,M,1.0,65.0,M0211,cash
thaphae,TP-02C56C,1,2026-04-11 13:01:00,P03,M,2.0,65.0,,qr
thaphae,TP-02C56C,2,2026-04-11 13:01:00,P14,,1.0,85.0,,qr
thaphae,TP-A23F0F,1,2026-04-11 13:19:00,P07,S,1.0,45.0,,cash
thaphae,TP-A23F0F,2,2026-04-11 13:19:00,P08,M,1.0,70.0,,cash
thaphae,TP-FF68C6,1,2026-04-11 14:16:00,P11,M,1.0,60.0,,card
thaphae,TP-FF68C6,2,2026-04-11 14:16:00,P12,,1.0,55.0,,card
thaphae,TP-9EB128,1,2026-04-11 14:22:00,P13,,1.0,50.0,M0185,cash
thaphae,TP-9AB460,1,2026-04-11 14:25:00,P03,M,1.0,65.0,,qr
thaphae,TP-9AB460,2,2026-04-11 14:25:00,P15,,1.0,75.0,,qr
thaphae,TP-38F291,1,2026-04-11 15:25:00,P09,M,1.0,50.0,,card
thaphae,TP-7B46E3,1,2026-04-11 16:13:00,P07,L,1.0,65.0,,card
thaphae,TP-7B46E3,2,2026-04-11 16:13:00,P12,,1.0,55.0,,card
thaphae,TP-470B5D,1,2026-04-11 16:38:00,P11,M,1.0,60.0,M0336,qr
thaphae,TP-F4A827,1,2026-04-11 18:03:00,P09,M,1.0,50.0,,card
thaphae,TP-2B3E7A,1,2026-04-11 18:44:00,P08,S,1.0,60.0,,cash
thaphae,TP-2B3E7A,2,2026-04-11 18:44:00,P13,,1.0,50.0,,cash
thaphae,TP-2B3E7A,3,2026-04-11 18:44:00,P03,S,1.0,55.0,,cash
thaphae,TP-72CD59,1,2026-04-12 07:22:00,P03,S,1.0,55.0,,cash
thaphae,TP-72CD59,2,2026-04-12 07:22:00,P14,,1.0,85.0,,cash
thaphae,TP-CB4B65,1,2026-04-12 08:24:00,P04,M,1.0,65.0,,qr
thaphae,TP-CB4B65,2,2026-04-12 08:24:00,P06,M,1.0,75.0,,qr
thaphae,TP-26D660,1,2026-04-12 08:42:00,P13,,1.0,50.0,M0573,qr
thaphae,TP-EDCFA0,1,2026-04-12 09:32:00,P05,M,1.0,70.0,,cash
thaphae,TP-F544A7,1,2026-04-12 10:19:00,P02,S,1.0,45.0,,qr
thaphae,TP-F544A7,2,2026-04-12 10:19:00,P12,,1.0,55.0,,qr
thaphae,TP-9FC8CE,1,2026-04-12 10:39:00,P05,M,1.0,70.0,M0709,card
thaphae,TP-9FC8CE,2,2026-04-12 10:39:00,P07,M,1.0,55.0,M0709,card
thaphae,TP-38C881,1,2026-04-12 10:42:00,P06,L,1.0,85.0,,cash
thaphae,TP-38C881,2,2026-04-12 10:42:00,P03,S,1.0,55.0,,cash
thaphae,TP-C2A20E,1,2026-04-12 11:26:00,P07,L,1.0,65.0,,qr
thaphae,TP-0B7E10,1,2026-04-12 11:44:00,P08,M,2.0,70.0,,qr
thaphae,TP-D2162A,1,2026-04-12 12:01:00,P10,M,1.0,60.0,,qr
thaphae,TP-D77C29,1,2026-04-12 12:09:00,P08,L,1.0,80.0,M0108,qr
thaphae,TP-036B5A,1,2026-04-12 12:21:00,P10,M,1.0,60.0,,qr
thaphae,TP-E70ABF,1,2026-04-12 13:10:00,P15,,1.0,75.0,,card
thaphae,TP-AE8C93,1,2026-04-12 13:52:00,P03,L,2.0,75.0,M0251,card
thaphae,TP-1F6BB8,1,2026-04-12 13:52:00,P02,L,1.0,65.0,,card
thaphae,TP-1F6BB8,2,2026-04-12 13:52:00,P12,,1.0,55.0,,card
thaphae,TP-1F6BB8,3,2026-04-12 13:52:00,P08,M,1.0,70.0,,card
thaphae,TP-10E886,1,2026-04-12 14:21:00,P12,,1.0,55.0,,qr
thaphae,TP-21A246,1,2026-04-12 14:50:00,P03,M,1.0,65.0,,card
thaphae,TP-21A246,2,2026-04-12 14:50:00,P14,,1.0,85.0,,card
thaphae,TP-BC0F76,1,2026-04-12 16:16:00,P04,L,1.0,75.0,,cash
thaphae,TP-DB2514,1,2026-04-12 16:40:00,P02,M,1.0,55.0,,card
thaphae,TP-DB2514,2,2026-04-12 16:40:00,P12,,1.0,55.0,,card
thaphae,TP-3E57C2,1,2026-04-12 16:44:00,P03,M,1.0,65.0,,card
thaphae,TP-3E57C2,2,2026-04-12 16:44:00,P14,,1.0,85.0,,card
thaphae,TP-301254,1,2026-04-12 16:59:00,P07,S,1.0,45.0,,cash
thaphae,TP-301254,2,2026-04-12 16:59:00,P13,,1.0,50.0,,cash
thaphae,TP-71B888,1,2026-04-12 18:33:00,P10,S,1.0,50.0,,qr
thaphae,TP-71B888,2,2026-04-12 18:33:00,P14,,1.0,85.0,,qr
thaphae,TP-709B46,1,2026-04-13 07:20:00,P13,,1.0,50.0,,cash
thaphae,TP-C50D46,1,2026-04-13 07:28:00,P11,L,1.0,70.0,,qr
thaphae,TP-8E77CD,1,2026-04-13 07:39:00,P02,M,1.0,55.0,,cash
thaphae,TP-CFA6A9,1,2026-04-13 07:43:00,P10,M,1.0,60.0,,qr
thaphae,TP-EED8A5,1,2026-04-13 08:45:00,P08,M,1.0,70.0,,cash
thaphae,TP-956DBA,1,2026-04-13 09:18:00,P02,M,1.0,55.0,,qr
thaphae,TP-956DBA,2,2026-04-13 09:18:00,P12,,1.0,55.0,,qr
thaphae,TP-956DBA,3,2026-04-13 09:18:00,P05,M,1.0,70.0,,qr
thaphae,TP-2978B5,1,2026-04-13 09:30:00,P02,M,1.0,55.0,,cash
thaphae,TP-2978B5,2,2026-04-13 09:30:00,P12,,1.0,55.0,,cash
thaphae,TP-0A377D,1,2026-04-13 10:14:00,P03,M,1.0,65.0,,card
thaphae,TP-0A377D,2,2026-04-13 10:14:00,P14,,1.0,85.0,,card
thaphae,TP-0A377D,3,2026-04-13 10:14:00,P07,M,1.0,55.0,,card
thaphae,TP-9C8257,1,2026-04-13 10:29:00,P08,M,1.0,70.0,M0725,cash
thaphae,TP-E4DCE8,1,2026-04-13 10:50:00,P15,,2.0,75.0,,qr
thaphae,TP-68215A,1,2026-04-13 10:58:00,P02,M,2.0,55.0,,cash
thaphae,TP-82EA6E,1,2026-04-13 11:48:00,P03,L,2.0,75.0,,qr
thaphae,TP-25571D,1,2026-04-13 13:13:00,P04,S,1.0,55.0,,cash
thaphae,TP-96607A,1,2026-04-13 13:26:00,P14,,1.0,85.0,,cash
thaphae,TP-B95A23,1,2026-04-13 13:35:00,P08,S,1.0,60.0,,cash
thaphae,TP-157CF5,1,2026-04-13 14:11:00,P08,L,1.0,80.0,M0771,cash
thaphae,TP-0EB387,1,2026-04-13 14:48:00,P05,S,1.0,60.0,M0735,cash
thaphae,TP-F36103,1,2026-04-13 15:29:00,P03,M,1.0,65.0,,qr
thaphae,TP-F36103,2,2026-04-13 15:29:00,P14,,1.0,85.0,,qr
thaphae,TP-D545AF,1,2026-04-13 17:42:00,P07,S,1.0,45.0,M0764,cash
thaphae,TP-D545AF,2,2026-04-13 17:42:00,P13,,1.0,50.0,M0764,cash
thaphae,TP-3BFFEE,1,2026-04-13 19:04:00,P15,,1.0,75.0,,cash
thaphae,TP-CCDFD2,1,2026-04-14 07:05:00,P03,M,2.0,65.0,,card
thaphae,TP-CCDFD2,2,2026-04-14 07:05:00,P14,,1.0,85.0,,card
thaphae,TP-0B28D9,1,2026-04-14 07:05:00,P04,M,2.0,65.0,,cash
thaphae,TP-393EA1,1,2026-04-14 07:15:00,P02,M,2.0,55.0,,qr
thaphae,TP-393EA1,2,2026-04-14 07:15:00,P12,,1.0,55.0,,qr
thaphae,TP-442A6E,1,2026-04-14 07:30:00,P03,M,1.0,65.0,,cash
thaphae,TP-442A6E,2,2026-04-14 07:30:00,P14,,1.0,85.0,,cash
thaphae,TP-78EF9D,1,2026-04-14 07:30:00,P02,L,1.0,65.0,M0764,cash
thaphae,TP-493B03,1,2026-04-14 08:10:00,P07,M,1.0,55.0,,qr
thaphae,TP-29E5D5,1,2026-04-14 08:17:00,P05,L,1.0,80.0,,cash
thaphae,TP-88D904,1,2026-04-14 08:26:00,P03,L,1.0,75.0,,cash
thaphae,TP-88D904,2,2026-04-14 08:26:00,P14,,1.0,85.0,,cash
thaphae,TP-2B7114,1,2026-04-14 08:54:00,P03,M,3.0,65.0,,cash
thaphae,TP-2B7114,2,2026-04-14 08:54:00,P14,,1.0,85.0,,cash
thaphae,TP-0D5074,1,2026-04-14 09:11:00,P12,,1.0,55.0,,qr
thaphae,TP-FCA592,1,2026-04-14 09:16:00,P13,,1.0,50.0,,cash
thaphae,TP-9A088F,1,2026-04-14 09:25:00,P02,S,1.0,45.0,,cash
thaphae,TP-9A088F,2,2026-04-14 09:25:00,P12,,1.0,55.0,,cash
thaphae,TP-FBD0ED,1,2026-04-14 09:30:00,P02,L,1.0,65.0,,card
thaphae,TP-FBD0ED,2,2026-04-14 09:30:00,P12,,1.0,55.0,,card
thaphae,TP-C5216B,1,2026-04-14 09:43:00,P05,M,1.0,70.0,,card
thaphae,TP-C5216B,2,2026-04-14 09:43:00,P04,L,1.0,75.0,,card
thaphae,TP-37BA05,1,2026-04-14 10:02:00,P12,,1.0,55.0,M0399,cash
thaphae,TP-00362B,1,2026-04-14 10:21:00,P01,M,1.0,55.0,M0515,card
thaphae,TP-B614B8,1,2026-04-14 10:34:00,P12,,1.0,55.0,,cash
thaphae,TP-6F24EA,1,2026-04-14 10:37:00,P10,S,3.0,50.0,,card
thaphae,TP-CC19BF,1,2026-04-14 10:55:00,P06,M,1.0,75.0,,cash
thaphae,TP-CC19BF,2,2026-04-14 10:55:00,P14,,1.0,85.0,,cash
thaphae,TP-7AF598,1,2026-04-14 10:57:00,P07,L,1.0,65.0,,card
thaphae,TP-7AF598,2,2026-04-14 10:57:00,P13,,1.0,50.0,,card
thaphae,TP-BDFC9F,1,2026-04-14 11:23:00,P03,M,1.0,65.0,,card
thaphae,TP-BDFC9F,2,2026-04-14 11:23:00,P14,,1.0,85.0,,card
thaphae,TP-C54621,1,2026-04-14 11:25:00,P03,L,1.0,75.0,,cash
thaphae,TP-C54621,2,2026-04-14 11:25:00,P14,,1.0,85.0,,cash
thaphae,TP-CA44FC,1,2026-04-14 11:46:00,P03,L,1.0,75.0,,cash
thaphae,TP-785A84,1,2026-04-14 12:08:00,P14,,1.0,85.0,,cash
thaphae,TP-E4CC57,1,2026-04-14 12:28:00,P12,,1.0,55.0,,qr
thaphae,TP-8FACC9,1,2026-04-14 12:59:00,P07,M,1.0,55.0,,card
thaphae,TP-8FACC9,2,2026-04-14 12:59:00,P13,,1.0,50.0,,card
thaphae,TP-48451A,1,2026-04-14 13:15:00,P15,,2.0,75.0,,qr
thaphae,TP-217786,1,2026-04-14 14:12:00,P02,M,1.0,55.0,,qr
thaphae,TP-711339,1,2026-04-14 14:21:00,P11,S,1.0,50.0,M0005,cash
thaphae,TP-19DB4E,1,2026-04-14 14:21:00,P07,S,1.0,45.0,,cash
thaphae,TP-19F3BF,1,2026-04-14 14:46:00,P07,L,1.0,65.0,,card
thaphae,TP-2AD2AB,1,2026-04-14 14:48:00,P09,L,1.0,60.0,,qr
thaphae,TP-5A2EF9,1,2026-04-14 15:19:00,P03,M,1.0,65.0,M0652,qr
thaphae,TP-6B34DA,1,2026-04-14 15:27:00,P08,L,1.0,80.0,,cash
thaphae,TP-6CE39F,1,2026-04-14 15:29:00,P08,M,1.0,70.0,M0515,qr
thaphae,TP-88EDC7,1,2026-04-14 15:43:00,P08,M,1.0,70.0,,card
thaphae,TP-88EDC7,2,2026-04-14 15:43:00,P11,M,1.0,60.0,,card
thaphae,TP-A7EFBE,1,2026-04-14 15:48:00,P03,L,1.0,75.0,M0388,cash
thaphae,TP-05647D,1,2026-04-14 16:12:00,P13,,1.0,50.0,,cash
thaphae,TP-3A277A,1,2026-04-14 16:17:00,P04,M,1.0,65.0,,cash
thaphae,TP-DF1A70,1,2026-04-14 16:23:00,P03,M,1.0,65.0,M0136,qr
thaphae,TP-DF1A70,2,2026-04-14 16:23:00,P15,,1.0,75.0,M0136,qr
thaphae,TP-21259C,1,2026-04-14 17:36:00,P15,,1.0,75.0,,card
thaphae,TP-37FCF0,1,2026-04-14 17:46:00,P04,M,1.0,65.0,,card
thaphae,TP-BF84C0,1,2026-04-14 17:51:00,P14,,1.0,85.0,M0711,cash
thaphae,TP-89E2DD,1,2026-04-14 17:54:00,P07,S,1.0,45.0,M0611,qr
thaphae,TP-89E2DD,2,2026-04-14 17:54:00,P13,,1.0,50.0,M0611,qr
thaphae,TP-DEF097,1,2026-04-14 18:46:00,P10,S,3.0,50.0,,cash
thaphae,TP-1A25A9,1,2026-04-14 18:56:00,P15,,1.0,75.0,,qr
thaphae,TP-C86C65,1,2026-04-14 19:16:00,P12,,1.0,55.0,,cash
thaphae,TP-68F517,1,2026-04-14 19:51:00,P04,S,1.0,55.0,,qr
thaphae,TP-68F517,2,2026-04-14 19:51:00,P03,M,1.0,65.0,,qr
thaphae,TP-B24D92,1,2026-04-15 07:06:00,P02,M,2.0,55.0,M0650,qr
thaphae,TP-1AA6E6,1,2026-04-15 07:25:00,P04,L,1.0,75.0,,cash
thaphae,TP-0CA971,1,2026-04-15 07:52:00,P07,M,1.0,55.0,,cash
thaphae,TP-E03ADE,1,2026-04-15 08:00:00,P08,M,1.0,70.0,,qr
thaphae,TP-BCF936,1,2026-04-15 08:29:00,P02,M,1.0,55.0,,cash
thaphae,TP-BCF936,2,2026-04-15 08:29:00,P12,,1.0,55.0,,cash
thaphae,TP-0A330B,1,2026-04-15 08:40:00,P02,L,1.0,65.0,,card
thaphae,TP-0A330B,2,2026-04-15 08:40:00,P12,,1.0,55.0,,card
thaphae,TP-FD90F8,1,2026-04-15 08:43:00,P02,M,1.0,55.0,,cash
thaphae,TP-FD90F8,2,2026-04-15 08:43:00,P14,,1.0,85.0,,cash
thaphae,TP-FD90F8,3,2026-04-15 08:43:00,P06,M,1.0,75.0,,cash
thaphae,TP-E8AB97,1,2026-04-15 08:57:00,P02,S,1.0,45.0,,cash
thaphae,TP-32FFE3,1,2026-04-15 09:04:00,P03,S,3.0,55.0,,card
thaphae,TP-32FFE3,2,2026-04-15 09:04:00,P14,,1.0,85.0,,card
thaphae,TP-AC2896,1,2026-04-15 09:07:00,P01,M,2.0,55.0,,card
thaphae,TP-9EBB18,1,2026-04-15 09:15:00,P03,M,1.0,65.0,,card
thaphae,TP-4C1069,1,2026-04-15 09:20:00,P07,M,1.0,55.0,M0620,card
thaphae,TP-4C1069,2,2026-04-15 09:20:00,P13,,1.0,50.0,M0620,card
thaphae,TP-4C1069,3,2026-04-15 09:20:00,P04,S,1.0,55.0,M0620,card
thaphae,TP-0C4B0A,1,2026-04-15 09:29:00,P07,M,1.0,55.0,,cash
thaphae,TP-F9CE3D,1,2026-04-15 09:49:00,P05,M,1.0,70.0,,card
thaphae,TP-731493,1,2026-04-15 09:49:00,P06,S,1.0,65.0,M0684,qr
thaphae,TP-34BC0D,1,2026-04-15 10:03:00,P07,S,2.0,45.0,,card
thaphae,TP-34BC0D,2,2026-04-15 10:03:00,P13,,1.0,50.0,,card
thaphae,TP-293482,1,2026-04-15 10:50:00,P05,S,1.0,60.0,,cash
thaphae,TP-812955,1,2026-04-15 10:56:00,P08,M,1.0,70.0,,cash
thaphae,TP-557D90,1,2026-04-15 12:16:00,P01,M,1.0,55.0,,card
thaphae,TP-557D90,2,2026-04-15 12:16:00,P08,M,1.0,70.0,,card
thaphae,TP-B3478B,1,2026-04-15 12:35:00,P09,M,1.0,50.0,,cash
thaphae,TP-B3478B,2,2026-04-15 12:35:00,P14,,1.0,85.0,,cash
thaphae,TP-B3478B,3,2026-04-15 12:35:00,P06,L,1.0,85.0,,cash
thaphae,TP-22BD2C,1,2026-04-15 12:41:00,P11,L,1.0,70.0,,cash
thaphae,TP-DE35F3,1,2026-04-15 13:17:00,P07,M,1.0,55.0,M0735,card
thaphae,TP-DE35F3,2,2026-04-15 13:17:00,P13,,1.0,50.0,M0735,card
thaphae,TP-DE35F3,3,2026-04-15 13:17:00,P06,M,1.0,75.0,M0735,card
thaphae,TP-EB776D,1,2026-04-15 13:31:00,P03,S,1.0,55.0,,card
thaphae,TP-773F0F,1,2026-04-15 14:36:00,P11,M,1.0,60.0,,card
thaphae,TP-8D0AD6,1,2026-04-15 15:14:00,P13,,1.0,50.0,,cash
thaphae,TP-DF8D6E,1,2026-04-15 15:31:00,P05,M,1.0,70.0,,card
thaphae,TP-AA60ED,1,2026-04-15 15:48:00,P03,L,1.0,75.0,M0791,cash
thaphae,TP-13E474,1,2026-04-15 15:57:00,P15,,1.0,75.0,,qr
thaphae,TP-BFB79D,1,2026-04-15 16:15:00,P02,M,1.0,55.0,M0679,cash
thaphae,TP-BFB79D,2,2026-04-15 16:15:00,P12,,1.0,55.0,M0679,cash
thaphae,TP-2E9E4A,1,2026-04-15 16:22:00,P08,M,1.0,70.0,M0136,card
thaphae,TP-BC8040,1,2026-04-15 16:23:00,P12,,1.0,55.0,M0245,card
thaphae,TP-A00EF6,1,2026-04-15 16:36:00,P09,M,1.0,50.0,,qr
thaphae,TP-A00EF6,2,2026-04-15 16:36:00,P04,L,1.0,75.0,,qr
thaphae,TP-6CA864,1,2026-04-15 17:40:00,P08,S,1.0,60.0,,card
thaphae,TP-6CA864,2,2026-04-15 17:40:00,P10,M,1.0,60.0,,card
thaphae,TP-E18653,1,2026-04-15 18:07:00,P14,,1.0,85.0,,cash
thaphae,TP-FF4198,1,2026-04-15 19:46:00,P02,L,2.0,65.0,,qr
thaphae,TP-92CAFA,1,2026-04-16 07:00:00,P03,M,1.0,65.0,,card
thaphae,TP-92CAFA,2,2026-04-16 07:00:00,P14,,1.0,85.0,,card
thaphae,TP-899CBE,1,2026-04-16 07:19:00,P06,L,1.0,85.0,,cash
thaphae,TP-2D504F,1,2026-04-16 07:22:00,P01,M,2.0,55.0,,cash
thaphae,TP-2D504F,2,2026-04-16 07:22:00,P15,,1.0,75.0,,cash
thaphae,TP-9F8D30,1,2026-04-16 08:46:00,P03,S,1.0,55.0,,card
thaphae,TP-9F8D30,2,2026-04-16 08:46:00,P14,,1.0,85.0,,card
thaphae,TP-A95594,1,2026-04-16 09:17:00,P03,M,3.0,65.0,M0162,qr
thaphae,TP-A95594,2,2026-04-16 09:17:00,P14,,1.0,85.0,M0162,qr
thaphae,TP-D96F4F,1,2026-04-16 09:52:00,P06,M,1.0,75.0,M0035,card
thaphae,TP-662BC3,1,2026-04-16 10:29:00,P10,L,1.0,70.0,,cash
thaphae,TP-02D839,1,2026-04-16 10:40:00,P05,M,3.0,70.0,,cash
thaphae,TP-489973,1,2026-04-16 10:47:00,P12,,1.0,55.0,,cash
thaphae,TP-7AD8CE,1,2026-04-16 11:15:00,P12,,2.0,55.0,,card
thaphae,TP-7A817A,1,2026-04-16 11:47:00,P02,L,1.0,65.0,,card
thaphae,TP-97F2A5,1,2026-04-16 12:07:00,P06,S,1.0,65.0,M0276,cash
thaphae,TP-A67335,1,2026-04-16 12:17:00,P06,L,1.0,85.0,,qr
thaphae,TP-A07195,1,2026-04-16 12:41:00,P09,M,1.0,50.0,,cash
thaphae,TP-A07195,2,2026-04-16 12:41:00,P13,,1.0,50.0,,cash
thaphae,TP-AA6B87,1,2026-04-16 13:11:00,P03,S,1.0,55.0,,qr
thaphae,TP-AA6B87,2,2026-04-16 13:11:00,P14,,1.0,85.0,,qr
thaphae,TP-623401,1,2026-04-16 13:38:00,P03,M,1.0,65.0,,card
thaphae,TP-623401,2,2026-04-16 13:38:00,P14,,1.0,85.0,,card
thaphae,TP-391872,1,2026-04-16 14:26:00,P12,,1.0,55.0,M0767,cash
thaphae,TP-74CE69,1,2026-04-16 15:43:00,P04,M,1.0,65.0,,cash
thaphae,TP-BAE2DC,1,2026-04-16 15:57:00,P02,S,1.0,45.0,M0399,cash
thaphae,TP-A9F20D,1,2026-04-16 16:04:00,P03,L,1.0,75.0,,cash
thaphae,TP-A9F20D,2,2026-04-16 16:04:00,P14,,1.0,85.0,,cash
thaphae,TP-BCDA1D,1,2026-04-16 16:37:00,P13,,1.0,50.0,,qr
thaphae,TP-207CE9,1,2026-04-16 17:05:00,P05,L,1.0,80.0,,card
thaphae,TP-64BF9C,1,2026-04-17 07:27:00,P02,M,1.0,55.0,,cash
thaphae,TP-64BF9C,2,2026-04-17 07:27:00,P15,,1.0,75.0,,cash
thaphae,TP-2C0E43,1,2026-04-17 08:28:00,P03,S,1.0,55.0,,qr
thaphae,TP-2C0E43,2,2026-04-17 08:28:00,P14,,1.0,85.0,,qr
thaphae,TP-3BEF3B,1,2026-04-17 08:45:00,P05,M,1.0,70.0,M0666,cash
thaphae,TP-3BEF3B,2,2026-04-17 08:45:00,P02,L,1.0,65.0,M0666,cash
thaphae,TP-16E4A0,1,2026-04-17 09:12:00,P13,,2.0,50.0,,card
thaphae,TP-16E4A0,2,2026-04-17 09:12:00,P02,M,1.0,55.0,,card
thaphae,TP-0962D5,1,2026-04-17 09:35:00,P02,S,1.0,45.0,M0323,card
thaphae,TP-DB3D10,1,2026-04-17 09:51:00,P02,M,1.0,55.0,,cash
thaphae,TP-DB3D10,2,2026-04-17 09:51:00,P12,,1.0,55.0,,cash
thaphae,TP-C3264B,1,2026-04-17 09:58:00,P12,,1.0,55.0,,cash
thaphae,TP-6EE911,1,2026-04-17 10:05:00,P10,M,1.0,60.0,,cash
thaphae,TP-630F6E,1,2026-04-17 10:30:00,P10,M,1.0,60.0,,card
thaphae,TP-68A504,1,2026-04-17 11:37:00,P03,S,2.0,55.0,,card
thaphae,TP-FA4837,1,2026-04-17 12:42:00,P07,M,1.0,55.0,,cash
thaphae,TP-3DBC8A,1,2026-04-17 13:12:00,P04,M,2.0,65.0,M0650,cash
thaphae,TP-F091BD,1,2026-04-17 13:37:00,P09,L,1.0,60.0,M0296,cash
thaphae,TP-E1A5DC,1,2026-04-17 14:17:00,P02,L,1.0,65.0,M0684,cash
thaphae,TP-E1A5DC,2,2026-04-17 14:17:00,P12,,1.0,55.0,M0684,cash
thaphae,TP-81B5EE,1,2026-04-17 14:51:00,P03,L,1.0,75.0,M0140,card
thaphae,TP-81B5EE,2,2026-04-17 14:51:00,P14,,1.0,85.0,M0140,card
thaphae,TP-3E4134,1,2026-04-17 17:08:00,P13,,1.0,50.0,,card
thaphae,TP-730EAC,1,2026-04-17 17:12:00,P08,M,1.0,70.0,,qr
thaphae,TP-01D03C,1,2026-04-17 18:17:00,P13,,1.0,50.0,,card
thaphae,TP-652CEA,1,2026-04-17 19:48:00,P06,L,1.0,85.0,,card
thaphae,TP-4E8850,1,2026-04-18 07:06:00,P02,L,1.0,65.0,,cash
thaphae,TP-4E8850,2,2026-04-18 07:06:00,P12,,1.0,55.0,,cash
thaphae,TP-318B79,1,2026-04-18 07:11:00,P04,S,1.0,55.0,,cash
thaphae,TP-07CB61,1,2026-04-18 07:23:00,P03,S,2.0,55.0,,cash
thaphae,TP-07CB61,2,2026-04-18 07:23:00,P14,,1.0,85.0,,cash
thaphae,TP-D913D2,1,2026-04-18 07:37:00,P03,M,1.0,65.0,M0135,cash
thaphae,TP-D913D2,2,2026-04-18 07:37:00,P14,,1.0,85.0,M0135,cash
thaphae,TP-46CE80,1,2026-04-18 07:40:00,P14,,1.0,85.0,,qr
thaphae,TP-ACB084,1,2026-04-18 08:45:00,P01,L,1.0,65.0,,cash
thaphae,TP-ACB084,2,2026-04-18 08:45:00,P15,,1.0,75.0,,cash
thaphae,TP-15EC7F,1,2026-04-18 09:16:00,P15,,3.0,75.0,M0519,cash
thaphae,TP-8F2FD7,1,2026-04-18 09:38:00,P01,M,1.0,55.0,,cash
thaphae,TP-38D3B1,1,2026-04-18 10:12:00,P04,M,1.0,65.0,,cash
thaphae,TP-EE76EA,1,2026-04-18 10:17:00,P03,M,2.0,65.0,M0548,qr
thaphae,TP-25D82B,1,2026-04-18 11:29:00,P15,,1.0,75.0,M0362,qr
thaphae,TP-236302,1,2026-04-18 12:20:00,P07,L,1.0,65.0,M0458,card
thaphae,TP-5D308F,1,2026-04-18 14:28:00,P03,L,1.0,75.0,M0598,cash
thaphae,TP-5D308F,2,2026-04-18 14:28:00,P14,,1.0,85.0,M0598,cash
thaphae,TP-2AD0C6,1,2026-04-18 15:31:00,P07,M,1.0,55.0,,qr
thaphae,TP-2AD0C6,2,2026-04-18 15:31:00,P13,,1.0,50.0,,qr
thaphae,TP-C2A99E,1,2026-04-18 16:07:00,P08,M,1.0,70.0,M0571,card
thaphae,TP-214F85,1,2026-04-18 16:40:00,P02,L,1.0,65.0,,cash
thaphae,TP-648977,1,2026-04-19 08:49:00,P11,L,1.0,70.0,,qr
thaphae,TP-ABDD00,1,2026-04-19 09:35:00,P05,M,1.0,70.0,,cash
thaphae,TP-ABDD00,2,2026-04-19 09:35:00,P03,L,1.0,75.0,,cash
thaphae,TP-AA37FA,1,2026-04-19 10:11:00,P06,M,1.0,75.0,,qr
thaphae,TP-B4C557,1,2026-04-19 11:41:00,P04,S,1.0,55.0,,card
thaphae,TP-9F8B75,1,2026-04-19 11:46:00,P06,S,1.0,65.0,M0399,cash
thaphae,TP-F96A8B,1,2026-04-19 12:22:00,P14,,3.0,85.0,M0308,card
thaphae,TP-9B1683,1,2026-04-19 13:44:00,P12,,1.0,55.0,M0778,card
thaphae,TP-9B1683,2,2026-04-19 13:44:00,P01,M,1.0,55.0,M0778,card
thaphae,TP-A25E9F,1,2026-04-19 14:21:00,P06,M,1.0,75.0,M0588,card
thaphae,TP-89D22D,1,2026-04-19 14:30:00,P12,,1.0,55.0,,cash
thaphae,TP-2EE604,1,2026-04-19 14:50:00,P10,S,1.0,50.0,,cash
thaphae,TP-E4950A,1,2026-04-19 15:44:00,P12,,1.0,55.0,,qr
thaphae,TP-E5C041,1,2026-04-19 17:22:00,P04,M,1.0,65.0,,qr
thaphae,TP-E5C041,2,2026-04-19 17:22:00,P07,S,1.0,45.0,,qr
thaphae,TP-E8053A,1,2026-04-19 17:27:00,P07,S,1.0,45.0,,card
thaphae,TP-B7605C,1,2026-04-19 17:38:00,P07,M,1.0,55.0,,card
thaphae,TP-A544B1,1,2026-04-19 18:24:00,P07,S,1.0,45.0,,qr
thaphae,TP-ED1B13,1,2026-04-20 07:32:00,P09,M,1.0,50.0,M0449,cash
thaphae,TP-A77656,1,2026-04-20 07:39:00,P07,M,1.0,55.0,,card
thaphae,TP-A77656,2,2026-04-20 07:39:00,P13,,1.0,50.0,,card
thaphae,TP-A77656,3,2026-04-20 07:39:00,P04,S,1.0,55.0,,card
thaphae,TP-9A2FC2,1,2026-04-20 08:03:00,P03,M,1.0,65.0,,cash
thaphae,TP-9A2FC2,2,2026-04-20 08:03:00,P14,,1.0,85.0,,cash
thaphae,TP-9A2FC2,3,2026-04-20 08:03:00,P05,S,1.0,60.0,,cash
thaphae,TP-338EBB,1,2026-04-20 08:16:00,P10,M,1.0,60.0,,cash
thaphae,TP-3641D8,1,2026-04-20 08:31:00,P06,S,1.0,65.0,,qr
thaphae,TP-3641D8,2,2026-04-20 08:31:00,P14,,1.0,85.0,,qr
thaphae,TP-F9A380,1,2026-04-20 08:45:00,P03,M,2.0,65.0,,card
thaphae,TP-F9A380,2,2026-04-20 08:45:00,P14,,1.0,85.0,,card
thaphae,TP-F9A380,3,2026-04-20 08:45:00,P04,L,1.0,75.0,,card
thaphae,TP-B5E5DA,1,2026-04-20 11:45:00,P09,M,1.0,50.0,,qr
thaphae,TP-3786B3,1,2026-04-20 12:14:00,P12,,1.0,55.0,,qr
thaphae,TP-7CAB5A,1,2026-04-20 12:40:00,P04,S,1.0,55.0,,cash
thaphae,TP-7CAB5A,2,2026-04-20 12:40:00,P13,,1.0,50.0,,cash
thaphae,TP-EFF64D,1,2026-04-20 13:57:00,P04,S,3.0,55.0,M0552,qr
thaphae,TP-DBCAB1,1,2026-04-20 16:31:00,P09,M,3.0,50.0,,qr
thaphae,TP-DBCAB1,2,2026-04-20 16:31:00,P15,,1.0,75.0,,qr
thaphae,TP-1D4B33,1,2026-04-20 16:33:00,P04,M,3.0,65.0,M0616,card
thaphae,TP-6F18C0,1,2026-04-20 19:53:00,P07,L,1.0,65.0,,qr
thaphae,TP-FDB8E4,1,2026-04-21 07:28:00,P11,M,1.0,60.0,M0147,card
thaphae,TP-39202B,1,2026-04-21 08:34:00,P03,S,1.0,55.0,M0067,cash
thaphae,TP-39202B,2,2026-04-21 08:34:00,P14,,1.0,85.0,M0067,cash
thaphae,TP-B1B09D,1,2026-04-21 09:23:00,P12,,1.0,55.0,M0085,card
thaphae,TP-4CBBDB,1,2026-04-21 09:33:00,P02,L,1.0,65.0,,qr
thaphae,TP-4CBBDB,2,2026-04-21 09:33:00,P12,,1.0,55.0,,qr
thaphae,TP-C662C5,1,2026-04-21 09:48:00,P05,S,1.0,60.0,,card
thaphae,TP-7B3C3D,1,2026-04-21 09:54:00,P03,M,2.0,65.0,,cash
thaphae,TP-7B3C3D,2,2026-04-21 09:54:00,P14,,1.0,85.0,,cash
thaphae,TP-85527D,1,2026-04-21 10:21:00,P03,M,1.0,65.0,,cash
thaphae,TP-0D53B9,1,2026-04-21 10:42:00,P06,M,3.0,75.0,M0279,cash
thaphae,TP-0D53B9,2,2026-04-21 10:42:00,P02,L,1.0,65.0,M0279,cash
thaphae,TP-BE1F5A,1,2026-04-21 10:50:00,P14,,1.0,85.0,,cash
thaphae,TP-799333,1,2026-04-21 12:53:00,P03,M,1.0,65.0,M0698,cash
thaphae,TP-0A829B,1,2026-04-21 15:56:00,P08,S,2.0,60.0,M0650,card
thaphae,TP-0A829B,2,2026-04-21 15:56:00,P14,,1.0,85.0,M0650,card
thaphae,TP-63C4FB,1,2026-04-21 16:51:00,P10,L,1.0,70.0,,card
thaphae,TP-63C4FB,2,2026-04-21 16:51:00,P11,M,1.0,60.0,,card
thaphae,TP-F35B8F,1,2026-04-21 17:24:00,P11,M,1.0,60.0,M0189,cash
thaphae,TP-1A17CC,1,2026-04-21 17:44:00,P11,S,1.0,50.0,,qr
thaphae,TP-913B95,1,2026-04-21 19:21:00,P12,,1.0,55.0,,qr
thaphae,TP-913B95,2,2026-04-21 19:21:00,P11,M,1.0,60.0,,qr
thaphae,TP-D800CD,1,2026-04-22 07:25:00,P15,,1.0,75.0,,qr
thaphae,TP-33C82A,1,2026-04-22 09:01:00,P06,M,1.0,75.0,,cash
thaphae,TP-AC29D8,1,2026-04-22 09:37:00,P02,L,1.0,65.0,,card
thaphae,TP-AC29D8,2,2026-04-22 09:37:00,P14,,1.0,85.0,,card
thaphae,TP-B8D100,1,2026-04-22 09:41:00,P02,L,3.0,65.0,,card
thaphae,TP-5D9C67,1,2026-04-22 09:50:00,P14,,1.0,85.0,M0063,cash
thaphae,TP-507558,1,2026-04-22 10:09:00,P08,M,1.0,70.0,M0741,qr
thaphae,TP-06FCF5,1,2026-04-22 10:11:00,P12,,2.0,55.0,M0258,card
thaphae,TP-68B065,1,2026-04-22 11:33:00,P12,,1.0,55.0,,card
thaphae,TP-5C4CDB,1,2026-04-22 13:02:00,P08,M,1.0,70.0,M0611,card
thaphae,TP-9960C3,1,2026-04-22 13:03:00,P12,,1.0,55.0,,cash
thaphae,TP-9960C3,2,2026-04-22 13:03:00,P09,M,1.0,50.0,,cash
thaphae,TP-0C823E,1,2026-04-22 14:11:00,P05,M,1.0,70.0,,card
thaphae,TP-0C823E,2,2026-04-22 14:11:00,P13,,1.0,50.0,,card
thaphae,TP-54AE9E,1,2026-04-22 16:58:00,P07,M,2.0,55.0,,card
thaphae,TP-1F26AC,1,2026-04-23 08:42:00,P05,M,2.0,70.0,M0386,card
thaphae,TP-6E2D8B,1,2026-04-23 08:55:00,P10,M,1.0,60.0,M0361,cash
thaphae,TP-6E2D8B,2,2026-04-23 08:55:00,P12,,1.0,55.0,M0361,cash
thaphae,TP-6E2D8B,3,2026-04-23 08:55:00,P13,,1.0,50.0,M0361,cash
thaphae,TP-0A6205,1,2026-04-23 09:02:00,P07,M,2.0,55.0,,card
thaphae,TP-CA3257,1,2026-04-23 11:26:00,P06,L,1.0,85.0,,card
thaphae,TP-7FD6B7,1,2026-04-23 12:32:00,P08,M,1.0,70.0,,qr
thaphae,TP-970E97,1,2026-04-23 12:33:00,P07,M,1.0,55.0,,card
thaphae,TP-970E97,2,2026-04-23 12:33:00,P13,,1.0,50.0,,card
thaphae,TP-78D910,1,2026-04-23 12:57:00,P11,S,2.0,50.0,M0035,card
thaphae,TP-78D910,2,2026-04-23 12:57:00,P10,L,1.0,70.0,M0035,card
thaphae,TP-AAF043,1,2026-04-23 13:12:00,P15,,1.0,75.0,,cash
thaphae,TP-AAF043,2,2026-04-23 13:12:00,P12,,1.0,55.0,,cash
thaphae,TP-B573CE,1,2026-04-23 15:22:00,P08,L,2.0,80.0,,card
thaphae,TP-A75EFD,1,2026-04-23 15:25:00,P07,M,1.0,55.0,M0252,qr
thaphae,TP-A75EFD,2,2026-04-23 15:25:00,P04,S,1.0,55.0,M0252,qr
thaphae,TP-29F02D,1,2026-04-23 16:02:00,P15,,1.0,75.0,,cash
thaphae,TP-B5B31B,1,2026-04-23 16:20:00,P10,M,2.0,60.0,,qr
thaphae,TP-B5B31B,2,2026-04-23 16:20:00,P03,L,1.0,75.0,,qr
thaphae,TP-44D6A8,1,2026-04-23 17:19:00,P04,M,1.0,65.0,,cash
thaphae,TP-078CCE,1,2026-04-23 19:22:00,P07,M,1.0,55.0,M0517,card
thaphae,TP-078CCE,2,2026-04-23 19:22:00,P13,,1.0,50.0,M0517,card
thaphae,TP-7A81B2,1,2026-04-24 07:59:00,P04,M,1.0,65.0,,cash
thaphae,TP-7A81B2,2,2026-04-24 07:59:00,P01,L,1.0,65.0,,cash
thaphae,TP-19E570,1,2026-04-24 08:11:00,P03,M,40.0,65.0,,card
thaphae,TP-BC7C4B,1,2026-04-24 08:23:00,P13,,3.0,50.0,,cash
thaphae,TP-E084ED,1,2026-04-24 09:45:00,P02,L,2.0,65.0,,cash
thaphae,TP-E084ED,2,2026-04-24 09:45:00,P12,,1.0,55.0,,cash
thaphae,TP-040516,1,2026-04-24 10:18:00,P01,M,1.0,55.0,,card
thaphae,TP-040516,2,2026-04-24 10:18:00,P15,,1.0,75.0,,card
thaphae,TP-040516,3,2026-04-24 10:18:00,P02,M,1.0,55.0,,card
thaphae,TP-F21C56,1,2026-04-24 10:48:00,P03,L,1.0,75.0,,qr
thaphae,TP-F21C56,2,2026-04-24 10:48:00,P14,,1.0,85.0,,qr
thaphae,TP-BFCFDF,1,2026-04-24 10:50:00,P07,S,1.0,45.0,,qr
thaphae,TP-BB218E,1,2026-04-24 11:16:00,P10,M,1.0,60.0,,qr
thaphae,TP-137F0C,1,2026-04-24 12:01:00,P04,M,1.0,65.0,,card
thaphae,TP-137F0C,2,2026-04-24 12:01:00,P03,S,1.0,55.0,,card
thaphae,TP-07C37B,1,2026-04-24 14:18:00,P07,M,1.0,55.0,,qr
thaphae,TP-C00193,1,2026-04-24 14:22:00,P14,,1.0,85.0,,qr
thaphae,TP-D27616,1,2026-04-24 14:41:00,P04,M,1.0,65.0,M0303,cash
thaphae,TP-D27616,2,2026-04-24 14:41:00,P15,,1.0,75.0,M0303,cash
thaphae,TP-FB9B01,1,2026-04-24 15:27:00,P06,S,1.0,65.0,,cash
thaphae,TP-9B87F6,1,2026-04-25 07:02:00,P02,S,3.0,45.0,,cash
thaphae,TP-9B87F6,2,2026-04-25 07:02:00,P09,M,1.0,50.0,,cash
thaphae,TP-456EB3,1,2026-04-25 07:35:00,P03,S,1.0,55.0,,qr
thaphae,TP-456EB3,2,2026-04-25 07:35:00,P14,,1.0,85.0,,qr
thaphae,TP-456EB3,3,2026-04-25 07:35:00,P02,M,1.0,55.0,,qr
thaphae,TP-4FF183,1,2026-04-25 08:13:00,P06,M,1.0,75.0,M0674,qr
thaphae,TP-4FF183,2,2026-04-25 08:13:00,P14,,1.0,85.0,M0674,qr
thaphae,TP-F048B4,1,2026-04-25 08:14:00,P11,S,1.0,50.0,,card
thaphae,TP-F07AB1,1,2026-04-25 08:35:00,P02,L,2.0,65.0,M0729,qr
thaphae,TP-F07AB1,2,2026-04-25 08:35:00,P12,,1.0,55.0,M0729,qr
thaphae,TP-CA8A0B,1,2026-04-25 08:43:00,P10,M,1.0,60.0,,cash
thaphae,TP-CA8A0B,2,2026-04-25 08:43:00,P03,M,1.0,65.0,,cash
thaphae,TP-030C6C,1,2026-04-25 08:58:00,P15,,1.0,75.0,,card
thaphae,TP-030C6C,2,2026-04-25 08:58:00,P02,L,1.0,65.0,,card
thaphae,TP-BC6F5B,1,2026-04-25 09:30:00,P09,L,1.0,60.0,M0048,card
thaphae,TP-211C6A,1,2026-04-25 09:41:00,P06,L,1.0,85.0,M0676,cash
thaphae,TP-211C6A,2,2026-04-25 09:41:00,P05,M,1.0,70.0,M0676,cash
thaphae,TP-CCEAFC,1,2026-04-25 10:01:00,P03,L,3.0,75.0,M0767,qr
thaphae,TP-0C3850,1,2026-04-25 10:05:00,P02,S,1.0,45.0,,qr
thaphae,TP-0C3850,2,2026-04-25 10:05:00,P12,,1.0,55.0,,qr
thaphae,TP-5A52AC,1,2026-04-25 10:10:00,P04,S,1.0,55.0,,qr
thaphae,TP-D375CA,1,2026-04-25 10:22:00,P03,S,1.0,55.0,M0120,card
thaphae,TP-D375CA,2,2026-04-25 10:22:00,P14,,1.0,85.0,M0120,card
thaphae,TP-EC41B7,1,2026-04-25 10:31:00,P12,,1.0,55.0,M0751,cash
thaphae,TP-2059A0,1,2026-04-25 11:54:00,P02,L,1.0,65.0,,cash
thaphae,TP-2059A0,2,2026-04-25 11:54:00,P12,,1.0,55.0,,cash
thaphae,TP-9719A0,1,2026-04-25 12:07:00,P10,M,1.0,60.0,,card
thaphae,TP-8F0878,1,2026-04-25 12:35:00,P10,M,2.0,60.0,,card
thaphae,TP-66A596,1,2026-04-25 13:13:00,P01,M,3.0,55.0,,qr
thaphae,TP-FBE438,1,2026-04-25 14:09:00,P08,M,1.0,70.0,,qr
thaphae,TP-D7018D,1,2026-04-25 14:17:00,P05,M,3.0,70.0,,cash
thaphae,TP-D00099,1,2026-04-25 14:26:00,P06,M,1.0,75.0,,card
thaphae,TP-D00099,2,2026-04-25 14:26:00,P14,,1.0,85.0,,card
thaphae,TP-53CEBC,1,2026-04-25 14:26:00,P10,L,1.0,70.0,,card
thaphae,TP-53CEBC,2,2026-04-25 14:26:00,P14,,1.0,85.0,,card
thaphae,TP-419100,1,2026-04-25 14:42:00,P05,S,1.0,60.0,,cash
thaphae,TP-F8045D,1,2026-04-25 14:51:00,P06,S,1.0,65.0,,card
thaphae,TP-F8045D,2,2026-04-25 14:51:00,P14,,1.0,85.0,,card
thaphae,TP-8B4669,1,2026-04-25 15:51:00,P07,M,1.0,55.0,,qr
thaphae,TP-8B4669,2,2026-04-25 15:51:00,P13,,1.0,50.0,,qr
thaphae,TP-3E47A8,1,2026-04-25 15:53:00,P04,M,1.0,65.0,M0362,qr
thaphae,TP-3E47A8,2,2026-04-25 15:53:00,P07,S,1.0,45.0,M0362,qr
thaphae,TP-CA2E42,1,2026-04-25 16:52:00,P03,L,1.0,75.0,,qr
thaphae,TP-B23FEB,1,2026-04-25 19:13:00,P11,M,1.0,60.0,,card
thaphae,TP-764042,1,2026-04-26 07:42:00,P02,L,1.0,65.0,,qr
thaphae,TP-764042,2,2026-04-26 07:42:00,P12,,1.0,55.0,,qr
thaphae,TP-745556,1,2026-04-26 08:00:00,P09,M,1.0,50.0,,cash
thaphae,TP-119A96,1,2026-04-26 08:52:00,P15,,1.0,75.0,M0679,card
thaphae,TP-827C81,1,2026-04-26 09:00:00,P07,L,2.0,65.0,,card
thaphae,TP-827C81,2,2026-04-26 09:00:00,P13,,1.0,50.0,,card
thaphae,TP-FA3B25,1,2026-04-26 09:04:00,P11,S,1.0,50.0,,qr
thaphae,TP-FA3B25,2,2026-04-26 09:04:00,P02,L,1.0,65.0,,qr
thaphae,TP-5B361E,1,2026-04-26 09:30:00,P07,M,1.0,55.0,,qr
thaphae,TP-FA736E,1,2026-04-26 09:55:00,P05,S,1.0,60.0,,cash
thaphae,TP-85788B,1,2026-04-26 10:38:00,P03,L,1.0,75.0,,qr
thaphae,TP-CE8AD4,1,2026-04-26 10:55:00,P02,M,1.0,55.0,,cash
thaphae,TP-CE8AD4,2,2026-04-26 10:55:00,P12,,1.0,55.0,,cash
thaphae,TP-A2DAA2,1,2026-04-26 11:32:00,P07,M,1.0,55.0,,cash
thaphae,TP-A2DAA2,2,2026-04-26 11:32:00,P13,,1.0,50.0,,cash
thaphae,TP-AFE254,1,2026-04-26 11:47:00,P09,S,1.0,40.0,,cash
thaphae,TP-1CBBD6,1,2026-04-26 12:52:00,P04,S,1.0,55.0,M0514,cash
thaphae,TP-1CBBD6,2,2026-04-26 12:52:00,P09,M,1.0,50.0,M0514,cash
thaphae,TP-FC8057,1,2026-04-26 13:12:00,P15,,1.0,75.0,,cash
thaphae,TP-FC8057,2,2026-04-26 13:12:00,P13,,1.0,50.0,,cash
thaphae,TP-D8538B,1,2026-04-26 13:21:00,P03,L,1.0,75.0,,qr
thaphae,TP-A42E2A,1,2026-04-26 13:28:00,P02,S,1.0,45.0,,qr
thaphae,TP-A224FF,1,2026-04-26 14:32:00,P13,,1.0,50.0,,card
thaphae,TP-A37A86,1,2026-04-26 14:45:00,P04,L,2.0,75.0,,qr
thaphae,TP-A37A86,2,2026-04-26 14:45:00,P13,,1.0,50.0,,qr
thaphae,TP-CCE6A2,1,2026-04-26 14:58:00,P09,L,1.0,60.0,M0673,card
thaphae,TP-CCE6A2,2,2026-04-26 14:58:00,P15,,1.0,75.0,M0673,card
thaphae,TP-45B0B1,1,2026-04-26 15:18:00,P13,,1.0,50.0,,qr
thaphae,TP-EAD9AC,1,2026-04-26 15:38:00,P11,S,1.0,50.0,M0667,cash
thaphae,TP-6DA24D,1,2026-04-26 16:12:00,P06,M,1.0,75.0,,card
thaphae,TP-6634A3,1,2026-04-26 16:20:00,P06,M,1.0,75.0,,cash
thaphae,TP-517FA3,1,2026-04-26 17:02:00,P10,S,1.0,50.0,,cash
thaphae,TP-93733D,1,2026-04-26 17:20:00,P03,M,2.0,65.0,M0227,qr
thaphae,TP-3D140E,1,2026-04-26 17:29:00,P08,M,1.0,70.0,,card
thaphae,TP-1BCAC5,1,2026-04-26 19:11:00,P06,S,2.0,65.0,M0416,qr
thaphae,TP-BE5A42,1,2026-04-27 07:25:00,P09,L,1.0,60.0,M0791,cash
thaphae,TP-D0AD25,1,2026-04-27 07:35:00,P09,L,2.0,60.0,,qr
thaphae,TP-D0AD25,2,2026-04-27 07:35:00,P06,L,1.0,85.0,,qr
thaphae,TP-CE7B0E,1,2026-04-27 08:14:00,P15,,1.0,75.0,M0313,card
thaphae,TP-E4D2EA,1,2026-04-27 08:24:00,P14,,3.0,85.0,,cash
thaphae,TP-334BF3,1,2026-04-27 09:11:00,P02,M,2.0,55.0,,qr
thaphae,TP-334BF3,2,2026-04-27 09:11:00,P12,,1.0,55.0,,qr
thaphae,TP-334BF3,3,2026-04-27 09:11:00,P01,M,1.0,55.0,,qr
thaphae,TP-9C33BE,1,2026-04-27 09:13:00,P04,M,1.0,65.0,,qr
thaphae,TP-690BA6,1,2026-04-27 11:29:00,P03,M,1.0,65.0,,cash
thaphae,TP-690BA6,2,2026-04-27 11:29:00,P14,,1.0,85.0,,cash
thaphae,TP-690BA6,3,2026-04-27 11:29:00,P13,,1.0,50.0,,cash
thaphae,TP-99F7A8,1,2026-04-27 11:58:00,P03,M,3.0,65.0,,cash
thaphae,TP-99F7A8,2,2026-04-27 11:58:00,P14,,1.0,85.0,,cash
thaphae,TP-99F7A8,3,2026-04-27 11:58:00,P07,M,1.0,55.0,,cash
thaphae,TP-7E0DE7,1,2026-04-27 13:46:00,P05,L,1.0,80.0,,card
thaphae,TP-7E0DE7,2,2026-04-27 13:46:00,P13,,1.0,50.0,,card
thaphae,TP-D4C70F,1,2026-04-27 14:26:00,P03,M,1.0,65.0,,qr
thaphae,TP-D4C70F,2,2026-04-27 14:26:00,P14,,1.0,85.0,,qr
thaphae,TP-322552,1,2026-04-27 17:25:00,P10,M,1.0,60.0,,card
thaphae,TP-A87A9B,1,2026-04-27 18:13:00,P11,M,2.0,60.0,,qr
thaphae,TP-D5B91B,1,2026-04-27 18:49:00,P06,M,1.0,75.0,M0714,cash
thaphae,TP-D5B91B,2,2026-04-27 18:49:00,P13,,1.0,50.0,M0714,cash
thaphae,TP-672FA6,1,2026-04-27 19:29:00,P02,M,1.0,55.0,,card
thaphae,TP-672FA6,2,2026-04-27 19:29:00,P12,,1.0,55.0,,card
thaphae,TP-DFDA8F,1,2026-04-28 07:06:00,P04,L,1.0,75.0,M0789,card
thaphae,TP-DFDA8F,2,2026-04-28 07:06:00,P15,,1.0,75.0,M0789,card
thaphae,TP-29185F,1,2026-04-28 07:16:00,P06,S,1.0,65.0,M0153,qr
thaphae,TP-29185F,2,2026-04-28 07:16:00,P03,S,1.0,55.0,M0153,qr
thaphae,TP-660B33,1,2026-04-28 07:56:00,P02,S,1.0,45.0,M0207,cash
thaphae,TP-660B33,2,2026-04-28 07:56:00,P14,,1.0,85.0,M0207,cash
thaphae,TP-43653B,1,2026-04-28 07:58:00,P03,M,1.0,65.0,,cash
thaphae,TP-E1CE81,1,2026-04-28 08:15:00,P07,M,1.0,55.0,,cash
thaphae,TP-E1CE81,2,2026-04-28 08:15:00,P12,,1.0,55.0,,cash
thaphae,TP-0877F4,1,2026-04-28 08:35:00,P02,M,1.0,55.0,,qr
thaphae,TP-8816BE,1,2026-04-28 08:47:00,P02,S,1.0,45.0,,cash
thaphae,TP-8816BE,2,2026-04-28 08:47:00,P12,,1.0,55.0,,cash
thaphae,TP-0F3234,1,2026-04-28 09:12:00,P03,M,1.0,65.0,M0763,card
thaphae,TP-0F3234,2,2026-04-28 09:12:00,P14,,1.0,85.0,M0763,card
thaphae,TP-0E4983,1,2026-04-28 09:13:00,P12,,1.0,55.0,,qr
thaphae,TP-203233,1,2026-04-28 09:49:00,P01,M,1.0,55.0,,card
thaphae,TP-203233,2,2026-04-28 09:49:00,P15,,1.0,75.0,,card
thaphae,TP-666782,1,2026-04-28 10:00:00,P03,M,1.0,65.0,,card
thaphae,TP-666782,2,2026-04-28 10:00:00,P14,,1.0,85.0,,card
thaphae,TP-F93992,1,2026-04-28 10:21:00,P08,L,1.0,80.0,,cash
thaphae,TP-E37AE9,1,2026-04-28 10:33:00,P08,S,2.0,60.0,,card
thaphae,TP-5CB7CF,1,2026-04-28 10:35:00,P06,M,1.0,75.0,,qr
thaphae,TP-0AD5A7,1,2026-04-28 11:33:00,P10,S,3.0,50.0,,cash
thaphae,TP-1F646C,1,2026-04-28 12:27:00,P07,S,1.0,45.0,M0650,card
thaphae,TP-1F646C,2,2026-04-28 12:27:00,P13,,1.0,50.0,M0650,card
thaphae,TP-B338B7,1,2026-04-28 12:47:00,P05,M,1.0,70.0,,card
thaphae,TP-D8929A,1,2026-04-28 14:59:00,P07,L,2.0,65.0,,card
thaphae,TP-D8929A,2,2026-04-28 14:59:00,P13,,1.0,50.0,,card
thaphae,TP-D8929A,3,2026-04-28 14:59:00,P10,M,1.0,60.0,,card
thaphae,TP-E3BB18,1,2026-04-28 15:03:00,P05,L,1.0,80.0,,qr
thaphae,TP-753335,1,2026-04-28 16:22:00,P11,L,2.0,70.0,M0091,cash
thaphae,TP-F0067C,1,2026-04-28 16:33:00,P08,S,2.0,60.0,,card
thaphae,TP-F0067C,2,2026-04-28 16:33:00,P15,,1.0,75.0,,card
thaphae,TP-E6159A,1,2026-04-28 19:01:00,P10,M,1.0,60.0,M0516,card
thaphae,TP-496765,1,2026-04-29 08:22:00,P03,M,1.0,65.0,M0425,cash
thaphae,TP-496765,2,2026-04-29 08:22:00,P01,M,1.0,55.0,M0425,cash
thaphae,TP-CCF86B,1,2026-04-29 09:17:00,P09,M,2.0,50.0,,card
thaphae,TP-726808,1,2026-04-29 09:55:00,P01,M,1.0,55.0,,card
thaphae,TP-726808,2,2026-04-29 09:55:00,P15,,1.0,75.0,,card
thaphae,TP-216C6C,1,2026-04-29 10:03:00,P01,L,2.0,65.0,,qr
thaphae,TP-C56DDE,1,2026-04-29 10:04:00,P13,,2.0,50.0,,card
thaphae,TP-76B7D4,1,2026-04-29 10:53:00,P03,M,1.0,65.0,,cash
thaphae,TP-BA1AFB,1,2026-04-29 14:01:00,P02,M,1.0,55.0,,cash
thaphae,TP-BA1AFB,2,2026-04-29 14:01:00,P12,,1.0,55.0,,cash
thaphae,TP-CA3E54,1,2026-04-29 15:07:00,P06,M,1.0,75.0,,qr
thaphae,TP-E0DF5F,1,2026-04-29 15:25:00,P08,M,1.0,70.0,,card
thaphae,TP-96BC60,1,2026-04-29 15:38:00,P06,L,1.0,85.0,,cash
thaphae,TP-FBA604,1,2026-04-29 15:56:00,P12,,2.0,55.0,M0456,cash
thaphae,TP-6583D6,1,2026-04-29 16:18:00,P03,M,1.0,65.0,,card
thaphae,TP-6583D6,2,2026-04-29 16:18:00,P13,,1.0,50.0,,card
thaphae,TP-6583D6,3,2026-04-29 16:18:00,P02,M,1.0,55.0,,card
thaphae,TP-4D5957,1,2026-04-29 16:35:00,P04,S,1.0,55.0,,card
thaphae,TP-3E3AA7,1,2026-04-30 08:16:00,P01,M,1.0,55.0,,card
thaphae,TP-3E3AA7,2,2026-04-30 08:16:00,P15,,1.0,75.0,,card
thaphae,TP-5E0E3F,1,2026-04-30 09:03:00,P09,S,2.0,40.0,,qr
thaphae,TP-27BB1B,1,2026-04-30 09:57:00,P05,L,1.0,80.0,,cash
thaphae,TP-53D4AF,1,2026-04-30 10:01:00,P07,M,3.0,55.0,,cash
thaphae,TP-53D4AF,2,2026-04-30 10:01:00,P13,,1.0,50.0,,cash
thaphae,TP-53D4AF,3,2026-04-30 10:01:00,P08,M,1.0,70.0,,cash
thaphae,TP-BB8E70,1,2026-04-30 10:18:00,P02,L,1.0,65.0,,cash
thaphae,TP-0144A9,1,2026-04-30 10:36:00,P08,S,1.0,60.0,,qr
thaphae,TP-0144A9,2,2026-04-30 10:36:00,P14,,1.0,85.0,,qr
thaphae,TP-460D2C,1,2026-04-30 10:55:00,P07,S,2.0,45.0,,cash
thaphae,TP-7DA524,1,2026-04-30 12:08:00,P10,M,2.0,60.0,,card
thaphae,TP-7DA524,2,2026-04-30 12:08:00,P12,,1.0,55.0,,card
thaphae,TP-BA896A,1,2026-04-30 12:45:00,P06,M,1.0,75.0,,card
thaphae,TP-0331E8,1,2026-04-30 13:27:00,P04,M,2.0,65.0,,cash
thaphae,TP-D0023D,1,2026-04-30 14:09:00,P07,M,1.0,55.0,,qr
thaphae,TP-012D91,1,2026-04-30 14:26:00,P11,S,1.0,50.0,M0131,cash
thaphae,TP-012D91,2,2026-04-30 14:26:00,P13,,1.0,50.0,M0131,cash
thaphae,TP-FD5AD5,1,2026-04-30 15:11:00,P01,M,1.0,55.0,,cash
thaphae,TP-FD5AD5,2,2026-04-30 15:11:00,P15,,1.0,75.0,,cash
thaphae,TP-35F541,1,2026-04-30 15:13:00,P09,M,1.0,50.0,,card
thaphae,TP-9E3219,1,2026-04-30 17:36:00,P11,S,1.0,50.0,,card
thaphae,TP-9E3219,2,2026-04-30 17:36:00,P08,L,1.0,80.0,,card
thaphae,TP-9E2C48,1,2026-04-30 17:48:00,P07,M,1.0,55.0,M0725,card
thaphae,TP-C41621,1,2026-05-01 07:03:00,P03,S,3.0,55.0,M0737,cash
thaphae,TP-C41621,2,2026-05-01 07:03:00,P14,,1.0,85.0,M0737,cash
thaphae,TP-69F11C,1,2026-05-01 07:52:00,P01,S,1.0,45.0,,cash
thaphae,TP-69F11C,2,2026-05-01 07:52:00,P15,,1.0,75.0,,cash
thaphae,TP-88172F,1,2026-05-01 08:01:00,P07,M,1.0,55.0,M0500,cash
thaphae,TP-88172F,2,2026-05-01 08:01:00,P15,,1.0,75.0,M0500,cash
thaphae,TP-3C3E70,1,2026-05-01 08:11:00,P03,S,1.0,55.0,,cash
thaphae,TP-3C3E70,2,2026-05-01 08:11:00,P14,,1.0,85.0,,cash
thaphae,TP-191E6F,1,2026-05-01 08:51:00,P12,,2.0,55.0,,card
thaphae,TP-7D6424,1,2026-05-01 09:04:00,P02,M,3.0,55.0,,card
thaphae,TP-7D6424,2,2026-05-01 09:04:00,P12,,1.0,55.0,,card
thaphae,TP-7D6424,3,2026-05-01 09:04:00,P04,M,1.0,65.0,,card
thaphae,TP-2A9164,1,2026-05-01 09:28:00,P02,M,1.0,55.0,,qr
thaphae,TP-2A9164,2,2026-05-01 09:28:00,P12,,1.0,55.0,,qr
thaphae,TP-27B533,1,2026-05-01 09:38:00,P03,M,2.0,65.0,,card
thaphae,TP-27B533,2,2026-05-01 09:38:00,P14,,1.0,85.0,,card
thaphae,TP-DF7D8C,1,2026-05-01 09:49:00,P03,S,1.0,55.0,,card
thaphae,TP-3279A2,1,2026-05-01 09:52:00,P05,S,1.0,60.0,,card
thaphae,TP-9D2D27,1,2026-05-01 10:04:00,P02,M,1.0,55.0,,card
thaphae,TP-9D2D27,2,2026-05-01 10:04:00,P12,,1.0,55.0,,card
thaphae,TP-2967BC,1,2026-05-01 10:14:00,P03,S,1.0,55.0,,cash
thaphae,TP-2967BC,2,2026-05-01 10:14:00,P14,,1.0,85.0,,cash
thaphae,TP-7856A0,1,2026-05-01 10:45:00,P03,L,3.0,75.0,,qr
thaphae,TP-7856A0,2,2026-05-01 10:45:00,P14,,1.0,85.0,,qr
thaphae,TP-022E36,1,2026-05-01 10:53:00,P10,L,1.0,70.0,,cash
thaphae,TP-4E3C72,1,2026-05-01 13:13:00,P15,,1.0,75.0,,cash
thaphae,TP-292241,1,2026-05-01 13:41:00,P04,M,1.0,65.0,,qr
thaphae,TP-292241,2,2026-05-01 13:41:00,P13,,1.0,50.0,,qr
thaphae,TP-292241,3,2026-05-01 13:41:00,P08,L,1.0,80.0,,qr
thaphae,TP-6777E0,1,2026-05-01 14:07:00,P05,M,2.0,70.0,,qr
thaphae,TP-6777E0,2,2026-05-01 14:07:00,P12,,1.0,55.0,,qr
thaphae,TP-AF6041,1,2026-05-01 14:20:00,P13,,1.0,50.0,,qr
thaphae,TP-AF6041,2,2026-05-01 14:20:00,P15,,1.0,75.0,,qr
thaphae,TP-2074D1,1,2026-05-01 15:19:00,P12,,1.0,55.0,M0024,cash
thaphae,TP-468299,1,2026-05-02 07:07:00,P11,L,2.0,70.0,M0525,cash
thaphae,TP-1F6A30,1,2026-05-02 07:16:00,P07,S,1.0,45.0,,card
thaphae,TP-A8E7C0,1,2026-05-02 07:52:00,P06,M,1.0,75.0,,cash
thaphae,TP-929E63,1,2026-05-02 08:58:00,P13,,2.0,50.0,,card
thaphae,TP-929E63,2,2026-05-02 08:58:00,P02,M,1.0,55.0,,card
thaphae,TP-9D092F,1,2026-05-02 11:46:00,P04,S,1.0,55.0,,qr
thaphae,TP-55B68E,1,2026-05-02 12:16:00,P08,M,1.0,70.0,M0117,cash
thaphae,TP-013410,1,2026-05-02 12:46:00,P14,,1.0,85.0,,card
thaphae,TP-AA0E89,1,2026-05-02 13:39:00,P04,L,1.0,75.0,,qr
thaphae,TP-C5BBE3,1,2026-05-02 14:00:00,P07,M,2.0,55.0,,card
thaphae,TP-C5BBE3,2,2026-05-02 14:00:00,P15,,1.0,75.0,,card
thaphae,TP-C7A01C,1,2026-05-02 14:06:00,P15,,1.0,75.0,,card
thaphae,TP-5B58F1,1,2026-05-02 14:17:00,P11,L,1.0,70.0,,cash
thaphae,TP-7B3E23,1,2026-05-02 14:21:00,P12,,1.0,55.0,,card
thaphae,TP-0E29B2,1,2026-05-02 14:35:00,P12,,1.0,55.0,,cash
thaphae,TP-0E29B2,2,2026-05-02 14:35:00,P08,S,1.0,60.0,,cash
thaphae,TP-AB99AD,1,2026-05-02 14:35:00,P05,L,1.0,80.0,,cash
thaphae,TP-AB99AD,2,2026-05-02 14:35:00,P12,,1.0,55.0,,cash
thaphae,TP-A8D0ED,1,2026-05-02 14:41:00,P01,M,1.0,55.0,,cash
thaphae,TP-A8D0ED,2,2026-05-02 14:41:00,P15,,1.0,75.0,,cash
thaphae,TP-627EE9,1,2026-05-02 14:59:00,P05,S,2.0,60.0,,card
thaphae,TP-627EE9,2,2026-05-02 14:59:00,P12,,1.0,55.0,,card
thaphae,TP-D3C544,1,2026-05-02 15:47:00,P07,L,1.0,65.0,M0380,cash
thaphae,TP-53E5E6,1,2026-05-02 16:15:00,P02,M,1.0,55.0,M0096,card
thaphae,TP-C74F94,1,2026-05-02 18:01:00,P06,M,1.0,75.0,,qr
thaphae,TP-3205D8,1,2026-05-02 18:03:00,P08,L,2.0,80.0,,cash
thaphae,TP-8AB7C4,1,2026-05-02 19:16:00,P14,,1.0,85.0,,card
thaphae,TP-F29776,1,2026-05-03 07:32:00,P09,M,1.0,50.0,,cash
thaphae,TP-31A215,1,2026-05-03 08:03:00,P04,M,1.0,65.0,M0438,card
thaphae,TP-16D766,1,2026-05-03 09:51:00,P09,L,1.0,60.0,,cash
thaphae,TP-16D766,2,2026-05-03 09:51:00,P10,S,1.0,50.0,,cash
thaphae,TP-0751E3,1,2026-05-03 09:58:00,P13,,1.0,50.0,,qr
thaphae,TP-FF7535,1,2026-05-03 12:09:00,P03,L,2.0,75.0,,card
thaphae,TP-0F0D60,1,2026-05-03 12:20:00,P12,,1.0,55.0,,cash
thaphae,TP-6C6559,1,2026-05-03 12:39:00,P09,M,1.0,50.0,,cash
thaphae,TP-399D13,1,2026-05-03 13:34:00,P08,S,1.0,60.0,,card
thaphae,TP-1B8FD6,1,2026-05-03 14:03:00,P08,L,2.0,80.0,M0122,cash
thaphae,TP-51DC3E,1,2026-05-03 14:22:00,P03,S,1.0,55.0,,cash
thaphae,TP-51DC3E,2,2026-05-03 14:22:00,P14,,1.0,85.0,,cash
thaphae,TP-A74B5B,1,2026-05-03 15:16:00,P03,L,3.0,75.0,,qr
thaphae,TP-A74B5B,2,2026-05-03 15:16:00,P13,,1.0,50.0,,qr
thaphae,TP-437038,1,2026-05-03 18:19:00,P10,M,1.0,60.0,,qr
thaphae,TP-1AD546,1,2026-05-03 18:49:00,P11,M,1.0,60.0,,qr
thaphae,TP-292ADB,1,2026-05-04 08:27:00,P01,S,1.0,45.0,,cash
thaphae,TP-292ADB,2,2026-05-04 08:27:00,P15,,1.0,75.0,,cash
thaphae,TP-292ADB,3,2026-05-04 08:27:00,P02,S,1.0,45.0,,cash
thaphae,TP-C38EA4,1,2026-05-04 08:30:00,P02,S,1.0,45.0,M0288,cash
thaphae,TP-C38EA4,2,2026-05-04 08:30:00,P12,,1.0,55.0,M0288,cash
thaphae,TP-EC4FD0,1,2026-05-04 08:41:00,P11,M,1.0,60.0,,card
thaphae,TP-EC4FD0,2,2026-05-04 08:41:00,P06,L,1.0,85.0,,card
thaphae,TP-8D72E1,1,2026-05-04 08:49:00,P02,M,2.0,55.0,M0764,card
thaphae,TP-106A5C,1,2026-05-04 08:51:00,P12,,1.0,55.0,,cash
thaphae,TP-C3D7BA,1,2026-05-04 09:13:00,P02,M,1.0,55.0,,card
thaphae,TP-C3D7BA,2,2026-05-04 09:13:00,P12,,1.0,55.0,,card
thaphae,TP-C3D7BA,3,2026-05-04 09:13:00,P13,,1.0,50.0,,card
thaphae,TP-E000E1,1,2026-05-04 09:23:00,P02,M,1.0,55.0,M0771,cash
thaphae,TP-E000E1,2,2026-05-04 09:23:00,P12,,1.0,55.0,M0771,cash
thaphae,TP-2C8675,1,2026-05-04 09:31:00,P02,M,1.0,55.0,,card
thaphae,TP-895BB7,1,2026-05-04 09:35:00,P14,,3.0,85.0,,cash
thaphae,TP-895BB7,2,2026-05-04 09:35:00,P04,L,1.0,75.0,,cash
thaphae,TP-212CA7,1,2026-05-04 10:16:00,P07,M,1.0,55.0,,cash
thaphae,TP-E67459,1,2026-05-04 10:24:00,P10,S,2.0,50.0,,cash
thaphae,TP-2780B5,1,2026-05-04 10:37:00,P02,M,2.0,55.0,,cash
thaphae,TP-8EE6C2,1,2026-05-04 10:47:00,P05,M,2.0,70.0,,qr
thaphae,TP-8EE6C2,2,2026-05-04 10:47:00,P15,,1.0,75.0,,qr
thaphae,TP-9F2E62,1,2026-05-04 10:59:00,P04,L,1.0,75.0,,card
thaphae,TP-9F2E62,2,2026-05-04 10:59:00,P13,,1.0,50.0,,card
thaphae,TP-9BDAD2,1,2026-05-04 11:05:00,P04,M,1.0,65.0,,qr
thaphae,TP-315D1C,1,2026-05-04 11:31:00,P06,S,1.0,65.0,,qr
thaphae,TP-ED03AB,1,2026-05-04 11:32:00,P12,,2.0,55.0,,qr
thaphae,TP-ED03AB,2,2026-05-04 11:32:00,P02,M,1.0,55.0,,qr
thaphae,TP-41C1EF,1,2026-05-04 11:42:00,P05,L,1.0,80.0,,cash
thaphae,TP-B5082A,1,2026-05-04 11:48:00,P01,L,1.0,65.0,M0397,cash
thaphae,TP-B5082A,2,2026-05-04 11:48:00,P15,,1.0,75.0,M0397,cash
thaphae,TP-7FF559,1,2026-05-04 12:19:00,P05,S,2.0,60.0,M0580,card
thaphae,TP-0FE61A,1,2026-05-04 13:30:00,P11,M,1.0,60.0,,cash
thaphae,TP-0FE61A,2,2026-05-04 13:30:00,P14,,1.0,85.0,,cash
thaphae,TP-AAF01F,1,2026-05-04 14:26:00,P05,M,1.0,70.0,,cash
thaphae,TP-C23287,1,2026-05-04 15:02:00,P14,,3.0,85.0,,qr
thaphae,TP-47D899,1,2026-05-04 15:54:00,P10,M,1.0,60.0,,cash
thaphae,TP-47D899,2,2026-05-04 15:54:00,P13,,1.0,50.0,,cash
thaphae,TP-E507BF,1,2026-05-04 18:16:00,P08,M,2.0,70.0,,qr
thaphae,TP-55EBB5,1,2026-05-05 07:26:00,P07,S,2.0,45.0,,cash
thaphae,TP-55EBB5,2,2026-05-05 07:26:00,P13,,1.0,50.0,,cash
thaphae,TP-FA4CB2,1,2026-05-05 07:54:00,P05,S,2.0,60.0,,cash
thaphae,TP-E8C400,1,2026-05-05 08:14:00,P04,S,1.0,55.0,,qr
thaphae,TP-A9DE38,1,2026-05-05 08:24:00,P08,L,3.0,80.0,,card
thaphae,TP-5E323D,1,2026-05-05 09:34:00,P03,L,1.0,75.0,,card
thaphae,TP-5E323D,2,2026-05-05 09:34:00,P14,,1.0,85.0,,card
thaphae,TP-5E323D,3,2026-05-05 09:34:00,P10,S,1.0,50.0,,card
thaphae,TP-15C5E7,1,2026-05-05 09:40:00,P04,M,1.0,65.0,,qr
thaphae,TP-ABE5E5,1,2026-05-05 10:15:00,P08,M,1.0,70.0,,card
thaphae,TP-4B301A,1,2026-05-05 10:17:00,P03,L,3.0,75.0,M0475,cash
thaphae,TP-1AD63F,1,2026-05-05 10:27:00,P07,S,1.0,45.0,,qr
thaphae,TP-1AD63F,2,2026-05-05 10:27:00,P15,,1.0,75.0,,qr
thaphae,TP-A77744,1,2026-05-05 11:32:00,P05,M,1.0,70.0,,card
thaphae,TP-EF1EAD,1,2026-05-05 12:03:00,P11,L,1.0,70.0,,cash
thaphae,TP-06876C,1,2026-05-05 12:07:00,P01,M,1.0,55.0,M0508,qr
thaphae,TP-06876C,2,2026-05-05 12:07:00,P06,M,1.0,75.0,M0508,qr
thaphae,TP-97DD04,1,2026-05-05 13:06:00,P07,M,1.0,55.0,,cash
thaphae,TP-97DD04,2,2026-05-05 13:06:00,P13,,1.0,50.0,,cash
thaphae,TP-BDD1BE,1,2026-05-05 13:39:00,P12,,1.0,55.0,,card
thaphae,TP-7D5F5F,1,2026-05-05 14:00:00,P05,M,2.0,70.0,,card
thaphae,TP-011085,1,2026-05-05 14:12:00,P07,M,2.0,55.0,,qr
thaphae,TP-159DBE,1,2026-05-05 14:47:00,P04,S,2.0,55.0,,card
thaphae,TP-159DBE,2,2026-05-05 14:47:00,P07,M,1.0,55.0,,card
thaphae,TP-D29C65,1,2026-05-05 15:46:00,P03,M,1.0,65.0,,cash
thaphae,TP-D29C65,2,2026-05-05 15:46:00,P02,M,1.0,55.0,,cash
thaphae,TP-B486D2,1,2026-05-05 16:09:00,P08,S,1.0,60.0,,cash
thaphae,TP-B486D2,2,2026-05-05 16:09:00,P04,M,1.0,65.0,,cash
thaphae,TP-8A966A,1,2026-05-06 07:13:00,P07,M,1.0,55.0,,cash
thaphae,TP-1682A0,1,2026-05-06 07:48:00,P13,,1.0,50.0,,cash
thaphae,TP-869774,1,2026-05-06 09:19:00,P04,S,1.0,55.0,,card
thaphae,TP-569E46,1,2026-05-06 09:42:00,P09,M,1.0,50.0,M0103,cash
thaphae,TP-1988E1,1,2026-05-06 10:02:00,P03,L,3.0,75.0,,card
thaphae,TP-D63B89,1,2026-05-06 10:07:00,P07,L,1.0,65.0,,cash
thaphae,TP-D63B89,2,2026-05-06 10:07:00,P13,,1.0,50.0,,cash
thaphae,TP-51FF4E,1,2026-05-06 10:45:00,P15,,1.0,75.0,M0628,card
thaphae,TP-51FF4E,2,2026-05-06 10:45:00,P03,M,1.0,65.0,M0628,card
thaphae,TP-C2D16C,1,2026-05-06 12:53:00,P15,,1.0,75.0,,cash
thaphae,TP-3415C2,1,2026-05-06 13:16:00,P03,S,1.0,55.0,,card
thaphae,TP-3415C2,2,2026-05-06 13:16:00,P14,,1.0,85.0,,card
thaphae,TP-AF6150,1,2026-05-06 13:16:00,P10,L,2.0,70.0,,cash
thaphae,TP-492B67,1,2026-05-06 13:59:00,P02,M,1.0,55.0,M0153,card
thaphae,TP-C49DFF,1,2026-05-06 14:22:00,P03,M,2.0,65.0,,cash
thaphae,TP-E7619D,1,2026-05-06 16:21:00,P15,,1.0,75.0,,qr
thaphae,TP-2EAC9D,1,2026-05-06 17:16:00,P02,S,1.0,45.0,,card
thaphae,TP-D58C8E,1,2026-05-06 17:34:00,P03,L,1.0,75.0,M0722,cash
thaphae,TP-5FC4EB,1,2026-05-06 19:05:00,P07,S,1.0,45.0,,qr
thaphae,TP-1A749C,1,2026-05-07 07:08:00,P09,S,2.0,40.0,,cash
thaphae,TP-D257B5,1,2026-05-07 08:06:00,P04,M,1.0,65.0,,qr
thaphae,TP-75C07A,1,2026-05-07 08:07:00,P03,M,1.0,65.0,,qr
thaphae,TP-75C07A,2,2026-05-07 08:07:00,P14,,1.0,85.0,,qr
thaphae,TP-2FF7BA,1,2026-05-07 08:28:00,P03,M,29.0,65.0,,card
thaphae,TP-4D4B85,1,2026-05-07 08:34:00,P02,M,3.0,55.0,,cash
thaphae,TP-4D4B85,2,2026-05-07 08:34:00,P12,,1.0,55.0,,cash
thaphae,TP-7317FB,1,2026-05-07 08:46:00,P03,M,1.0,65.0,,card
thaphae,TP-46939E,1,2026-05-07 09:59:00,P02,M,1.0,55.0,M0172,cash
thaphae,TP-B47F8B,1,2026-05-07 10:42:00,P09,M,1.0,50.0,,cash
thaphae,TP-B47F8B,2,2026-05-07 10:42:00,P15,,1.0,75.0,,cash
thaphae,TP-67FDAF,1,2026-05-07 15:05:00,P09,S,1.0,40.0,,card
thaphae,TP-3E4F8F,1,2026-05-07 15:12:00,P07,S,2.0,45.0,,cash
thaphae,TP-3E4F8F,2,2026-05-07 15:12:00,P12,,1.0,55.0,,cash
thaphae,TP-A31837,1,2026-05-07 15:17:00,P04,M,1.0,65.0,M0588,card
thaphae,TP-E1A999,1,2026-05-07 15:38:00,P07,L,1.0,65.0,,qr
thaphae,TP-09E2BC,1,2026-05-07 17:07:00,P15,,1.0,75.0,M0785,card
thaphae,TP-03D349,1,2026-05-07 18:06:00,P11,M,1.0,60.0,M0129,card
thaphae,TP-34FD60,1,2026-05-07 19:07:00,P15,,1.0,75.0,,card
thaphae,TP-532A27,1,2026-05-07 19:41:00,P05,S,1.0,60.0,M0388,card
thaphae,TP-532A27,2,2026-05-07 19:41:00,P02,M,1.0,55.0,M0388,card
thaphae,TP-D8A6ED,1,2026-05-08 07:37:00,P06,S,1.0,65.0,,cash
thaphae,TP-492DE4,1,2026-05-08 07:50:00,P03,M,1.0,65.0,M0025,qr
thaphae,TP-492DE4,2,2026-05-08 07:50:00,P15,,1.0,75.0,M0025,qr
thaphae,TP-6AEB78,1,2026-05-08 08:12:00,P01,S,1.0,45.0,,cash
thaphae,TP-6AEB78,2,2026-05-08 08:12:00,P15,,1.0,75.0,,cash
thaphae,TP-6AEB78,3,2026-05-08 08:12:00,P06,L,1.0,85.0,,cash
thaphae,TP-8482EA,1,2026-05-08 08:13:00,P07,M,1.0,55.0,,qr
thaphae,TP-8482EA,2,2026-05-08 08:13:00,P13,,1.0,50.0,,qr
thaphae,TP-0D0ECB,1,2026-05-08 08:29:00,P08,S,2.0,60.0,,card
thaphae,TP-4757A3,1,2026-05-08 08:56:00,P12,,1.0,55.0,,cash
thaphae,TP-F028B9,1,2026-05-08 09:00:00,P14,,2.0,85.0,,cash
thaphae,TP-DDE363,1,2026-05-08 09:14:00,P03,L,1.0,75.0,,cash
thaphae,TP-D39043,1,2026-05-08 09:48:00,P04,M,1.0,65.0,,cash
thaphae,TP-F0F491,1,2026-05-08 12:51:00,P07,L,2.0,65.0,M0102,card
thaphae,TP-1087B2,1,2026-05-08 13:51:00,P08,L,1.0,80.0,M0729,cash
thaphae,TP-D9FF1F,1,2026-05-08 14:09:00,P10,L,1.0,70.0,,card
thaphae,TP-8C3F90,1,2026-05-08 17:05:00,P15,,1.0,75.0,,qr
thaphae,TP-53E731,1,2026-05-08 18:23:00,P05,S,1.0,60.0,,qr
thaphae,TP-0F1C0D,1,2026-05-08 18:36:00,P02,M,2.0,55.0,M0258,qr
thaphae,TP-613F11,1,2026-05-08 18:45:00,P06,L,1.0,85.0,,card
thaphae,TP-613F11,2,2026-05-08 18:45:00,P14,,1.0,85.0,,card
thaphae,TP-613F11,3,2026-05-08 18:45:00,P08,M,1.0,70.0,,card
thaphae,TP-0C71E0,1,2026-05-08 18:47:00,P11,M,1.0,60.0,M0285,qr
thaphae,TP-E991D5,1,2026-05-08 19:47:00,P11,M,1.0,60.0,,card
thaphae,TP-CB72EC,1,2026-05-09 07:03:00,P14,,1.0,85.0,,cash
thaphae,TP-1C3397,1,2026-05-09 08:23:00,P03,S,1.0,55.0,,cash
thaphae,TP-1C3397,2,2026-05-09 08:23:00,P14,,1.0,85.0,,cash
thaphae,TP-232BED,1,2026-05-09 08:50:00,P04,L,3.0,75.0,M0674,qr
thaphae,TP-6CB3D5,1,2026-05-09 09:16:00,P05,L,1.0,80.0,,cash
thaphae,TP-6CB3D5,2,2026-05-09 09:16:00,P08,S,1.0,60.0,,cash
thaphae,TP-0805E7,1,2026-05-09 09:18:00,P03,M,2.0,65.0,,cash
thaphae,TP-0805E7,2,2026-05-09 09:18:00,P15,,1.0,75.0,,cash
thaphae,TP-C0078D,1,2026-05-09 09:42:00,P03,L,1.0,75.0,,cash
thaphae,TP-C0078D,2,2026-05-09 09:42:00,P14,,1.0,85.0,,cash
thaphae,TP-F911A2,1,2026-05-09 09:45:00,P02,M,1.0,55.0,M0312,card
thaphae,TP-F911A2,2,2026-05-09 09:45:00,P03,S,1.0,55.0,M0312,card
thaphae,TP-7FDA50,1,2026-05-09 09:52:00,P12,,1.0,55.0,,card
thaphae,TP-ED85FF,1,2026-05-09 10:01:00,P13,,1.0,50.0,,cash
thaphae,TP-6DAA74,1,2026-05-09 11:03:00,P02,M,1.0,55.0,,card
thaphae,TP-6DAA74,2,2026-05-09 11:03:00,P12,,1.0,55.0,,card
thaphae,TP-1CD324,1,2026-05-09 11:42:00,P03,M,1.0,65.0,,qr
thaphae,TP-95781A,1,2026-05-09 13:00:00,P08,S,3.0,60.0,M0493,card
thaphae,TP-A64A1E,1,2026-05-09 13:54:00,P03,M,2.0,65.0,,card
thaphae,TP-A64A1E,2,2026-05-09 13:54:00,P14,,1.0,85.0,,card
thaphae,TP-B9BA41,1,2026-05-09 14:32:00,P14,,1.0,85.0,,cash
thaphae,TP-AFD51F,1,2026-05-09 14:38:00,P08,S,2.0,60.0,,cash
thaphae,TP-418D38,1,2026-05-09 14:40:00,P02,M,3.0,55.0,M0764,card
thaphae,TP-418D38,2,2026-05-09 14:40:00,P12,,1.0,55.0,M0764,card
thaphae,TP-417253,1,2026-05-09 14:42:00,P06,S,1.0,65.0,,qr
thaphae,TP-B3C372,1,2026-05-09 15:12:00,P08,M,2.0,70.0,,card
thaphae,TP-B3C372,2,2026-05-09 15:12:00,P09,L,1.0,60.0,,card
thaphae,TP-EB2B7A,1,2026-05-09 16:20:00,P11,M,1.0,60.0,,card
thaphae,TP-7CC7D9,1,2026-05-09 16:30:00,P13,,1.0,50.0,,cash
thaphae,TP-0A994E,1,2026-05-09 16:37:00,P06,S,1.0,65.0,,card
thaphae,TP-16C264,1,2026-05-10 09:31:00,P14,,2.0,85.0,,qr
thaphae,TP-8C52B1,1,2026-05-10 09:45:00,P12,,1.0,55.0,M0433,qr
thaphae,TP-44B5BD,1,2026-05-10 10:40:00,P13,,1.0,50.0,,qr
thaphae,TP-73821E,1,2026-05-10 11:09:00,P06,S,1.0,65.0,,card
thaphae,TP-73821E,2,2026-05-10 11:09:00,P12,,1.0,55.0,,card
thaphae,TP-4DF39B,1,2026-05-10 11:54:00,P06,M,1.0,75.0,,qr
thaphae,TP-753ECE,1,2026-05-10 12:42:00,P15,,1.0,75.0,,cash
thaphae,TP-1966D6,1,2026-05-10 13:16:00,P05,L,1.0,80.0,,card
thaphae,TP-8C33B1,1,2026-05-10 14:27:00,P03,M,2.0,65.0,,cash
thaphae,TP-8C33B1,2,2026-05-10 14:27:00,P02,L,1.0,65.0,,cash
thaphae,TP-68567A,1,2026-05-10 14:49:00,P08,L,2.0,80.0,,qr
thaphae,TP-68567A,2,2026-05-10 14:49:00,P02,L,1.0,65.0,,qr
thaphae,TP-DCEB94,1,2026-05-10 15:03:00,P07,M,1.0,55.0,,card
thaphae,TP-D3EFC6,1,2026-05-10 15:08:00,P03,L,2.0,75.0,,card
thaphae,TP-BBA306,1,2026-05-10 18:15:00,P04,M,1.0,65.0,M0244,card
thaphae,TP-D2A0A8,1,2026-05-10 18:21:00,P12,,1.0,55.0,M0143,cash
thaphae,TP-F94593,1,2026-05-11 07:50:00,P01,L,1.0,65.0,,card
thaphae,TP-F94593,2,2026-05-11 07:50:00,P15,,1.0,75.0,,card
thaphae,TP-D24469,1,2026-05-11 08:23:00,P06,L,1.0,85.0,M0616,card
thaphae,TP-50115C,1,2026-05-11 08:27:00,P03,L,1.0,75.0,,cash
thaphae,TP-AED85B,1,2026-05-11 09:26:00,P03,S,1.0,55.0,,card
thaphae,TP-F07514,1,2026-05-11 09:27:00,P10,S,2.0,50.0,,cash
thaphae,TP-D61F72,1,2026-05-11 09:31:00,P13,,1.0,50.0,,card
thaphae,TP-BDD82D,1,2026-05-11 12:56:00,P11,L,2.0,70.0,,cash
thaphae,TP-A123A7,1,2026-05-11 13:50:00,P06,L,2.0,85.0,,card
thaphae,TP-89A9AE,1,2026-05-11 14:29:00,P01,L,2.0,65.0,,qr
thaphae,TP-89A9AE,2,2026-05-11 14:29:00,P13,,1.0,50.0,,qr
thaphae,TP-C4862F,1,2026-05-11 14:30:00,P13,,1.0,50.0,M0046,qr
thaphae,TP-88A7FE,1,2026-05-11 14:38:00,P15,,1.0,75.0,,card
thaphae,TP-1F2DAB,1,2026-05-11 16:04:00,P13,,1.0,50.0,,card
thaphae,TP-1F2DAB,2,2026-05-11 16:04:00,P15,,1.0,75.0,,card
thaphae,TP-F22BE3,1,2026-05-11 17:33:00,P12,,1.0,55.0,,qr
thaphae,TP-CBA0E0,1,2026-05-11 17:47:00,P13,,1.0,50.0,,card
thaphae,TP-CBA0E0,2,2026-05-11 17:47:00,P04,S,1.0,55.0,,card
thaphae,TP-611220,1,2026-05-11 18:22:00,P08,M,1.0,70.0,M0734,card
thaphae,TP-8909BD,1,2026-05-14 08:40:00,P12,,2.0,55.0,,cash
thaphae,TP-B9750C,1,2026-05-14 09:01:00,P04,M,1.0,65.0,,qr
thaphae,TP-65C097,1,2026-05-14 09:29:00,P09,M,1.0,50.0,,card
thaphae,TP-7892DF,1,2026-05-14 10:24:00,P12,,2.0,55.0,M0514,card
thaphae,TP-CEF93E,1,2026-05-14 10:37:00,P02,M,1.0,55.0,M0789,card
thaphae,TP-CEF93E,2,2026-05-14 10:37:00,P12,,1.0,55.0,M0789,card
thaphae,TP-4FF377,1,2026-05-14 10:42:00,P05,S,1.0,60.0,M0652,card
thaphae,TP-5B41D0,1,2026-05-14 11:15:00,P04,M,2.0,65.0,M0194,cash
thaphae,TP-DC4A83,1,2026-05-14 11:55:00,P02,L,1.0,65.0,,qr
thaphae,TP-CE21B7,1,2026-05-14 12:38:00,P10,S,1.0,50.0,,qr
thaphae,TP-1D7168,1,2026-05-14 13:39:00,P11,S,1.0,50.0,,card
thaphae,TP-8F5141,1,2026-05-14 14:08:00,P07,S,1.0,45.0,,qr
thaphae,TP-8F5141,2,2026-05-14 14:08:00,P13,,1.0,50.0,,qr
thaphae,TP-8F5141,3,2026-05-14 14:08:00,P06,L,1.0,85.0,,qr
thaphae,TP-6B7699,1,2026-05-14 14:10:00,P10,M,1.0,60.0,,cash
thaphae,TP-69A3B2,1,2026-05-14 14:29:00,P06,L,1.0,85.0,,card
thaphae,TP-21E528,1,2026-05-14 14:38:00,P15,,2.0,75.0,,qr
thaphae,TP-180CD7,1,2026-05-14 15:35:00,P04,S,1.0,55.0,,card
thaphae,TP-55E1E9,1,2026-05-15 07:36:00,P01,M,1.0,55.0,,card
thaphae,TP-55E1E9,2,2026-05-15 07:36:00,P15,,1.0,75.0,,card
thaphae,TP-55E1E9,3,2026-05-15 07:36:00,P05,L,1.0,80.0,,card
thaphae,TP-E7EE89,1,2026-05-15 08:28:00,P15,,1.0,75.0,M0397,qr
thaphae,TP-119E1A,1,2026-05-15 09:49:00,P03,L,3.0,75.0,,qr
thaphae,TP-119E1A,2,2026-05-15 09:49:00,P14,,1.0,85.0,,qr
thaphae,TP-739AE9,1,2026-05-15 10:24:00,P06,M,1.0,75.0,,card
thaphae,TP-739AE9,2,2026-05-15 10:24:00,P05,M,1.0,70.0,,card
thaphae,TP-199BB9,1,2026-05-15 12:10:00,P03,L,1.0,75.0,,cash
thaphae,TP-199BB9,2,2026-05-15 12:10:00,P09,M,1.0,50.0,,cash
thaphae,TP-F20CB6,1,2026-05-15 12:27:00,P07,S,2.0,45.0,M0286,cash
thaphae,TP-F20CB6,2,2026-05-15 12:27:00,P13,,1.0,50.0,M0286,cash
thaphae,TP-773B7E,1,2026-05-15 12:42:00,P03,M,2.0,65.0,,card
thaphae,TP-345301,1,2026-05-15 12:59:00,P12,,1.0,55.0,M0244,cash
thaphae,TP-10BAB6,1,2026-05-15 15:27:00,P10,S,1.0,50.0,,card
thaphae,TP-6B73B3,1,2026-05-15 16:21:00,P14,,2.0,85.0,,cash
thaphae,TP-686866,1,2026-05-15 16:42:00,P15,,3.0,75.0,M0143,cash
thaphae,TP-E94CFC,1,2026-05-15 18:38:00,P12,,1.0,55.0,,cash
thaphae,TP-A02BEA,1,2026-05-16 07:35:00,P07,L,3.0,65.0,,card
thaphae,TP-A02BEA,2,2026-05-16 07:35:00,P02,S,1.0,45.0,,card
thaphae,TP-4F961E,1,2026-05-16 07:38:00,P06,L,1.0,85.0,M0244,card
thaphae,TP-FF6BBB,1,2026-05-16 08:03:00,P11,M,1.0,60.0,M0714,card
thaphae,TP-6A9759,1,2026-05-16 08:14:00,P03,L,1.0,75.0,,cash
thaphae,TP-6A9759,2,2026-05-16 08:14:00,P14,,1.0,85.0,,cash
thaphae,TP-CBE174,1,2026-05-16 08:48:00,P01,M,1.0,55.0,,card
thaphae,TP-CBE174,2,2026-05-16 08:48:00,P15,,1.0,75.0,,card
thaphae,TP-978FD5,1,2026-05-16 09:14:00,P02,M,2.0,55.0,,cash
thaphae,TP-40D4D5,1,2026-05-16 09:26:00,P06,L,1.0,85.0,M0379,cash
thaphae,TP-B08959,1,2026-05-16 09:39:00,P13,,1.0,50.0,,cash
thaphae,TP-444C6E,1,2026-05-16 09:41:00,P02,L,1.0,65.0,,qr
thaphae,TP-444C6E,2,2026-05-16 09:41:00,P12,,1.0,55.0,,qr
thaphae,TP-444C6E,3,2026-05-16 09:41:00,P14,,1.0,85.0,,qr
thaphae,TP-268E79,1,2026-05-16 09:48:00,P02,S,1.0,45.0,,card
thaphae,TP-268E79,2,2026-05-16 09:48:00,P12,,1.0,55.0,,card
thaphae,TP-268E79,3,2026-05-16 09:48:00,P05,L,1.0,80.0,,card
thaphae,TP-54ADA9,1,2026-05-16 10:01:00,P04,S,1.0,55.0,,card
thaphae,TP-AD5D4F,1,2026-05-16 10:11:00,P14,,1.0,85.0,,qr
thaphae,TP-5A24DF,1,2026-05-16 10:20:00,P05,L,3.0,80.0,,card
thaphae,TP-4AED11,1,2026-05-16 10:21:00,P02,M,1.0,55.0,,cash
thaphae,TP-BD6BFF,1,2026-05-16 10:28:00,P03,S,1.0,55.0,,qr
thaphae,TP-70CA0F,1,2026-05-16 13:53:00,P14,,1.0,85.0,M0285,cash
thaphae,TP-9B5E96,1,2026-05-16 14:59:00,P11,M,1.0,60.0,M0185,qr
thaphae,TP-9B5E96,2,2026-05-16 14:59:00,P12,,1.0,55.0,M0185,qr
thaphae,TP-9B5E96,3,2026-05-16 14:59:00,P03,S,1.0,55.0,M0185,qr
thaphae,TP-D520FB,1,2026-05-16 16:30:00,P03,L,1.0,75.0,,card
thaphae,TP-D520FB,2,2026-05-16 16:30:00,P15,,1.0,75.0,,card
thaphae,TP-5AE34C,1,2026-05-16 17:07:00,P11,M,3.0,60.0,,card
thaphae,TP-78F5E5,1,2026-05-16 17:11:00,P12,,1.0,55.0,,qr
thaphae,TP-9D2A77,1,2026-05-16 17:55:00,P11,M,1.0,60.0,M0620,card
thaphae,TP-618339,1,2026-05-16 18:06:00,P13,,2.0,50.0,,card
thaphae,TP-85E6A4,1,2026-05-16 18:25:00,P08,M,1.0,70.0,,card
thaphae,TP-7FA563,1,2026-05-16 19:36:00,P10,L,1.0,70.0,M0435,card
thaphae,TP-A38C6F,1,2026-05-17 07:10:00,P03,L,2.0,75.0,,cash
thaphae,TP-2CF851,1,2026-05-17 08:20:00,P12,,3.0,55.0,M0665,qr
thaphae,TP-4C4E33,1,2026-05-17 08:20:00,P03,M,1.0,65.0,M0129,card
thaphae,TP-4C4E33,2,2026-05-17 08:20:00,P14,,1.0,85.0,M0129,card
thaphae,TP-D9F7FB,1,2026-05-17 08:45:00,P07,M,2.0,55.0,,card
thaphae,TP-D9F7FB,2,2026-05-17 08:45:00,P13,,1.0,50.0,,card
thaphae,TP-F9E05E,1,2026-05-17 09:25:00,P01,L,1.0,65.0,,qr
thaphae,TP-F9E05E,2,2026-05-17 09:25:00,P15,,1.0,75.0,,qr
thaphae,TP-6C3D40,1,2026-05-17 10:21:00,P02,M,1.0,55.0,,qr
thaphae,TP-6C3D40,2,2026-05-17 10:21:00,P14,,1.0,85.0,,qr
thaphae,TP-6C3D40,3,2026-05-17 10:21:00,P06,S,1.0,65.0,,qr
thaphae,TP-AB48C2,1,2026-05-17 10:39:00,P02,L,1.0,65.0,,cash
thaphae,TP-AB48C2,2,2026-05-17 10:39:00,P12,,1.0,55.0,,cash
thaphae,TP-8C7111,1,2026-05-17 11:12:00,P07,M,1.0,55.0,,card
thaphae,TP-8C7111,2,2026-05-17 11:12:00,P13,,1.0,50.0,,card
thaphae,TP-734F71,1,2026-05-17 11:20:00,P02,S,2.0,45.0,,cash
thaphae,TP-734F71,2,2026-05-17 11:20:00,P12,,1.0,55.0,,cash
thaphae,TP-9F7C60,1,2026-05-17 12:08:00,P02,M,1.0,55.0,,qr
thaphae,TP-9F7C60,2,2026-05-17 12:08:00,P04,S,1.0,55.0,,qr
thaphae,TP-FF85C9,1,2026-05-17 12:18:00,P02,M,1.0,55.0,,cash
thaphae,TP-DE200A,1,2026-05-17 14:13:00,P11,M,1.0,60.0,M0017,card
thaphae,TP-DE200A,2,2026-05-17 14:13:00,P13,,1.0,50.0,M0017,card
thaphae,TP-D4EB3B,1,2026-05-17 15:16:00,P13,,1.0,50.0,M0771,qr
thaphae,TP-6AEB14,1,2026-05-17 15:36:00,P11,M,1.0,60.0,M0255,qr
thaphae,TP-598F5E,1,2026-05-17 15:40:00,P11,S,1.0,50.0,,cash
thaphae,TP-0B02E4,1,2026-05-17 15:45:00,P05,M,1.0,70.0,,cash
thaphae,TP-2EDCDE,1,2026-05-17 16:27:00,P02,M,3.0,55.0,,cash
thaphae,TP-576F45,1,2026-05-17 17:28:00,P10,M,1.0,60.0,,card
thaphae,TP-9D8E1F,1,2026-05-17 17:43:00,P07,S,1.0,45.0,,cash
thaphae,TP-9D8E1F,2,2026-05-17 17:43:00,P13,,1.0,50.0,,cash
thaphae,TP-5C0A50,1,2026-05-18 07:04:00,P03,L,1.0,75.0,,qr
thaphae,TP-5C0A50,2,2026-05-18 07:04:00,P14,,1.0,85.0,,qr
thaphae,TP-671D24,1,2026-05-18 08:10:00,P03,M,1.0,65.0,,cash
thaphae,TP-671D24,2,2026-05-18 08:10:00,P14,,1.0,85.0,,cash
thaphae,TP-BBC2E3,1,2026-05-18 09:24:00,P07,S,1.0,45.0,,card
thaphae,TP-BBC2E3,2,2026-05-18 09:24:00,P13,,1.0,50.0,,card
thaphae,TP-CF288C,1,2026-05-18 09:35:00,P06,M,1.0,75.0,,card
thaphae,TP-72FC1A,1,2026-05-18 09:48:00,P15,,1.0,75.0,,card
thaphae,TP-954267,1,2026-05-18 09:55:00,P02,M,1.0,55.0,,cash
thaphae,TP-2B58B5,1,2026-05-18 10:07:00,P15,,2.0,75.0,,qr
thaphae,TP-FE2987,1,2026-05-18 10:20:00,P05,L,1.0,80.0,M0508,card
thaphae,TP-F874E4,1,2026-05-18 10:24:00,P08,L,1.0,80.0,M0573,qr
thaphae,TP-F874E4,2,2026-05-18 10:24:00,P04,S,1.0,55.0,M0573,qr
thaphae,TP-D6528F,1,2026-05-18 10:48:00,P04,M,1.0,65.0,M0590,cash
thaphae,TP-D49698,1,2026-05-18 11:20:00,P10,L,2.0,70.0,M0674,cash
thaphae,TP-D49698,2,2026-05-18 11:20:00,P02,M,1.0,55.0,M0674,cash
thaphae,TP-45E2CB,1,2026-05-18 13:23:00,P09,L,1.0,60.0,M0603,cash
thaphae,TP-6FBBD3,1,2026-05-18 15:04:00,P12,,1.0,55.0,M0548,cash
thaphae,TP-6FBBD3,2,2026-05-18 15:04:00,P01,L,1.0,65.0,M0548,cash
thaphae,TP-20939E,1,2026-05-18 15:05:00,P11,M,1.0,60.0,,card
thaphae,TP-0826C4,1,2026-05-18 16:37:00,P07,L,1.0,65.0,,card
thaphae,TP-0826C4,2,2026-05-18 16:37:00,P13,,1.0,50.0,,card
thaphae,TP-6D9A77,1,2026-05-18 19:01:00,P04,L,1.0,75.0,,card
thaphae,TP-874BB2,1,2026-05-19 08:17:00,P02,M,1.0,55.0,,card
thaphae,TP-38E8D7,1,2026-05-19 08:19:00,P04,M,2.0,65.0,,card
thaphae,TP-66AC74,1,2026-05-19 09:38:00,P01,L,1.0,65.0,,cash
thaphae,TP-66AC74,2,2026-05-19 09:38:00,P15,,1.0,75.0,,cash
thaphae,TP-809EF7,1,2026-05-19 10:00:00,P03,L,2.0,75.0,,qr
thaphae,TP-809EF7,2,2026-05-19 10:00:00,P14,,1.0,85.0,,qr
thaphae,TP-87D76C,1,2026-05-19 10:17:00,P07,L,2.0,65.0,,qr
thaphae,TP-FD263F,1,2026-05-19 10:22:00,P07,L,1.0,65.0,,card
thaphae,TP-FD263F,2,2026-05-19 10:22:00,P13,,1.0,50.0,,card
thaphae,TP-FD263F,3,2026-05-19 10:22:00,P06,S,1.0,65.0,,card
thaphae,TP-EBBFB1,1,2026-05-19 11:23:00,P03,L,1.0,75.0,,cash
thaphae,TP-EBBFB1,2,2026-05-19 11:23:00,P15,,1.0,75.0,,cash
thaphae,TP-62E336,1,2026-05-19 12:40:00,P07,L,2.0,65.0,,card
thaphae,TP-62E336,2,2026-05-19 12:40:00,P14,,1.0,85.0,,card
thaphae,TP-10165D,1,2026-05-19 13:47:00,P13,,1.0,50.0,,cash
thaphae,TP-10165D,2,2026-05-19 13:47:00,P07,M,1.0,55.0,,cash
thaphae,TP-6E0283,1,2026-05-19 14:55:00,P04,S,1.0,55.0,,card
thaphae,TP-D50B89,1,2026-05-19 15:48:00,P02,M,1.0,55.0,,cash
thaphae,TP-9D613B,1,2026-05-19 16:34:00,P05,M,1.0,70.0,,cash
thaphae,TP-9D613B,2,2026-05-19 16:34:00,P04,S,1.0,55.0,,cash
thaphae,TP-8A1378,1,2026-05-19 17:54:00,P04,M,1.0,65.0,,cash
thaphae,TP-4B9FE3,1,2026-05-19 18:08:00,P14,,2.0,85.0,,cash
thaphae,TP-27261E,1,2026-05-19 18:54:00,P09,M,1.0,50.0,,cash
thaphae,TP-921AFD,1,2026-05-20 07:03:00,P03,L,1.0,75.0,,cash
thaphae,TP-D6A921,1,2026-05-20 08:06:00,P03,M,1.0,65.0,,card
thaphae,TP-D6A921,2,2026-05-20 08:06:00,P14,,1.0,85.0,,card
thaphae,TP-230AAF,1,2026-05-20 08:17:00,P04,L,1.0,75.0,,cash
thaphae,TP-D45532,1,2026-05-20 08:52:00,P04,M,1.0,65.0,,card
thaphae,TP-D45532,2,2026-05-20 08:52:00,P05,M,1.0,70.0,,card
thaphae,TP-A9A55C,1,2026-05-20 09:05:00,P02,L,1.0,65.0,,card
thaphae,TP-A9A55C,2,2026-05-20 09:05:00,P12,,1.0,55.0,,card
thaphae,TP-90A757,1,2026-05-20 10:38:00,P04,M,1.0,65.0,,cash
thaphae,TP-90A757,2,2026-05-20 10:38:00,P08,M,1.0,70.0,,cash
thaphae,TP-E1E762,1,2026-05-20 11:04:00,P13,,1.0,50.0,,qr
thaphae,TP-E1E762,2,2026-05-20 11:04:00,P06,M,1.0,75.0,,qr
thaphae,TP-7A8D34,1,2026-05-20 11:47:00,P09,M,1.0,50.0,,card
thaphae,TP-B1DB57,1,2026-05-20 12:25:00,P07,M,2.0,55.0,,cash
thaphae,TP-B1DB57,2,2026-05-20 12:25:00,P13,,1.0,50.0,,cash
thaphae,TP-E41C14,1,2026-05-20 12:28:00,P05,S,1.0,60.0,,cash
thaphae,TP-E41C14,2,2026-05-20 12:28:00,P13,,1.0,50.0,,cash
thaphae,TP-4DC18D,1,2026-05-20 12:39:00,P07,L,1.0,65.0,,card
thaphae,TP-F6B731,1,2026-05-20 13:22:00,P12,,1.0,55.0,,cash
thaphae,TP-48A56D,1,2026-05-20 14:18:00,P07,M,1.0,55.0,,qr
thaphae,TP-48A56D,2,2026-05-20 14:18:00,P13,,1.0,50.0,,qr
thaphae,TP-5DDFFA,1,2026-05-20 14:31:00,P03,S,3.0,55.0,,cash
thaphae,TP-AD681E,1,2026-05-20 18:26:00,P10,L,1.0,70.0,,card
thaphae,TP-F15701,1,2026-05-20 18:27:00,P02,S,1.0,45.0,,card
thaphae,TP-F15701,2,2026-05-20 18:27:00,P12,,1.0,55.0,,card
thaphae,TP-A84C8C,1,2026-05-20 18:34:00,P13,,2.0,50.0,,card
thaphae,TP-9DC487,1,2026-05-20 18:51:00,P07,M,1.0,55.0,,card
thaphae,TP-9DC487,2,2026-05-20 18:51:00,P13,,1.0,50.0,,card
thaphae,TP-EF0908,1,2026-05-21 08:29:00,P02,M,1.0,55.0,,cash
thaphae,TP-EF0908,2,2026-05-21 08:29:00,P12,,1.0,55.0,,cash
thaphae,TP-DCAFEF,1,2026-05-21 08:31:00,P02,M,2.0,55.0,,card
thaphae,TP-DCAFEF,2,2026-05-21 08:31:00,P12,,1.0,55.0,,card
thaphae,TP-F70CBB,1,2026-05-21 09:02:00,P02,L,1.0,65.0,,card
thaphae,TP-F3984E,1,2026-05-21 09:23:00,P09,L,1.0,60.0,M0071,card
thaphae,TP-F34ACC,1,2026-05-21 09:46:00,P05,M,1.0,70.0,,cash
thaphae,TP-0FCC75,1,2026-05-21 10:19:00,P02,M,1.0,55.0,,card
thaphae,TP-0FCC75,2,2026-05-21 10:19:00,P12,,1.0,55.0,,card
thaphae,TP-11841F,1,2026-05-21 11:06:00,P02,S,2.0,45.0,M0762,card
thaphae,TP-2EE8AE,1,2026-05-21 11:23:00,P03,L,2.0,75.0,,card
thaphae,TP-2EE8AE,2,2026-05-21 11:23:00,P14,,1.0,85.0,,card
thaphae,TP-3198E0,1,2026-05-21 12:19:00,P08,S,1.0,60.0,,cash
thaphae,TP-EA5B76,1,2026-05-21 12:26:00,P08,S,1.0,60.0,,card
thaphae,TP-E98D4B,1,2026-05-21 12:50:00,P04,L,1.0,75.0,,qr
thaphae,TP-73FDD1,1,2026-05-21 13:51:00,P03,M,1.0,65.0,,qr
thaphae,TP-8659D1,1,2026-05-21 14:08:00,P10,M,1.0,60.0,,cash
thaphae,TP-0291A0,1,2026-05-21 14:11:00,P09,M,1.0,50.0,,cash
thaphae,TP-588D2C,1,2026-05-21 14:12:00,P09,L,1.0,60.0,M0578,cash
thaphae,TP-ED0B20,1,2026-05-21 14:12:00,P02,S,3.0,45.0,M0430,card
thaphae,TP-731D8A,1,2026-05-21 14:12:00,P10,L,2.0,70.0,,qr
thaphae,TP-945507,1,2026-05-21 17:17:00,P01,M,1.0,55.0,,qr
thaphae,TP-E47BFE,1,2026-05-22 07:34:00,P07,L,2.0,65.0,M0393,qr
thaphae,TP-E47BFE,2,2026-05-22 07:34:00,P13,,1.0,50.0,M0393,qr
thaphae,TP-86EF62,1,2026-05-22 08:32:00,P15,,1.0,75.0,,qr
thaphae,TP-1BAFDA,1,2026-05-22 09:29:00,P12,,2.0,55.0,,card
thaphae,TP-7961C7,1,2026-05-22 09:47:00,P01,S,1.0,45.0,,qr
thaphae,TP-7961C7,2,2026-05-22 09:47:00,P15,,1.0,75.0,,qr
thaphae,TP-EAF85C,1,2026-05-22 10:27:00,P08,L,1.0,80.0,,cash
thaphae,TP-441130,1,2026-05-22 11:12:00,P08,S,1.0,60.0,,card
thaphae,TP-441130,2,2026-05-22 11:12:00,P03,M,1.0,65.0,,card
thaphae,TP-07FD99,1,2026-05-22 11:57:00,P13,,1.0,50.0,,qr
thaphae,TP-6F8027,1,2026-05-22 12:14:00,P13,,1.0,50.0,,cash
thaphae,TP-6E9013,1,2026-05-22 14:08:00,P13,,3.0,50.0,,cash
thaphae,TP-8ECFAA,1,2026-05-22 15:35:00,P03,L,1.0,75.0,,card
thaphae,TP-8ECFAA,2,2026-05-22 15:35:00,P01,M,1.0,55.0,,card
thaphae,TP-B9FE29,1,2026-05-22 15:48:00,P04,M,1.0,65.0,,card
thaphae,TP-0DD9B8,1,2026-05-22 16:39:00,P12,,3.0,55.0,,cash
thaphae,TP-EC9A53,1,2026-05-22 18:09:00,P03,M,1.0,65.0,,qr
thaphae,TP-EC9A53,2,2026-05-22 18:09:00,P14,,1.0,85.0,,qr
thaphae,TP-9E79E5,1,2026-05-23 07:05:00,P04,S,2.0,55.0,M0388,cash
thaphae,TP-93D5D9,1,2026-05-23 07:39:00,P04,S,1.0,55.0,M0574,qr
thaphae,TP-DC3692,1,2026-05-23 08:00:00,P13,,1.0,50.0,,qr
thaphae,TP-D1FC16,1,2026-05-23 08:18:00,P03,M,2.0,65.0,,card
thaphae,TP-D1FC16,2,2026-05-23 08:18:00,P14,,1.0,85.0,,card
thaphae,TP-9F6422,1,2026-05-23 08:32:00,P13,,2.0,50.0,,card
thaphae,TP-DB2D2D,1,2026-05-23 09:18:00,P14,,1.0,85.0,,qr
thaphae,TP-7CA882,1,2026-05-23 09:32:00,P12,,3.0,55.0,,cash
thaphae,TP-8CDC28,1,2026-05-23 09:37:00,P03,M,2.0,65.0,,card
thaphae,TP-6CA43F,1,2026-05-23 09:53:00,P03,L,1.0,75.0,,cash
thaphae,TP-6CA43F,2,2026-05-23 09:53:00,P14,,1.0,85.0,,cash
thaphae,TP-D0749B,1,2026-05-23 10:46:00,P15,,1.0,75.0,,qr
thaphae,TP-9B94E5,1,2026-05-23 11:40:00,P12,,1.0,55.0,M0676,card
thaphae,TP-9B94E5,2,2026-05-23 11:40:00,P10,M,1.0,60.0,M0676,card
thaphae,TP-CC0686,1,2026-05-23 11:52:00,P02,M,1.0,55.0,,cash
thaphae,TP-CC0686,2,2026-05-23 11:52:00,P12,,1.0,55.0,,cash
thaphae,TP-F53EED,1,2026-05-23 13:32:00,P02,M,1.0,55.0,M0747,cash
thaphae,TP-F53EED,2,2026-05-23 13:32:00,P12,,1.0,55.0,M0747,cash
thaphae,TP-20EA42,1,2026-05-23 14:06:00,P12,,1.0,55.0,M0026,card
thaphae,TP-464DBA,1,2026-05-23 16:24:00,P02,L,1.0,65.0,M0185,card
thaphae,TP-464DBA,2,2026-05-23 16:24:00,P12,,1.0,55.0,M0185,card
thaphae,TP-E0B20F,1,2026-05-23 18:35:00,P06,M,1.0,75.0,,cash
thaphae,TP-2EE52D,1,2026-05-24 07:18:00,P02,S,1.0,45.0,,cash
thaphae,TP-2EE52D,2,2026-05-24 07:18:00,P12,,1.0,55.0,,cash
thaphae,TP-CCBA64,1,2026-05-24 09:03:00,P02,M,1.0,55.0,M0548,qr
thaphae,TP-B9E304,1,2026-05-24 09:06:00,P06,S,1.0,65.0,,cash
thaphae,TP-03EEBA,1,2026-05-24 09:45:00,P15,,1.0,75.0,,qr
thaphae,TP-9B3E64,1,2026-05-24 10:07:00,P10,M,1.0,60.0,,card
thaphae,TP-AFC273,1,2026-05-24 10:17:00,P11,M,1.0,60.0,,card
thaphae,TP-9EC229,1,2026-05-24 10:25:00,P06,M,1.0,75.0,,card
thaphae,TP-763357,1,2026-05-24 10:27:00,P07,M,1.0,55.0,M0624,card
thaphae,TP-763357,2,2026-05-24 10:27:00,P04,M,1.0,65.0,M0624,card
thaphae,TP-7B85BC,1,2026-05-24 10:52:00,P02,M,1.0,55.0,,cash
thaphae,TP-7B85BC,2,2026-05-24 10:52:00,P12,,1.0,55.0,,cash
thaphae,TP-7B85BC,3,2026-05-24 10:52:00,P05,M,1.0,70.0,,cash
thaphae,TP-7D07F3,1,2026-05-24 11:07:00,P06,M,1.0,75.0,,qr
thaphae,TP-998CEE,1,2026-05-24 13:32:00,P10,M,3.0,60.0,,cash
thaphae,TP-998CEE,2,2026-05-24 13:32:00,P15,,1.0,75.0,,cash
thaphae,TP-8C6D07,1,2026-05-24 13:55:00,P03,S,1.0,55.0,,cash
thaphae,TP-8C6D07,2,2026-05-24 13:55:00,P14,,1.0,85.0,,cash
thaphae,TP-3EB45D,1,2026-05-24 13:58:00,P10,M,1.0,60.0,,qr
thaphae,TP-3EB45D,2,2026-05-24 13:58:00,P11,S,1.0,50.0,,qr
thaphae,TP-EAF701,1,2026-05-24 15:03:00,P10,M,2.0,60.0,,qr
thaphae,TP-4654EA,1,2026-05-24 15:30:00,P08,M,1.0,70.0,M0025,qr
thaphae,TP-4654EA,2,2026-05-24 15:30:00,P07,M,1.0,55.0,M0025,qr
thaphae,TP-0CD307,1,2026-05-24 15:44:00,P07,M,1.0,55.0,,card
thaphae,TP-0CD307,2,2026-05-24 15:44:00,P14,,1.0,85.0,,card
thaphae,TP-D2CD12,1,2026-05-24 17:26:00,P11,L,2.0,70.0,,qr
thaphae,TP-1E777B,1,2026-05-24 17:55:00,P07,M,1.0,55.0,,qr
thaphae,TP-1E777B,2,2026-05-24 17:55:00,P13,,1.0,50.0,,qr
thaphae,TP-1BC29A,1,2026-05-24 18:45:00,P07,S,1.0,45.0,M0026,cash
thaphae,TP-1BC29A,2,2026-05-24 18:45:00,P03,M,1.0,65.0,M0026,cash
thaphae,TP-D13602,1,2026-05-24 19:52:00,P12,,1.0,55.0,M0668,qr
thaphae,TP-E78A0D,1,2026-05-25 10:22:00,P04,L,1.0,75.0,M0026,qr
thaphae,TP-872348,1,2026-05-25 11:50:00,P03,S,1.0,55.0,,qr
thaphae,TP-9BA155,1,2026-05-25 12:56:00,P12,,1.0,55.0,,card
thaphae,TP-ECD3F8,1,2026-05-25 13:30:00,P12,,1.0,55.0,,qr
thaphae,TP-80112F,1,2026-05-25 14:41:00,P07,M,1.0,55.0,,cash
thaphae,TP-30021C,1,2026-05-25 15:19:00,P10,L,1.0,70.0,,cash
thaphae,TP-30021C,2,2026-05-25 15:19:00,P08,S,1.0,60.0,,cash
thaphae,TP-55A987,1,2026-05-25 15:54:00,P15,,1.0,75.0,,cash
thaphae,TP-7C54F5,1,2026-05-25 16:33:00,P07,S,1.0,45.0,,cash
thaphae,TP-0C6901,1,2026-05-25 16:59:00,P11,M,1.0,60.0,,card
thaphae,TP-0636D8,1,2026-05-25 17:46:00,P14,,1.0,85.0,M0129,card
thaphae,TP-0636D8,2,2026-05-25 17:46:00,P08,M,1.0,70.0,M0129,card
thaphae,TP-114A12,1,2026-05-25 18:23:00,P10,M,1.0,60.0,,card
thaphae,TP-367C3F,1,2026-05-25 18:27:00,P02,L,1.0,65.0,,card
thaphae,TP-367C3F,2,2026-05-25 18:27:00,P12,,1.0,55.0,,card
thaphae,TP-815BD8,1,2026-05-25 18:38:00,P12,,2.0,55.0,M0391,cash
thaphae,TP-B4EB50,1,2026-05-25 18:39:00,P04,M,1.0,65.0,M0684,cash
thaphae,TP-B4EB50,2,2026-05-25 18:39:00,P09,M,1.0,50.0,M0684,cash
thaphae,TP-04020A,1,2026-05-26 09:38:00,P13,,1.0,50.0,,qr
thaphae,TP-04020A,2,2026-05-26 09:38:00,P15,,1.0,75.0,,qr
thaphae,TP-F8F652,1,2026-05-26 10:50:00,P03,M,2.0,65.0,,qr
thaphae,TP-605E91,1,2026-05-26 11:37:00,P02,M,1.0,55.0,,qr
thaphae,TP-605E91,2,2026-05-26 11:37:00,P13,,1.0,50.0,,qr
thaphae,TP-30033A,1,2026-05-26 12:47:00,P04,S,1.0,55.0,M0433,card
thaphae,TP-251360,1,2026-05-26 13:29:00,P09,M,1.0,50.0,,cash
thaphae,TP-8D3B7B,1,2026-05-26 14:16:00,P07,M,1.0,55.0,,cash
thaphae,TP-8D3B7B,2,2026-05-26 14:16:00,P13,,1.0,50.0,,cash
thaphae,TP-50FDCD,1,2026-05-26 14:26:00,P03,S,1.0,55.0,,cash
thaphae,TP-024B6A,1,2026-05-26 16:09:00,P07,S,1.0,45.0,,cash
thaphae,TP-024B6A,2,2026-05-26 16:09:00,P14,,1.0,85.0,,cash
thaphae,TP-6E223C,1,2026-05-26 16:28:00,P02,M,1.0,55.0,,qr
thaphae,TP-95D60E,1,2026-05-26 19:49:00,P05,M,3.0,70.0,,cash
thaphae,TP-6CB88F,1,2026-05-28 09:49:00,P04,L,1.0,75.0,,qr
thaphae,TP-6CB88F,2,2026-05-28 09:49:00,P12,,1.0,55.0,,qr
thaphae,TP-093914,1,2026-05-28 09:56:00,P14,,2.0,85.0,,card
thaphae,TP-093914,2,2026-05-28 09:56:00,P03,M,1.0,65.0,,card
thaphae,TP-D8D79F,1,2026-05-28 10:14:00,P02,M,1.0,55.0,,qr
thaphae,TP-4337F0,1,2026-05-28 10:46:00,P15,,1.0,75.0,,qr
thaphae,TP-4337F0,2,2026-05-28 10:46:00,P06,M,1.0,75.0,,qr
thaphae,TP-0E7AEC,1,2026-05-28 11:42:00,P08,M,1.0,70.0,,cash
thaphae,TP-0E7AEC,2,2026-05-28 11:42:00,P12,,1.0,55.0,,cash
thaphae,TP-AFD6B3,1,2026-05-28 12:23:00,P12,,1.0,55.0,,qr
thaphae,TP-81B95A,1,2026-05-28 12:51:00,P05,M,1.0,70.0,M0628,cash
thaphae,TP-81B95A,2,2026-05-28 12:51:00,P10,M,1.0,60.0,M0628,cash
thaphae,TP-59815C,1,2026-05-28 14:13:00,P02,M,1.0,55.0,,qr
thaphae,TP-59815C,2,2026-05-28 14:13:00,P12,,1.0,55.0,,qr
thaphae,TP-3E4219,1,2026-05-28 15:57:00,P04,S,1.0,55.0,,cash
thaphae,TP-3E4219,2,2026-05-28 15:57:00,P07,L,1.0,65.0,,cash
thaphae,TP-2AABD0,1,2026-05-28 17:11:00,P01,L,1.0,65.0,,card
thaphae,TP-BD3EE2,1,2026-05-28 17:15:00,P03,M,1.0,65.0,,cash
thaphae,TP-BD3EE2,2,2026-05-28 17:15:00,P14,,1.0,85.0,,cash
thaphae,TP-BD3EE2,3,2026-05-28 17:15:00,P02,L,1.0,65.0,,cash
thaphae,TP-307155,1,2026-05-28 18:50:00,P03,S,3.0,55.0,M0542,cash
thaphae,TP-71914B,1,2026-05-28 19:43:00,P12,,1.0,55.0,,card
thaphae,TP-27EDC1,1,2026-05-28 19:56:00,P07,S,1.0,45.0,,card
thaphae,TP-27EDC1,2,2026-05-28 19:56:00,P13,,1.0,50.0,,card
thaphae,TP-0AABD3,1,2026-05-29 07:10:00,P05,M,1.0,70.0,,card
thaphae,TP-AA4225,1,2026-05-29 07:39:00,P03,L,2.0,75.0,,cash
thaphae,TP-AA4225,2,2026-05-29 07:39:00,P13,,1.0,50.0,,cash
thaphae,TP-25572E,1,2026-05-29 08:04:00,P02,M,2.0,55.0,,qr
thaphae,TP-E8DCAE,1,2026-05-29 08:25:00,P07,S,1.0,45.0,,card
thaphae,TP-DD9D60,1,2026-05-29 08:25:00,P13,,1.0,50.0,,qr
thaphae,TP-1E26B1,1,2026-05-29 09:04:00,P05,S,3.0,60.0,,qr
thaphae,TP-189544,1,2026-05-29 09:32:00,P13,,1.0,50.0,,card
thaphae,TP-189544,2,2026-05-29 09:32:00,P03,M,1.0,65.0,,card
thaphae,TP-D12B84,1,2026-05-29 10:24:00,P03,S,2.0,55.0,,qr
thaphae,TP-E84EB8,1,2026-05-29 10:58:00,P03,M,1.0,65.0,,cash
thaphae,TP-E84EB8,2,2026-05-29 10:58:00,P14,,1.0,85.0,,cash
thaphae,TP-A4998E,1,2026-05-29 11:09:00,P03,M,1.0,65.0,,cash
thaphae,TP-FB9811,1,2026-05-29 12:15:00,P12,,1.0,55.0,,qr
thaphae,TP-90BD7B,1,2026-05-29 16:19:00,P15,,1.0,75.0,,qr
thaphae,TP-5008D2,1,2026-05-29 16:41:00,P02,S,3.0,45.0,,cash
thaphae,TP-3AF694,1,2026-05-29 16:42:00,P02,L,2.0,65.0,,qr
thaphae,TP-3AF694,2,2026-05-29 16:42:00,P13,,1.0,50.0,,qr
thaphae,TP-57033F,1,2026-05-29 17:26:00,P09,L,1.0,60.0,,card
thaphae,TP-850DC2,1,2026-05-30 07:30:00,P03,S,1.0,55.0,,cash
thaphae,TP-850DC2,2,2026-05-30 07:30:00,P14,,1.0,85.0,,cash
thaphae,TP-94C30F,1,2026-05-30 08:01:00,P06,M,1.0,75.0,,cash
thaphae,TP-94C30F,2,2026-05-30 08:01:00,P13,,1.0,50.0,,cash
thaphae,TP-0AD084,1,2026-05-30 08:37:00,P14,,1.0,85.0,M0449,qr
thaphae,TP-DCC826,1,2026-05-30 10:26:00,P05,M,1.0,70.0,,card
thaphae,TP-DD9E06,1,2026-05-30 12:15:00,P12,,1.0,55.0,,card
thaphae,TP-DD9E06,2,2026-05-30 12:15:00,P04,S,1.0,55.0,,card
thaphae,TP-A94743,1,2026-05-30 12:55:00,P07,M,2.0,55.0,,card
thaphae,TP-A94743,2,2026-05-30 12:55:00,P13,,1.0,50.0,,card
thaphae,TP-4F7136,1,2026-05-30 14:45:00,P12,,2.0,55.0,,card
thaphae,TP-4F7136,2,2026-05-30 14:45:00,P03,L,1.0,75.0,,card
thaphae,TP-B11555,1,2026-05-30 15:32:00,P12,,2.0,55.0,M0391,qr
thaphae,TP-4CEC89,1,2026-05-30 16:44:00,P08,M,1.0,70.0,,card
thaphae,TP-5F063C,1,2026-05-30 18:40:00,P02,L,1.0,65.0,,card
thaphae,TP-C24738,1,2026-05-30 19:51:00,P03,S,3.0,55.0,,card
thaphae,TP-C24738,2,2026-05-30 19:51:00,P14,,1.0,85.0,,card
thaphae,TP-A94B91,1,2026-05-31 07:07:00,P09,M,1.0,50.0,,cash
thaphae,TP-08C25E,1,2026-05-31 07:22:00,P11,S,1.0,50.0,M0121,card
thaphae,TP-803B7E,1,2026-05-31 07:32:00,P02,L,1.0,65.0,,qr
thaphae,TP-803B7E,2,2026-05-31 07:32:00,P12,,1.0,55.0,,qr
thaphae,TP-95C40E,1,2026-05-31 08:23:00,P04,M,1.0,65.0,,cash
thaphae,TP-95C40E,2,2026-05-31 08:23:00,P12,,1.0,55.0,,cash
thaphae,TP-D69707,1,2026-05-31 08:31:00,P13,,1.0,50.0,,card
thaphae,TP-327CE2,1,2026-05-31 09:17:00,P03,M,3.0,65.0,,card
thaphae,TP-327CE2,2,2026-05-31 09:17:00,P14,,1.0,85.0,,card
thaphae,TP-6D357A,1,2026-05-31 09:54:00,P12,,1.0,55.0,,card
thaphae,TP-5D6C8B,1,2026-05-31 10:01:00,P15,,3.0,75.0,M0778,cash
thaphae,TP-74E8E4,1,2026-05-31 10:19:00,P06,M,1.0,75.0,,qr
thaphae,TP-137069,1,2026-05-31 10:26:00,P05,M,1.0,70.0,M0669,card
thaphae,TP-1BBE91,1,2026-05-31 11:52:00,P07,M,1.0,55.0,,card
thaphae,TP-1BBE91,2,2026-05-31 11:52:00,P13,,1.0,50.0,,card
thaphae,TP-B91CA6,1,2026-05-31 13:19:00,P03,M,1.0,65.0,,cash
thaphae,TP-B91CA6,2,2026-05-31 13:19:00,P14,,1.0,85.0,,cash
thaphae,TP-0A020D,1,2026-05-31 13:24:00,P13,,1.0,50.0,,qr
thaphae,TP-0A020D,2,2026-05-31 13:24:00,P15,,1.0,75.0,,qr
thaphae,TP-1B0B74,1,2026-05-31 13:24:00,P07,S,1.0,45.0,,cash
thaphae,TP-1B0B74,2,2026-05-31 13:24:00,P13,,1.0,50.0,,cash
thaphae,TP-1B0B74,3,2026-05-31 13:24:00,P10,S,1.0,50.0,,cash
thaphae,TP-7A6942,1,2026-05-31 13:29:00,P01,S,3.0,45.0,,card
thaphae,TP-7A6942,2,2026-05-31 13:29:00,P15,,1.0,75.0,,card
thaphae,TP-1421AF,1,2026-05-31 13:39:00,P04,M,1.0,65.0,,cash
thaphae,TP-2F64E0,1,2026-05-31 14:05:00,P03,M,1.0,65.0,,cash
thaphae,TP-2F64E0,2,2026-05-31 14:05:00,P14,,1.0,85.0,,cash
thaphae,TP-B2EECD,1,2026-05-31 14:50:00,P07,M,1.0,55.0,,qr
thaphae,TP-B2EECD,2,2026-05-31 14:50:00,P13,,1.0,50.0,,qr
thaphae,TP-D0E2A3,1,2026-05-31 15:38:00,P12,,2.0,55.0,,cash
thaphae,TP-BDF7CE,1,2026-05-31 15:41:00,P08,M,2.0,70.0,,card
thaphae,TP-9D4F09,1,2026-05-31 16:12:00,P09,S,3.0,40.0,,qr
thaphae,TP-DBD2D6,1,2026-05-31 16:18:00,P13,,2.0,50.0,,cash
thaphae,TP-6BE369,1,2026-05-31 16:39:00,P04,M,1.0,65.0,,card
thaphae,TP-171CAC,1,2026-05-31 17:09:00,P03,L,2.0,75.0,,card
thaphae,TP-B26930,1,2026-05-31 17:25:00,P08,M,2.0,70.0,,qr
thaphae,TP-2B400B,1,2026-05-31 18:01:00,P02,L,1.0,65.0,,card
thaphae,TP-2B400B,2,2026-05-31 18:01:00,P12,,1.0,55.0,,card
thaphae,TP-51F9B0,1,2026-06-01 07:19:00,P11,M,3.0,60.0,M0207,cash
thaphae,TP-AC5160,1,2026-06-01 07:29:00,P04,S,1.0,55.0,,cash
thaphae,TP-AC5160,2,2026-06-01 07:29:00,P11,M,1.0,60.0,,cash
thaphae,TP-B1B935,1,2026-06-01 07:54:00,P12,,1.0,55.0,M0511,card
thaphae,TP-F2F824,1,2026-06-01 07:56:00,P11,M,2.0,60.0,M0738,card
thaphae,TP-F2F824,2,2026-06-01 07:56:00,P03,M,1.0,65.0,M0738,card
thaphae,TP-8A83A4,1,2026-06-01 08:10:00,P11,L,2.0,70.0,,card
thaphae,TP-AD9E9B,1,2026-06-01 08:15:00,P02,M,1.0,55.0,,qr
thaphae,TP-AD9E9B,2,2026-06-01 08:15:00,P12,,1.0,55.0,,qr
thaphae,TP-2C063F,1,2026-06-01 08:59:00,P04,M,3.0,65.0,,cash
thaphae,TP-01C369,1,2026-06-01 09:11:00,P05,M,1.0,70.0,,cash
thaphae,TP-F82810,1,2026-06-01 09:29:00,P12,,1.0,55.0,M0022,cash
thaphae,TP-F82810,2,2026-06-01 09:29:00,P11,M,1.0,60.0,M0022,cash
thaphae,TP-B5978C,1,2026-06-01 09:33:00,P14,,3.0,85.0,,card
thaphae,TP-B46CAB,1,2026-06-01 09:47:00,P02,M,1.0,55.0,,qr
thaphae,TP-B46CAB,2,2026-06-01 09:47:00,P12,,1.0,55.0,,qr
thaphae,TP-416746,1,2026-06-01 10:01:00,P03,L,1.0,75.0,M0698,cash
thaphae,TP-CC373F,1,2026-06-01 10:02:00,P06,M,1.0,75.0,,cash
thaphae,TP-4CD331,1,2026-06-01 10:18:00,P03,M,1.0,65.0,,cash
thaphae,TP-1430D3,1,2026-06-01 11:17:00,P02,M,1.0,55.0,,card
thaphae,TP-1430D3,2,2026-06-01 11:17:00,P12,,1.0,55.0,,card
thaphae,TP-49AA55,1,2026-06-01 11:30:00,P02,M,1.0,55.0,M0285,cash
thaphae,TP-4EF411,1,2026-06-01 11:37:00,P01,S,1.0,45.0,,cash
thaphae,TP-CECDF6,1,2026-06-01 12:02:00,P12,,1.0,55.0,,card
thaphae,TP-33D954,1,2026-06-01 12:09:00,P03,M,1.0,65.0,,card
thaphae,TP-33D954,2,2026-06-01 12:09:00,P13,,1.0,50.0,,card
thaphae,TP-48DA7B,1,2026-06-01 12:19:00,P04,L,1.0,75.0,,cash
thaphae,TP-48DA7B,2,2026-06-01 12:19:00,P02,S,1.0,45.0,,cash
thaphae,TP-D99F78,1,2026-06-01 12:20:00,P05,S,1.0,60.0,,cash
thaphae,TP-2899A2,1,2026-06-01 13:08:00,P03,M,1.0,65.0,,qr
thaphae,TP-2899A2,2,2026-06-01 13:08:00,P14,,1.0,85.0,,qr
thaphae,TP-E4C218,1,2026-06-01 14:02:00,P02,M,1.0,55.0,,card
thaphae,TP-E4C218,2,2026-06-01 14:02:00,P15,,1.0,75.0,,card
thaphae,TP-5D28BD,1,2026-06-01 15:30:00,P02,M,1.0,55.0,,card
thaphae,TP-5D28BD,2,2026-06-01 15:30:00,P12,,1.0,55.0,,card
thaphae,TP-82B819,1,2026-06-01 15:44:00,P06,S,1.0,65.0,,cash
thaphae,TP-DB0C24,1,2026-06-01 15:56:00,P04,S,1.0,55.0,,qr
thaphae,TP-AABEC0,1,2026-06-01 16:23:00,P03,S,1.0,55.0,,card
thaphae,TP-AABEC0,2,2026-06-01 16:23:00,P14,,1.0,85.0,,card
thaphae,TP-EE8149,1,2026-06-01 17:21:00,P08,S,1.0,60.0,,qr
thaphae,TP-EE8149,2,2026-06-01 17:21:00,P15,,1.0,75.0,,qr
thaphae,TP-EE8149,3,2026-06-01 17:21:00,P02,L,1.0,65.0,,qr
thaphae,TP-6E53F2,1,2026-06-01 17:44:00,P07,M,1.0,55.0,M0520,card
thaphae,TP-6E53F2,2,2026-06-01 17:44:00,P03,L,1.0,75.0,M0520,card
thaphae,TP-F37492,1,2026-06-01 18:58:00,P08,S,1.0,60.0,,qr
thaphae,TP-F37492,2,2026-06-01 18:58:00,P11,M,1.0,60.0,,qr
thaphae,TP-67B0F7,1,2026-06-01 19:04:00,P12,,1.0,55.0,,cash
thaphae,TP-D98D38,1,2026-06-02 08:42:00,P03,L,1.0,75.0,M0677,cash
thaphae,TP-D98D38,2,2026-06-02 08:42:00,P14,,1.0,85.0,M0677,cash
thaphae,TP-43C63A,1,2026-06-02 09:25:00,P15,,2.0,75.0,M0153,qr
thaphae,TP-6D4201,1,2026-06-02 09:52:00,P02,L,1.0,65.0,,card
thaphae,TP-40072F,1,2026-06-02 09:54:00,P03,S,3.0,55.0,,cash
thaphae,TP-CFD26F,1,2026-06-02 10:45:00,P13,,1.0,50.0,,cash
thaphae,TP-8DBF61,1,2026-06-02 11:17:00,P04,M,1.0,65.0,,qr
thaphae,TP-5E4CF9,1,2026-06-02 12:37:00,P03,M,1.0,65.0,,card
thaphae,TP-5E4CF9,2,2026-06-02 12:37:00,P14,,1.0,85.0,,card
thaphae,TP-4FCF80,1,2026-06-02 14:26:00,P14,,3.0,85.0,,cash
thaphae,TP-EAD912,1,2026-06-02 15:06:00,P07,L,1.0,65.0,,cash
thaphae,TP-EAD912,2,2026-06-02 15:06:00,P08,M,1.0,70.0,,cash
thaphae,TP-24ACDB,1,2026-06-02 16:33:00,P14,,1.0,85.0,M0055,cash
thaphae,TP-29F4B4,1,2026-06-03 07:25:00,P06,M,1.0,75.0,,card
thaphae,TP-CDEBC5,1,2026-06-03 07:28:00,P13,,3.0,50.0,M0672,cash
thaphae,TP-A55B45,1,2026-06-03 08:06:00,P04,S,1.0,55.0,,card
thaphae,TP-4EEC1D,1,2026-06-03 08:33:00,P10,M,1.0,60.0,,cash
thaphae,TP-71A52F,1,2026-06-03 09:01:00,P04,M,2.0,65.0,,cash
thaphae,TP-71A52F,2,2026-06-03 09:01:00,P13,,1.0,50.0,,cash
thaphae,TP-F610F3,1,2026-06-03 09:12:00,P06,S,1.0,65.0,,cash
thaphae,TP-F610F3,2,2026-06-03 09:12:00,P15,,1.0,75.0,,cash
thaphae,TP-9062DB,1,2026-06-03 09:30:00,P08,M,1.0,70.0,,qr
thaphae,TP-9062DB,2,2026-06-03 09:30:00,P14,,1.0,85.0,,qr
thaphae,TP-000C77,1,2026-06-03 09:32:00,P05,M,1.0,70.0,,card
thaphae,TP-EDA22B,1,2026-06-03 11:07:00,P01,S,1.0,45.0,,cash
thaphae,TP-EDA22B,2,2026-06-03 11:07:00,P15,,1.0,75.0,,cash
thaphae,TP-EDA22B,3,2026-06-03 11:07:00,P14,,1.0,85.0,,cash
thaphae,TP-F1F921,1,2026-06-03 11:10:00,P08,M,1.0,70.0,,qr
thaphae,TP-630438,1,2026-06-03 13:29:00,P06,M,1.0,75.0,M0258,qr
thaphae,TP-989149,1,2026-06-03 14:08:00,P11,L,1.0,70.0,,qr
thaphae,TP-989149,2,2026-06-03 14:08:00,P14,,1.0,85.0,,qr
thaphae,TP-0B4150,1,2026-06-03 14:35:00,P07,L,1.0,65.0,,qr
thaphae,TP-0B4150,2,2026-06-03 14:35:00,P13,,1.0,50.0,,qr
thaphae,TP-7D3380,1,2026-06-03 14:51:00,P15,,1.0,75.0,M0202,cash
thaphae,TP-8D6374,1,2026-06-03 15:11:00,P02,S,1.0,45.0,,card
thaphae,TP-8D6374,2,2026-06-03 15:11:00,P12,,1.0,55.0,,card
thaphae,TP-0300F2,1,2026-06-03 15:22:00,P09,M,1.0,50.0,,qr
thaphae,TP-8B95F0,1,2026-06-03 15:49:00,P12,,1.0,55.0,,cash
thaphae,TP-9C01E7,1,2026-06-03 17:08:00,P07,L,2.0,65.0,,card
thaphae,TP-9C01E7,2,2026-06-03 17:08:00,P13,,1.0,50.0,,card
thaphae,TP-9C01E7,3,2026-06-03 17:08:00,P09,M,1.0,50.0,,card
thaphae,TP-159545,1,2026-06-03 17:37:00,P14,,1.0,85.0,,cash
thaphae,TP-00A2E7,1,2026-06-03 18:48:00,P01,L,1.0,65.0,,cash
thaphae,TP-00A2E7,2,2026-06-03 18:48:00,P15,,1.0,75.0,,cash
thaphae,TP-C27019,1,2026-06-03 18:56:00,P07,L,1.0,65.0,,cash
thaphae,TP-C27019,2,2026-06-03 18:56:00,P10,L,1.0,70.0,,cash
thaphae,TP-FA25B6,1,2026-06-04 07:22:00,P13,,1.0,50.0,,cash
thaphae,TP-C62D43,1,2026-06-04 08:23:00,P08,M,1.0,70.0,M0408,cash
thaphae,TP-98891F,1,2026-06-04 09:15:00,P13,,2.0,50.0,,cash
thaphae,TP-98891F,2,2026-06-04 09:15:00,P08,M,1.0,70.0,,cash
thaphae,TP-CD4EC3,1,2026-06-04 09:58:00,P08,L,1.0,80.0,,cash
thaphae,TP-014552,1,2026-06-04 10:22:00,P11,M,2.0,60.0,M0285,qr
thaphae,TP-3BD645,1,2026-06-04 12:11:00,P04,L,1.0,75.0,M0680,card
thaphae,TP-3BD645,2,2026-06-04 12:11:00,P15,,1.0,75.0,M0680,card
thaphae,TP-CC737F,1,2026-06-04 12:35:00,P14,,1.0,85.0,,qr
thaphae,TP-CC737F,2,2026-06-04 12:35:00,P08,M,1.0,70.0,,qr
thaphae,TP-E07608,1,2026-06-04 13:30:00,P15,,1.0,75.0,,cash
thaphae,TP-B248F9,1,2026-06-04 14:21:00,P03,M,1.0,65.0,,cash
thaphae,TP-B248F9,2,2026-06-04 14:21:00,P14,,1.0,85.0,,cash
thaphae,TP-855F40,1,2026-06-04 14:40:00,P02,M,1.0,55.0,,card
thaphae,TP-855F40,2,2026-06-04 14:40:00,P12,,1.0,55.0,,card
thaphae,TP-028F85,1,2026-06-04 16:06:00,P03,M,2.0,65.0,,cash
thaphae,TP-028F85,2,2026-06-04 16:06:00,P14,,1.0,85.0,,cash
thaphae,TP-B51B1A,1,2026-06-04 16:08:00,P14,,2.0,85.0,,card
thaphae,TP-E0EDC7,1,2026-06-04 16:38:00,P11,M,1.0,60.0,,cash
thaphae,TP-E0EDC7,2,2026-06-04 16:38:00,P15,,1.0,75.0,,cash
thaphae,TP-612E1D,1,2026-06-04 18:46:00,P05,M,1.0,70.0,,card
thaphae,TP-612E1D,2,2026-06-04 18:46:00,P15,,1.0,75.0,,card
thaphae,TP-612E1D,3,2026-06-04 18:46:00,P02,M,1.0,55.0,,card
thaphae,TP-EA0550,1,2026-06-05 08:15:00,P11,S,1.0,50.0,,qr
thaphae,TP-9D88FE,1,2026-06-05 08:33:00,P05,L,1.0,80.0,,card
thaphae,TP-17EBE9,1,2026-06-05 09:27:00,P07,M,3.0,55.0,,card
thaphae,TP-17EBE9,2,2026-06-05 09:27:00,P13,,1.0,50.0,,card
thaphae,TP-4D12F1,1,2026-06-05 09:31:00,P01,M,1.0,55.0,,qr
thaphae,TP-4D12F1,2,2026-06-05 09:31:00,P12,,1.0,55.0,,qr
thaphae,TP-F3CC1E,1,2026-06-05 09:37:00,P10,M,1.0,60.0,,cash
thaphae,TP-C732D0,1,2026-06-05 10:49:00,P08,M,1.0,70.0,,qr
thaphae,TP-F1553B,1,2026-06-05 11:23:00,P02,M,1.0,55.0,,qr
thaphae,TP-DD3E89,1,2026-06-05 11:26:00,P04,M,1.0,65.0,,card
thaphae,TP-DD3E89,2,2026-06-05 11:26:00,P07,L,1.0,65.0,,card
thaphae,TP-356F58,1,2026-06-05 11:34:00,P05,M,1.0,70.0,,cash
thaphae,TP-A1C5A5,1,2026-06-05 11:56:00,P03,M,3.0,65.0,,cash
thaphae,TP-A1C5A5,2,2026-06-05 11:56:00,P14,,1.0,85.0,,cash
thaphae,TP-9C7CF7,1,2026-06-05 12:06:00,P03,S,1.0,55.0,M0262,cash
thaphae,TP-9C7CF7,2,2026-06-05 12:06:00,P14,,1.0,85.0,M0262,cash
thaphae,TP-67A3BF,1,2026-06-05 12:10:00,P04,M,1.0,65.0,,cash
thaphae,TP-0EC48D,1,2026-06-05 15:04:00,P06,L,1.0,85.0,M0588,card
thaphae,TP-C3BDCF,1,2026-06-05 18:42:00,P10,M,1.0,60.0,M0323,cash
thaphae,TP-BAD67A,1,2026-06-06 07:07:00,P02,S,1.0,45.0,,card
thaphae,TP-BAD67A,2,2026-06-06 07:07:00,P12,,1.0,55.0,,card
thaphae,TP-48D31D,1,2026-06-06 07:25:00,P06,M,1.0,75.0,,qr
thaphae,TP-C1C692,1,2026-06-06 07:38:00,P13,,1.0,50.0,,card
thaphae,TP-F848A2,1,2026-06-06 08:50:00,P07,S,1.0,45.0,,qr
thaphae,TP-F848A2,2,2026-06-06 08:50:00,P08,L,1.0,80.0,,qr
thaphae,TP-AC42E9,1,2026-06-06 08:57:00,P02,M,1.0,55.0,,card
thaphae,TP-65AAA9,1,2026-06-06 09:20:00,P03,S,1.0,55.0,,cash
thaphae,TP-35C706,1,2026-06-06 09:31:00,P02,M,1.0,55.0,M0352,cash
thaphae,TP-35C706,2,2026-06-06 09:31:00,P14,,1.0,85.0,M0352,cash
thaphae,TP-E4B13D,1,2026-06-06 09:39:00,P08,S,1.0,60.0,,cash
thaphae,TP-946B9C,1,2026-06-06 09:46:00,P08,S,1.0,60.0,,card
thaphae,TP-946B9C,2,2026-06-06 09:46:00,P15,,1.0,75.0,,card
thaphae,TP-D62586,1,2026-06-06 10:58:00,P03,M,3.0,65.0,,card
thaphae,TP-D62586,2,2026-06-06 10:58:00,P14,,1.0,85.0,,card
thaphae,TP-08CDB4,1,2026-06-06 11:06:00,P07,M,2.0,55.0,,card
thaphae,TP-6DCA04,1,2026-06-06 13:57:00,P03,M,1.0,65.0,,card
thaphae,TP-730E9E,1,2026-06-06 14:03:00,P01,S,1.0,45.0,,card
thaphae,TP-730E9E,2,2026-06-06 14:03:00,P15,,1.0,75.0,,card
thaphae,TP-516718,1,2026-06-06 14:39:00,P07,L,1.0,65.0,M0399,qr
thaphae,TP-0CC46C,1,2026-06-06 14:46:00,P02,M,1.0,55.0,,card
thaphae,TP-F8CBD0,1,2026-06-06 16:26:00,P14,,1.0,85.0,,cash
thaphae,TP-34DD8A,1,2026-06-06 16:47:00,P04,S,2.0,55.0,,card
thaphae,TP-F4DEDD,1,2026-06-06 16:48:00,P11,S,1.0,50.0,M0218,cash
thaphae,TP-F4DEDD,2,2026-06-06 16:48:00,P13,,1.0,50.0,M0218,cash
thaphae,TP-4E44B9,1,2026-06-06 18:23:00,P10,M,1.0,60.0,,cash
thaphae,TP-B07163,1,2026-06-07 07:08:00,P07,L,2.0,65.0,M0554,qr
thaphae,TP-B07163,2,2026-06-07 07:08:00,P13,,1.0,50.0,M0554,qr
thaphae,TP-3C7A58,1,2026-06-07 09:13:00,P07,S,1.0,45.0,,cash
thaphae,TP-3C7A58,2,2026-06-07 09:13:00,P13,,1.0,50.0,,cash
thaphae,TP-3C7A58,3,2026-06-07 09:13:00,P02,L,1.0,65.0,,cash
thaphae,TP-5CBAA4,1,2026-06-07 09:17:00,P08,S,1.0,60.0,,card
thaphae,TP-22413E,1,2026-06-07 10:31:00,P03,M,2.0,65.0,,qr
thaphae,TP-9791F4,1,2026-06-07 10:34:00,P06,M,2.0,75.0,,card
thaphae,TP-9791F4,2,2026-06-07 10:34:00,P13,,1.0,50.0,,card
thaphae,TP-65C39E,1,2026-06-07 10:35:00,P07,S,1.0,45.0,,qr
thaphae,TP-65C39E,2,2026-06-07 10:35:00,P06,L,1.0,85.0,,qr
thaphae,TP-927610,1,2026-06-07 11:09:00,P06,M,1.0,75.0,M0457,card
thaphae,TP-571267,1,2026-06-07 12:16:00,P08,S,1.0,60.0,,card
thaphae,TP-96BD7A,1,2026-06-07 12:17:00,P10,L,1.0,70.0,M0430,qr
thaphae,TP-5C079C,1,2026-06-07 12:47:00,P07,M,1.0,55.0,,cash
thaphae,TP-5C079C,2,2026-06-07 12:47:00,P13,,1.0,50.0,,cash
thaphae,TP-5C079C,3,2026-06-07 12:47:00,P08,M,1.0,70.0,,cash
thaphae,TP-BD102F,1,2026-06-07 14:47:00,P05,M,1.0,70.0,,card
thaphae,TP-DF0225,1,2026-06-07 15:26:00,P01,L,1.0,65.0,,card
thaphae,TP-DF0225,2,2026-06-07 15:26:00,P15,,1.0,75.0,,card
thaphae,TP-299D00,1,2026-06-07 15:49:00,P03,M,1.0,65.0,,card
thaphae,TP-7ADD3E,1,2026-06-07 16:19:00,P08,M,1.0,70.0,,cash
thaphae,TP-7ADD3E,2,2026-06-07 16:19:00,P15,,1.0,75.0,,cash
thaphae,TP-3730C0,1,2026-06-07 16:28:00,P02,M,1.0,55.0,,card
thaphae,TP-3730C0,2,2026-06-07 16:28:00,P12,,1.0,55.0,,card
thaphae,TP-5A2CDA,1,2026-06-07 17:22:00,P02,M,1.0,55.0,M0338,card
thaphae,TP-5A2CDA,2,2026-06-07 17:22:00,P12,,1.0,55.0,M0338,card
thaphae,TP-98A15B,1,2026-06-07 17:33:00,P07,S,1.0,45.0,,cash
thaphae,TP-98A15B,2,2026-06-07 17:33:00,P13,,1.0,50.0,,cash
thaphae,TP-97A9EA,1,2026-06-08 07:44:00,P04,M,2.0,65.0,,qr
thaphae,TP-0D7D60,1,2026-06-08 08:42:00,P03,S,1.0,55.0,,card
thaphae,TP-0D7D60,2,2026-06-08 08:42:00,P14,,1.0,85.0,,card
thaphae,TP-9DD14B,1,2026-06-08 08:54:00,P04,L,1.0,75.0,,cash
thaphae,TP-9DD14B,2,2026-06-08 08:54:00,P07,M,1.0,55.0,,cash
thaphae,TP-50C12A,1,2026-06-08 08:59:00,P04,S,1.0,55.0,M0769,cash
thaphae,TP-DA78DA,1,2026-06-08 09:50:00,P05,S,1.0,60.0,M0103,cash
thaphae,TP-B12E9E,1,2026-06-08 09:55:00,P09,L,1.0,60.0,,card
thaphae,TP-960F12,1,2026-06-08 10:53:00,P02,M,1.0,55.0,,qr
thaphae,TP-755EDE,1,2026-06-08 13:11:00,P09,S,2.0,40.0,M0467,cash
thaphae,TP-C53E38,1,2026-06-08 14:41:00,P09,M,1.0,50.0,,qr
thaphae,TP-6F33D8,1,2026-06-08 17:00:00,P06,M,1.0,75.0,,cash
thaphae,TP-FE3DA3,1,2026-06-09 07:51:00,P07,S,1.0,45.0,,cash
thaphae,TP-9B1A41,1,2026-06-09 08:24:00,P03,S,3.0,55.0,M0312,card
thaphae,TP-9B1A41,2,2026-06-09 08:24:00,P14,,1.0,85.0,M0312,card
thaphae,TP-61610A,1,2026-06-09 09:11:00,P02,M,1.0,55.0,,card
thaphae,TP-61610A,2,2026-06-09 09:11:00,P12,,1.0,55.0,,card
thaphae,TP-7E0D96,1,2026-06-09 10:28:00,P11,L,1.0,70.0,,qr
thaphae,TP-919801,1,2026-06-09 10:38:00,P05,S,2.0,60.0,,qr
thaphae,TP-919801,2,2026-06-09 10:38:00,P12,,1.0,55.0,,qr
thaphae,TP-58D29C,1,2026-06-09 11:16:00,P15,,1.0,75.0,,card
thaphae,TP-D9C2F2,1,2026-06-09 11:21:00,P08,L,1.0,80.0,,qr
thaphae,TP-0D5F37,1,2026-06-09 11:47:00,P03,M,2.0,65.0,,cash
thaphae,TP-56E133,1,2026-06-09 13:18:00,P08,M,1.0,70.0,,card
thaphae,TP-2E1391,1,2026-06-09 14:21:00,P02,M,1.0,55.0,,cash
thaphae,TP-2E1391,2,2026-06-09 14:21:00,P12,,1.0,55.0,,cash
thaphae,TP-8BD8A0,1,2026-06-09 14:38:00,P05,L,1.0,80.0,,cash
thaphae,TP-80A9BD,1,2026-06-09 15:29:00,P03,M,1.0,65.0,,cash
thaphae,TP-80A9BD,2,2026-06-09 15:29:00,P14,,1.0,85.0,,cash
thaphae,TP-EBDBDB,1,2026-06-09 15:46:00,P12,,1.0,55.0,,qr
thaphae,TP-40EFFC,1,2026-06-09 15:47:00,P04,S,3.0,55.0,,cash
thaphae,TP-798767,1,2026-06-09 17:04:00,P02,S,1.0,45.0,,qr
thaphae,TP-798767,2,2026-06-09 17:04:00,P12,,1.0,55.0,,qr
thaphae,TP-EC50A4,1,2026-06-09 17:57:00,P03,L,1.0,75.0,,cash
thaphae,TP-EC50A4,2,2026-06-09 17:57:00,P14,,1.0,85.0,,cash
thaphae,TP-EC50A4,3,2026-06-09 17:57:00,P10,S,1.0,50.0,,cash
thaphae,TP-14A773,1,2026-06-09 19:53:00,P14,,1.0,85.0,,cash
thaphae,TP-E59F4E,1,2026-06-10 09:51:00,P02,M,1.0,55.0,,card
thaphae,TP-8C9D67,1,2026-06-10 10:39:00,P04,L,2.0,75.0,M0098,cash
thaphae,TP-9F4237,1,2026-06-10 12:23:00,P14,,3.0,85.0,M0244,card
thaphae,TP-BDAE15,1,2026-06-10 13:14:00,P03,M,1.0,65.0,,cash
thaphae,TP-C34921,1,2026-06-10 14:08:00,P05,S,1.0,60.0,,cash
thaphae,TP-9E50EF,1,2026-06-10 14:26:00,P08,L,1.0,80.0,M0140,qr
thaphae,TP-18D840,1,2026-06-10 17:18:00,P02,L,1.0,65.0,M0266,cash
thaphae,TP-3A4E81,1,2026-06-11 07:46:00,P05,S,1.0,60.0,,cash
thaphae,TP-3A4E81,2,2026-06-11 07:46:00,P14,,1.0,85.0,,cash
thaphae,TP-3A4E81,3,2026-06-11 07:46:00,P12,,1.0,55.0,,cash
thaphae,TP-10BE66,1,2026-06-11 08:13:00,P15,,1.0,75.0,M0735,cash
thaphae,TP-E42AC0,1,2026-06-11 09:28:00,P03,M,2.0,65.0,,cash
thaphae,TP-E42AC0,2,2026-06-11 09:28:00,P14,,1.0,85.0,,cash
thaphae,TP-030469,1,2026-06-11 09:30:00,P06,M,1.0,75.0,M0294,qr
thaphae,TP-96D060,1,2026-06-11 10:31:00,P01,L,1.0,65.0,,card
thaphae,TP-96D060,2,2026-06-11 10:31:00,P15,,1.0,75.0,,card
thaphae,TP-B69918,1,2026-06-11 10:33:00,P02,L,2.0,65.0,M0090,cash
thaphae,TP-B69918,2,2026-06-11 10:33:00,P12,,1.0,55.0,M0090,cash
thaphae,TP-0002F3,1,2026-06-11 11:00:00,P09,S,1.0,40.0,M0117,cash
thaphae,TP-2B55DD,1,2026-06-11 11:21:00,P03,M,1.0,65.0,,cash
thaphae,TP-2B55DD,2,2026-06-11 11:21:00,P14,,1.0,85.0,,cash
thaphae,TP-2681A7,1,2026-06-11 11:34:00,P06,M,1.0,75.0,M0508,card
thaphae,TP-2681A7,2,2026-06-11 11:34:00,P13,,1.0,50.0,M0508,card
thaphae,TP-8C70B4,1,2026-06-11 14:47:00,P02,S,1.0,45.0,M0078,qr
thaphae,TP-6ABC58,1,2026-06-11 15:17:00,P11,S,1.0,50.0,,card
thaphae,TP-C2BC7F,1,2026-06-11 15:39:00,P02,L,1.0,65.0,M0019,qr
thaphae,TP-C2BC7F,2,2026-06-11 15:39:00,P12,,1.0,55.0,M0019,qr
thaphae,TP-CBB4CB,1,2026-06-11 16:13:00,P01,L,1.0,65.0,,cash
thaphae,TP-CBB4CB,2,2026-06-11 16:13:00,P15,,1.0,75.0,,cash
thaphae,TP-CBB4CB,3,2026-06-11 16:13:00,P11,S,1.0,50.0,,cash
thaphae,TP-AF2059,1,2026-06-11 16:21:00,P06,M,1.0,75.0,,cash
thaphae,TP-3DB1FF,1,2026-06-11 17:01:00,P07,S,1.0,45.0,M0292,qr
thaphae,TP-3DB1FF,2,2026-06-11 17:01:00,P13,,1.0,50.0,M0292,qr
thaphae,TP-8B6636,1,2026-06-11 19:49:00,P13,,1.0,50.0,,card
thaphae,TP-90CB73,1,2026-06-12 07:00:00,P03,M,2.0,65.0,M0184,card
thaphae,TP-220D2C,1,2026-06-12 08:47:00,P03,S,2.0,55.0,M0580,card
thaphae,TP-220D2C,2,2026-06-12 08:47:00,P14,,1.0,85.0,M0580,card
thaphae,TP-BA426E,1,2026-06-12 09:27:00,P10,L,1.0,70.0,,cash
thaphae,TP-6A7520,1,2026-06-12 09:41:00,P12,,1.0,55.0,,cash
thaphae,TP-2D5FD4,1,2026-06-12 09:48:00,P08,M,1.0,70.0,,card
thaphae,TP-27C0FF,1,2026-06-12 09:52:00,P12,,1.0,55.0,,cash
thaphae,TP-0C55F3,1,2026-06-12 10:03:00,P05,L,1.0,80.0,,qr
thaphae,TP-03BFE0,1,2026-06-12 10:52:00,P04,M,1.0,65.0,,cash
thaphae,TP-1D1790,1,2026-06-12 11:18:00,P07,L,1.0,65.0,M0408,card
thaphae,TP-3D690C,1,2026-06-12 11:34:00,P12,,2.0,55.0,,cash
thaphae,TP-1DFFE1,1,2026-06-12 11:55:00,P04,M,1.0,65.0,M0475,cash
thaphae,TP-1DFFE1,2,2026-06-12 11:55:00,P02,L,1.0,65.0,M0475,cash
thaphae,TP-6C2669,1,2026-06-12 13:06:00,P04,S,1.0,55.0,,card
thaphae,TP-11A50F,1,2026-06-12 13:26:00,P06,M,1.0,75.0,,card
thaphae,TP-0FE941,1,2026-06-12 15:34:00,P10,L,1.0,70.0,,card
thaphae,TP-F20200,1,2026-06-12 18:00:00,P03,M,1.0,65.0,,card
thaphae,TP-F20200,2,2026-06-12 18:00:00,P14,,1.0,85.0,,card
thaphae,TP-52631F,1,2026-06-12 18:41:00,P05,L,1.0,80.0,M0751,cash
thaphae,TP-220121,1,2026-06-12 18:49:00,P08,M,1.0,70.0,M0679,cash
thaphae,TP-220121,2,2026-06-12 18:49:00,P15,,1.0,75.0,M0679,cash
thaphae,TP-91CED4,1,2026-06-13 07:45:00,P14,,3.0,85.0,,cash
thaphae,TP-4BF626,1,2026-06-13 08:13:00,P03,M,1.0,65.0,,cash
thaphae,TP-3B5676,1,2026-06-13 08:14:00,P01,S,1.0,45.0,,cash
thaphae,TP-3B5676,2,2026-06-13 08:14:00,P12,,1.0,55.0,,cash
thaphae,TP-F1A119,1,2026-06-13 08:40:00,P07,S,1.0,45.0,M0292,qr
thaphae,TP-F1A119,2,2026-06-13 08:40:00,P03,L,1.0,75.0,M0292,qr
thaphae,TP-233E54,1,2026-06-13 09:24:00,P02,M,1.0,55.0,M0141,qr
thaphae,TP-7EA6C3,1,2026-06-13 09:36:00,P02,M,1.0,55.0,M0288,card
thaphae,TP-7EA6C3,2,2026-06-13 09:36:00,P12,,1.0,55.0,M0288,card
thaphae,TP-01046C,1,2026-06-13 09:38:00,P10,S,1.0,50.0,,qr
thaphae,TP-01046C,2,2026-06-13 09:38:00,P04,M,1.0,65.0,,qr
thaphae,TP-6C2B3D,1,2026-06-13 10:18:00,P04,L,1.0,75.0,,cash
thaphae,TP-70754C,1,2026-06-13 10:48:00,P01,M,2.0,55.0,M0024,cash
thaphae,TP-E5EEFA,1,2026-06-13 12:43:00,P01,S,1.0,45.0,,card
thaphae,TP-E5EEFA,2,2026-06-13 12:43:00,P15,,1.0,75.0,,card
thaphae,TP-BED54E,1,2026-06-13 12:51:00,P02,M,1.0,55.0,M0341,card
thaphae,TP-BED54E,2,2026-06-13 12:51:00,P12,,1.0,55.0,M0341,card
thaphae,TP-A00D7C,1,2026-06-13 12:59:00,P07,L,2.0,65.0,M0343,card
thaphae,TP-A00D7C,2,2026-06-13 12:59:00,P13,,1.0,50.0,M0343,card
thaphae,TP-063466,1,2026-06-13 13:54:00,P06,M,1.0,75.0,,card
thaphae,TP-063466,2,2026-06-13 13:54:00,P12,,1.0,55.0,,card
thaphae,TP-EB44EE,1,2026-06-13 14:06:00,P11,S,1.0,50.0,,cash
thaphae,TP-A65494,1,2026-06-13 14:41:00,P13,,1.0,50.0,,qr
thaphae,TP-190E45,1,2026-06-13 15:03:00,P12,,1.0,55.0,,card
thaphae,TP-7B1693,1,2026-06-13 16:36:00,P01,S,1.0,45.0,M0184,card
thaphae,TP-EFDECE,1,2026-06-13 17:24:00,P09,S,1.0,40.0,M0593,qr
thaphae,TP-EFDECE,2,2026-06-13 17:24:00,P13,,1.0,50.0,M0593,qr
thaphae,TP-D38196,1,2026-06-13 18:41:00,P03,M,1.0,65.0,M0307,qr
thaphae,TP-D38196,2,2026-06-13 18:41:00,P14,,1.0,85.0,M0307,qr
thaphae,TP-D38196,3,2026-06-13 18:41:00,P08,M,1.0,70.0,M0307,qr
thaphae,TP-12F87B,1,2026-06-14 07:43:00,P05,S,1.0,60.0,M0174,cash
thaphae,TP-4BD22B,1,2026-06-14 07:44:00,P12,,1.0,55.0,,qr
thaphae,TP-7D9873,1,2026-06-14 08:06:00,P04,S,1.0,55.0,,qr
thaphae,TP-7D9873,2,2026-06-14 08:06:00,P02,S,1.0,45.0,,qr
thaphae,TP-9710CE,1,2026-06-14 08:45:00,P12,,1.0,55.0,,cash
thaphae,TP-721F83,1,2026-06-14 09:14:00,P08,M,1.0,70.0,,cash
thaphae,TP-BC9F98,1,2026-06-14 09:52:00,P04,S,2.0,55.0,M0668,cash
thaphae,TP-BC9F98,2,2026-06-14 09:52:00,P12,,1.0,55.0,M0668,cash
thaphae,TP-EEE3D4,1,2026-06-14 13:02:00,P01,M,1.0,55.0,,card
thaphae,TP-EEE3D4,2,2026-06-14 13:02:00,P15,,1.0,75.0,,card
thaphae,TP-EEE3D4,3,2026-06-14 13:02:00,P13,,1.0,50.0,,card
thaphae,TP-21B6C6,1,2026-06-14 13:29:00,P12,,1.0,55.0,,qr
thaphae,TP-B6F056,1,2026-06-14 13:51:00,P11,M,1.0,60.0,,cash
thaphae,TP-F30D1F,1,2026-06-14 15:44:00,P02,M,2.0,55.0,,card
thaphae,TP-F30D1F,2,2026-06-14 15:44:00,P12,,1.0,55.0,,card
thaphae,TP-5AB6D5,1,2026-06-14 15:46:00,P07,M,1.0,55.0,M0008,card
thaphae,TP-5AB6D5,2,2026-06-14 15:46:00,P15,,1.0,75.0,M0008,card
thaphae,TP-98D4E3,1,2026-06-14 16:22:00,P01,M,1.0,55.0,,card
thaphae,TP-47C05D,1,2026-06-14 16:23:00,P08,L,1.0,80.0,,cash
thaphae,TP-47C05D,2,2026-06-14 16:23:00,P11,L,1.0,70.0,,cash
thaphae,TP-FBE099,1,2026-06-14 19:52:00,P10,M,1.0,60.0,,card
thaphae,TP-5C0C6C,1,2026-06-15 07:31:00,P03,M,2.0,65.0,,cash
thaphae,TP-5C0C6C,2,2026-06-15 07:31:00,P14,,1.0,85.0,,cash
thaphae,TP-8A18D1,1,2026-06-15 09:38:00,P05,L,1.0,80.0,,qr
thaphae,TP-8A18D1,2,2026-06-15 09:38:00,P07,L,1.0,65.0,,qr
thaphae,TP-AC53B5,1,2026-06-15 09:49:00,P02,S,1.0,45.0,,cash
thaphae,TP-F2318A,1,2026-06-15 10:13:00,P03,L,1.0,75.0,,cash
thaphae,TP-F2318A,2,2026-06-15 10:13:00,P02,M,1.0,55.0,,cash
thaphae,TP-D3A139,1,2026-06-15 11:43:00,P04,M,2.0,65.0,,cash
thaphae,TP-D03EC4,1,2026-06-15 11:49:00,P07,M,1.0,55.0,,cash
thaphae,TP-7D5F50,1,2026-06-15 12:25:00,P06,M,2.0,75.0,,qr
thaphae,TP-7D5F50,2,2026-06-15 12:25:00,P03,L,1.0,75.0,,qr
thaphae,TP-70222F,1,2026-06-15 13:10:00,P11,S,1.0,50.0,M0144,cash
thaphae,TP-70222F,2,2026-06-15 13:10:00,P10,M,1.0,60.0,M0144,cash
thaphae,TP-1FAB07,1,2026-06-15 13:21:00,P02,S,1.0,45.0,,cash
thaphae,TP-1FAB07,2,2026-06-15 13:21:00,P12,,1.0,55.0,,cash
thaphae,TP-13FBE3,1,2026-06-15 13:44:00,P03,L,1.0,75.0,,cash
thaphae,TP-13FBE3,2,2026-06-15 13:44:00,P14,,1.0,85.0,,cash
thaphae,TP-A018CD,1,2026-06-15 16:36:00,P03,S,1.0,55.0,M0395,qr
thaphae,TP-A018CD,2,2026-06-15 16:36:00,P14,,1.0,85.0,M0395,qr
thaphae,TP-A018CD,3,2026-06-15 16:36:00,P06,S,1.0,65.0,M0395,qr
thaphae,TP-F1A2F2,1,2026-06-15 16:51:00,P02,M,2.0,55.0,,qr
thaphae,TP-7CA8D1,1,2026-06-15 17:09:00,P08,L,3.0,80.0,M0449,cash
thaphae,TP-7CA8D1,2,2026-06-15 17:09:00,P09,M,1.0,50.0,M0449,cash
thaphae,TP-5C4525,1,2026-06-15 17:53:00,P14,,1.0,85.0,M0580,card
thaphae,TP-989D7D,1,2026-06-15 17:55:00,P10,L,1.0,70.0,,cash
thaphae,TP-989D7D,2,2026-06-15 17:55:00,P08,L,1.0,80.0,,cash
thaphae,TP-833E65,1,2026-06-15 18:03:00,P11,S,1.0,50.0,,card
thaphae,TP-833E65,2,2026-06-15 18:03:00,P15,,1.0,75.0,,card
thaphae,TP-1E5BDE,1,2026-06-16 08:15:00,P03,L,2.0,75.0,,cash
thaphae,TP-9A6099,1,2026-06-16 08:29:00,P10,M,1.0,60.0,,card
thaphae,TP-04EF7E,1,2026-06-16 08:54:00,P06,L,3.0,85.0,,cash
thaphae,TP-F8F3DB,1,2026-06-16 10:31:00,P03,L,1.0,75.0,,card
thaphae,TP-BEEF8C,1,2026-06-16 12:49:00,P04,M,1.0,65.0,,qr
thaphae,TP-F582BF,1,2026-06-16 15:09:00,P02,M,1.0,55.0,,qr
thaphae,TP-4D2F7B,1,2026-06-16 17:02:00,P12,,1.0,55.0,M0079,cash
thaphae,TP-4D2F7B,2,2026-06-16 17:02:00,P08,S,1.0,60.0,M0079,cash
thaphae,TP-464160,1,2026-06-16 18:44:00,P10,M,2.0,60.0,,cash
thaphae,TP-83C2A5,1,2026-06-16 18:53:00,P07,M,1.0,55.0,,card
thaphae,TP-83C2A5,2,2026-06-16 18:53:00,P13,,1.0,50.0,,card
thaphae,TP-1C71F1,1,2026-06-16 18:57:00,P08,M,1.0,70.0,,qr
thaphae,TP-189FC1,1,2026-06-17 07:34:00,P07,S,1.0,45.0,,cash
thaphae,TP-189FC1,2,2026-06-17 07:34:00,P13,,1.0,50.0,,cash
thaphae,TP-657BCE,1,2026-06-17 08:04:00,P07,L,1.0,65.0,,cash
thaphae,TP-C4C619,1,2026-06-17 08:12:00,P04,M,1.0,65.0,,card
thaphae,TP-70A80C,1,2026-06-17 09:05:00,P05,M,1.0,70.0,,qr
thaphae,TP-E38A75,1,2026-06-17 09:06:00,P08,M,1.0,70.0,,card
thaphae,TP-4C91EF,1,2026-06-17 09:18:00,P13,,1.0,50.0,,card
thaphae,TP-2F2331,1,2026-06-17 09:22:00,P12,,1.0,55.0,M0488,cash
thaphae,TP-A6E334,1,2026-06-17 09:30:00,P02,M,1.0,55.0,M0417,card
thaphae,TP-AE27FD,1,2026-06-17 09:44:00,P03,M,1.0,65.0,M0174,qr
thaphae,TP-228888,1,2026-06-17 09:46:00,P02,M,1.0,55.0,,qr
thaphae,TP-228888,2,2026-06-17 09:46:00,P12,,1.0,55.0,,qr
thaphae,TP-89F55E,1,2026-06-17 10:01:00,P07,M,2.0,55.0,M0676,cash
thaphae,TP-BEF2FF,1,2026-06-17 10:07:00,P03,L,1.0,75.0,,cash
thaphae,TP-BEF2FF,2,2026-06-17 10:07:00,P14,,1.0,85.0,,cash
thaphae,TP-A6C5EF,1,2026-06-17 10:10:00,P06,L,1.0,85.0,,qr
thaphae,TP-A6C5EF,2,2026-06-17 10:10:00,P02,M,1.0,55.0,,qr
thaphae,TP-D9B999,1,2026-06-17 10:26:00,P08,S,3.0,60.0,M0053,card
thaphae,TP-6F1AED,1,2026-06-17 11:11:00,P13,,1.0,50.0,,card
thaphae,TP-1C5EDC,1,2026-06-17 11:52:00,P10,M,1.0,60.0,,cash
thaphae,TP-8F1E68,1,2026-06-17 13:56:00,P08,L,1.0,80.0,,qr
thaphae,TP-4CA14E,1,2026-06-17 14:04:00,P08,S,1.0,60.0,,card
thaphae,TP-C43A99,1,2026-06-17 14:31:00,P11,M,1.0,60.0,,card
thaphae,TP-12241B,1,2026-06-17 17:45:00,P13,,1.0,50.0,,cash
thaphae,TP-F1644C,1,2026-06-18 07:44:00,P01,S,2.0,45.0,,card
thaphae,TP-4FACC8,1,2026-06-18 08:17:00,P03,S,2.0,55.0,M0143,cash
thaphae,TP-4FACC8,2,2026-06-18 08:17:00,P02,M,1.0,55.0,M0143,cash
thaphae,TP-2A9FE3,1,2026-06-18 08:33:00,P13,,1.0,50.0,M0106,qr
thaphae,TP-32E614,1,2026-06-18 09:07:00,P05,L,2.0,80.0,M0169,card
thaphae,TP-32E614,2,2026-06-18 09:07:00,P12,,1.0,55.0,M0169,card
thaphae,TP-EE726E,1,2026-06-18 09:09:00,P04,M,1.0,65.0,,cash
thaphae,TP-6FB852,1,2026-06-18 09:13:00,P03,M,1.0,65.0,,cash
thaphae,TP-6FB852,2,2026-06-18 09:13:00,P14,,1.0,85.0,,cash
thaphae,TP-131C3F,1,2026-06-18 10:44:00,P06,S,2.0,65.0,,card
thaphae,TP-0AEE37,1,2026-06-18 12:54:00,P07,M,2.0,55.0,,qr
thaphae,TP-0AEE37,2,2026-06-18 12:54:00,P13,,1.0,50.0,,qr
thaphae,TP-337FDA,1,2026-06-18 13:02:00,P08,M,2.0,70.0,,cash
thaphae,TP-71C4CD,1,2026-06-18 17:14:00,P10,S,1.0,50.0,,cash
thaphae,TP-71C4CD,2,2026-06-18 17:14:00,P09,L,1.0,60.0,,cash
thaphae,TP-410ACE,1,2026-06-19 08:06:00,P02,M,1.0,55.0,,card
thaphae,TP-410ACE,2,2026-06-19 08:06:00,P12,,1.0,55.0,,card
thaphae,TP-ABEA3D,1,2026-06-19 08:16:00,P02,L,1.0,65.0,M0397,card
thaphae,TP-ABEA3D,2,2026-06-19 08:16:00,P05,M,1.0,70.0,M0397,card
thaphae,TP-CD5F29,1,2026-06-19 09:26:00,P04,M,1.0,65.0,,cash
thaphae,TP-0D8888,1,2026-06-19 10:55:00,P05,M,1.0,70.0,M0323,card
thaphae,TP-85EF88,1,2026-06-19 11:15:00,P04,S,1.0,55.0,,qr
thaphae,TP-85EF88,2,2026-06-19 11:15:00,P01,M,1.0,55.0,,qr
thaphae,TP-77F4CF,1,2026-06-19 11:47:00,P06,M,2.0,75.0,,card
thaphae,TP-01BE3C,1,2026-06-19 12:47:00,P08,S,1.0,60.0,,card
thaphae,TP-551075,1,2026-06-19 15:55:00,P12,,1.0,55.0,,cash
thaphae,TP-48DEE7,1,2026-06-19 16:34:00,P02,M,1.0,55.0,,cash
thaphae,TP-4D6CF7,1,2026-06-19 17:25:00,P13,,1.0,50.0,,cash
thaphae,TP-ACA052,1,2026-06-19 17:45:00,P08,M,3.0,70.0,,card
thaphae,TP-3A6A4A,1,2026-06-19 17:49:00,P14,,1.0,85.0,,card
thaphae,TP-E88A76,1,2026-06-19 18:28:00,P08,M,1.0,70.0,,qr
thaphae,TP-C811D5,1,2026-06-20 07:46:00,P10,M,1.0,60.0,,cash
thaphae,TP-E0ACCC,1,2026-06-20 08:39:00,P05,M,1.0,70.0,M0417,cash
thaphae,TP-AD67C8,1,2026-06-20 09:00:00,P07,S,1.0,45.0,M0729,cash
thaphae,TP-75F3BA,1,2026-06-20 10:59:00,P02,M,1.0,55.0,,cash
thaphae,TP-75F3BA,2,2026-06-20 10:59:00,P12,,1.0,55.0,,cash
thaphae,TP-669EAB,1,2026-06-20 12:13:00,P12,,1.0,55.0,M0002,card
thaphae,TP-F577F4,1,2026-06-20 12:17:00,P11,L,1.0,70.0,,cash
thaphae,TP-29DDED,1,2026-06-20 13:44:00,P02,S,1.0,45.0,,qr
thaphae,TP-29DDED,2,2026-06-20 13:44:00,P04,S,1.0,55.0,,qr
thaphae,TP-B68D7B,1,2026-06-20 16:00:00,P10,L,1.0,70.0,,qr
thaphae,TP-E5E19A,1,2026-06-20 18:37:00,P10,M,1.0,60.0,,card
thaphae,TP-E5E19A,2,2026-06-20 18:37:00,P15,,1.0,75.0,,card
thaphae,TP-90BA23,1,2026-06-21 08:18:00,P05,S,1.0,60.0,,cash
thaphae,TP-90BA23,2,2026-06-21 08:18:00,P10,M,1.0,60.0,,cash
thaphae,TP-9EF781,1,2026-06-21 08:32:00,P14,,3.0,85.0,M0096,card
thaphae,TP-B1BF64,1,2026-06-21 09:10:00,P02,L,1.0,65.0,,card
thaphae,TP-D12D2C,1,2026-06-21 09:19:00,P03,L,1.0,75.0,,cash
thaphae,TP-D12D2C,2,2026-06-21 09:19:00,P12,,1.0,55.0,,cash
thaphae,TP-B73F74,1,2026-06-21 09:30:00,P02,M,3.0,55.0,M0144,card
thaphae,TP-B73F74,2,2026-06-21 09:30:00,P12,,1.0,55.0,M0144,card
thaphae,TP-A1E707,1,2026-06-21 11:00:00,P03,M,1.0,65.0,M0424,card
thaphae,TP-DE0D46,1,2026-06-21 11:34:00,P01,M,1.0,55.0,,card
thaphae,TP-DE0D46,2,2026-06-21 11:34:00,P15,,1.0,75.0,,card
thaphae,TP-1A7696,1,2026-06-21 11:41:00,P10,M,1.0,60.0,,qr
thaphae,TP-425720,1,2026-06-21 11:50:00,P09,S,2.0,40.0,,qr
thaphae,TP-425720,2,2026-06-21 11:50:00,P06,S,1.0,65.0,,qr
thaphae,TP-608280,1,2026-06-21 13:30:00,P03,S,1.0,55.0,M0707,cash
thaphae,TP-608280,2,2026-06-21 13:30:00,P14,,1.0,85.0,M0707,cash
thaphae,TP-BD698D,1,2026-06-21 13:37:00,P04,M,1.0,65.0,,qr
thaphae,TP-36BC90,1,2026-06-21 13:46:00,P01,S,1.0,45.0,,qr
thaphae,TP-36BC90,2,2026-06-21 13:46:00,P15,,1.0,75.0,,qr
thaphae,TP-0202BC,1,2026-06-21 14:40:00,P14,,1.0,85.0,M0751,cash
thaphae,TP-A6A4BD,1,2026-06-21 14:53:00,P04,S,2.0,55.0,,card
thaphae,TP-A6A4BD,2,2026-06-21 14:53:00,P15,,1.0,75.0,,card
thaphae,TP-B5F29E,1,2026-06-21 15:00:00,P01,L,1.0,65.0,M0593,qr
thaphae,TP-B5F29E,2,2026-06-21 15:00:00,P15,,1.0,75.0,M0593,qr
thaphae,TP-BBD658,1,2026-06-21 15:13:00,P03,L,1.0,75.0,,card
thaphae,TP-D09697,1,2026-06-21 15:50:00,P01,M,2.0,55.0,M0159,card
thaphae,TP-D09697,2,2026-06-21 15:50:00,P15,,1.0,75.0,M0159,card
thaphae,TP-79EFDD,1,2026-06-21 15:56:00,P02,L,1.0,65.0,,cash
thaphae,TP-4FDC16,1,2026-06-21 18:44:00,P15,,1.0,75.0,M0323,card
thaphae,TP-4FDC16,2,2026-06-21 18:44:00,P08,L,1.0,80.0,M0323,card
thaphae,TP-FF7318,1,2026-06-21 19:07:00,P06,M,1.0,75.0,,cash
thaphae,TP-A7C842,1,2026-06-22 07:17:00,P03,L,1.0,75.0,,cash
thaphae,TP-A7C842,2,2026-06-22 07:17:00,P14,,1.0,85.0,,cash
thaphae,TP-DC4804,1,2026-06-22 09:11:00,P06,M,1.0,75.0,,cash
thaphae,TP-DC4804,2,2026-06-22 09:11:00,P13,,1.0,50.0,,cash
thaphae,TP-D02E77,1,2026-06-22 11:09:00,P02,L,1.0,65.0,,card
thaphae,TP-5D90B7,1,2026-06-22 11:42:00,P10,M,1.0,60.0,,cash
thaphae,TP-5D90B7,2,2026-06-22 11:42:00,P09,L,1.0,60.0,,cash
thaphae,TP-CDB2D2,1,2026-06-22 12:17:00,P03,S,2.0,55.0,,card
thaphae,TP-CDB2D2,2,2026-06-22 12:17:00,P14,,1.0,85.0,,card
thaphae,TP-A7007C,1,2026-06-22 13:08:00,P06,L,2.0,85.0,,card
thaphae,TP-B410F2,1,2026-06-22 13:43:00,P09,M,2.0,50.0,,card
thaphae,TP-F1151E,1,2026-06-22 15:23:00,P13,,1.0,50.0,M0197,qr
thaphae,TP-151EA6,1,2026-06-22 17:23:00,P08,M,2.0,70.0,,qr
thaphae,TP-C3B7F6,1,2026-06-22 18:01:00,P10,M,2.0,60.0,,card
thaphae,TP-5AFA42,1,2026-06-23 08:29:00,P06,S,1.0,65.0,M0388,cash
thaphae,TP-84AC9F,1,2026-06-23 08:47:00,P12,,1.0,55.0,M0760,card
thaphae,TP-13441C,1,2026-06-23 09:04:00,P15,,1.0,75.0,M0650,cash
thaphae,TP-779FB8,1,2026-06-23 09:41:00,P07,M,1.0,55.0,,cash
thaphae,TP-F31626,1,2026-06-23 09:54:00,P14,,1.0,85.0,,cash
thaphae,TP-84EB96,1,2026-06-23 09:55:00,P02,S,1.0,45.0,M0644,card
thaphae,TP-8B4955,1,2026-06-23 10:22:00,P04,L,1.0,75.0,,qr
thaphae,TP-64B3DF,1,2026-06-23 11:31:00,P06,M,2.0,75.0,M0611,card
thaphae,TP-2E441D,1,2026-06-23 13:32:00,P02,L,1.0,65.0,,qr
thaphae,TP-EF848D,1,2026-06-23 14:04:00,P08,S,1.0,60.0,,cash
thaphae,TP-68A2E6,1,2026-06-23 14:23:00,P02,M,1.0,55.0,,qr
thaphae,TP-68A2E6,2,2026-06-23 14:23:00,P12,,1.0,55.0,,qr
thaphae,TP-C9BB5D,1,2026-06-23 14:44:00,P12,,3.0,55.0,,qr
thaphae,TP-9F3A3D,1,2026-06-23 14:46:00,P08,M,1.0,70.0,,qr
thaphae,TP-9F3A3D,2,2026-06-23 14:46:00,P07,M,1.0,55.0,,qr
thaphae,TP-9201F1,1,2026-06-23 14:50:00,P10,M,1.0,60.0,,cash
thaphae,TP-0B970D,1,2026-06-23 15:30:00,P02,L,1.0,65.0,,qr
thaphae,TP-0B970D,2,2026-06-23 15:30:00,P12,,1.0,55.0,,qr
thaphae,TP-14F996,1,2026-06-23 16:14:00,P06,M,1.0,75.0,,cash
thaphae,TP-E7AE11,1,2026-06-23 17:13:00,P03,S,1.0,55.0,M0283,qr
thaphae,TP-B66ED2,1,2026-06-23 17:50:00,P13,,1.0,50.0,,cash
thaphae,TP-BA2FF1,1,2026-06-23 18:18:00,P12,,1.0,55.0,M0598,card
thaphae,TP-4B0292,1,2026-06-24 08:05:00,P06,M,1.0,75.0,,cash
thaphae,TP-4B0292,2,2026-06-24 08:05:00,P01,S,1.0,45.0,,cash
thaphae,TP-81A1AD,1,2026-06-24 08:26:00,P08,M,1.0,70.0,M0096,cash
thaphae,TP-81A1AD,2,2026-06-24 08:26:00,P14,,1.0,85.0,M0096,cash
thaphae,TP-8061D6,1,2026-06-24 08:29:00,P05,M,1.0,70.0,,cash
thaphae,TP-7E2C32,1,2026-06-24 08:35:00,P07,M,3.0,55.0,,qr
thaphae,TP-7E8652,1,2026-06-24 09:31:00,P12,,1.0,55.0,,qr
thaphae,TP-0F879E,1,2026-06-24 10:30:00,P13,,1.0,50.0,,cash
thaphae,TP-043F55,1,2026-06-24 10:35:00,P10,M,1.0,60.0,M0185,qr
thaphae,TP-2D751D,1,2026-06-24 13:39:00,P15,,1.0,75.0,,qr
thaphae,TP-0E5E6C,1,2026-06-24 13:57:00,P03,M,2.0,65.0,M0527,cash
thaphae,TP-539E26,1,2026-06-24 14:50:00,P07,L,1.0,65.0,M0079,qr
thaphae,TP-3B3884,1,2026-06-24 15:47:00,P06,M,1.0,75.0,M0194,cash
thaphae,TP-3B3884,2,2026-06-24 15:47:00,P08,M,1.0,70.0,M0194,cash
thaphae,TP-1CDD1C,1,2026-06-24 16:06:00,P08,M,2.0,70.0,M0638,cash
thaphae,TP-E25C61,1,2026-06-24 16:24:00,P10,L,1.0,70.0,,card
thaphae,TP-F67081,1,2026-06-24 17:14:00,P08,M,2.0,70.0,M0567,cash
thaphae,TP-7DDD01,1,2026-06-24 17:27:00,P14,,1.0,85.0,M0303,card
thaphae,TP-7CCD2D,1,2026-06-24 17:39:00,P08,S,1.0,60.0,,card
thaphae,TP-A74685,1,2026-06-24 18:23:00,P08,M,1.0,70.0,,card
thaphae,TP-9DF6A5,1,2026-06-25 08:24:00,P08,S,1.0,60.0,,qr
thaphae,TP-BC44AE,1,2026-06-25 08:56:00,P09,L,1.0,60.0,,cash
thaphae,TP-BC44AE,2,2026-06-25 08:56:00,P02,L,1.0,65.0,,cash
thaphae,TP-4C6585,1,2026-06-25 10:41:00,P07,L,1.0,65.0,,qr
thaphae,TP-4C6585,2,2026-06-25 10:41:00,P13,,1.0,50.0,,qr
thaphae,TP-6BC100,1,2026-06-25 14:42:00,P13,,2.0,50.0,,card
thaphae,TP-4A6196,1,2026-06-25 14:59:00,P07,M,1.0,55.0,,card
thaphae,TP-4A6196,2,2026-06-25 14:59:00,P13,,1.0,50.0,,card
thaphae,TP-BE3563,1,2026-06-25 17:38:00,P02,L,1.0,65.0,,card
thaphae,TP-BF0EB8,1,2026-06-25 17:42:00,P04,S,1.0,55.0,,cash
thaphae,TP-962336,1,2026-06-25 18:24:00,P07,M,1.0,55.0,,qr
thaphae,TP-962336,2,2026-06-25 18:24:00,P13,,1.0,50.0,,qr
thaphae,TP-962336,3,2026-06-25 18:24:00,P08,S,1.0,60.0,,qr
thaphae,TP-083043,1,2026-06-26 07:17:00,P04,M,2.0,65.0,,card
thaphae,TP-083043,2,2026-06-26 07:17:00,P03,M,1.0,65.0,,card
thaphae,TP-441831,1,2026-06-26 07:38:00,P03,S,1.0,55.0,,card
thaphae,TP-441831,2,2026-06-26 07:38:00,P14,,1.0,85.0,,card
thaphae,TP-36F931,1,2026-06-26 10:28:00,P04,M,1.0,65.0,,card
thaphae,TP-ACBEF8,1,2026-06-26 11:53:00,P07,M,1.0,55.0,,card
thaphae,TP-69DC0D,1,2026-06-26 12:52:00,P07,M,2.0,55.0,,cash
thaphae,TP-69DC0D,2,2026-06-26 12:52:00,P13,,1.0,50.0,,cash
thaphae,TP-B6931F,1,2026-06-26 14:22:00,P09,M,3.0,50.0,M0580,cash
thaphae,TP-7BA470,1,2026-06-26 14:56:00,P12,,2.0,55.0,,qr
thaphae,TP-39742A,1,2026-06-26 15:25:00,P01,M,1.0,55.0,,qr
thaphae,TP-39742A,2,2026-06-26 15:25:00,P15,,1.0,75.0,,qr
thaphae,TP-A134CF,1,2026-06-26 15:44:00,P10,M,1.0,60.0,,card
thaphae,TP-411013,1,2026-06-26 16:12:00,P03,L,1.0,75.0,,cash
thaphae,TP-85FAEF,1,2026-06-26 17:00:00,P07,M,1.0,55.0,M0237,cash
thaphae,TP-85FAEF,2,2026-06-26 17:00:00,P13,,1.0,50.0,M0237,cash
thaphae,TP-D18987,1,2026-06-26 18:25:00,P03,M,1.0,65.0,,card
thaphae,TP-D18987,2,2026-06-26 18:25:00,P14,,1.0,85.0,,card
thaphae,TP-A26A7E,1,2026-06-26 18:51:00,P02,M,1.0,55.0,,cash
thaphae,TP-A26A7E,2,2026-06-26 18:51:00,P12,,1.0,55.0,,cash
thaphae,TP-6E968E,1,2026-06-27 07:08:00,P04,M,3.0,65.0,,card
thaphae,TP-6E968E,2,2026-06-27 07:08:00,P14,,1.0,85.0,,card
thaphae,TP-517092,1,2026-06-27 08:11:00,P02,L,1.0,65.0,,cash
thaphae,TP-517092,2,2026-06-27 08:11:00,P12,,1.0,55.0,,cash
thaphae,TP-CFB33F,1,2026-06-27 08:36:00,P01,L,1.0,65.0,M0578,qr
thaphae,TP-05EC1E,1,2026-06-27 09:04:00,P05,S,2.0,60.0,,cash
thaphae,TP-67F7BB,1,2026-06-27 09:08:00,P08,L,1.0,80.0,,qr
thaphae,TP-AC3813,1,2026-06-27 09:24:00,P07,S,1.0,45.0,,cash
thaphae,TP-AC3813,2,2026-06-27 09:24:00,P13,,1.0,50.0,,cash
thaphae,TP-A409EC,1,2026-06-27 09:49:00,P02,L,1.0,65.0,M0728,qr
thaphae,TP-A409EC,2,2026-06-27 09:49:00,P12,,1.0,55.0,M0728,qr
thaphae,TP-C50023,1,2026-06-27 10:11:00,P09,M,1.0,50.0,M0679,cash
thaphae,TP-32955C,1,2026-06-27 10:32:00,P01,L,1.0,65.0,,qr
thaphae,TP-62DF94,1,2026-06-27 10:43:00,P09,L,1.0,60.0,,card
thaphae,TP-19BB07,1,2026-06-27 13:16:00,P03,L,1.0,75.0,,card
thaphae,TP-19BB07,2,2026-06-27 13:16:00,P14,,1.0,85.0,,card
thaphae,TP-9BB7C6,1,2026-06-27 14:17:00,P06,M,1.0,75.0,,cash
thaphae,TP-9BB7C6,2,2026-06-27 14:17:00,P12,,1.0,55.0,,cash
thaphae,TP-9BB7C6,3,2026-06-27 14:17:00,P05,S,1.0,60.0,,cash
thaphae,TP-36B7D2,1,2026-06-27 14:50:00,P15,,1.0,75.0,,card
thaphae,TP-A9825D,1,2026-06-27 15:46:00,P14,,1.0,85.0,,card
thaphae,TP-3E1CF1,1,2026-06-27 16:07:00,P04,M,2.0,65.0,,card
thaphae,TP-F4B4C2,1,2026-06-27 16:25:00,P13,,1.0,50.0,,qr
thaphae,TP-F861A3,1,2026-06-27 19:17:00,P14,,1.0,85.0,,card
thaphae,TP-4714A8,1,2026-06-28 08:22:00,P14,,1.0,85.0,,cash
thaphae,TP-CFEF87,1,2026-06-28 08:39:00,P04,M,1.0,65.0,,card
thaphae,TP-AAF112,1,2026-06-28 09:30:00,P07,L,2.0,65.0,M0102,cash
thaphae,TP-AAF112,2,2026-06-28 09:30:00,P13,,1.0,50.0,M0102,cash
thaphae,TP-CAC1CB,1,2026-06-28 09:41:00,P05,S,1.0,60.0,M0486,card
thaphae,TP-E95937,1,2026-06-28 15:19:00,P10,M,1.0,60.0,,card
thaphae,TP-E95937,2,2026-06-28 15:19:00,P14,,1.0,85.0,,card
thaphae,TP-D954C8,1,2026-06-28 15:21:00,P10,M,2.0,60.0,,card
thaphae,TP-D954C8,2,2026-06-28 15:21:00,P07,L,1.0,65.0,,card
thaphae,TP-A737B1,1,2026-06-28 15:41:00,P03,S,1.0,55.0,,cash
thaphae,TP-A737B1,2,2026-06-28 15:41:00,P14,,1.0,85.0,,cash
thaphae,TP-2B2724,1,2026-06-28 16:40:00,P03,M,1.0,65.0,,cash
thaphae,TP-6E54DC,1,2026-06-28 17:32:00,P09,M,1.0,50.0,,qr
thaphae,TP-479A87,1,2026-06-28 18:07:00,P08,L,1.0,80.0,,qr
thaphae,TP-540BB3,1,2026-06-28 18:10:00,P13,,3.0,50.0,,card
thaphae,TP-3A8187,1,2026-06-28 19:57:00,P03,S,1.0,55.0,,cash
thaphae,TP-3A8187,2,2026-06-28 19:57:00,P07,L,1.0,65.0,,cash
thaphae,TP-69BA2A,1,2026-06-29 07:06:00,P04,M,1.0,65.0,M0516,qr
thaphae,TP-78FDB0,1,2026-06-29 07:43:00,P12,,1.0,55.0,,qr
thaphae,TP-13E810,1,2026-06-29 08:11:00,P02,S,2.0,45.0,M0669,cash
thaphae,TP-13E810,2,2026-06-29 08:11:00,P12,,1.0,55.0,M0669,cash
thaphae,TP-F167DD,1,2026-06-29 08:15:00,P05,M,1.0,70.0,,cash
thaphae,TP-3A0357,1,2026-06-29 09:07:00,P01,M,2.0,55.0,,card
thaphae,TP-3303D0,1,2026-06-29 09:18:00,P01,S,2.0,45.0,M0669,card
thaphae,TP-AB75D1,1,2026-06-29 10:17:00,P04,M,1.0,65.0,M0279,card
thaphae,TP-AB75D1,2,2026-06-29 10:17:00,P13,,1.0,50.0,M0279,card
thaphae,TP-AB75D1,3,2026-06-29 10:17:00,P10,M,1.0,60.0,M0279,card
thaphae,TP-036A85,1,2026-06-29 10:32:00,P06,M,1.0,75.0,M0668,qr
thaphae,TP-D24D4F,1,2026-06-29 11:07:00,P02,L,1.0,65.0,,qr
thaphae,TP-D24D4F,2,2026-06-29 11:07:00,P12,,1.0,55.0,,qr
thaphae,TP-22ED1A,1,2026-06-29 11:27:00,P07,L,1.0,65.0,M0417,card
thaphae,TP-A2EACA,1,2026-06-29 12:51:00,P05,M,3.0,70.0,,cash
thaphae,TP-D80157,1,2026-06-29 13:15:00,P02,M,2.0,55.0,,qr
thaphae,TP-D80157,2,2026-06-29 13:15:00,P12,,1.0,55.0,,qr
thaphae,TP-DD725C,1,2026-06-29 15:04:00,P03,M,1.0,65.0,,card
thaphae,TP-DD725C,2,2026-06-29 15:04:00,P14,,1.0,85.0,,card
thaphae,TP-034B36,1,2026-06-29 15:35:00,P10,S,1.0,50.0,,card
thaphae,TP-A896DF,1,2026-06-29 15:47:00,P12,,1.0,55.0,,qr
thaphae,TP-70924D,1,2026-06-30 07:01:00,P04,M,1.0,65.0,,card
thaphae,TP-70924D,2,2026-06-30 07:01:00,P15,,1.0,75.0,,card
thaphae,TP-AB2EB0,1,2026-06-30 07:16:00,P02,M,1.0,55.0,,cash
thaphae,TP-AB2EB0,2,2026-06-30 07:16:00,P12,,1.0,55.0,,cash
thaphae,TP-F33DE3,1,2026-06-30 08:13:00,P06,M,2.0,75.0,,cash
thaphae,TP-7E897B,1,2026-06-30 08:42:00,P05,L,3.0,80.0,,qr
thaphae,TP-7E897B,2,2026-06-30 08:42:00,P03,L,1.0,75.0,,qr
thaphae,TP-72BCE6,1,2026-06-30 09:52:00,P11,S,1.0,50.0,,qr
thaphae,TP-ACF0D9,1,2026-06-30 11:20:00,P03,M,1.0,65.0,,card
thaphae,TP-65DBD2,1,2026-06-30 13:26:00,P06,M,1.0,75.0,,cash
thaphae,TP-69FA86,1,2026-06-30 13:31:00,P05,L,1.0,80.0,,qr
thaphae,TP-D1A89C,1,2026-06-30 15:23:00,P03,S,2.0,55.0,,qr
thaphae,TP-D1A89C,2,2026-06-30 15:23:00,P14,,1.0,85.0,,qr
thaphae,TP-D39BCA,1,2026-06-30 16:18:00,P02,M,1.0,55.0,,qr
thaphae,TP-D39BCA,2,2026-06-30 16:18:00,P06,M,1.0,75.0,,qr
thaphae,TP-2FF869,1,2026-06-30 16:29:00,P09,M,1.0,50.0,,card
thaphae,TP-77A01A,1,2026-06-30 18:57:00,P02,M,1.0,55.0,,card
thaphae,TP-77A01A,2,2026-06-30 18:57:00,P07,L,1.0,65.0,,card
